onset	duration	trial_type	value	sample
11.032	n/a	1	2	5516
11.05	n/a	1	2	5525
11.066	n/a	1	2	5533
11.082	n/a	1	2	5541
11.1	n/a	0	1	5550
11.116	n/a	0	1	5558
11.132	n/a	0	1	5566
11.15	n/a	0	1	5575
11.166	n/a	0	1	5583
11.182	n/a	0	1	5591
11.2	n/a	0	1	5600
11.216	n/a	0	1	5608
11.232	n/a	1	2	5616
11.25	n/a	1	2	5625
11.266	n/a	0	1	5633
11.282	n/a	0	1	5641
11.3	n/a	0	1	5650
11.316	n/a	0	1	5658
11.332	n/a	1	2	5666
11.35	n/a	1	2	5675
11.366	n/a	1	2	5683
11.382	n/a	1	2	5691
11.4	n/a	0	1	5700
11.416	n/a	0	1	5708
11.432	n/a	0	1	5716
11.45	n/a	0	1	5725
11.466	n/a	0	1	5733
11.482	n/a	0	1	5741
11.5	n/a	0	1	5750
11.516	n/a	0	1	5758
11.532	n/a	0	1	5766
11.55	n/a	0	1	5775
11.566	n/a	0	1	5783
11.582	n/a	0	1	5791
11.6	n/a	1	2	5800
11.616	n/a	1	2	5808
11.632	n/a	0	1	5816
11.65	n/a	0	1	5825
11.666	n/a	1	2	5833
11.682	n/a	1	2	5841
11.7	n/a	1	2	5850
11.716	n/a	1	2	5858
11.732	n/a	0	1	5866
11.75	n/a	0	1	5875
11.766	n/a	1	2	5883
11.782	n/a	1	2	5891
11.8	n/a	0	1	5900
11.816	n/a	0	1	5908
11.832	n/a	1	2	5916
11.85	n/a	1	2	5925
11.866	n/a	0	1	5933
11.882	n/a	0	1	5941
11.9	n/a	1	2	5950
11.916	n/a	1	2	5958
11.932	n/a	0	1	5966
11.95	n/a	0	1	5975
11.966	n/a	0	1	5983
11.982	n/a	0	1	5991
12.0	n/a	0	1	6000
12.016	n/a	0	1	6008
12.032	n/a	1	2	6016
12.05	n/a	1	2	6025
12.066	n/a	1	2	6033
12.082	n/a	1	2	6041
12.1	n/a	1	2	6050
12.116	n/a	1	2	6058
12.132	n/a	0	1	6066
12.15	n/a	0	1	6075
12.166	n/a	1	2	6083
12.182	n/a	1	2	6091
12.2	n/a	1	2	6100
12.216	n/a	1	2	6108
12.232	n/a	1	2	6116
12.25	n/a	1	2	6125
12.266	n/a	0	1	6133
12.282	n/a	0	1	6141
12.3	n/a	1	2	6150
12.316	n/a	1	2	6158
12.332	n/a	0	1	6166
12.35	n/a	0	1	6175
12.366	n/a	1	2	6183
12.382	n/a	1	2	6191
12.4	n/a	1	2	6200
12.416	n/a	1	2	6208
12.432	n/a	0	1	6216
12.45	n/a	0	1	6225
12.466	n/a	0	1	6233
12.482	n/a	0	1	6241
12.5	n/a	0	1	6250
12.516	n/a	0	1	6258
12.532	n/a	1	2	6266
12.55	n/a	1	2	6275
12.566	n/a	1	2	6283
12.582	n/a	1	2	6291
12.6	n/a	0	1	6300
12.616	n/a	0	1	6308
12.632	n/a	1	2	6316
12.65	n/a	1	2	6325
12.666	n/a	1	2	6333
12.682	n/a	1	2	6341
12.7	n/a	1	2	6350
12.716	n/a	1	2	6358
12.732	n/a	0	1	6366
12.75	n/a	0	1	6375
12.766	n/a	0	1	6383
12.782	n/a	0	1	6391
12.8	n/a	0	1	6400
12.816	n/a	0	1	6408
12.832	n/a	0	1	6416
12.85	n/a	0	1	6425
12.866	n/a	0	1	6433
12.882	n/a	0	1	6441
12.9	n/a	1	2	6450
12.916	n/a	1	2	6458
12.932	n/a	1	2	6466
12.95	n/a	1	2	6475
12.966	n/a	1	2	6483
14.45	n/a	1	2	7225
14.466	n/a	1	2	7233
14.482	n/a	1	2	7241
14.5	n/a	1	2	7250
14.516	n/a	1	2	7258
14.532	n/a	1	2	7266
14.55	n/a	1	2	7275
14.566	n/a	1	2	7283
14.582	n/a	1	2	7291
14.6	n/a	1	2	7300
14.616	n/a	1	2	7308
14.632	n/a	1	2	7316
14.65	n/a	1	2	7325
14.666	n/a	1	2	7333
14.682	n/a	0	1	7341
14.7	n/a	0	1	7350
14.716	n/a	0	1	7358
14.732	n/a	0	1	7366
14.75	n/a	1	2	7375
14.766	n/a	1	2	7383
14.782	n/a	1	2	7391
14.8	n/a	1	2	7400
14.816	n/a	0	1	7408
14.832	n/a	0	1	7416
14.85	n/a	0	1	7425
14.866	n/a	0	1	7433
14.882	n/a	1	2	7441
14.9	n/a	1	2	7450
14.916	n/a	1	2	7458
14.932	n/a	1	2	7466
14.95	n/a	0	1	7475
14.966	n/a	0	1	7483
14.982	n/a	0	1	7491
15.0	n/a	0	1	7500
15.016	n/a	1	2	7508
15.032	n/a	1	2	7516
15.05	n/a	0	1	7525
15.066	n/a	0	1	7533
15.082	n/a	1	2	7541
15.1	n/a	1	2	7550
15.116	n/a	1	2	7558
15.132	n/a	1	2	7566
15.15	n/a	0	1	7575
15.166	n/a	0	1	7583
15.182	n/a	1	2	7591
15.2	n/a	1	2	7600
15.216	n/a	0	1	7608
15.232	n/a	0	1	7616
15.25	n/a	0	1	7625
15.266	n/a	0	1	7633
15.282	n/a	1	2	7641
15.3	n/a	1	2	7650
15.316	n/a	0	1	7658
15.332	n/a	0	1	7666
15.35	n/a	1	2	7675
15.366	n/a	1	2	7683
15.382	n/a	1	2	7691
15.4	n/a	1	2	7700
15.416	n/a	1	2	7708
15.432	n/a	1	2	7716
15.45	n/a	0	1	7725
15.466	n/a	0	1	7733
15.482	n/a	0	1	7741
15.5	n/a	0	1	7750
15.516	n/a	0	1	7758
15.532	n/a	0	1	7766
15.55	n/a	1	2	7775
15.566	n/a	1	2	7783
15.582	n/a	0	1	7791
15.6	n/a	0	1	7800
15.616	n/a	1	2	7808
15.632	n/a	1	2	7816
15.65	n/a	1	2	7825
15.666	n/a	1	2	7833
15.682	n/a	1	2	7841
15.7	n/a	1	2	7850
15.716	n/a	0	1	7858
15.732	n/a	0	1	7866
15.75	n/a	0	1	7875
15.766	n/a	0	1	7883
15.782	n/a	1	2	7891
15.8	n/a	1	2	7900
15.816	n/a	0	1	7908
15.832	n/a	0	1	7916
15.85	n/a	1	2	7925
15.866	n/a	1	2	7933
15.882	n/a	0	1	7941
15.9	n/a	0	1	7950
15.916	n/a	0	1	7958
15.932	n/a	0	1	7966
15.95	n/a	0	1	7975
15.966	n/a	0	1	7983
15.982	n/a	1	2	7991
16.0	n/a	1	2	8000
16.016	n/a	1	2	8008
16.032	n/a	1	2	8016
16.05	n/a	0	1	8025
16.066	n/a	0	1	8033
16.082	n/a	1	2	8041
16.1	n/a	1	2	8050
16.116	n/a	0	1	8058
16.132	n/a	0	1	8066
16.148	n/a	0	1	8074
16.166	n/a	0	1	8083
16.182	n/a	0	1	8091
16.2	n/a	0	1	8100
16.216	n/a	1	2	8108
16.232	n/a	1	2	8116
16.25	n/a	0	1	8125
16.266	n/a	0	1	8133
16.282	n/a	1	2	8141
16.3	n/a	1	2	8150
16.316	n/a	0	1	8158
16.332	n/a	0	1	8166
16.35	n/a	0	1	8175
16.366	n/a	0	1	8183
16.382	n/a	1	2	8191
17.866	n/a	1	2	8933
17.882	n/a	1	2	8941
17.9	n/a	1	2	8950
17.916	n/a	1	2	8958
17.932	n/a	0	1	8966
17.95	n/a	0	1	8975
17.966	n/a	1	2	8983
17.982	n/a	1	2	8991
18.0	n/a	1	2	9000
18.016	n/a	1	2	9008
18.032	n/a	0	1	9016
18.05	n/a	0	1	9025
18.066	n/a	1	2	9033
18.082	n/a	1	2	9041
18.1	n/a	1	2	9050
18.116	n/a	1	2	9058
18.132	n/a	0	1	9066
18.15	n/a	0	1	9075
18.166	n/a	1	2	9083
18.182	n/a	1	2	9091
18.2	n/a	1	2	9100
18.216	n/a	1	2	9108
18.232	n/a	0	1	9116
18.25	n/a	0	1	9125
18.266	n/a	0	1	9133
18.282	n/a	0	1	9141
18.3	n/a	0	1	9150
18.316	n/a	0	1	9158
18.332	n/a	1	2	9166
18.35	n/a	1	2	9175
18.366	n/a	1	2	9183
18.382	n/a	1	2	9191
18.4	n/a	1	2	9200
18.416	n/a	1	2	9208
18.432	n/a	0	1	9216
18.45	n/a	0	1	9225
18.466	n/a	0	1	9233
18.482	n/a	0	1	9241
18.5	n/a	0	1	9250
18.516	n/a	0	1	9258
18.532	n/a	1	2	9266
18.55	n/a	1	2	9275
18.566	n/a	1	2	9283
18.582	n/a	1	2	9291
18.6	n/a	1	2	9300
18.616	n/a	1	2	9308
18.632	n/a	1	2	9316
18.65	n/a	1	2	9325
18.666	n/a	1	2	9333
18.682	n/a	1	2	9341
18.7	n/a	0	1	9350
18.716	n/a	0	1	9358
18.732	n/a	0	1	9366
18.75	n/a	0	1	9375
18.766	n/a	1	2	9383
18.782	n/a	1	2	9391
18.8	n/a	0	1	9400
18.816	n/a	0	1	9408
18.832	n/a	1	2	9416
18.85	n/a	1	2	9425
18.866	n/a	0	1	9433
18.882	n/a	0	1	9441
18.9	n/a	0	1	9450
18.916	n/a	0	1	9458
18.932	n/a	1	2	9466
18.95	n/a	1	2	9475
18.966	n/a	1	2	9483
18.982	n/a	1	2	9491
19.0	n/a	0	1	9500
19.016	n/a	0	1	9508
19.032	n/a	0	1	9516
19.05	n/a	0	1	9525
19.066	n/a	0	1	9533
19.082	n/a	0	1	9541
19.1	n/a	0	1	9550
19.116	n/a	0	1	9558
19.132	n/a	1	2	9566
19.15	n/a	1	2	9575
19.166	n/a	0	1	9583
19.182	n/a	0	1	9591
19.2	n/a	0	1	9600
19.216	n/a	0	1	9608
19.232	n/a	0	1	9616
19.25	n/a	0	1	9625
19.266	n/a	0	1	9633
19.282	n/a	0	1	9641
19.3	n/a	1	2	9650
19.316	n/a	1	2	9658
19.332	n/a	1	2	9666
19.35	n/a	1	2	9675
19.366	n/a	1	2	9683
19.382	n/a	1	2	9691
19.4	n/a	1	2	9700
19.416	n/a	1	2	9708
19.432	n/a	1	2	9716
19.45	n/a	1	2	9725
19.466	n/a	1	2	9733
19.482	n/a	1	2	9741
19.5	n/a	0	1	9750
19.516	n/a	0	1	9758
19.532	n/a	1	2	9766
19.55	n/a	1	2	9775
19.566	n/a	0	1	9783
19.582	n/a	0	1	9791
19.6	n/a	1	2	9800
19.616	n/a	1	2	9808
19.632	n/a	0	1	9816
19.65	n/a	0	1	9825
19.666	n/a	0	1	9833
19.682	n/a	0	1	9841
19.7	n/a	1	2	9850
19.716	n/a	1	2	9858
19.732	n/a	1	2	9866
19.75	n/a	1	2	9875
19.766	n/a	0	1	9883
19.782	n/a	0	1	9891
19.8	n/a	0	1	9900
21.282	n/a	0	1	10641
21.3	n/a	0	1	10650
21.316	n/a	0	1	10658
21.332	n/a	0	1	10666
21.35	n/a	1	2	10675
21.366	n/a	1	2	10683
21.382	n/a	1	2	10691
21.4	n/a	1	2	10700
21.416	n/a	0	1	10708
21.432	n/a	0	1	10716
21.45	n/a	0	1	10725
21.466	n/a	0	1	10733
21.482	n/a	0	1	10741
21.5	n/a	0	1	10750
21.516	n/a	0	1	10758
21.532	n/a	0	1	10766
21.55	n/a	1	2	10775
21.566	n/a	1	2	10783
21.582	n/a	1	2	10791
21.6	n/a	1	2	10800
21.616	n/a	1	2	10808
21.632	n/a	1	2	10816
21.65	n/a	1	2	10825
21.666	n/a	1	2	10833
21.682	n/a	1	2	10841
21.7	n/a	1	2	10850
21.716	n/a	0	1	10858
21.732	n/a	0	1	10866
21.75	n/a	0	1	10875
21.766	n/a	0	1	10883
21.782	n/a	0	1	10891
21.8	n/a	0	1	10900
21.816	n/a	0	1	10908
21.832	n/a	0	1	10916
21.85	n/a	0	1	10925
21.866	n/a	0	1	10933
21.882	n/a	0	1	10941
21.9	n/a	0	1	10950
21.916	n/a	1	2	10958
21.932	n/a	1	2	10966
21.95	n/a	1	2	10975
21.966	n/a	1	2	10983
21.982	n/a	0	1	10991
22.0	n/a	0	1	11000
22.016	n/a	0	1	11008
22.032	n/a	0	1	11016
22.05	n/a	1	2	11025
22.066	n/a	1	2	11033
22.082	n/a	0	1	11041
22.1	n/a	0	1	11050
22.116	n/a	1	2	11058
22.132	n/a	1	2	11066
22.15	n/a	0	1	11075
22.166	n/a	0	1	11083
22.182	n/a	1	2	11091
22.2	n/a	1	2	11100
22.216	n/a	0	1	11108
22.232	n/a	0	1	11116
22.25	n/a	1	2	11125
22.266	n/a	1	2	11133
22.282	n/a	1	2	11141
22.3	n/a	1	2	11150
22.316	n/a	0	1	11158
22.332	n/a	0	1	11166
22.35	n/a	1	2	11175
22.366	n/a	1	2	11183
22.382	n/a	0	1	11191
22.4	n/a	0	1	11200
22.416	n/a	0	1	11208
22.432	n/a	0	1	11216
22.45	n/a	0	1	11225
22.466	n/a	0	1	11233
22.482	n/a	1	2	11241
22.5	n/a	1	2	11250
22.516	n/a	0	1	11258
22.532	n/a	0	1	11266
22.55	n/a	0	1	11275
22.566	n/a	0	1	11283
22.582	n/a	0	1	11291
22.6	n/a	0	1	11300
22.616	n/a	1	2	11308
22.632	n/a	1	2	11316
22.65	n/a	1	2	11325
22.666	n/a	1	2	11333
22.682	n/a	1	2	11341
22.7	n/a	1	2	11350
22.716	n/a	0	1	11358
22.732	n/a	0	1	11366
22.75	n/a	1	2	11375
22.766	n/a	1	2	11383
22.782	n/a	0	1	11391
22.8	n/a	0	1	11400
22.816	n/a	1	2	11408
22.832	n/a	1	2	11416
22.85	n/a	1	2	11425
22.866	n/a	1	2	11433
22.882	n/a	1	2	11441
22.9	n/a	1	2	11450
22.916	n/a	1	2	11458
22.932	n/a	1	2	11466
22.95	n/a	1	2	11475
22.966	n/a	1	2	11483
22.982	n/a	0	1	11491
23.0	n/a	0	1	11500
23.016	n/a	0	1	11508
23.032	n/a	0	1	11516
23.05	n/a	1	2	11525
23.066	n/a	1	2	11533
23.082	n/a	0	1	11541
23.1	n/a	0	1	11550
23.116	n/a	0	1	11558
23.132	n/a	0	1	11566
23.15	n/a	0	1	11575
23.166	n/a	0	1	11583
23.182	n/a	1	2	11591
23.2	n/a	1	2	11600
23.216	n/a	1	2	11608
25.566	n/a	1	2	12783
25.582	n/a	1	2	12791
25.6	n/a	1	2	12800
25.616	n/a	1	2	12808
25.632	n/a	0	1	12816
25.65	n/a	0	1	12825
25.666	n/a	0	1	12833
25.682	n/a	0	1	12841
25.7	n/a	0	1	12850
25.716	n/a	0	1	12858
25.732	n/a	0	1	12866
25.75	n/a	0	1	12875
25.766	n/a	1	2	12883
25.782	n/a	1	2	12891
25.8	n/a	0	1	12900
25.816	n/a	0	1	12908
25.832	n/a	0	1	12916
25.85	n/a	0	1	12925
25.866	n/a	1	2	12933
25.882	n/a	1	2	12941
25.9	n/a	1	2	12950
25.916	n/a	1	2	12958
25.932	n/a	0	1	12966
25.95	n/a	0	1	12975
25.966	n/a	0	1	12983
25.982	n/a	0	1	12991
26.0	n/a	0	1	13000
26.016	n/a	0	1	13008
26.032	n/a	0	1	13016
26.05	n/a	0	1	13025
26.066	n/a	0	1	13033
26.082	n/a	0	1	13041
26.1	n/a	0	1	13050
26.116	n/a	0	1	13058
26.132	n/a	1	2	13066
26.15	n/a	1	2	13075
26.166	n/a	0	1	13083
26.182	n/a	0	1	13091
26.2	n/a	1	2	13100
26.216	n/a	1	2	13108
26.232	n/a	1	2	13116
26.25	n/a	1	2	13125
26.266	n/a	0	1	13133
26.282	n/a	0	1	13141
26.3	n/a	1	2	13150
26.316	n/a	1	2	13158
26.332	n/a	0	1	13166
26.35	n/a	0	1	13175
26.366	n/a	1	2	13183
26.382	n/a	1	2	13191
26.4	n/a	0	1	13200
26.416	n/a	0	1	13208
26.432	n/a	1	2	13216
26.45	n/a	1	2	13225
26.466	n/a	0	1	13233
26.482	n/a	0	1	13241
26.5	n/a	0	1	13250
26.516	n/a	0	1	13258
26.532	n/a	0	1	13266
26.55	n/a	0	1	13275
26.566	n/a	1	2	13283
26.582	n/a	1	2	13291
26.6	n/a	1	2	13300
26.616	n/a	1	2	13308
26.632	n/a	1	2	13316
26.65	n/a	1	2	13325
26.666	n/a	0	1	13333
26.682	n/a	0	1	13341
26.7	n/a	1	2	13350
26.716	n/a	1	2	13358
26.732	n/a	1	2	13366
26.75	n/a	1	2	13375
26.766	n/a	1	2	13383
26.782	n/a	1	2	13391
26.8	n/a	0	1	13400
26.816	n/a	0	1	13408
26.832	n/a	1	2	13416
26.85	n/a	1	2	13425
26.866	n/a	0	1	13433
26.882	n/a	0	1	13441
26.9	n/a	1	2	13450
26.916	n/a	1	2	13458
26.932	n/a	1	2	13466
26.95	n/a	1	2	13475
26.966	n/a	0	1	13483
26.982	n/a	0	1	13491
27.0	n/a	0	1	13500
27.016	n/a	0	1	13508
27.032	n/a	0	1	13516
27.05	n/a	0	1	13525
27.066	n/a	1	2	13533
27.082	n/a	1	2	13541
27.1	n/a	1	2	13550
27.116	n/a	1	2	13558
27.132	n/a	0	1	13566
27.15	n/a	0	1	13575
27.166	n/a	1	2	13583
27.182	n/a	1	2	13591
27.2	n/a	1	2	13600
27.216	n/a	1	2	13608
27.232	n/a	1	2	13616
27.25	n/a	1	2	13625
27.266	n/a	0	1	13633
27.282	n/a	0	1	13641
27.3	n/a	0	1	13650
27.316	n/a	0	1	13658
27.332	n/a	0	1	13666
27.35	n/a	0	1	13675
27.366	n/a	0	1	13683
27.382	n/a	0	1	13691
27.4	n/a	0	1	13700
27.416	n/a	0	1	13708
27.432	n/a	1	2	13716
27.45	n/a	1	2	13725
27.466	n/a	1	2	13733
27.482	n/a	1	2	13741
27.5	n/a	1	2	13750
28.982	n/a	1	2	14491
29.0	n/a	1	2	14500
29.016	n/a	1	2	14508
29.032	n/a	1	2	14516
29.05	n/a	0	1	14525
29.066	n/a	0	1	14533
29.082	n/a	1	2	14541
29.1	n/a	1	2	14550
29.116	n/a	1	2	14558
29.132	n/a	1	2	14566
29.15	n/a	0	1	14575
29.166	n/a	0	1	14583
29.182	n/a	1	2	14591
29.2	n/a	1	2	14600
29.216	n/a	1	2	14608
29.232	n/a	1	2	14616
29.25	n/a	0	1	14625
29.266	n/a	0	1	14633
29.282	n/a	1	2	14641
29.3	n/a	1	2	14650
29.316	n/a	1	2	14658
29.332	n/a	1	2	14666
29.35	n/a	0	1	14675
29.366	n/a	0	1	14683
29.382	n/a	0	1	14691
29.4	n/a	0	1	14700
29.416	n/a	0	1	14708
29.432	n/a	0	1	14716
29.45	n/a	1	2	14725
29.466	n/a	1	2	14733
29.482	n/a	1	2	14741
29.5	n/a	1	2	14750
29.516	n/a	1	2	14758
29.532	n/a	1	2	14766
29.55	n/a	0	1	14775
29.566	n/a	0	1	14783
29.582	n/a	0	1	14791
29.6	n/a	0	1	14800
29.616	n/a	0	1	14808
29.632	n/a	0	1	14816
29.65	n/a	1	2	14825
29.666	n/a	1	2	14833
29.682	n/a	1	2	14841
29.7	n/a	1	2	14850
29.716	n/a	1	2	14858
29.732	n/a	1	2	14866
29.75	n/a	1	2	14875
29.766	n/a	1	2	14883
29.782	n/a	1	2	14891
29.8	n/a	1	2	14900
29.816	n/a	0	1	14908
29.832	n/a	0	1	14916
29.85	n/a	0	1	14925
29.866	n/a	0	1	14933
29.882	n/a	1	2	14941
29.9	n/a	1	2	14950
29.916	n/a	0	1	14958
29.932	n/a	0	1	14966
29.95	n/a	1	2	14975
29.966	n/a	1	2	14983
29.982	n/a	0	1	14991
30.0	n/a	0	1	15000
30.016	n/a	0	1	15008
30.032	n/a	0	1	15016
30.05	n/a	1	2	15025
30.066	n/a	1	2	15033
30.082	n/a	1	2	15041
30.1	n/a	1	2	15050
30.116	n/a	0	1	15058
30.132	n/a	0	1	15066
30.15	n/a	0	1	15075
30.166	n/a	0	1	15083
30.182	n/a	0	1	15091
30.2	n/a	0	1	15100
30.216	n/a	0	1	15108
30.232	n/a	0	1	15116
30.25	n/a	1	2	15125
30.266	n/a	1	2	15133
30.282	n/a	0	1	15141
30.3	n/a	0	1	15150
30.316	n/a	0	1	15158
30.332	n/a	0	1	15166
30.35	n/a	0	1	15175
30.366	n/a	0	1	15183
30.382	n/a	0	1	15191
30.4	n/a	0	1	15200
30.416	n/a	1	2	15208
30.432	n/a	1	2	15216
30.45	n/a	1	2	15225
30.466	n/a	1	2	15233
30.482	n/a	1	2	15241
30.5	n/a	1	2	15250
30.516	n/a	1	2	15258
30.532	n/a	1	2	15266
30.55	n/a	1	2	15275
30.566	n/a	1	2	15283
30.582	n/a	1	2	15291
30.6	n/a	1	2	15300
30.616	n/a	0	1	15308
30.632	n/a	0	1	15316
30.65	n/a	1	2	15325
30.666	n/a	1	2	15333
30.682	n/a	0	1	15341
30.7	n/a	0	1	15350
30.716	n/a	1	2	15358
30.732	n/a	1	2	15366
30.75	n/a	0	1	15375
30.766	n/a	0	1	15383
30.782	n/a	0	1	15391
30.8	n/a	0	1	15400
30.816	n/a	1	2	15408
30.832	n/a	1	2	15416
30.85	n/a	1	2	15425
30.866	n/a	1	2	15433
30.882	n/a	0	1	15441
30.9	n/a	0	1	15450
30.916	n/a	0	1	15458
32.4	n/a	0	1	16200
32.416	n/a	0	1	16208
32.432	n/a	0	1	16216
32.45	n/a	0	1	16225
32.466	n/a	1	2	16233
32.482	n/a	1	2	16241
32.5	n/a	1	2	16250
32.516	n/a	1	2	16258
32.532	n/a	0	1	16266
32.548	n/a	0	1	16274
32.566	n/a	0	1	16283
32.582	n/a	0	1	16291
32.6	n/a	0	1	16300
32.616	n/a	0	1	16308
32.632	n/a	0	1	16316
32.65	n/a	0	1	16325
32.666	n/a	1	2	16333
32.682	n/a	1	2	16341
32.7	n/a	1	2	16350
32.716	n/a	1	2	16358
32.732	n/a	1	2	16366
32.75	n/a	1	2	16375
32.766	n/a	1	2	16383
32.782	n/a	1	2	16391
32.8	n/a	1	2	16400
32.816	n/a	1	2	16408
32.832	n/a	0	1	16416
32.85	n/a	0	1	16425
32.866	n/a	0	1	16433
32.882	n/a	0	1	16441
32.9	n/a	0	1	16450
32.916	n/a	0	1	16458
32.932	n/a	0	1	16466
32.95	n/a	0	1	16475
32.966	n/a	0	1	16483
32.982	n/a	0	1	16491
33.0	n/a	0	1	16500
33.016	n/a	0	1	16508
33.032	n/a	1	2	16516
33.05	n/a	1	2	16525
33.066	n/a	1	2	16533
33.082	n/a	1	2	16541
33.1	n/a	0	1	16550
33.116	n/a	0	1	16558
33.132	n/a	0	1	16566
33.15	n/a	0	1	16575
33.166	n/a	1	2	16583
33.182	n/a	1	2	16591
33.2	n/a	0	1	16600
33.216	n/a	0	1	16608
33.232	n/a	1	2	16616
33.25	n/a	1	2	16625
33.266	n/a	0	1	16633
33.282	n/a	0	1	16641
33.3	n/a	1	2	16650
33.316	n/a	1	2	16658
33.332	n/a	0	1	16666
33.35	n/a	0	1	16675
33.366	n/a	1	2	16683
33.382	n/a	1	2	16691
33.4	n/a	1	2	16700
33.416	n/a	1	2	16708
33.432	n/a	0	1	16716
33.45	n/a	0	1	16725
33.466	n/a	1	2	16733
33.482	n/a	1	2	16741
33.5	n/a	0	1	16750
33.516	n/a	0	1	16758
33.532	n/a	0	1	16766
33.55	n/a	0	1	16775
33.566	n/a	0	1	16783
33.582	n/a	0	1	16791
33.6	n/a	1	2	16800
33.616	n/a	1	2	16808
33.632	n/a	0	1	16816
33.65	n/a	0	1	16825
33.666	n/a	0	1	16833
33.682	n/a	0	1	16841
33.7	n/a	0	1	16850
33.716	n/a	0	1	16858
33.732	n/a	1	2	16866
33.75	n/a	1	2	16875
33.766	n/a	1	2	16883
33.782	n/a	1	2	16891
33.8	n/a	1	2	16900
33.816	n/a	1	2	16908
33.832	n/a	0	1	16916
33.85	n/a	0	1	16925
33.866	n/a	1	2	16933
33.882	n/a	1	2	16941
33.9	n/a	0	1	16950
33.916	n/a	0	1	16958
33.932	n/a	1	2	16966
33.95	n/a	1	2	16975
33.966	n/a	1	2	16983
33.982	n/a	1	2	16991
34.0	n/a	1	2	17000
34.016	n/a	1	2	17008
34.032	n/a	1	2	17016
34.05	n/a	1	2	17025
34.066	n/a	1	2	17033
34.082	n/a	1	2	17041
34.1	n/a	0	1	17050
34.116	n/a	0	1	17058
34.132	n/a	0	1	17066
34.15	n/a	0	1	17075
34.166	n/a	1	2	17083
34.182	n/a	1	2	17091
34.2	n/a	0	1	17100
34.216	n/a	0	1	17108
34.232	n/a	0	1	17116
34.25	n/a	0	1	17125
34.266	n/a	0	1	17133
34.282	n/a	0	1	17141
34.3	n/a	1	2	17150
34.316	n/a	1	2	17158
34.332	n/a	1	2	17166
35.832	n/a	1	2	17916
35.85	n/a	1	2	17925
35.866	n/a	1	2	17933
35.882	n/a	1	2	17941
35.9	n/a	1	2	17950
35.916	n/a	1	2	17958
35.932	n/a	1	2	17966
35.95	n/a	1	2	17975
35.966	n/a	1	2	17983
35.982	n/a	1	2	17991
36.0	n/a	1	2	18000
36.016	n/a	1	2	18008
36.032	n/a	1	2	18016
36.05	n/a	1	2	18025
36.066	n/a	0	1	18033
36.082	n/a	0	1	18041
36.1	n/a	0	1	18050
36.116	n/a	0	1	18058
36.132	n/a	1	2	18066
36.15	n/a	1	2	18075
36.166	n/a	1	2	18083
36.182	n/a	1	2	18091
36.2	n/a	0	1	18100
36.216	n/a	0	1	18108
36.232	n/a	0	1	18116
36.25	n/a	0	1	18125
36.266	n/a	1	2	18133
36.282	n/a	1	2	18141
36.3	n/a	1	2	18150
36.316	n/a	1	2	18158
36.332	n/a	0	1	18166
36.35	n/a	0	1	18175
36.366	n/a	0	1	18183
36.382	n/a	0	1	18191
36.4	n/a	1	2	18200
36.416	n/a	1	2	18208
36.432	n/a	0	1	18216
36.45	n/a	0	1	18225
36.466	n/a	1	2	18233
36.482	n/a	1	2	18241
36.5	n/a	1	2	18250
36.516	n/a	1	2	18258
36.532	n/a	0	1	18266
36.55	n/a	0	1	18275
36.566	n/a	1	2	18283
36.582	n/a	1	2	18291
36.6	n/a	0	1	18300
36.616	n/a	0	1	18308
36.632	n/a	0	1	18316
36.65	n/a	0	1	18325
36.666	n/a	1	2	18333
36.682	n/a	1	2	18341
36.7	n/a	0	1	18350
36.716	n/a	0	1	18358
36.732	n/a	1	2	18366
36.75	n/a	1	2	18375
36.766	n/a	1	2	18383
36.782	n/a	1	2	18391
36.8	n/a	1	2	18400
36.816	n/a	1	2	18408
36.832	n/a	0	1	18416
36.85	n/a	0	1	18425
36.866	n/a	0	1	18433
36.882	n/a	0	1	18441
36.9	n/a	0	1	18450
36.916	n/a	0	1	18458
36.932	n/a	1	2	18466
36.95	n/a	1	2	18475
36.966	n/a	0	1	18483
36.982	n/a	0	1	18491
37.0	n/a	1	2	18500
37.016	n/a	1	2	18508
37.032	n/a	1	2	18516
37.05	n/a	1	2	18525
37.066	n/a	1	2	18533
37.082	n/a	1	2	18541
37.1	n/a	0	1	18550
37.116	n/a	0	1	18558
37.132	n/a	0	1	18566
37.15	n/a	0	1	18575
37.166	n/a	1	2	18583
37.182	n/a	1	2	18591
37.2	n/a	0	1	18600
37.216	n/a	0	1	18608
37.232	n/a	1	2	18616
37.25	n/a	1	2	18625
37.266	n/a	0	1	18633
37.282	n/a	0	1	18641
37.3	n/a	0	1	18650
37.316	n/a	0	1	18658
37.332	n/a	0	1	18666
37.35	n/a	0	1	18675
37.366	n/a	1	2	18683
37.382	n/a	1	2	18691
37.4	n/a	1	2	18700
37.416	n/a	1	2	18708
37.432	n/a	0	1	18716
37.45	n/a	0	1	18725
37.466	n/a	1	2	18733
37.482	n/a	1	2	18741
37.5	n/a	0	1	18750
37.516	n/a	0	1	18758
37.532	n/a	0	1	18766
37.55	n/a	0	1	18775
37.566	n/a	0	1	18783
37.582	n/a	0	1	18791
37.6	n/a	1	2	18800
37.616	n/a	1	2	18808
37.632	n/a	0	1	18816
37.65	n/a	0	1	18825
37.666	n/a	1	2	18833
37.682	n/a	1	2	18841
37.7	n/a	0	1	18850
37.716	n/a	0	1	18858
37.732	n/a	0	1	18866
37.75	n/a	0	1	18875
37.766	n/a	1	2	18883
40.016	n/a	1	2	20008
40.032	n/a	1	2	20016
40.05	n/a	1	2	20025
40.066	n/a	1	2	20033
40.082	n/a	0	1	20041
40.1	n/a	0	1	20050
40.116	n/a	1	2	20058
40.132	n/a	1	2	20066
40.15	n/a	1	2	20075
40.166	n/a	1	2	20083
40.182	n/a	0	1	20091
40.2	n/a	0	1	20100
40.216	n/a	1	2	20108
40.232	n/a	1	2	20116
40.25	n/a	1	2	20125
40.266	n/a	1	2	20133
40.282	n/a	0	1	20141
40.3	n/a	0	1	20150
40.316	n/a	1	2	20158
40.332	n/a	1	2	20166
40.35	n/a	1	2	20175
40.366	n/a	1	2	20183
40.382	n/a	0	1	20191
40.4	n/a	0	1	20200
40.416	n/a	0	1	20208
40.432	n/a	0	1	20216
40.45	n/a	0	1	20225
40.466	n/a	0	1	20233
40.482	n/a	1	2	20241
40.5	n/a	1	2	20250
40.516	n/a	1	2	20258
40.532	n/a	1	2	20266
40.55	n/a	1	2	20275
40.566	n/a	1	2	20283
40.582	n/a	0	1	20291
40.6	n/a	0	1	20300
40.616	n/a	0	1	20308
40.632	n/a	0	1	20316
40.65	n/a	0	1	20325
40.666	n/a	0	1	20333
40.682	n/a	1	2	20341
40.7	n/a	1	2	20350
40.716	n/a	1	2	20358
40.732	n/a	1	2	20366
40.75	n/a	1	2	20375
40.766	n/a	1	2	20383
40.782	n/a	1	2	20391
40.8	n/a	1	2	20400
40.816	n/a	1	2	20408
40.832	n/a	1	2	20416
40.85	n/a	0	1	20425
40.866	n/a	0	1	20433
40.882	n/a	0	1	20441
40.9	n/a	0	1	20450
40.916	n/a	1	2	20458
40.932	n/a	1	2	20466
40.95	n/a	0	1	20475
40.966	n/a	0	1	20483
40.982	n/a	1	2	20491
41.0	n/a	1	2	20500
41.016	n/a	0	1	20508
41.032	n/a	0	1	20516
41.05	n/a	0	1	20525
41.066	n/a	0	1	20533
41.082	n/a	1	2	20541
41.1	n/a	1	2	20550
41.116	n/a	1	2	20558
41.132	n/a	1	2	20566
41.15	n/a	0	1	20575
41.166	n/a	0	1	20583
41.182	n/a	0	1	20591
41.2	n/a	0	1	20600
41.216	n/a	0	1	20608
41.232	n/a	0	1	20616
41.25	n/a	0	1	20625
41.266	n/a	0	1	20633
41.282	n/a	1	2	20641
41.3	n/a	1	2	20650
41.316	n/a	0	1	20658
41.332	n/a	0	1	20666
41.35	n/a	0	1	20675
41.366	n/a	0	1	20683
41.382	n/a	0	1	20691
41.4	n/a	0	1	20700
41.416	n/a	0	1	20708
41.432	n/a	0	1	20716
41.45	n/a	1	2	20725
41.466	n/a	1	2	20733
41.482	n/a	1	2	20741
41.5	n/a	1	2	20750
41.516	n/a	1	2	20758
41.532	n/a	1	2	20766
41.55	n/a	1	2	20775
41.566	n/a	1	2	20783
41.582	n/a	1	2	20791
41.6	n/a	1	2	20800
41.616	n/a	1	2	20808
41.632	n/a	1	2	20816
41.65	n/a	0	1	20825
41.666	n/a	0	1	20833
41.682	n/a	1	2	20841
41.7	n/a	1	2	20850
41.716	n/a	0	1	20858
41.732	n/a	0	1	20866
41.75	n/a	1	2	20875
41.766	n/a	1	2	20883
41.782	n/a	0	1	20891
41.8	n/a	0	1	20900
41.816	n/a	0	1	20908
41.832	n/a	0	1	20916
41.85	n/a	1	2	20925
41.866	n/a	1	2	20933
41.882	n/a	1	2	20941
41.9	n/a	1	2	20950
41.916	n/a	0	1	20958
41.932	n/a	0	1	20966
41.95	n/a	0	1	20975
43.432	n/a	1	2	21716
43.45	n/a	1	2	21725
43.466	n/a	1	2	21733
43.482	n/a	1	2	21741
43.5	n/a	0	1	21750
43.516	n/a	0	1	21758
43.532	n/a	0	1	21766
43.55	n/a	0	1	21775
43.566	n/a	0	1	21783
43.582	n/a	0	1	21791
43.6	n/a	0	1	21800
43.616	n/a	0	1	21808
43.632	n/a	1	2	21816
43.65	n/a	1	2	21825
43.666	n/a	0	1	21833
43.682	n/a	0	1	21841
43.7	n/a	0	1	21850
43.716	n/a	0	1	21858
43.732	n/a	1	2	21866
43.75	n/a	1	2	21875
43.766	n/a	1	2	21883
43.782	n/a	1	2	21891
43.8	n/a	0	1	21900
43.816	n/a	0	1	21908
43.832	n/a	0	1	21916
43.85	n/a	0	1	21925
43.866	n/a	0	1	21933
43.882	n/a	0	1	21941
43.9	n/a	0	1	21950
43.916	n/a	0	1	21958
43.932	n/a	0	1	21966
43.95	n/a	0	1	21975
43.966	n/a	0	1	21983
43.982	n/a	0	1	21991
44.0	n/a	1	2	22000
44.016	n/a	1	2	22008
44.032	n/a	0	1	22016
44.05	n/a	0	1	22025
44.066	n/a	1	2	22033
44.082	n/a	1	2	22041
44.1	n/a	1	2	22050
44.116	n/a	1	2	22058
44.132	n/a	0	1	22066
44.15	n/a	0	1	22075
44.166	n/a	1	2	22083
44.182	n/a	1	2	22091
44.2	n/a	0	1	22100
44.216	n/a	0	1	22108
44.232	n/a	1	2	22116
44.25	n/a	1	2	22125
44.266	n/a	0	1	22133
44.282	n/a	0	1	22141
44.3	n/a	1	2	22150
44.316	n/a	1	2	22158
44.332	n/a	0	1	22166
44.35	n/a	0	1	22175
44.366	n/a	0	1	22183
44.382	n/a	0	1	22191
44.4	n/a	0	1	22200
44.416	n/a	0	1	22208
44.432	n/a	1	2	22216
44.45	n/a	1	2	22225
44.466	n/a	1	2	22233
44.482	n/a	1	2	22241
44.5	n/a	1	2	22250
44.516	n/a	1	2	22258
44.532	n/a	0	1	22266
44.55	n/a	0	1	22275
44.566	n/a	1	2	22283
44.582	n/a	1	2	22291
44.6	n/a	1	2	22300
44.616	n/a	1	2	22308
44.632	n/a	1	2	22316
44.65	n/a	1	2	22325
44.666	n/a	0	1	22333
44.682	n/a	0	1	22341
44.7	n/a	1	2	22350
44.716	n/a	1	2	22358
44.732	n/a	0	1	22366
44.75	n/a	0	1	22375
44.766	n/a	1	2	22383
44.782	n/a	1	2	22391
44.8	n/a	1	2	22400
44.816	n/a	1	2	22408
44.832	n/a	0	1	22416
44.85	n/a	0	1	22425
44.866	n/a	0	1	22433
44.882	n/a	0	1	22441
44.9	n/a	0	1	22450
44.916	n/a	0	1	22458
44.932	n/a	1	2	22466
44.95	n/a	1	2	22475
44.966	n/a	1	2	22483
44.982	n/a	1	2	22491
45.0	n/a	0	1	22500
45.016	n/a	0	1	22508
45.032	n/a	1	2	22516
45.05	n/a	1	2	22525
45.066	n/a	1	2	22533
45.082	n/a	1	2	22541
45.1	n/a	1	2	22550
45.116	n/a	1	2	22558
45.132	n/a	0	1	22566
45.15	n/a	0	1	22575
45.166	n/a	0	1	22583
45.182	n/a	0	1	22591
45.2	n/a	0	1	22600
45.216	n/a	0	1	22608
45.232	n/a	0	1	22616
45.25	n/a	0	1	22625
45.266	n/a	0	1	22633
45.282	n/a	0	1	22641
45.3	n/a	1	2	22650
45.316	n/a	1	2	22658
45.332	n/a	1	2	22666
45.35	n/a	1	2	22675
45.366	n/a	1	2	22683
46.85	n/a	1	2	23425
46.866	n/a	1	2	23433
46.882	n/a	1	2	23441
46.9	n/a	1	2	23450
46.916	n/a	1	2	23458
46.932	n/a	1	2	23466
46.95	n/a	1	2	23475
46.966	n/a	1	2	23483
46.982	n/a	1	2	23491
47.0	n/a	1	2	23500
47.016	n/a	1	2	23508
47.032	n/a	1	2	23516
47.05	n/a	1	2	23525
47.066	n/a	1	2	23533
47.082	n/a	0	1	23541
47.1	n/a	0	1	23550
47.116	n/a	0	1	23558
47.132	n/a	0	1	23566
47.15	n/a	1	2	23575
47.166	n/a	1	2	23583
47.182	n/a	1	2	23591
47.2	n/a	1	2	23600
47.216	n/a	0	1	23608
47.232	n/a	0	1	23616
47.25	n/a	0	1	23625
47.266	n/a	0	1	23633
47.282	n/a	1	2	23641
47.3	n/a	1	2	23650
47.316	n/a	1	2	23658
47.332	n/a	1	2	23666
47.35	n/a	0	1	23675
47.366	n/a	0	1	23683
47.382	n/a	0	1	23691
47.4	n/a	0	1	23700
47.416	n/a	1	2	23708
47.432	n/a	1	2	23716
47.45	n/a	0	1	23725
47.466	n/a	0	1	23733
47.482	n/a	1	2	23741
47.5	n/a	1	2	23750
47.516	n/a	1	2	23758
47.532	n/a	1	2	23766
47.55	n/a	0	1	23775
47.566	n/a	0	1	23783
47.582	n/a	1	2	23791
47.6	n/a	1	2	23800
47.616	n/a	0	1	23808
47.632	n/a	0	1	23816
47.65	n/a	0	1	23825
47.666	n/a	0	1	23833
47.682	n/a	1	2	23841
47.7	n/a	1	2	23850
47.716	n/a	0	1	23858
47.732	n/a	0	1	23866
47.75	n/a	1	2	23875
47.766	n/a	1	2	23883
47.782	n/a	1	2	23891
47.8	n/a	1	2	23900
47.816	n/a	1	2	23908
47.832	n/a	1	2	23916
47.85	n/a	0	1	23925
47.866	n/a	0	1	23933
47.882	n/a	0	1	23941
47.9	n/a	0	1	23950
47.916	n/a	0	1	23958
47.932	n/a	0	1	23966
47.95	n/a	1	2	23975
47.966	n/a	1	2	23983
47.982	n/a	0	1	23991
48.0	n/a	0	1	24000
48.016	n/a	1	2	24008
48.032	n/a	1	2	24016
48.05	n/a	1	2	24025
48.066	n/a	1	2	24033
48.082	n/a	1	2	24041
48.1	n/a	1	2	24050
48.116	n/a	0	1	24058
48.132	n/a	0	1	24066
48.15	n/a	0	1	24075
48.166	n/a	0	1	24083
48.182	n/a	1	2	24091
48.2	n/a	1	2	24100
48.216	n/a	0	1	24108
48.232	n/a	0	1	24116
48.25	n/a	1	2	24125
48.266	n/a	1	2	24133
48.282	n/a	0	1	24141
48.3	n/a	0	1	24150
48.316	n/a	0	1	24158
48.332	n/a	0	1	24166
48.35	n/a	0	1	24175
48.366	n/a	0	1	24183
48.382	n/a	1	2	24191
48.4	n/a	1	2	24200
48.416	n/a	1	2	24208
48.432	n/a	1	2	24216
48.45	n/a	0	1	24225
48.466	n/a	0	1	24233
48.482	n/a	1	2	24241
48.5	n/a	1	2	24250
48.516	n/a	0	1	24258
48.532	n/a	0	1	24266
48.55	n/a	0	1	24275
48.566	n/a	0	1	24283
48.582	n/a	0	1	24291
48.6	n/a	0	1	24300
48.616	n/a	1	2	24308
48.632	n/a	1	2	24316
48.65	n/a	0	1	24325
48.666	n/a	0	1	24333
48.682	n/a	1	2	24341
48.7	n/a	1	2	24350
48.716	n/a	0	1	24358
48.732	n/a	0	1	24366
48.75	n/a	0	1	24375
48.766	n/a	0	1	24383
48.782	n/a	1	2	24391
50.266	n/a	0	1	25133
50.282	n/a	0	1	25141
50.3	n/a	0	1	25150
50.316	n/a	0	1	25158
50.332	n/a	1	2	25166
50.35	n/a	1	2	25175
50.366	n/a	1	2	25183
50.382	n/a	1	2	25191
50.4	n/a	0	1	25200
50.416	n/a	0	1	25208
50.432	n/a	0	1	25216
50.45	n/a	0	1	25225
50.466	n/a	0	1	25233
50.482	n/a	0	1	25241
50.5	n/a	0	1	25250
50.516	n/a	0	1	25258
50.532	n/a	1	2	25266
50.55	n/a	1	2	25275
50.566	n/a	1	2	25283
50.582	n/a	1	2	25291
50.6	n/a	1	2	25300
50.616	n/a	1	2	25308
50.632	n/a	1	2	25316
50.65	n/a	1	2	25325
50.666	n/a	1	2	25333
50.682	n/a	1	2	25341
50.7	n/a	0	1	25350
50.716	n/a	0	1	25358
50.732	n/a	0	1	25366
50.75	n/a	0	1	25375
50.766	n/a	0	1	25383
50.782	n/a	0	1	25391
50.8	n/a	0	1	25400
50.816	n/a	0	1	25408
50.832	n/a	0	1	25416
50.85	n/a	0	1	25425
50.866	n/a	0	1	25433
50.882	n/a	0	1	25441
50.9	n/a	1	2	25450
50.916	n/a	1	2	25458
50.932	n/a	1	2	25466
50.95	n/a	1	2	25475
50.966	n/a	0	1	25483
50.982	n/a	0	1	25491
51.0	n/a	0	1	25500
51.016	n/a	0	1	25508
51.032	n/a	1	2	25516
51.05	n/a	1	2	25525
51.066	n/a	0	1	25533
51.082	n/a	0	1	25541
51.1	n/a	1	2	25550
51.116	n/a	1	2	25558
51.132	n/a	0	1	25566
51.15	n/a	0	1	25575
51.166	n/a	1	2	25583
51.182	n/a	1	2	25591
51.2	n/a	0	1	25600
51.216	n/a	0	1	25608
51.232	n/a	1	2	25616
51.25	n/a	1	2	25625
51.266	n/a	1	2	25633
51.282	n/a	1	2	25641
51.3	n/a	0	1	25650
51.316	n/a	0	1	25658
51.332	n/a	1	2	25666
51.35	n/a	1	2	25675
51.366	n/a	0	1	25683
51.382	n/a	0	1	25691
51.4	n/a	0	1	25700
51.416	n/a	0	1	25708
51.432	n/a	0	1	25716
51.45	n/a	0	1	25725
51.466	n/a	1	2	25733
51.482	n/a	1	2	25741
51.5	n/a	0	1	25750
51.516	n/a	0	1	25758
51.532	n/a	0	1	25766
51.55	n/a	0	1	25775
51.566	n/a	0	1	25783
51.582	n/a	0	1	25791
51.6	n/a	1	2	25800
51.616	n/a	1	2	25808
51.632	n/a	1	2	25816
51.65	n/a	1	2	25825
51.666	n/a	1	2	25833
51.682	n/a	1	2	25841
51.7	n/a	0	1	25850
51.716	n/a	0	1	25858
51.732	n/a	1	2	25866
51.75	n/a	1	2	25875
51.766	n/a	0	1	25883
51.782	n/a	0	1	25891
51.8	n/a	1	2	25900
51.816	n/a	1	2	25908
51.832	n/a	1	2	25916
51.85	n/a	1	2	25925
51.866	n/a	1	2	25933
51.882	n/a	1	2	25941
51.9	n/a	1	2	25950
51.916	n/a	1	2	25958
51.932	n/a	1	2	25966
51.95	n/a	1	2	25975
51.966	n/a	0	1	25983
51.982	n/a	0	1	25991
52.0	n/a	0	1	26000
52.016	n/a	0	1	26008
52.032	n/a	1	2	26016
52.05	n/a	1	2	26025
52.066	n/a	0	1	26033
52.082	n/a	0	1	26041
52.1	n/a	0	1	26050
52.116	n/a	0	1	26058
52.132	n/a	0	1	26066
52.15	n/a	0	1	26075
52.166	n/a	1	2	26083
52.182	n/a	1	2	26091
52.2	n/a	1	2	26100
54.666	n/a	1	2	27333
54.682	n/a	1	2	27341
54.7	n/a	1	2	27350
54.716	n/a	1	2	27358
54.732	n/a	0	1	27366
54.75	n/a	0	1	27375
54.766	n/a	1	2	27383
54.782	n/a	1	2	27391
54.8	n/a	1	2	27400
54.816	n/a	1	2	27408
54.832	n/a	0	1	27416
54.85	n/a	0	1	27425
54.866	n/a	1	2	27433
54.882	n/a	1	2	27441
54.9	n/a	1	2	27450
54.916	n/a	1	2	27458
54.932	n/a	0	1	27466
54.95	n/a	0	1	27475
54.966	n/a	1	2	27483
54.982	n/a	1	2	27491
55.0	n/a	1	2	27500
55.016	n/a	1	2	27508
55.032	n/a	0	1	27516
55.05	n/a	0	1	27525
55.066	n/a	0	1	27533
55.082	n/a	0	1	27541
55.1	n/a	0	1	27550
55.116	n/a	0	1	27558
55.132	n/a	1	2	27566
55.15	n/a	1	2	27575
55.166	n/a	1	2	27583
55.182	n/a	1	2	27591
55.2	n/a	1	2	27600
55.216	n/a	1	2	27608
55.232	n/a	0	1	27616
55.25	n/a	0	1	27625
55.266	n/a	0	1	27633
55.282	n/a	0	1	27641
55.3	n/a	0	1	27650
55.316	n/a	0	1	27658
55.332	n/a	1	2	27666
55.35	n/a	1	2	27675
55.366	n/a	1	2	27683
55.382	n/a	1	2	27691
55.4	n/a	1	2	27700
55.416	n/a	1	2	27708
55.432	n/a	1	2	27716
55.45	n/a	1	2	27725
55.466	n/a	1	2	27733
55.482	n/a	1	2	27741
55.5	n/a	0	1	27750
55.516	n/a	0	1	27758
55.532	n/a	0	1	27766
55.55	n/a	0	1	27775
55.566	n/a	1	2	27783
55.582	n/a	1	2	27791
55.6	n/a	0	1	27800
55.616	n/a	0	1	27808
55.632	n/a	1	2	27816
55.65	n/a	1	2	27825
55.666	n/a	0	1	27833
55.682	n/a	0	1	27841
55.7	n/a	0	1	27850
55.716	n/a	0	1	27858
55.732	n/a	1	2	27866
55.75	n/a	1	2	27875
55.766	n/a	1	2	27883
55.782	n/a	1	2	27891
55.8	n/a	0	1	27900
55.816	n/a	0	1	27908
55.832	n/a	0	1	27916
55.85	n/a	0	1	27925
55.866	n/a	0	1	27933
55.882	n/a	0	1	27941
55.9	n/a	0	1	27950
55.916	n/a	0	1	27958
55.932	n/a	1	2	27966
55.95	n/a	1	2	27975
55.966	n/a	0	1	27983
55.982	n/a	0	1	27991
56.0	n/a	0	1	28000
56.016	n/a	0	1	28008
56.032	n/a	0	1	28016
56.05	n/a	0	1	28025
56.066	n/a	0	1	28033
56.082	n/a	0	1	28041
56.1	n/a	1	2	28050
56.116	n/a	1	2	28058
56.132	n/a	1	2	28066
56.15	n/a	1	2	28075
56.166	n/a	1	2	28083
56.182	n/a	1	2	28091
56.2	n/a	1	2	28100
56.216	n/a	1	2	28108
56.232	n/a	1	2	28116
56.25	n/a	1	2	28125
56.266	n/a	1	2	28133
56.282	n/a	1	2	28141
56.3	n/a	0	1	28150
56.316	n/a	0	1	28158
56.332	n/a	1	2	28166
56.35	n/a	1	2	28175
56.366	n/a	0	1	28183
56.382	n/a	0	1	28191
56.4	n/a	1	2	28200
56.416	n/a	1	2	28208
56.432	n/a	0	1	28216
56.45	n/a	0	1	28225
56.466	n/a	0	1	28233
56.482	n/a	0	1	28241
56.5	n/a	1	2	28250
56.516	n/a	1	2	28258
56.532	n/a	1	2	28266
56.55	n/a	1	2	28275
56.566	n/a	0	1	28283
56.582	n/a	0	1	28291
56.6	n/a	0	1	28300
58.082	n/a	1	2	29041
58.1	n/a	1	2	29050
58.116	n/a	1	2	29058
58.132	n/a	1	2	29066
58.15	n/a	0	1	29075
58.166	n/a	0	1	29083
58.182	n/a	0	1	29091
58.2	n/a	0	1	29100
58.216	n/a	0	1	29108
58.232	n/a	0	1	29116
58.25	n/a	0	1	29125
58.266	n/a	0	1	29133
58.282	n/a	1	2	29141
58.3	n/a	1	2	29150
58.316	n/a	0	1	29158
58.332	n/a	0	1	29166
58.35	n/a	0	1	29175
58.366	n/a	0	1	29183
58.382	n/a	1	2	29191
58.4	n/a	1	2	29200
58.416	n/a	1	2	29208
58.432	n/a	1	2	29216
58.45	n/a	0	1	29225
58.466	n/a	0	1	29233
58.482	n/a	0	1	29241
58.5	n/a	0	1	29250
58.516	n/a	0	1	29258
58.532	n/a	0	1	29266
58.55	n/a	0	1	29275
58.566	n/a	0	1	29283
58.582	n/a	0	1	29291
58.6	n/a	0	1	29300
58.616	n/a	0	1	29308
58.632	n/a	0	1	29316
58.65	n/a	1	2	29325
58.666	n/a	1	2	29333
58.682	n/a	0	1	29341
58.7	n/a	0	1	29350
58.716	n/a	1	2	29358
58.732	n/a	1	2	29366
58.75	n/a	1	2	29375
58.766	n/a	1	2	29383
58.782	n/a	0	1	29391
58.8	n/a	0	1	29400
58.816	n/a	1	2	29408
58.832	n/a	1	2	29416
58.85	n/a	0	1	29425
58.866	n/a	0	1	29433
58.882	n/a	1	2	29441
58.9	n/a	1	2	29450
58.916	n/a	0	1	29458
58.932	n/a	0	1	29466
58.95	n/a	1	2	29475
58.966	n/a	1	2	29483
58.982	n/a	0	1	29491
59.0	n/a	0	1	29500
59.016	n/a	0	1	29508
59.032	n/a	0	1	29516
59.05	n/a	0	1	29525
59.066	n/a	0	1	29533
59.082	n/a	1	2	29541
59.1	n/a	1	2	29550
59.116	n/a	1	2	29558
59.132	n/a	1	2	29566
59.15	n/a	1	2	29575
59.166	n/a	1	2	29583
59.182	n/a	0	1	29591
59.2	n/a	0	1	29600
59.216	n/a	1	2	29608
59.232	n/a	1	2	29616
59.25	n/a	1	2	29625
59.266	n/a	1	2	29633
59.282	n/a	1	2	29641
59.3	n/a	1	2	29650
59.316	n/a	0	1	29658
59.332	n/a	0	1	29666
59.35	n/a	1	2	29675
59.366	n/a	1	2	29683
59.382	n/a	0	1	29691
59.4	n/a	0	1	29700
59.416	n/a	1	2	29708
59.432	n/a	1	2	29716
59.45	n/a	1	2	29725
59.466	n/a	1	2	29733
59.482	n/a	0	1	29741
59.5	n/a	0	1	29750
59.516	n/a	0	1	29758
59.532	n/a	0	1	29766
59.55	n/a	0	1	29775
59.566	n/a	0	1	29783
59.582	n/a	1	2	29791
59.6	n/a	1	2	29800
59.616	n/a	1	2	29808
59.632	n/a	1	2	29816
59.65	n/a	0	1	29825
59.666	n/a	0	1	29833
59.682	n/a	1	2	29841
59.7	n/a	1	2	29850
59.716	n/a	1	2	29858
59.732	n/a	1	2	29866
59.75	n/a	1	2	29875
59.766	n/a	1	2	29883
59.782	n/a	0	1	29891
59.8	n/a	0	1	29900
59.816	n/a	0	1	29908
59.832	n/a	0	1	29916
59.85	n/a	0	1	29925
59.866	n/a	0	1	29933
59.882	n/a	0	1	29941
59.9	n/a	0	1	29950
59.916	n/a	0	1	29958
59.932	n/a	0	1	29966
59.95	n/a	1	2	29975
59.966	n/a	1	2	29983
59.982	n/a	1	2	29991
60.0	n/a	1	2	30000
60.016	n/a	1	2	30008
61.5	n/a	1	2	30750
61.516	n/a	1	2	30758
61.532	n/a	1	2	30766
61.55	n/a	1	2	30775
61.566	n/a	1	2	30783
61.582	n/a	1	2	30791
61.6	n/a	1	2	30800
61.616	n/a	1	2	30808
61.632	n/a	1	2	30816
61.65	n/a	1	2	30825
61.666	n/a	1	2	30833
61.682	n/a	1	2	30841
61.7	n/a	1	2	30850
61.716	n/a	1	2	30858
61.732	n/a	0	1	30866
61.75	n/a	0	1	30875
61.766	n/a	0	1	30883
61.782	n/a	0	1	30891
61.8	n/a	1	2	30900
61.816	n/a	1	2	30908
61.832	n/a	1	2	30916
61.85	n/a	1	2	30925
61.866	n/a	0	1	30933
61.882	n/a	0	1	30941
61.9	n/a	0	1	30950
61.916	n/a	0	1	30958
61.932	n/a	1	2	30966
61.95	n/a	1	2	30975
61.966	n/a	1	2	30983
61.982	n/a	1	2	30991
62.0	n/a	0	1	31000
62.016	n/a	0	1	31008
62.032	n/a	0	1	31016
62.05	n/a	0	1	31025
62.066	n/a	1	2	31033
62.082	n/a	1	2	31041
62.1	n/a	0	1	31050
62.116	n/a	0	1	31058
62.132	n/a	1	2	31066
62.15	n/a	1	2	31075
62.166	n/a	1	2	31083
62.182	n/a	1	2	31091
62.2	n/a	0	1	31100
62.216	n/a	0	1	31108
62.232	n/a	1	2	31116
62.25	n/a	1	2	31125
62.266	n/a	0	1	31133
62.282	n/a	0	1	31141
62.3	n/a	0	1	31150
62.316	n/a	0	1	31158
62.332	n/a	1	2	31166
62.35	n/a	1	2	31175
62.366	n/a	0	1	31183
62.382	n/a	0	1	31191
62.4	n/a	1	2	31200
62.416	n/a	1	2	31208
62.432	n/a	1	2	31216
62.45	n/a	1	2	31225
62.466	n/a	1	2	31233
62.482	n/a	1	2	31241
62.5	n/a	0	1	31250
62.516	n/a	0	1	31258
62.532	n/a	0	1	31266
62.55	n/a	0	1	31275
62.566	n/a	0	1	31283
62.582	n/a	0	1	31291
62.6	n/a	1	2	31300
62.616	n/a	1	2	31308
62.632	n/a	0	1	31316
62.65	n/a	0	1	31325
62.666	n/a	1	2	31333
62.682	n/a	1	2	31341
62.7	n/a	1	2	31350
62.716	n/a	1	2	31358
62.732	n/a	1	2	31366
62.75	n/a	1	2	31375
62.766	n/a	0	1	31383
62.782	n/a	0	1	31391
62.8	n/a	0	1	31400
62.816	n/a	0	1	31408
62.832	n/a	1	2	31416
62.85	n/a	1	2	31425
62.866	n/a	0	1	31433
62.882	n/a	0	1	31441
62.9	n/a	1	2	31450
62.916	n/a	1	2	31458
62.932	n/a	0	1	31466
62.95	n/a	0	1	31475
62.966	n/a	0	1	31483
62.982	n/a	0	1	31491
63.0	n/a	0	1	31500
63.016	n/a	0	1	31508
63.032	n/a	1	2	31516
63.05	n/a	1	2	31525
63.066	n/a	1	2	31533
63.082	n/a	1	2	31541
63.1	n/a	0	1	31550
63.116	n/a	0	1	31558
63.132	n/a	1	2	31566
63.15	n/a	1	2	31575
63.166	n/a	0	1	31583
63.182	n/a	0	1	31591
63.2	n/a	0	1	31600
63.216	n/a	0	1	31608
63.232	n/a	0	1	31616
63.25	n/a	0	1	31625
63.266	n/a	1	2	31633
63.282	n/a	1	2	31641
63.3	n/a	0	1	31650
63.316	n/a	0	1	31658
63.332	n/a	1	2	31666
63.35	n/a	1	2	31675
63.366	n/a	0	1	31683
63.382	n/a	0	1	31691
63.4	n/a	0	1	31700
63.416	n/a	0	1	31708
63.432	n/a	1	2	31716
64.916	n/a	0	1	32458
64.932	n/a	0	1	32466
64.95	n/a	0	1	32475
64.966	n/a	0	1	32483
64.982	n/a	1	2	32491
65.0	n/a	1	2	32500
65.016	n/a	1	2	32508
65.032	n/a	1	2	32516
65.05	n/a	0	1	32525
65.066	n/a	0	1	32533
65.082	n/a	0	1	32541
65.098	n/a	0	1	32549
65.116	n/a	0	1	32558
65.132	n/a	0	1	32566
65.15	n/a	0	1	32575
65.166	n/a	0	1	32583
65.182	n/a	1	2	32591
65.2	n/a	1	2	32600
65.216	n/a	1	2	32608
65.232	n/a	1	2	32616
65.25	n/a	1	2	32625
65.266	n/a	1	2	32633
65.282	n/a	1	2	32641
65.3	n/a	1	2	32650
65.316	n/a	1	2	32658
65.332	n/a	1	2	32666
65.348	n/a	0	1	32674
65.366	n/a	0	1	32683
65.382	n/a	0	1	32691
65.4	n/a	0	1	32700
65.416	n/a	0	1	32708
65.432	n/a	0	1	32716
65.45	n/a	0	1	32725
65.466	n/a	0	1	32733
65.482	n/a	0	1	32741
65.5	n/a	0	1	32750
65.516	n/a	0	1	32758
65.532	n/a	0	1	32766
65.55	n/a	1	2	32775
65.566	n/a	1	2	32783
65.582	n/a	1	2	32791
65.6	n/a	1	2	32800
65.616	n/a	0	1	32808
65.632	n/a	0	1	32816
65.65	n/a	0	1	32825
65.666	n/a	0	1	32833
65.682	n/a	1	2	32841
65.7	n/a	1	2	32850
65.716	n/a	0	1	32858
65.732	n/a	0	1	32866
65.75	n/a	1	2	32875
65.766	n/a	1	2	32883
65.782	n/a	0	1	32891
65.8	n/a	0	1	32900
65.816	n/a	1	2	32908
65.832	n/a	1	2	32916
65.85	n/a	0	1	32925
65.866	n/a	0	1	32933
65.882	n/a	1	2	32941
65.9	n/a	1	2	32950
65.916	n/a	1	2	32958
65.932	n/a	1	2	32966
65.95	n/a	0	1	32975
65.966	n/a	0	1	32983
65.982	n/a	1	2	32991
66.0	n/a	1	2	33000
66.016	n/a	0	1	33008
66.032	n/a	0	1	33016
66.05	n/a	0	1	33025
66.066	n/a	0	1	33033
66.082	n/a	0	1	33041
66.1	n/a	0	1	33050
66.116	n/a	1	2	33058
66.132	n/a	1	2	33066
66.15	n/a	0	1	33075
66.166	n/a	0	1	33083
66.182	n/a	0	1	33091
66.2	n/a	0	1	33100
66.216	n/a	0	1	33108
66.232	n/a	0	1	33116
66.25	n/a	1	2	33125
66.266	n/a	1	2	33133
66.282	n/a	1	2	33141
66.3	n/a	1	2	33150
66.316	n/a	1	2	33158
66.332	n/a	1	2	33166
66.35	n/a	0	1	33175
66.366	n/a	0	1	33183
66.382	n/a	1	2	33191
66.4	n/a	1	2	33200
66.416	n/a	0	1	33208
66.432	n/a	0	1	33216
66.45	n/a	1	2	33225
66.466	n/a	1	2	33233
66.482	n/a	1	2	33241
66.5	n/a	1	2	33250
66.516	n/a	1	2	33258
66.532	n/a	1	2	33266
66.55	n/a	1	2	33275
66.566	n/a	1	2	33283
66.582	n/a	1	2	33291
66.6	n/a	1	2	33300
66.616	n/a	0	1	33308
66.632	n/a	0	1	33316
66.65	n/a	0	1	33325
66.666	n/a	0	1	33333
66.682	n/a	1	2	33341
66.7	n/a	1	2	33350
66.716	n/a	0	1	33358
66.732	n/a	0	1	33366
66.75	n/a	0	1	33375
66.766	n/a	0	1	33383
66.782	n/a	0	1	33391
66.8	n/a	0	1	33400
66.816	n/a	1	2	33408
66.832	n/a	1	2	33416
66.85	n/a	1	2	33425
69.966	n/a	0	1	34983
69.982	n/a	0	1	34991
70.0	n/a	0	1	35000
70.016	n/a	0	1	35008
70.032	n/a	1	2	35016
70.05	n/a	1	2	35025
70.066	n/a	1	2	35033
70.082	n/a	1	2	35041
70.1	n/a	0	1	35050
70.116	n/a	0	1	35058
70.132	n/a	0	1	35066
70.15	n/a	0	1	35075
70.166	n/a	0	1	35083
70.182	n/a	0	1	35091
70.2	n/a	0	1	35100
70.216	n/a	0	1	35108
70.232	n/a	1	2	35116
70.25	n/a	1	2	35125
70.266	n/a	1	2	35133
70.282	n/a	1	2	35141
70.3	n/a	1	2	35150
70.316	n/a	1	2	35158
70.332	n/a	1	2	35166
70.35	n/a	1	2	35175
70.366	n/a	1	2	35183
70.382	n/a	1	2	35191
70.4	n/a	0	1	35200
70.416	n/a	0	1	35208
70.432	n/a	0	1	35216
70.45	n/a	0	1	35225
70.466	n/a	0	1	35233
70.482	n/a	0	1	35241
70.5	n/a	0	1	35250
70.516	n/a	0	1	35258
70.532	n/a	0	1	35266
70.55	n/a	0	1	35275
70.566	n/a	0	1	35283
70.582	n/a	0	1	35291
70.6	n/a	1	2	35300
70.616	n/a	1	2	35308
70.632	n/a	1	2	35316
70.65	n/a	1	2	35325
70.666	n/a	0	1	35333
70.682	n/a	0	1	35341
70.7	n/a	0	1	35350
70.716	n/a	0	1	35358
70.732	n/a	1	2	35366
70.75	n/a	1	2	35375
70.766	n/a	0	1	35383
70.782	n/a	0	1	35391
70.8	n/a	1	2	35400
70.816	n/a	1	2	35408
70.832	n/a	0	1	35416
70.85	n/a	0	1	35425
70.866	n/a	1	2	35433
70.882	n/a	1	2	35441
70.9	n/a	0	1	35450
70.916	n/a	0	1	35458
70.932	n/a	1	2	35466
70.95	n/a	1	2	35475
70.966	n/a	1	2	35483
70.982	n/a	1	2	35491
71.0	n/a	0	1	35500
71.016	n/a	0	1	35508
71.032	n/a	1	2	35516
71.05	n/a	1	2	35525
71.066	n/a	0	1	35533
71.082	n/a	0	1	35541
71.1	n/a	0	1	35550
71.116	n/a	0	1	35558
71.132	n/a	0	1	35566
71.15	n/a	0	1	35575
71.166	n/a	1	2	35583
71.182	n/a	1	2	35591
71.2	n/a	0	1	35600
71.216	n/a	0	1	35608
71.232	n/a	0	1	35616
71.25	n/a	0	1	35625
71.266	n/a	0	1	35633
71.282	n/a	0	1	35641
71.3	n/a	1	2	35650
71.316	n/a	1	2	35658
71.332	n/a	1	2	35666
71.35	n/a	1	2	35675
71.366	n/a	1	2	35683
71.382	n/a	1	2	35691
71.4	n/a	0	1	35700
71.416	n/a	0	1	35708
71.432	n/a	1	2	35716
71.45	n/a	1	2	35725
71.466	n/a	0	1	35733
71.482	n/a	0	1	35741
71.5	n/a	1	2	35750
71.516	n/a	1	2	35758
71.532	n/a	1	2	35766
71.55	n/a	1	2	35775
71.566	n/a	1	2	35783
71.582	n/a	1	2	35791
71.6	n/a	1	2	35800
71.616	n/a	1	2	35808
71.632	n/a	1	2	35816
71.65	n/a	1	2	35825
71.666	n/a	0	1	35833
71.682	n/a	0	1	35841
71.7	n/a	0	1	35850
71.716	n/a	0	1	35858
71.732	n/a	1	2	35866
71.75	n/a	1	2	35875
71.766	n/a	0	1	35883
71.782	n/a	0	1	35891
71.8	n/a	0	1	35900
71.816	n/a	0	1	35908
71.832	n/a	0	1	35916
71.85	n/a	0	1	35925
71.866	n/a	1	2	35933
71.882	n/a	1	2	35941
71.9	n/a	1	2	35950
73.382	n/a	1	2	36691
73.4	n/a	1	2	36700
73.416	n/a	1	2	36708
73.432	n/a	1	2	36716
73.45	n/a	0	1	36725
73.466	n/a	0	1	36733
73.482	n/a	1	2	36741
73.5	n/a	1	2	36750
73.516	n/a	1	2	36758
73.532	n/a	1	2	36766
73.55	n/a	0	1	36775
73.566	n/a	0	1	36783
73.582	n/a	1	2	36791
73.6	n/a	1	2	36800
73.616	n/a	1	2	36808
73.632	n/a	1	2	36816
73.65	n/a	0	1	36825
73.666	n/a	0	1	36833
73.682	n/a	1	2	36841
73.7	n/a	1	2	36850
73.716	n/a	1	2	36858
73.732	n/a	1	2	36866
73.75	n/a	0	1	36875
73.766	n/a	0	1	36883
73.782	n/a	0	1	36891
73.8	n/a	0	1	36900
73.816	n/a	0	1	36908
73.832	n/a	0	1	36916
73.85	n/a	1	2	36925
73.866	n/a	1	2	36933
73.882	n/a	1	2	36941
73.9	n/a	1	2	36950
73.916	n/a	1	2	36958
73.932	n/a	1	2	36966
73.95	n/a	0	1	36975
73.966	n/a	0	1	36983
73.982	n/a	0	1	36991
74.0	n/a	0	1	37000
74.016	n/a	0	1	37008
74.032	n/a	0	1	37016
74.05	n/a	1	2	37025
74.066	n/a	1	2	37033
74.082	n/a	1	2	37041
74.1	n/a	1	2	37050
74.116	n/a	1	2	37058
74.132	n/a	1	2	37066
74.15	n/a	1	2	37075
74.166	n/a	1	2	37083
74.182	n/a	1	2	37091
74.2	n/a	1	2	37100
74.216	n/a	0	1	37108
74.232	n/a	0	1	37116
74.25	n/a	0	1	37125
74.266	n/a	0	1	37133
74.282	n/a	1	2	37141
74.3	n/a	1	2	37150
74.316	n/a	0	1	37158
74.332	n/a	0	1	37166
74.35	n/a	1	2	37175
74.366	n/a	1	2	37183
74.382	n/a	0	1	37191
74.4	n/a	0	1	37200
74.416	n/a	0	1	37208
74.432	n/a	0	1	37216
74.45	n/a	1	2	37225
74.466	n/a	1	2	37233
74.482	n/a	1	2	37241
74.5	n/a	1	2	37250
74.516	n/a	0	1	37258
74.532	n/a	0	1	37266
74.55	n/a	0	1	37275
74.566	n/a	0	1	37283
74.582	n/a	0	1	37291
74.6	n/a	0	1	37300
74.616	n/a	0	1	37308
74.632	n/a	0	1	37316
74.65	n/a	1	2	37325
74.666	n/a	1	2	37333
74.682	n/a	0	1	37341
74.7	n/a	0	1	37350
74.716	n/a	0	1	37358
74.732	n/a	0	1	37366
74.75	n/a	0	1	37375
74.766	n/a	0	1	37383
74.782	n/a	0	1	37391
74.8	n/a	0	1	37400
74.816	n/a	1	2	37408
74.832	n/a	1	2	37416
74.85	n/a	1	2	37425
74.866	n/a	1	2	37433
74.882	n/a	1	2	37441
74.9	n/a	1	2	37450
74.916	n/a	1	2	37458
74.932	n/a	1	2	37466
74.95	n/a	1	2	37475
74.966	n/a	1	2	37483
74.982	n/a	1	2	37491
75.0	n/a	1	2	37500
75.016	n/a	0	1	37508
75.032	n/a	0	1	37516
75.05	n/a	1	2	37525
75.066	n/a	1	2	37533
75.082	n/a	0	1	37541
75.1	n/a	0	1	37550
75.116	n/a	1	2	37558
75.132	n/a	1	2	37566
75.15	n/a	0	1	37575
75.166	n/a	0	1	37583
75.182	n/a	0	1	37591
75.2	n/a	0	1	37600
75.216	n/a	1	2	37608
75.232	n/a	1	2	37616
75.25	n/a	1	2	37625
75.266	n/a	1	2	37633
75.282	n/a	0	1	37641
75.3	n/a	0	1	37650
75.316	n/a	0	1	37658
76.8	n/a	1	2	38400
76.816	n/a	1	2	38408
76.832	n/a	1	2	38416
76.85	n/a	1	2	38425
76.866	n/a	0	1	38433
76.882	n/a	0	1	38441
76.9	n/a	0	1	38450
76.916	n/a	0	1	38458
76.932	n/a	0	1	38466
76.95	n/a	0	1	38475
76.966	n/a	0	1	38483
76.982	n/a	0	1	38491
77.0	n/a	1	2	38500
77.016	n/a	1	2	38508
77.032	n/a	0	1	38516
77.05	n/a	0	1	38525
77.066	n/a	0	1	38533
77.082	n/a	0	1	38541
77.1	n/a	1	2	38550
77.116	n/a	1	2	38558
77.132	n/a	1	2	38566
77.15	n/a	1	2	38575
77.166	n/a	0	1	38583
77.182	n/a	0	1	38591
77.2	n/a	0	1	38600
77.216	n/a	0	1	38608
77.232	n/a	0	1	38616
77.25	n/a	0	1	38625
77.266	n/a	0	1	38633
77.282	n/a	0	1	38641
77.3	n/a	0	1	38650
77.316	n/a	0	1	38658
77.332	n/a	0	1	38666
77.35	n/a	0	1	38675
77.366	n/a	1	2	38683
77.382	n/a	1	2	38691
77.4	n/a	0	1	38700
77.416	n/a	0	1	38708
77.432	n/a	1	2	38716
77.45	n/a	1	2	38725
77.466	n/a	1	2	38733
77.482	n/a	1	2	38741
77.5	n/a	0	1	38750
77.516	n/a	0	1	38758
77.532	n/a	1	2	38766
77.55	n/a	1	2	38775
77.566	n/a	0	1	38783
77.582	n/a	0	1	38791
77.6	n/a	1	2	38800
77.616	n/a	1	2	38808
77.632	n/a	0	1	38816
77.65	n/a	0	1	38825
77.666	n/a	1	2	38833
77.682	n/a	1	2	38841
77.7	n/a	0	1	38850
77.716	n/a	0	1	38858
77.732	n/a	0	1	38866
77.75	n/a	0	1	38875
77.766	n/a	0	1	38883
77.782	n/a	0	1	38891
77.8	n/a	1	2	38900
77.816	n/a	1	2	38908
77.832	n/a	1	2	38916
77.85	n/a	1	2	38925
77.866	n/a	1	2	38933
77.882	n/a	1	2	38941
77.9	n/a	0	1	38950
77.916	n/a	0	1	38958
77.932	n/a	1	2	38966
77.95	n/a	1	2	38975
77.966	n/a	1	2	38983
77.982	n/a	1	2	38991
78.0	n/a	1	2	39000
78.016	n/a	1	2	39008
78.032	n/a	0	1	39016
78.05	n/a	0	1	39025
78.066	n/a	1	2	39033
78.082	n/a	1	2	39041
78.1	n/a	0	1	39050
78.116	n/a	0	1	39058
78.132	n/a	1	2	39066
78.15	n/a	1	2	39075
78.166	n/a	1	2	39083
78.182	n/a	1	2	39091
78.2	n/a	0	1	39100
78.216	n/a	0	1	39108
78.232	n/a	0	1	39116
78.25	n/a	0	1	39125
78.266	n/a	0	1	39133
78.282	n/a	0	1	39141
78.3	n/a	1	2	39150
78.316	n/a	1	2	39158
78.332	n/a	1	2	39166
78.35	n/a	1	2	39175
78.366	n/a	0	1	39183
78.382	n/a	0	1	39191
78.4	n/a	1	2	39200
78.416	n/a	1	2	39208
78.432	n/a	1	2	39216
78.45	n/a	1	2	39225
78.466	n/a	1	2	39233
78.482	n/a	1	2	39241
78.5	n/a	0	1	39250
78.516	n/a	0	1	39258
78.532	n/a	0	1	39266
78.55	n/a	0	1	39275
78.566	n/a	0	1	39283
78.582	n/a	0	1	39291
78.6	n/a	0	1	39300
78.616	n/a	0	1	39308
78.632	n/a	0	1	39316
78.65	n/a	0	1	39325
78.666	n/a	1	2	39333
78.682	n/a	1	2	39341
78.7	n/a	1	2	39350
78.716	n/a	1	2	39358
78.732	n/a	1	2	39366
80.216	n/a	1	2	40108
80.232	n/a	1	2	40116
80.25	n/a	1	2	40125
80.266	n/a	1	2	40133
80.282	n/a	1	2	40141
80.3	n/a	1	2	40150
80.316	n/a	1	2	40158
80.332	n/a	1	2	40166
80.35	n/a	1	2	40175
80.366	n/a	1	2	40183
80.382	n/a	1	2	40191
80.4	n/a	1	2	40200
80.416	n/a	1	2	40208
80.432	n/a	1	2	40216
80.45	n/a	0	1	40225
80.466	n/a	0	1	40233
80.482	n/a	0	1	40241
80.5	n/a	0	1	40250
80.516	n/a	1	2	40258
80.532	n/a	1	2	40266
80.55	n/a	1	2	40275
80.566	n/a	1	2	40283
80.582	n/a	0	1	40291
80.6	n/a	0	1	40300
80.616	n/a	0	1	40308
80.632	n/a	0	1	40316
80.65	n/a	1	2	40325
80.666	n/a	1	2	40333
80.682	n/a	1	2	40341
80.7	n/a	1	2	40350
80.716	n/a	0	1	40358
80.732	n/a	0	1	40366
80.75	n/a	0	1	40375
80.766	n/a	0	1	40383
80.782	n/a	1	2	40391
80.8	n/a	1	2	40400
80.816	n/a	0	1	40408
80.832	n/a	0	1	40416
80.85	n/a	1	2	40425
80.866	n/a	1	2	40433
80.882	n/a	1	2	40441
80.9	n/a	1	2	40450
80.916	n/a	0	1	40458
80.932	n/a	0	1	40466
80.95	n/a	1	2	40475
80.966	n/a	1	2	40483
80.982	n/a	0	1	40491
81.0	n/a	0	1	40500
81.016	n/a	0	1	40508
81.032	n/a	0	1	40516
81.05	n/a	1	2	40525
81.066	n/a	1	2	40533
81.082	n/a	0	1	40541
81.1	n/a	0	1	40550
81.116	n/a	1	2	40558
81.132	n/a	1	2	40566
81.15	n/a	1	2	40575
81.166	n/a	1	2	40583
81.182	n/a	1	2	40591
81.2	n/a	1	2	40600
81.216	n/a	0	1	40608
81.232	n/a	0	1	40616
81.25	n/a	0	1	40625
81.266	n/a	0	1	40633
81.282	n/a	0	1	40641
81.3	n/a	0	1	40650
81.316	n/a	1	2	40658
81.332	n/a	1	2	40666
81.35	n/a	0	1	40675
81.366	n/a	0	1	40683
81.382	n/a	1	2	40691
81.4	n/a	1	2	40700
81.416	n/a	1	2	40708
81.432	n/a	1	2	40716
81.45	n/a	1	2	40725
81.466	n/a	1	2	40733
81.482	n/a	0	1	40741
81.5	n/a	0	1	40750
81.516	n/a	0	1	40758
81.532	n/a	0	1	40766
81.55	n/a	1	2	40775
81.566	n/a	1	2	40783
81.582	n/a	0	1	40791
81.6	n/a	0	1	40800
81.616	n/a	1	2	40808
81.632	n/a	1	2	40816
81.65	n/a	0	1	40825
81.666	n/a	0	1	40833
81.682	n/a	0	1	40841
81.7	n/a	0	1	40850
81.716	n/a	0	1	40858
81.732	n/a	0	1	40866
81.75	n/a	1	2	40875
81.766	n/a	1	2	40883
81.782	n/a	1	2	40891
81.8	n/a	1	2	40900
81.816	n/a	0	1	40908
81.832	n/a	0	1	40916
81.85	n/a	1	2	40925
81.866	n/a	1	2	40933
81.882	n/a	0	1	40941
81.9	n/a	0	1	40950
81.916	n/a	0	1	40958
81.932	n/a	0	1	40966
81.95	n/a	0	1	40975
81.966	n/a	0	1	40983
81.982	n/a	1	2	40991
82.0	n/a	1	2	41000
82.016	n/a	0	1	41008
82.032	n/a	0	1	41016
82.05	n/a	1	2	41025
82.066	n/a	1	2	41033
82.082	n/a	0	1	41041
82.1	n/a	0	1	41050
82.116	n/a	0	1	41058
82.132	n/a	0	1	41066
82.15	n/a	1	2	41075
84.716	n/a	1	2	42358
84.732	n/a	1	2	42366
84.75	n/a	1	2	42375
84.766	n/a	1	2	42383
84.782	n/a	0	1	42391
84.8	n/a	0	1	42400
84.816	n/a	0	1	42408
84.832	n/a	0	1	42416
84.85	n/a	0	1	42425
84.866	n/a	0	1	42433
84.882	n/a	0	1	42441
84.9	n/a	0	1	42450
84.916	n/a	1	2	42458
84.932	n/a	1	2	42466
84.95	n/a	0	1	42475
84.966	n/a	0	1	42483
84.982	n/a	0	1	42491
85.0	n/a	0	1	42500
85.016	n/a	1	2	42508
85.032	n/a	1	2	42516
85.05	n/a	1	2	42525
85.066	n/a	1	2	42533
85.082	n/a	0	1	42541
85.1	n/a	0	1	42550
85.116	n/a	0	1	42558
85.132	n/a	0	1	42566
85.15	n/a	0	1	42575
85.166	n/a	0	1	42583
85.182	n/a	0	1	42591
85.2	n/a	0	1	42600
85.216	n/a	0	1	42608
85.232	n/a	0	1	42616
85.25	n/a	0	1	42625
85.266	n/a	0	1	42633
85.282	n/a	1	2	42641
85.3	n/a	1	2	42650
85.316	n/a	0	1	42658
85.332	n/a	0	1	42666
85.35	n/a	1	2	42675
85.366	n/a	1	2	42683
85.382	n/a	1	2	42691
85.4	n/a	1	2	42700
85.416	n/a	0	1	42708
85.432	n/a	0	1	42716
85.45	n/a	1	2	42725
85.466	n/a	1	2	42733
85.482	n/a	0	1	42741
85.5	n/a	0	1	42750
85.516	n/a	1	2	42758
85.532	n/a	1	2	42766
85.55	n/a	0	1	42775
85.566	n/a	0	1	42783
85.582	n/a	1	2	42791
85.6	n/a	1	2	42800
85.616	n/a	0	1	42808
85.632	n/a	0	1	42816
85.65	n/a	0	1	42825
85.666	n/a	0	1	42833
85.682	n/a	0	1	42841
85.7	n/a	0	1	42850
85.716	n/a	1	2	42858
85.732	n/a	1	2	42866
85.75	n/a	1	2	42875
85.766	n/a	1	2	42883
85.782	n/a	1	2	42891
85.8	n/a	1	2	42900
85.816	n/a	0	1	42908
85.832	n/a	0	1	42916
85.85	n/a	1	2	42925
85.866	n/a	1	2	42933
85.882	n/a	1	2	42941
85.9	n/a	1	2	42950
85.916	n/a	1	2	42958
85.932	n/a	1	2	42966
85.95	n/a	0	1	42975
85.966	n/a	0	1	42983
85.982	n/a	1	2	42991
86.0	n/a	1	2	43000
86.016	n/a	0	1	43008
86.032	n/a	0	1	43016
86.05	n/a	1	2	43025
86.066	n/a	1	2	43033
86.082	n/a	1	2	43041
86.1	n/a	1	2	43050
86.116	n/a	0	1	43058
86.132	n/a	0	1	43066
86.15	n/a	0	1	43075
86.166	n/a	0	1	43083
86.182	n/a	0	1	43091
86.2	n/a	0	1	43100
86.216	n/a	1	2	43108
86.232	n/a	1	2	43116
86.25	n/a	1	2	43125
86.266	n/a	1	2	43133
86.282	n/a	0	1	43141
86.3	n/a	0	1	43150
86.316	n/a	1	2	43158
86.332	n/a	1	2	43166
86.35	n/a	1	2	43175
86.366	n/a	1	2	43183
86.382	n/a	1	2	43191
86.4	n/a	1	2	43200
86.416	n/a	0	1	43208
86.432	n/a	0	1	43216
86.45	n/a	0	1	43225
86.466	n/a	0	1	43233
86.482	n/a	0	1	43241
86.5	n/a	0	1	43250
86.516	n/a	0	1	43258
86.532	n/a	0	1	43266
86.55	n/a	0	1	43275
86.566	n/a	0	1	43283
86.582	n/a	1	2	43291
86.6	n/a	1	2	43300
86.616	n/a	1	2	43308
86.632	n/a	1	2	43316
86.65	n/a	1	2	43325
88.132	n/a	1	2	44066
88.15	n/a	1	2	44075
88.166	n/a	1	2	44083
88.182	n/a	1	2	44091
88.2	n/a	1	2	44100
88.216	n/a	1	2	44108
88.232	n/a	1	2	44116
88.25	n/a	1	2	44125
88.266	n/a	1	2	44133
88.282	n/a	1	2	44141
88.3	n/a	1	2	44150
88.316	n/a	1	2	44158
88.332	n/a	1	2	44166
88.35	n/a	1	2	44175
88.366	n/a	0	1	44183
88.382	n/a	0	1	44191
88.4	n/a	0	1	44200
88.416	n/a	0	1	44208
88.432	n/a	1	2	44216
88.45	n/a	1	2	44225
88.466	n/a	1	2	44233
88.482	n/a	1	2	44241
88.5	n/a	0	1	44250
88.516	n/a	0	1	44258
88.532	n/a	0	1	44266
88.55	n/a	0	1	44275
88.566	n/a	1	2	44283
88.582	n/a	1	2	44291
88.6	n/a	1	2	44300
88.616	n/a	1	2	44308
88.632	n/a	0	1	44316
88.65	n/a	0	1	44325
88.666	n/a	0	1	44333
88.682	n/a	0	1	44341
88.7	n/a	1	2	44350
88.716	n/a	1	2	44358
88.732	n/a	0	1	44366
88.75	n/a	0	1	44375
88.766	n/a	1	2	44383
88.782	n/a	1	2	44391
88.8	n/a	1	2	44400
88.816	n/a	1	2	44408
88.832	n/a	0	1	44416
88.85	n/a	0	1	44425
88.866	n/a	1	2	44433
88.882	n/a	1	2	44441
88.9	n/a	0	1	44450
88.916	n/a	0	1	44458
88.932	n/a	0	1	44466
88.95	n/a	0	1	44475
88.966	n/a	1	2	44483
88.982	n/a	1	2	44491
89.0	n/a	0	1	44500
89.016	n/a	0	1	44508
89.032	n/a	1	2	44516
89.05	n/a	1	2	44525
89.066	n/a	1	2	44533
89.082	n/a	1	2	44541
89.1	n/a	1	2	44550
89.116	n/a	1	2	44558
89.132	n/a	0	1	44566
89.15	n/a	0	1	44575
89.166	n/a	0	1	44583
89.182	n/a	0	1	44591
89.2	n/a	0	1	44600
89.216	n/a	0	1	44608
89.232	n/a	1	2	44616
89.25	n/a	1	2	44625
89.266	n/a	0	1	44633
89.282	n/a	0	1	44641
89.3	n/a	1	2	44650
89.316	n/a	1	2	44658
89.332	n/a	1	2	44666
89.35	n/a	1	2	44675
89.366	n/a	1	2	44683
89.382	n/a	1	2	44691
89.4	n/a	0	1	44700
89.416	n/a	0	1	44708
89.432	n/a	0	1	44716
89.45	n/a	0	1	44725
89.466	n/a	1	2	44733
89.482	n/a	1	2	44741
89.5	n/a	0	1	44750
89.516	n/a	0	1	44758
89.532	n/a	1	2	44766
89.55	n/a	1	2	44775
89.566	n/a	0	1	44783
89.582	n/a	0	1	44791
89.6	n/a	0	1	44800
89.616	n/a	0	1	44808
89.632	n/a	0	1	44816
89.65	n/a	0	1	44825
89.666	n/a	1	2	44833
89.682	n/a	1	2	44841
89.7	n/a	1	2	44850
89.716	n/a	1	2	44858
89.732	n/a	0	1	44866
89.75	n/a	0	1	44875
89.766	n/a	1	2	44883
89.782	n/a	1	2	44891
89.8	n/a	0	1	44900
89.816	n/a	0	1	44908
89.832	n/a	0	1	44916
89.85	n/a	0	1	44925
89.866	n/a	0	1	44933
89.882	n/a	0	1	44941
89.9	n/a	1	2	44950
89.916	n/a	1	2	44958
89.932	n/a	0	1	44966
89.95	n/a	0	1	44975
89.966	n/a	1	2	44983
89.982	n/a	1	2	44991
90.0	n/a	0	1	45000
90.016	n/a	0	1	45008
90.032	n/a	0	1	45016
90.05	n/a	0	1	45025
90.066	n/a	1	2	45033
91.55	n/a	0	1	45775
91.566	n/a	0	1	45783
91.582	n/a	0	1	45791
91.6	n/a	0	1	45800
91.616	n/a	1	2	45808
91.632	n/a	1	2	45816
91.65	n/a	1	2	45825
91.666	n/a	1	2	45833
91.682	n/a	0	1	45841
91.7	n/a	0	1	45850
91.716	n/a	0	1	45858
91.732	n/a	0	1	45866
91.75	n/a	0	1	45875
91.766	n/a	0	1	45883
91.782	n/a	0	1	45891
91.8	n/a	0	1	45900
91.816	n/a	1	2	45908
91.832	n/a	1	2	45916
91.85	n/a	1	2	45925
91.866	n/a	1	2	45933
91.882	n/a	1	2	45941
91.9	n/a	1	2	45950
91.916	n/a	1	2	45958
91.932	n/a	1	2	45966
91.95	n/a	1	2	45975
91.966	n/a	1	2	45983
91.982	n/a	0	1	45991
92.0	n/a	0	1	46000
92.016	n/a	0	1	46008
92.032	n/a	0	1	46016
92.05	n/a	0	1	46025
92.066	n/a	0	1	46033
92.082	n/a	0	1	46041
92.1	n/a	0	1	46050
92.116	n/a	0	1	46058
92.132	n/a	0	1	46066
92.15	n/a	0	1	46075
92.166	n/a	0	1	46083
92.182	n/a	1	2	46091
92.2	n/a	1	2	46100
92.216	n/a	1	2	46108
92.232	n/a	1	2	46116
92.25	n/a	0	1	46125
92.266	n/a	0	1	46133
92.282	n/a	0	1	46141
92.3	n/a	0	1	46150
92.316	n/a	1	2	46158
92.332	n/a	1	2	46166
92.35	n/a	0	1	46175
92.366	n/a	0	1	46183
92.382	n/a	1	2	46191
92.4	n/a	1	2	46200
92.416	n/a	0	1	46208
92.432	n/a	0	1	46216
92.45	n/a	1	2	46225
92.466	n/a	1	2	46233
92.482	n/a	0	1	46241
92.5	n/a	0	1	46250
92.516	n/a	1	2	46258
92.532	n/a	1	2	46266
92.55	n/a	1	2	46275
92.566	n/a	1	2	46283
92.582	n/a	0	1	46291
92.6	n/a	0	1	46300
92.616	n/a	1	2	46308
92.632	n/a	1	2	46316
92.65	n/a	0	1	46325
92.666	n/a	0	1	46333
92.682	n/a	0	1	46341
92.7	n/a	0	1	46350
92.716	n/a	0	1	46358
92.732	n/a	0	1	46366
92.75	n/a	1	2	46375
92.766	n/a	1	2	46383
92.782	n/a	0	1	46391
92.8	n/a	0	1	46400
92.816	n/a	0	1	46408
92.832	n/a	0	1	46416
92.85	n/a	0	1	46425
92.866	n/a	0	1	46433
92.882	n/a	1	2	46441
92.9	n/a	1	2	46450
92.916	n/a	1	2	46458
92.932	n/a	1	2	46466
92.95	n/a	1	2	46475
92.966	n/a	1	2	46483
92.982	n/a	0	1	46491
93.0	n/a	0	1	46500
93.016	n/a	1	2	46508
93.032	n/a	1	2	46516
93.05	n/a	0	1	46525
93.066	n/a	0	1	46533
93.082	n/a	1	2	46541
93.1	n/a	1	2	46550
93.116	n/a	1	2	46558
93.132	n/a	1	2	46566
93.15	n/a	1	2	46575
93.166	n/a	1	2	46583
93.182	n/a	1	2	46591
93.2	n/a	1	2	46600
93.216	n/a	1	2	46608
93.232	n/a	1	2	46616
93.25	n/a	0	1	46625
93.266	n/a	0	1	46633
93.282	n/a	0	1	46641
93.3	n/a	0	1	46650
93.316	n/a	1	2	46658
93.332	n/a	1	2	46666
93.35	n/a	0	1	46675
93.366	n/a	0	1	46683
93.382	n/a	0	1	46691
93.4	n/a	0	1	46700
93.416	n/a	0	1	46708
93.432	n/a	0	1	46716
93.45	n/a	1	2	46725
93.466	n/a	1	2	46733
93.482	n/a	1	2	46741
94.966	n/a	1	2	47483
94.982	n/a	1	2	47491
95.0	n/a	1	2	47500
95.016	n/a	1	2	47508
95.032	n/a	0	1	47516
95.05	n/a	0	1	47525
95.066	n/a	1	2	47533
95.082	n/a	1	2	47541
95.1	n/a	1	2	47550
95.116	n/a	1	2	47558
95.132	n/a	0	1	47566
95.15	n/a	0	1	47575
95.166	n/a	1	2	47583
95.182	n/a	1	2	47591
95.2	n/a	1	2	47600
95.216	n/a	1	2	47608
95.232	n/a	0	1	47616
95.25	n/a	0	1	47625
95.266	n/a	1	2	47633
95.282	n/a	1	2	47641
95.3	n/a	1	2	47650
95.316	n/a	1	2	47658
95.332	n/a	0	1	47666
95.35	n/a	0	1	47675
95.366	n/a	0	1	47683
95.382	n/a	0	1	47691
95.4	n/a	0	1	47700
95.416	n/a	0	1	47708
95.432	n/a	1	2	47716
95.45	n/a	1	2	47725
95.466	n/a	1	2	47733
95.482	n/a	1	2	47741
95.5	n/a	1	2	47750
95.516	n/a	1	2	47758
95.532	n/a	0	1	47766
95.55	n/a	0	1	47775
95.566	n/a	0	1	47783
95.582	n/a	0	1	47791
95.6	n/a	0	1	47800
95.616	n/a	0	1	47808
95.632	n/a	1	2	47816
95.65	n/a	1	2	47825
95.666	n/a	1	2	47833
95.682	n/a	1	2	47841
95.7	n/a	1	2	47850
95.716	n/a	1	2	47858
95.732	n/a	1	2	47866
95.75	n/a	1	2	47875
95.766	n/a	1	2	47883
95.782	n/a	1	2	47891
95.8	n/a	0	1	47900
95.816	n/a	0	1	47908
95.832	n/a	0	1	47916
95.85	n/a	0	1	47925
95.866	n/a	1	2	47933
95.882	n/a	1	2	47941
95.9	n/a	0	1	47950
95.916	n/a	0	1	47958
95.932	n/a	1	2	47966
95.95	n/a	1	2	47975
95.966	n/a	0	1	47983
95.982	n/a	0	1	47991
96.0	n/a	0	1	48000
96.016	n/a	0	1	48008
96.032	n/a	1	2	48016
96.05	n/a	1	2	48025
96.066	n/a	1	2	48033
96.082	n/a	1	2	48041
96.1	n/a	0	1	48050
96.116	n/a	0	1	48058
96.132	n/a	0	1	48066
96.15	n/a	0	1	48075
96.166	n/a	0	1	48083
96.182	n/a	0	1	48091
96.2	n/a	0	1	48100
96.216	n/a	0	1	48108
96.232	n/a	1	2	48116
96.25	n/a	1	2	48125
96.266	n/a	0	1	48133
96.282	n/a	0	1	48141
96.3	n/a	0	1	48150
96.316	n/a	0	1	48158
96.332	n/a	0	1	48166
96.35	n/a	0	1	48175
96.366	n/a	0	1	48183
96.382	n/a	0	1	48191
96.4	n/a	1	2	48200
96.416	n/a	1	2	48208
96.432	n/a	1	2	48216
96.45	n/a	1	2	48225
96.466	n/a	1	2	48233
96.482	n/a	1	2	48241
96.5	n/a	1	2	48250
96.516	n/a	1	2	48258
96.532	n/a	1	2	48266
96.55	n/a	1	2	48275
96.566	n/a	1	2	48283
96.582	n/a	1	2	48291
96.6	n/a	0	1	48300
96.616	n/a	0	1	48308
96.632	n/a	1	2	48316
96.65	n/a	1	2	48325
96.666	n/a	0	1	48333
96.682	n/a	0	1	48341
96.7	n/a	1	2	48350
96.716	n/a	1	2	48358
96.732	n/a	0	1	48366
96.75	n/a	0	1	48375
96.766	n/a	0	1	48383
96.782	n/a	0	1	48391
96.8	n/a	1	2	48400
96.816	n/a	1	2	48408
96.832	n/a	1	2	48416
96.85	n/a	1	2	48425
96.866	n/a	0	1	48433
96.882	n/a	0	1	48441
96.9	n/a	0	1	48450
99.166	n/a	0	1	49583
99.182	n/a	0	1	49591
99.2	n/a	0	1	49600
99.216	n/a	0	1	49608
99.232	n/a	1	2	49616
99.25	n/a	1	2	49625
99.266	n/a	1	2	49633
99.282	n/a	1	2	49641
99.3	n/a	0	1	49650
99.316	n/a	0	1	49658
99.332	n/a	0	1	49666
99.35	n/a	0	1	49675
99.366	n/a	0	1	49683
99.382	n/a	0	1	49691
99.4	n/a	0	1	49700
99.416	n/a	0	1	49708
99.432	n/a	1	2	49716
99.45	n/a	1	2	49725
99.466	n/a	1	2	49733
99.482	n/a	1	2	49741
99.5	n/a	1	2	49750
99.516	n/a	1	2	49758
99.532	n/a	1	2	49766
99.55	n/a	1	2	49775
99.566	n/a	1	2	49783
99.582	n/a	1	2	49791
99.6	n/a	0	1	49800
99.616	n/a	0	1	49808
99.632	n/a	0	1	49816
99.65	n/a	0	1	49825
99.666	n/a	0	1	49833
99.682	n/a	0	1	49841
99.7	n/a	0	1	49850
99.716	n/a	0	1	49858
99.732	n/a	0	1	49866
99.75	n/a	0	1	49875
99.766	n/a	0	1	49883
99.782	n/a	0	1	49891
99.8	n/a	1	2	49900
99.816	n/a	1	2	49908
99.832	n/a	1	2	49916
99.85	n/a	1	2	49925
99.866	n/a	0	1	49933
99.882	n/a	0	1	49941
99.9	n/a	0	1	49950
99.916	n/a	0	1	49958
99.932	n/a	1	2	49966
99.95	n/a	1	2	49975
99.966	n/a	0	1	49983
99.982	n/a	0	1	49991
100.0	n/a	1	2	50000
100.016	n/a	1	2	50008
100.032	n/a	0	1	50016
100.05	n/a	0	1	50025
100.066	n/a	1	2	50033
100.082	n/a	1	2	50041
100.1	n/a	0	1	50050
100.116	n/a	0	1	50058
100.132	n/a	1	2	50066
100.15	n/a	1	2	50075
100.166	n/a	1	2	50083
100.182	n/a	1	2	50091
100.2	n/a	0	1	50100
100.216	n/a	0	1	50108
100.232	n/a	1	2	50116
100.25	n/a	1	2	50125
100.266	n/a	0	1	50133
100.282	n/a	0	1	50141
100.3	n/a	0	1	50150
100.316	n/a	0	1	50158
100.332	n/a	0	1	50166
100.35	n/a	0	1	50175
100.366	n/a	1	2	50183
100.382	n/a	1	2	50191
100.4	n/a	0	1	50200
100.416	n/a	0	1	50208
100.432	n/a	0	1	50216
100.45	n/a	0	1	50225
100.466	n/a	0	1	50233
100.482	n/a	0	1	50241
100.5	n/a	1	2	50250
100.516	n/a	1	2	50258
100.532	n/a	1	2	50266
100.55	n/a	1	2	50275
100.566	n/a	1	2	50283
100.582	n/a	1	2	50291
100.6	n/a	0	1	50300
100.616	n/a	0	1	50308
100.632	n/a	1	2	50316
100.65	n/a	1	2	50325
100.666	n/a	0	1	50333
100.682	n/a	0	1	50341
100.7	n/a	1	2	50350
100.716	n/a	1	2	50358
100.732	n/a	1	2	50366
100.75	n/a	1	2	50375
100.766	n/a	1	2	50383
100.782	n/a	1	2	50391
100.8	n/a	1	2	50400
100.816	n/a	1	2	50408
100.832	n/a	1	2	50416
100.85	n/a	1	2	50425
100.866	n/a	0	1	50433
100.882	n/a	0	1	50441
100.9	n/a	0	1	50450
100.916	n/a	0	1	50458
100.932	n/a	1	2	50466
100.95	n/a	1	2	50475
100.966	n/a	0	1	50483
100.982	n/a	0	1	50491
101.0	n/a	0	1	50500
101.016	n/a	0	1	50508
101.032	n/a	0	1	50516
101.05	n/a	0	1	50525
101.066	n/a	1	2	50533
101.082	n/a	1	2	50541
101.1	n/a	1	2	50550
102.582	n/a	1	2	51291
102.6	n/a	1	2	51300
102.616	n/a	1	2	51308
102.632	n/a	1	2	51316
102.65	n/a	0	1	51325
102.666	n/a	0	1	51333
102.682	n/a	0	1	51341
102.7	n/a	0	1	51350
102.716	n/a	0	1	51358
102.732	n/a	0	1	51366
102.75	n/a	0	1	51375
102.766	n/a	0	1	51383
102.782	n/a	1	2	51391
102.8	n/a	1	2	51400
102.816	n/a	0	1	51408
102.832	n/a	0	1	51416
102.85	n/a	0	1	51425
102.866	n/a	0	1	51433
102.882	n/a	1	2	51441
102.9	n/a	1	2	51450
102.916	n/a	1	2	51458
102.932	n/a	1	2	51466
102.95	n/a	0	1	51475
102.966	n/a	0	1	51483
102.982	n/a	0	1	51491
103.0	n/a	0	1	51500
103.016	n/a	0	1	51508
103.032	n/a	0	1	51516
103.05	n/a	0	1	51525
103.066	n/a	0	1	51533
103.082	n/a	0	1	51541
103.1	n/a	0	1	51550
103.116	n/a	0	1	51558
103.132	n/a	0	1	51566
103.15	n/a	1	2	51575
103.166	n/a	1	2	51583
103.182	n/a	0	1	51591
103.2	n/a	0	1	51600
103.216	n/a	1	2	51608
103.232	n/a	1	2	51616
103.25	n/a	1	2	51625
103.266	n/a	1	2	51633
103.282	n/a	0	1	51641
103.3	n/a	0	1	51650
103.316	n/a	1	2	51658
103.332	n/a	1	2	51666
103.35	n/a	0	1	51675
103.366	n/a	0	1	51683
103.382	n/a	1	2	51691
103.4	n/a	1	2	51700
103.416	n/a	0	1	51708
103.432	n/a	0	1	51716
103.45	n/a	1	2	51725
103.466	n/a	1	2	51733
103.482	n/a	0	1	51741
103.5	n/a	0	1	51750
103.516	n/a	0	1	51758
103.532	n/a	0	1	51766
103.55	n/a	0	1	51775
103.566	n/a	0	1	51783
103.582	n/a	1	2	51791
103.6	n/a	1	2	51800
103.616	n/a	1	2	51808
103.632	n/a	1	2	51816
103.65	n/a	1	2	51825
103.666	n/a	1	2	51833
103.682	n/a	0	1	51841
103.7	n/a	0	1	51850
103.716	n/a	1	2	51858
103.732	n/a	1	2	51866
103.75	n/a	1	2	51875
103.766	n/a	1	2	51883
103.782	n/a	1	2	51891
103.8	n/a	1	2	51900
103.816	n/a	0	1	51908
103.832	n/a	0	1	51916
103.85	n/a	1	2	51925
103.866	n/a	1	2	51933
103.882	n/a	0	1	51941
103.9	n/a	0	1	51950
103.916	n/a	1	2	51958
103.932	n/a	1	2	51966
103.95	n/a	1	2	51975
103.966	n/a	1	2	51983
103.982	n/a	0	1	51991
104.0	n/a	0	1	52000
104.016	n/a	0	1	52008
104.032	n/a	0	1	52016
104.05	n/a	0	1	52025
104.066	n/a	0	1	52033
104.082	n/a	1	2	52041
104.1	n/a	1	2	52050
104.116	n/a	1	2	52058
104.132	n/a	1	2	52066
104.15	n/a	0	1	52075
104.166	n/a	0	1	52083
104.182	n/a	1	2	52091
104.2	n/a	1	2	52100
104.216	n/a	1	2	52108
104.232	n/a	1	2	52116
104.25	n/a	1	2	52125
104.266	n/a	1	2	52133
104.282	n/a	0	1	52141
104.3	n/a	0	1	52150
104.316	n/a	0	1	52158
104.332	n/a	0	1	52166
104.35	n/a	0	1	52175
104.366	n/a	0	1	52183
104.382	n/a	0	1	52191
104.4	n/a	0	1	52200
104.416	n/a	0	1	52208
104.432	n/a	0	1	52216
104.45	n/a	1	2	52225
104.466	n/a	1	2	52233
104.482	n/a	1	2	52241
104.5	n/a	1	2	52250
104.516	n/a	1	2	52258
106.0	n/a	1	2	53000
106.016	n/a	1	2	53008
106.032	n/a	1	2	53016
106.05	n/a	1	2	53025
106.066	n/a	1	2	53033
106.082	n/a	1	2	53041
106.1	n/a	1	2	53050
106.116	n/a	1	2	53058
106.132	n/a	1	2	53066
106.15	n/a	1	2	53075
106.166	n/a	1	2	53083
106.182	n/a	1	2	53091
106.2	n/a	1	2	53100
106.216	n/a	1	2	53108
106.232	n/a	0	1	53116
106.25	n/a	0	1	53125
106.266	n/a	0	1	53133
106.282	n/a	0	1	53141
106.3	n/a	1	2	53150
106.316	n/a	1	2	53158
106.332	n/a	1	2	53166
106.35	n/a	1	2	53175
106.366	n/a	0	1	53183
106.382	n/a	0	1	53191
106.4	n/a	0	1	53200
106.416	n/a	0	1	53208
106.432	n/a	1	2	53216
106.45	n/a	1	2	53225
106.466	n/a	1	2	53233
106.482	n/a	1	2	53241
106.5	n/a	0	1	53250
106.516	n/a	0	1	53258
106.532	n/a	0	1	53266
106.55	n/a	0	1	53275
106.566	n/a	1	2	53283
106.582	n/a	1	2	53291
106.6	n/a	0	1	53300
106.616	n/a	0	1	53308
106.632	n/a	1	2	53316
106.65	n/a	1	2	53325
106.666	n/a	1	2	53333
106.682	n/a	1	2	53341
106.7	n/a	0	1	53350
106.716	n/a	0	1	53358
106.732	n/a	1	2	53366
106.75	n/a	1	2	53375
106.766	n/a	0	1	53383
106.782	n/a	0	1	53391
106.8	n/a	0	1	53400
106.816	n/a	0	1	53408
106.832	n/a	1	2	53416
106.85	n/a	1	2	53425
106.866	n/a	0	1	53433
106.882	n/a	0	1	53441
106.9	n/a	1	2	53450
106.916	n/a	1	2	53458
106.932	n/a	1	2	53466
106.95	n/a	1	2	53475
106.966	n/a	1	2	53483
106.982	n/a	1	2	53491
107.0	n/a	0	1	53500
107.016	n/a	0	1	53508
107.032	n/a	0	1	53516
107.05	n/a	0	1	53525
107.066	n/a	0	1	53533
107.082	n/a	0	1	53541
107.1	n/a	1	2	53550
107.116	n/a	1	2	53558
107.132	n/a	0	1	53566
107.15	n/a	0	1	53575
107.166	n/a	1	2	53583
107.182	n/a	1	2	53591
107.2	n/a	1	2	53600
107.216	n/a	1	2	53608
107.232	n/a	1	2	53616
107.25	n/a	1	2	53625
107.266	n/a	0	1	53633
107.282	n/a	0	1	53641
107.3	n/a	0	1	53650
107.316	n/a	0	1	53658
107.332	n/a	1	2	53666
107.35	n/a	1	2	53675
107.366	n/a	0	1	53683
107.382	n/a	0	1	53691
107.4	n/a	1	2	53700
107.416	n/a	1	2	53708
107.432	n/a	0	1	53716
107.45	n/a	0	1	53725
107.466	n/a	0	1	53733
107.482	n/a	0	1	53741
107.5	n/a	0	1	53750
107.516	n/a	0	1	53758
107.532	n/a	1	2	53766
107.55	n/a	1	2	53775
107.566	n/a	1	2	53783
107.582	n/a	1	2	53791
107.6	n/a	0	1	53800
107.616	n/a	0	1	53808
107.632	n/a	1	2	53816
107.65	n/a	1	2	53825
107.666	n/a	0	1	53833
107.682	n/a	0	1	53841
107.7	n/a	0	1	53850
107.716	n/a	0	1	53858
107.732	n/a	0	1	53866
107.75	n/a	0	1	53875
107.766	n/a	1	2	53883
107.782	n/a	1	2	53891
107.8	n/a	0	1	53900
107.816	n/a	0	1	53908
107.832	n/a	1	2	53916
107.85	n/a	1	2	53925
107.866	n/a	0	1	53933
107.882	n/a	0	1	53941
107.9	n/a	0	1	53950
107.916	n/a	0	1	53958
107.932	n/a	1	2	53966
109.416	n/a	1	2	54708
109.432	n/a	1	2	54716
109.45	n/a	1	2	54725
109.466	n/a	1	2	54733
109.482	n/a	0	1	54741
109.5	n/a	0	1	54750
109.516	n/a	1	2	54758
109.532	n/a	1	2	54766
109.55	n/a	1	2	54775
109.566	n/a	1	2	54783
109.582	n/a	0	1	54791
109.6	n/a	0	1	54800
109.616	n/a	1	2	54808
109.632	n/a	1	2	54816
109.65	n/a	1	2	54825
109.666	n/a	1	2	54833
109.682	n/a	0	1	54841
109.7	n/a	0	1	54850
109.716	n/a	1	2	54858
109.732	n/a	1	2	54866
109.75	n/a	1	2	54875
109.766	n/a	1	2	54883
109.782	n/a	0	1	54891
109.8	n/a	0	1	54900
109.816	n/a	0	1	54908
109.832	n/a	0	1	54916
109.85	n/a	0	1	54925
109.866	n/a	0	1	54933
109.882	n/a	1	2	54941
109.9	n/a	1	2	54950
109.916	n/a	1	2	54958
109.932	n/a	1	2	54966
109.95	n/a	1	2	54975
109.966	n/a	1	2	54983
109.982	n/a	0	1	54991
110.0	n/a	0	1	55000
110.016	n/a	0	1	55008
110.032	n/a	0	1	55016
110.05	n/a	0	1	55025
110.066	n/a	0	1	55033
110.082	n/a	1	2	55041
110.1	n/a	1	2	55050
110.116	n/a	1	2	55058
110.132	n/a	1	2	55066
110.15	n/a	1	2	55075
110.166	n/a	1	2	55083
110.182	n/a	1	2	55091
110.2	n/a	1	2	55100
110.216	n/a	1	2	55108
110.232	n/a	1	2	55116
110.25	n/a	0	1	55125
110.266	n/a	0	1	55133
110.282	n/a	0	1	55141
110.3	n/a	0	1	55150
110.316	n/a	1	2	55158
110.332	n/a	1	2	55166
110.35	n/a	0	1	55175
110.366	n/a	0	1	55183
110.382	n/a	1	2	55191
110.4	n/a	1	2	55200
110.416	n/a	0	1	55208
110.432	n/a	0	1	55216
110.45	n/a	0	1	55225
110.466	n/a	0	1	55233
110.482	n/a	1	2	55241
110.5	n/a	1	2	55250
110.516	n/a	1	2	55258
110.532	n/a	1	2	55266
110.55	n/a	0	1	55275
110.566	n/a	0	1	55283
110.582	n/a	0	1	55291
110.6	n/a	0	1	55300
110.616	n/a	0	1	55308
110.632	n/a	0	1	55316
110.65	n/a	0	1	55325
110.666	n/a	0	1	55333
110.682	n/a	1	2	55341
110.7	n/a	1	2	55350
110.716	n/a	0	1	55358
110.732	n/a	0	1	55366
110.75	n/a	0	1	55375
110.766	n/a	0	1	55383
110.782	n/a	0	1	55391
110.8	n/a	0	1	55400
110.816	n/a	0	1	55408
110.832	n/a	0	1	55416
110.85	n/a	1	2	55425
110.866	n/a	1	2	55433
110.882	n/a	1	2	55441
110.9	n/a	1	2	55450
110.916	n/a	1	2	55458
110.932	n/a	1	2	55466
110.95	n/a	1	2	55475
110.966	n/a	1	2	55483
110.982	n/a	1	2	55491
111.0	n/a	1	2	55500
111.016	n/a	1	2	55508
111.032	n/a	1	2	55516
111.05	n/a	0	1	55525
111.066	n/a	0	1	55533
111.082	n/a	1	2	55541
111.1	n/a	1	2	55550
111.116	n/a	0	1	55558
111.132	n/a	0	1	55566
111.15	n/a	1	2	55575
111.166	n/a	1	2	55583
111.182	n/a	0	1	55591
111.2	n/a	0	1	55600
111.216	n/a	0	1	55608
111.232	n/a	0	1	55616
111.25	n/a	1	2	55625
111.266	n/a	1	2	55633
111.282	n/a	1	2	55641
111.3	n/a	1	2	55650
111.316	n/a	0	1	55658
111.332	n/a	0	1	55666
111.35	n/a	0	1	55675
113.632	n/a	1	2	56816
113.65	n/a	1	2	56825
113.666	n/a	1	2	56833
113.682	n/a	1	2	56841
113.7	n/a	0	1	56850
113.716	n/a	0	1	56858
113.732	n/a	1	2	56866
113.75	n/a	1	2	56875
113.766	n/a	1	2	56883
113.782	n/a	1	2	56891
113.8	n/a	0	1	56900
113.816	n/a	0	1	56908
113.832	n/a	1	2	56916
113.85	n/a	1	2	56925
113.866	n/a	1	2	56933
113.882	n/a	1	2	56941
113.9	n/a	0	1	56950
113.916	n/a	0	1	56958
113.932	n/a	1	2	56966
113.95	n/a	1	2	56975
113.966	n/a	1	2	56983
113.982	n/a	1	2	56991
114.0	n/a	0	1	57000
114.016	n/a	0	1	57008
114.032	n/a	0	1	57016
114.05	n/a	0	1	57025
114.066	n/a	0	1	57033
114.082	n/a	0	1	57041
114.1	n/a	1	2	57050
114.116	n/a	1	2	57058
114.132	n/a	1	2	57066
114.15	n/a	1	2	57075
114.166	n/a	1	2	57083
114.182	n/a	1	2	57091
114.2	n/a	0	1	57100
114.216	n/a	0	1	57108
114.232	n/a	0	1	57116
114.25	n/a	0	1	57125
114.266	n/a	0	1	57133
114.282	n/a	0	1	57141
114.3	n/a	1	2	57150
114.316	n/a	1	2	57158
114.332	n/a	1	2	57166
114.35	n/a	1	2	57175
114.366	n/a	1	2	57183
114.382	n/a	1	2	57191
114.4	n/a	1	2	57200
114.416	n/a	1	2	57208
114.432	n/a	1	2	57216
114.45	n/a	1	2	57225
114.466	n/a	0	1	57233
114.482	n/a	0	1	57241
114.5	n/a	0	1	57250
114.516	n/a	0	1	57258
114.532	n/a	1	2	57266
114.55	n/a	1	2	57275
114.566	n/a	0	1	57283
114.582	n/a	0	1	57291
114.6	n/a	1	2	57300
114.616	n/a	1	2	57308
114.632	n/a	0	1	57316
114.65	n/a	0	1	57325
114.666	n/a	0	1	57333
114.682	n/a	0	1	57341
114.7	n/a	1	2	57350
114.716	n/a	1	2	57358
114.732	n/a	1	2	57366
114.75	n/a	1	2	57375
114.766	n/a	0	1	57383
114.782	n/a	0	1	57391
114.8	n/a	0	1	57400
114.816	n/a	0	1	57408
114.832	n/a	0	1	57416
114.85	n/a	0	1	57425
114.866	n/a	0	1	57433
114.882	n/a	0	1	57441
114.9	n/a	1	2	57450
114.916	n/a	1	2	57458
114.932	n/a	0	1	57466
114.95	n/a	0	1	57475
114.966	n/a	0	1	57483
114.982	n/a	0	1	57491
115.0	n/a	0	1	57500
115.016	n/a	0	1	57508
115.032	n/a	0	1	57516
115.05	n/a	0	1	57525
115.066	n/a	1	2	57533
115.082	n/a	1	2	57541
115.1	n/a	1	2	57550
115.116	n/a	1	2	57558
115.132	n/a	1	2	57566
115.15	n/a	1	2	57575
115.166	n/a	1	2	57583
115.182	n/a	1	2	57591
115.2	n/a	1	2	57600
115.216	n/a	1	2	57608
115.232	n/a	1	2	57616
115.25	n/a	1	2	57625
115.266	n/a	0	1	57633
115.282	n/a	0	1	57641
115.3	n/a	1	2	57650
115.316	n/a	1	2	57658
115.332	n/a	0	1	57666
115.35	n/a	0	1	57675
115.366	n/a	1	2	57683
115.382	n/a	1	2	57691
115.4	n/a	0	1	57700
115.416	n/a	0	1	57708
115.432	n/a	0	1	57716
115.45	n/a	0	1	57725
115.466	n/a	1	2	57733
115.482	n/a	1	2	57741
115.5	n/a	1	2	57750
115.516	n/a	1	2	57758
115.532	n/a	0	1	57766
115.55	n/a	0	1	57775
115.566	n/a	0	1	57783
117.05	n/a	1	2	58525
117.066	n/a	1	2	58533
117.082	n/a	1	2	58541
117.1	n/a	1	2	58550
117.116	n/a	0	1	58558
117.132	n/a	0	1	58566
117.15	n/a	0	1	58575
117.166	n/a	0	1	58583
117.182	n/a	0	1	58591
117.2	n/a	0	1	58600
117.216	n/a	0	1	58608
117.232	n/a	0	1	58616
117.25	n/a	1	2	58625
117.266	n/a	1	2	58633
117.282	n/a	0	1	58641
117.3	n/a	0	1	58650
117.316	n/a	0	1	58658
117.332	n/a	0	1	58666
117.35	n/a	1	2	58675
117.366	n/a	1	2	58683
117.382	n/a	1	2	58691
117.4	n/a	1	2	58700
117.416	n/a	0	1	58708
117.432	n/a	0	1	58716
117.45	n/a	0	1	58725
117.466	n/a	0	1	58733
117.482	n/a	0	1	58741
117.5	n/a	0	1	58750
117.516	n/a	0	1	58758
117.532	n/a	0	1	58766
117.55	n/a	0	1	58775
117.566	n/a	0	1	58783
117.582	n/a	0	1	58791
117.6	n/a	0	1	58800
117.616	n/a	1	2	58808
117.632	n/a	1	2	58816
117.65	n/a	0	1	58825
117.666	n/a	0	1	58833
117.682	n/a	1	2	58841
117.7	n/a	1	2	58850
117.716	n/a	1	2	58858
117.732	n/a	1	2	58866
117.75	n/a	0	1	58875
117.766	n/a	0	1	58883
117.782	n/a	1	2	58891
117.8	n/a	1	2	58900
117.816	n/a	0	1	58908
117.832	n/a	0	1	58916
117.85	n/a	1	2	58925
117.866	n/a	1	2	58933
117.882	n/a	0	1	58941
117.9	n/a	0	1	58950
117.916	n/a	1	2	58958
117.932	n/a	1	2	58966
117.95	n/a	0	1	58975
117.966	n/a	0	1	58983
117.982	n/a	0	1	58991
118.0	n/a	0	1	59000
118.016	n/a	0	1	59008
118.032	n/a	0	1	59016
118.05	n/a	1	2	59025
118.066	n/a	1	2	59033
118.082	n/a	1	2	59041
118.1	n/a	1	2	59050
118.116	n/a	1	2	59058
118.132	n/a	1	2	59066
118.15	n/a	0	1	59075
118.166	n/a	0	1	59083
118.182	n/a	1	2	59091
118.2	n/a	1	2	59100
118.216	n/a	1	2	59108
118.232	n/a	1	2	59116
118.25	n/a	1	2	59125
118.266	n/a	1	2	59133
118.282	n/a	0	1	59141
118.3	n/a	0	1	59150
118.316	n/a	1	2	59158
118.332	n/a	1	2	59166
118.35	n/a	0	1	59175
118.366	n/a	0	1	59183
118.382	n/a	1	2	59191
118.4	n/a	1	2	59200
118.416	n/a	1	2	59208
118.432	n/a	1	2	59216
118.45	n/a	0	1	59225
118.466	n/a	0	1	59233
118.482	n/a	0	1	59241
118.5	n/a	0	1	59250
118.516	n/a	0	1	59258
118.532	n/a	0	1	59266
118.55	n/a	1	2	59275
118.566	n/a	1	2	59283
118.582	n/a	1	2	59291
118.6	n/a	1	2	59300
118.616	n/a	0	1	59308
118.632	n/a	0	1	59316
118.65	n/a	1	2	59325
118.666	n/a	1	2	59333
118.682	n/a	1	2	59341
118.7	n/a	1	2	59350
118.716	n/a	1	2	59358
118.732	n/a	1	2	59366
118.75	n/a	0	1	59375
118.766	n/a	0	1	59383
118.782	n/a	0	1	59391
118.8	n/a	0	1	59400
118.816	n/a	0	1	59408
118.832	n/a	0	1	59416
118.85	n/a	0	1	59425
118.866	n/a	0	1	59433
118.882	n/a	0	1	59441
118.9	n/a	0	1	59450
118.916	n/a	1	2	59458
118.932	n/a	1	2	59466
118.95	n/a	1	2	59475
118.966	n/a	1	2	59483
118.982	n/a	1	2	59491
120.466	n/a	1	2	60233
120.482	n/a	1	2	60241
120.5	n/a	1	2	60250
120.516	n/a	1	2	60258
120.532	n/a	1	2	60266
120.55	n/a	1	2	60275
120.566	n/a	1	2	60283
120.582	n/a	1	2	60291
120.6	n/a	1	2	60300
120.616	n/a	1	2	60308
120.632	n/a	1	2	60316
120.65	n/a	1	2	60325
120.666	n/a	1	2	60333
120.682	n/a	1	2	60341
120.7	n/a	0	1	60350
120.716	n/a	0	1	60358
120.732	n/a	0	1	60366
120.75	n/a	0	1	60375
120.766	n/a	1	2	60383
120.782	n/a	1	2	60391
120.8	n/a	1	2	60400
120.816	n/a	1	2	60408
120.832	n/a	0	1	60416
120.85	n/a	0	1	60425
120.866	n/a	0	1	60433
120.882	n/a	0	1	60441
120.9	n/a	1	2	60450
120.916	n/a	1	2	60458
120.932	n/a	1	2	60466
120.95	n/a	1	2	60475
120.966	n/a	0	1	60483
120.982	n/a	0	1	60491
121.0	n/a	0	1	60500
121.016	n/a	0	1	60508
121.032	n/a	1	2	60516
121.05	n/a	1	2	60525
121.066	n/a	0	1	60533
121.082	n/a	0	1	60541
121.1	n/a	1	2	60550
121.116	n/a	1	2	60558
121.132	n/a	1	2	60566
121.15	n/a	1	2	60575
121.166	n/a	0	1	60583
121.182	n/a	0	1	60591
121.2	n/a	1	2	60600
121.216	n/a	1	2	60608
121.232	n/a	0	1	60616
121.25	n/a	0	1	60625
121.266	n/a	0	1	60633
121.282	n/a	0	1	60641
121.3	n/a	1	2	60650
121.316	n/a	1	2	60658
121.332	n/a	0	1	60666
121.35	n/a	0	1	60675
121.366	n/a	1	2	60683
121.382	n/a	1	2	60691
121.4	n/a	1	2	60700
121.416	n/a	1	2	60708
121.432	n/a	1	2	60716
121.45	n/a	1	2	60725
121.466	n/a	0	1	60733
121.482	n/a	0	1	60741
121.5	n/a	0	1	60750
121.516	n/a	0	1	60758
121.532	n/a	0	1	60766
121.55	n/a	0	1	60775
121.566	n/a	1	2	60783
121.582	n/a	1	2	60791
121.6	n/a	0	1	60800
121.616	n/a	0	1	60808
121.632	n/a	1	2	60816
121.65	n/a	1	2	60825
121.666	n/a	1	2	60833
121.682	n/a	1	2	60841
121.7	n/a	1	2	60850
121.716	n/a	1	2	60858
121.732	n/a	0	1	60866
121.75	n/a	0	1	60875
121.766	n/a	0	1	60883
121.782	n/a	0	1	60891
121.8	n/a	1	2	60900
121.816	n/a	1	2	60908
121.832	n/a	0	1	60916
121.85	n/a	0	1	60925
121.866	n/a	1	2	60933
121.882	n/a	1	2	60941
121.9	n/a	0	1	60950
121.916	n/a	0	1	60958
121.932	n/a	0	1	60966
121.95	n/a	0	1	60975
121.966	n/a	0	1	60983
121.982	n/a	0	1	60991
122.0	n/a	1	2	61000
122.016	n/a	1	2	61008
122.032	n/a	1	2	61016
122.05	n/a	1	2	61025
122.066	n/a	0	1	61033
122.082	n/a	0	1	61041
122.1	n/a	1	2	61050
122.116	n/a	1	2	61058
122.132	n/a	0	1	61066
122.15	n/a	0	1	61075
122.166	n/a	0	1	61083
122.182	n/a	0	1	61091
122.2	n/a	0	1	61100
122.216	n/a	0	1	61108
122.232	n/a	1	2	61116
122.25	n/a	1	2	61125
122.266	n/a	0	1	61133
122.282	n/a	0	1	61141
122.3	n/a	1	2	61150
122.316	n/a	1	2	61158
122.332	n/a	0	1	61166
122.35	n/a	0	1	61175
122.366	n/a	0	1	61183
122.382	n/a	0	1	61191
122.4	n/a	1	2	61200
123.882	n/a	0	1	61941
123.9	n/a	0	1	61950
123.916	n/a	0	1	61958
123.932	n/a	0	1	61966
123.95	n/a	1	2	61975
123.966	n/a	1	2	61983
123.982	n/a	1	2	61991
124.0	n/a	1	2	62000
124.016	n/a	0	1	62008
124.032	n/a	0	1	62016
124.05	n/a	0	1	62025
124.066	n/a	0	1	62033
124.082	n/a	0	1	62041
124.1	n/a	0	1	62050
124.116	n/a	0	1	62058
124.132	n/a	0	1	62066
124.15	n/a	1	2	62075
124.166	n/a	1	2	62083
124.182	n/a	1	2	62091
124.2	n/a	1	2	62100
124.216	n/a	1	2	62108
124.232	n/a	1	2	62116
124.25	n/a	1	2	62125
124.266	n/a	1	2	62133
124.282	n/a	1	2	62141
124.3	n/a	1	2	62150
124.316	n/a	0	1	62158
124.332	n/a	0	1	62166
124.35	n/a	0	1	62175
124.366	n/a	0	1	62183
124.382	n/a	0	1	62191
124.4	n/a	0	1	62200
124.416	n/a	0	1	62208
124.432	n/a	0	1	62216
124.45	n/a	0	1	62225
124.466	n/a	0	1	62233
124.482	n/a	0	1	62241
124.5	n/a	0	1	62250
124.516	n/a	1	2	62258
124.532	n/a	1	2	62266
124.55	n/a	1	2	62275
124.566	n/a	1	2	62283
124.582	n/a	0	1	62291
124.6	n/a	0	1	62300
124.616	n/a	0	1	62308
124.632	n/a	0	1	62316
124.65	n/a	1	2	62325
124.666	n/a	1	2	62333
124.682	n/a	0	1	62341
124.7	n/a	0	1	62350
124.716	n/a	1	2	62358
124.732	n/a	1	2	62366
124.75	n/a	0	1	62375
124.766	n/a	0	1	62383
124.782	n/a	1	2	62391
124.8	n/a	1	2	62400
124.816	n/a	0	1	62408
124.832	n/a	0	1	62416
124.85	n/a	1	2	62425
124.866	n/a	1	2	62433
124.882	n/a	1	2	62441
124.9	n/a	1	2	62450
124.916	n/a	0	1	62458
124.932	n/a	0	1	62466
124.95	n/a	1	2	62475
124.966	n/a	1	2	62483
124.982	n/a	0	1	62491
125.0	n/a	0	1	62500
125.016	n/a	0	1	62508
125.032	n/a	0	1	62516
125.05	n/a	0	1	62525
125.066	n/a	0	1	62533
125.082	n/a	1	2	62541
125.1	n/a	1	2	62550
125.116	n/a	0	1	62558
125.132	n/a	0	1	62566
125.15	n/a	0	1	62575
125.166	n/a	0	1	62583
125.182	n/a	0	1	62591
125.2	n/a	0	1	62600
125.216	n/a	1	2	62608
125.232	n/a	1	2	62616
125.25	n/a	1	2	62625
125.266	n/a	1	2	62633
125.282	n/a	1	2	62641
125.3	n/a	1	2	62650
125.316	n/a	0	1	62658
125.332	n/a	0	1	62666
125.35	n/a	1	2	62675
125.366	n/a	1	2	62683
125.382	n/a	0	1	62691
125.4	n/a	0	1	62700
125.416	n/a	1	2	62708
125.432	n/a	1	2	62716
125.45	n/a	1	2	62725
125.466	n/a	1	2	62733
125.482	n/a	1	2	62741
125.5	n/a	1	2	62750
125.516	n/a	1	2	62758
125.532	n/a	1	2	62766
125.55	n/a	1	2	62775
125.566	n/a	1	2	62783
125.582	n/a	0	1	62791
125.6	n/a	0	1	62800
125.616	n/a	0	1	62808
125.632	n/a	0	1	62816
125.65	n/a	1	2	62825
125.666	n/a	1	2	62833
125.682	n/a	0	1	62841
125.7	n/a	0	1	62850
125.716	n/a	0	1	62858
125.732	n/a	0	1	62866
125.75	n/a	0	1	62875
125.766	n/a	0	1	62883
125.782	n/a	1	2	62891
125.8	n/a	1	2	62900
125.816	n/a	1	2	62908
128.516	n/a	0	1	64258
128.532	n/a	0	1	64266
128.55	n/a	0	1	64275
128.566	n/a	0	1	64283
128.582	n/a	1	2	64291
128.6	n/a	1	2	64300
128.616	n/a	1	2	64308
128.632	n/a	1	2	64316
128.65	n/a	0	1	64325
128.666	n/a	0	1	64333
128.682	n/a	0	1	64341
128.698	n/a	0	1	64349
128.716	n/a	0	1	64358
128.732	n/a	0	1	64366
128.75	n/a	0	1	64375
128.766	n/a	0	1	64383
128.782	n/a	1	2	64391
128.8	n/a	1	2	64400
128.816	n/a	1	2	64408
128.832	n/a	1	2	64416
128.85	n/a	1	2	64425
128.866	n/a	1	2	64433
128.882	n/a	1	2	64441
128.9	n/a	1	2	64450
128.916	n/a	1	2	64458
128.932	n/a	1	2	64466
128.948	n/a	0	1	64474
128.966	n/a	0	1	64483
128.982	n/a	0	1	64491
129.0	n/a	0	1	64500
129.016	n/a	0	1	64508
129.032	n/a	0	1	64516
129.05	n/a	0	1	64525
129.066	n/a	0	1	64533
129.082	n/a	0	1	64541
129.1	n/a	0	1	64550
129.116	n/a	0	1	64558
129.132	n/a	0	1	64566
129.15	n/a	1	2	64575
129.166	n/a	1	2	64583
129.182	n/a	1	2	64591
129.198	n/a	1	2	64599
129.216	n/a	0	1	64608
129.232	n/a	0	1	64616
129.25	n/a	0	1	64625
129.266	n/a	0	1	64633
129.282	n/a	1	2	64641
129.3	n/a	1	2	64650
129.316	n/a	0	1	64658
129.332	n/a	0	1	64666
129.35	n/a	1	2	64675
129.366	n/a	1	2	64683
129.382	n/a	0	1	64691
129.4	n/a	0	1	64700
129.416	n/a	1	2	64708
129.432	n/a	1	2	64716
129.448	n/a	0	1	64724
129.466	n/a	0	1	64733
129.482	n/a	1	2	64741
129.5	n/a	1	2	64750
129.516	n/a	1	2	64758
129.532	n/a	1	2	64766
129.55	n/a	0	1	64775
129.566	n/a	0	1	64783
129.582	n/a	1	2	64791
129.6	n/a	1	2	64800
129.616	n/a	0	1	64808
129.632	n/a	0	1	64816
129.65	n/a	0	1	64825
129.666	n/a	0	1	64833
129.682	n/a	0	1	64841
129.698	n/a	0	1	64849
129.716	n/a	1	2	64858
129.732	n/a	1	2	64866
129.75	n/a	0	1	64875
129.766	n/a	0	1	64883
129.782	n/a	0	1	64891
129.8	n/a	0	1	64900
129.816	n/a	0	1	64908
129.832	n/a	0	1	64916
129.85	n/a	1	2	64925
129.866	n/a	1	2	64933
129.882	n/a	1	2	64941
129.9	n/a	1	2	64950
129.916	n/a	1	2	64958
129.932	n/a	1	2	64966
129.948	n/a	0	1	64974
129.966	n/a	0	1	64983
129.982	n/a	1	2	64991
130.0	n/a	1	2	65000
130.016	n/a	0	1	65008
130.032	n/a	0	1	65016
130.05	n/a	1	2	65025
130.066	n/a	1	2	65033
130.082	n/a	1	2	65041
130.1	n/a	1	2	65050
130.116	n/a	1	2	65058
130.132	n/a	1	2	65066
130.15	n/a	1	2	65075
130.166	n/a	1	2	65083
130.182	n/a	1	2	65091
130.198	n/a	1	2	65099
130.216	n/a	0	1	65108
130.232	n/a	0	1	65116
130.25	n/a	0	1	65125
130.266	n/a	0	1	65133
130.282	n/a	1	2	65141
130.3	n/a	1	2	65150
130.316	n/a	0	1	65158
130.332	n/a	0	1	65166
130.35	n/a	0	1	65175
130.366	n/a	0	1	65183
130.382	n/a	0	1	65191
130.4	n/a	0	1	65200
130.416	n/a	1	2	65208
130.432	n/a	1	2	65216
130.448	n/a	1	2	65224
131.932	n/a	1	2	65966
131.95	n/a	1	2	65975
131.966	n/a	1	2	65983
131.982	n/a	1	2	65991
132.0	n/a	1	2	66000
132.016	n/a	1	2	66008
132.032	n/a	1	2	66016
132.05	n/a	1	2	66025
132.066	n/a	1	2	66033
132.082	n/a	1	2	66041
132.1	n/a	1	2	66050
132.116	n/a	1	2	66058
132.132	n/a	1	2	66066
132.15	n/a	1	2	66075
132.166	n/a	0	1	66083
132.182	n/a	0	1	66091
132.2	n/a	0	1	66100
132.216	n/a	0	1	66108
132.232	n/a	1	2	66116
132.25	n/a	1	2	66125
132.266	n/a	1	2	66133
132.282	n/a	1	2	66141
132.3	n/a	0	1	66150
132.316	n/a	0	1	66158
132.332	n/a	0	1	66166
132.35	n/a	0	1	66175
132.366	n/a	1	2	66183
132.382	n/a	1	2	66191
132.4	n/a	1	2	66200
132.416	n/a	1	2	66208
132.432	n/a	0	1	66216
132.45	n/a	0	1	66225
132.466	n/a	0	1	66233
132.482	n/a	0	1	66241
132.5	n/a	1	2	66250
132.516	n/a	1	2	66258
132.532	n/a	0	1	66266
132.55	n/a	0	1	66275
132.566	n/a	1	2	66283
132.582	n/a	1	2	66291
132.6	n/a	1	2	66300
132.616	n/a	1	2	66308
132.632	n/a	0	1	66316
132.65	n/a	0	1	66325
132.666	n/a	1	2	66333
132.682	n/a	1	2	66341
132.7	n/a	0	1	66350
132.716	n/a	0	1	66358
132.732	n/a	0	1	66366
132.75	n/a	0	1	66375
132.766	n/a	1	2	66383
132.782	n/a	1	2	66391
132.8	n/a	0	1	66400
132.816	n/a	0	1	66408
132.832	n/a	1	2	66416
132.85	n/a	1	2	66425
132.866	n/a	1	2	66433
132.882	n/a	1	2	66441
132.9	n/a	1	2	66450
132.916	n/a	1	2	66458
132.932	n/a	0	1	66466
132.95	n/a	0	1	66475
132.966	n/a	0	1	66483
132.982	n/a	0	1	66491
133.0	n/a	0	1	66500
133.016	n/a	0	1	66508
133.032	n/a	1	2	66516
133.05	n/a	1	2	66525
133.066	n/a	0	1	66533
133.082	n/a	0	1	66541
133.1	n/a	1	2	66550
133.116	n/a	1	2	66558
133.132	n/a	1	2	66566
133.15	n/a	1	2	66575
133.166	n/a	1	2	66583
133.182	n/a	1	2	66591
133.2	n/a	0	1	66600
133.216	n/a	0	1	66608
133.232	n/a	0	1	66616
133.25	n/a	0	1	66625
133.266	n/a	1	2	66633
133.282	n/a	1	2	66641
133.3	n/a	0	1	66650
133.316	n/a	0	1	66658
133.332	n/a	1	2	66666
133.35	n/a	1	2	66675
133.366	n/a	0	1	66683
133.382	n/a	0	1	66691
133.4	n/a	0	1	66700
133.416	n/a	0	1	66708
133.432	n/a	0	1	66716
133.45	n/a	0	1	66725
133.466	n/a	1	2	66733
133.482	n/a	1	2	66741
133.5	n/a	1	2	66750
133.516	n/a	1	2	66758
133.532	n/a	0	1	66766
133.55	n/a	0	1	66775
133.566	n/a	1	2	66783
133.582	n/a	1	2	66791
133.6	n/a	0	1	66800
133.616	n/a	0	1	66808
133.632	n/a	0	1	66816
133.65	n/a	0	1	66825
133.666	n/a	0	1	66833
133.682	n/a	0	1	66841
133.7	n/a	1	2	66850
133.716	n/a	1	2	66858
133.732	n/a	0	1	66866
133.75	n/a	0	1	66875
133.766	n/a	1	2	66883
133.782	n/a	1	2	66891
133.8	n/a	0	1	66900
133.816	n/a	0	1	66908
133.832	n/a	0	1	66916
133.85	n/a	0	1	66925
133.866	n/a	1	2	66933
135.35	n/a	1	2	67675
135.366	n/a	1	2	67683
135.382	n/a	1	2	67691
135.4	n/a	1	2	67700
135.416	n/a	0	1	67708
135.432	n/a	0	1	67716
135.45	n/a	1	2	67725
135.466	n/a	1	2	67733
135.482	n/a	1	2	67741
135.5	n/a	1	2	67750
135.516	n/a	0	1	67758
135.532	n/a	0	1	67766
135.55	n/a	1	2	67775
135.566	n/a	1	2	67783
135.582	n/a	1	2	67791
135.6	n/a	1	2	67800
135.616	n/a	0	1	67808
135.632	n/a	0	1	67816
135.65	n/a	1	2	67825
135.666	n/a	1	2	67833
135.682	n/a	1	2	67841
135.7	n/a	1	2	67850
135.716	n/a	0	1	67858
135.732	n/a	0	1	67866
135.75	n/a	0	1	67875
135.766	n/a	0	1	67883
135.782	n/a	0	1	67891
135.8	n/a	0	1	67900
135.816	n/a	1	2	67908
135.832	n/a	1	2	67916
135.85	n/a	1	2	67925
135.866	n/a	1	2	67933
135.882	n/a	1	2	67941
135.9	n/a	1	2	67950
135.916	n/a	0	1	67958
135.932	n/a	0	1	67966
135.95	n/a	0	1	67975
135.966	n/a	0	1	67983
135.982	n/a	0	1	67991
136.0	n/a	0	1	68000
136.016	n/a	1	2	68008
136.032	n/a	1	2	68016
136.05	n/a	1	2	68025
136.066	n/a	1	2	68033
136.082	n/a	1	2	68041
136.1	n/a	1	2	68050
136.116	n/a	1	2	68058
136.132	n/a	1	2	68066
136.15	n/a	1	2	68075
136.166	n/a	1	2	68083
136.182	n/a	0	1	68091
136.2	n/a	0	1	68100
136.216	n/a	0	1	68108
136.232	n/a	0	1	68116
136.25	n/a	1	2	68125
136.266	n/a	1	2	68133
136.282	n/a	0	1	68141
136.3	n/a	0	1	68150
136.316	n/a	1	2	68158
136.332	n/a	1	2	68166
136.35	n/a	0	1	68175
136.366	n/a	0	1	68183
136.382	n/a	0	1	68191
136.4	n/a	0	1	68200
136.416	n/a	1	2	68208
136.432	n/a	1	2	68216
136.45	n/a	1	2	68225
136.466	n/a	1	2	68233
136.482	n/a	0	1	68241
136.5	n/a	0	1	68250
136.516	n/a	0	1	68258
136.532	n/a	0	1	68266
136.55	n/a	0	1	68275
136.566	n/a	0	1	68283
136.582	n/a	0	1	68291
136.6	n/a	0	1	68300
136.616	n/a	1	2	68308
136.632	n/a	1	2	68316
136.65	n/a	0	1	68325
136.666	n/a	0	1	68333
136.682	n/a	0	1	68341
136.7	n/a	0	1	68350
136.716	n/a	0	1	68358
136.732	n/a	0	1	68366
136.75	n/a	0	1	68375
136.766	n/a	0	1	68383
136.782	n/a	1	2	68391
136.8	n/a	1	2	68400
136.816	n/a	1	2	68408
136.832	n/a	1	2	68416
136.85	n/a	1	2	68425
136.866	n/a	1	2	68433
136.882	n/a	1	2	68441
136.9	n/a	1	2	68450
136.916	n/a	1	2	68458
136.932	n/a	1	2	68466
136.95	n/a	1	2	68475
136.966	n/a	1	2	68483
136.982	n/a	0	1	68491
137.0	n/a	0	1	68500
137.016	n/a	1	2	68508
137.032	n/a	1	2	68516
137.05	n/a	0	1	68525
137.066	n/a	0	1	68533
137.082	n/a	1	2	68541
137.1	n/a	1	2	68550
137.116	n/a	0	1	68558
137.132	n/a	0	1	68566
137.15	n/a	0	1	68575
137.166	n/a	0	1	68583
137.182	n/a	1	2	68591
137.2	n/a	1	2	68600
137.216	n/a	1	2	68608
137.232	n/a	1	2	68616
137.25	n/a	0	1	68625
137.266	n/a	0	1	68633
137.282	n/a	0	1	68641
138.766	n/a	1	2	69383
138.782	n/a	1	2	69391
138.8	n/a	1	2	69400
138.816	n/a	1	2	69408
138.832	n/a	0	1	69416
138.85	n/a	0	1	69425
138.866	n/a	0	1	69433
138.882	n/a	0	1	69441
138.9	n/a	0	1	69450
138.916	n/a	0	1	69458
138.932	n/a	0	1	69466
138.95	n/a	0	1	69475
138.966	n/a	1	2	69483
138.982	n/a	1	2	69491
139.0	n/a	0	1	69500
139.016	n/a	0	1	69508
139.032	n/a	0	1	69516
139.05	n/a	0	1	69525
139.066	n/a	1	2	69533
139.082	n/a	1	2	69541
139.1	n/a	1	2	69550
139.116	n/a	1	2	69558
139.132	n/a	0	1	69566
139.15	n/a	0	1	69575
139.166	n/a	0	1	69583
139.182	n/a	0	1	69591
139.2	n/a	0	1	69600
139.216	n/a	0	1	69608
139.232	n/a	0	1	69616
139.25	n/a	0	1	69625
139.266	n/a	0	1	69633
139.282	n/a	0	1	69641
139.3	n/a	0	1	69650
139.316	n/a	0	1	69658
139.332	n/a	1	2	69666
139.35	n/a	1	2	69675
139.366	n/a	0	1	69683
139.382	n/a	0	1	69691
139.4	n/a	1	2	69700
139.416	n/a	1	2	69708
139.432	n/a	1	2	69716
139.45	n/a	1	2	69725
139.466	n/a	0	1	69733
139.482	n/a	0	1	69741
139.5	n/a	1	2	69750
139.516	n/a	1	2	69758
139.532	n/a	0	1	69766
139.55	n/a	0	1	69775
139.566	n/a	1	2	69783
139.582	n/a	1	2	69791
139.6	n/a	0	1	69800
139.616	n/a	0	1	69808
139.632	n/a	1	2	69816
139.65	n/a	1	2	69825
139.666	n/a	0	1	69833
139.682	n/a	0	1	69841
139.7	n/a	0	1	69850
139.716	n/a	0	1	69858
139.732	n/a	0	1	69866
139.75	n/a	0	1	69875
139.766	n/a	1	2	69883
139.782	n/a	1	2	69891
139.8	n/a	1	2	69900
139.816	n/a	1	2	69908
139.832	n/a	1	2	69916
139.85	n/a	1	2	69925
139.866	n/a	0	1	69933
139.882	n/a	0	1	69941
139.9	n/a	1	2	69950
139.916	n/a	1	2	69958
139.932	n/a	1	2	69966
139.95	n/a	1	2	69975
139.966	n/a	1	2	69983
139.982	n/a	1	2	69991
140.0	n/a	0	1	70000
140.016	n/a	0	1	70008
140.032	n/a	1	2	70016
140.05	n/a	1	2	70025
140.066	n/a	0	1	70033
140.082	n/a	0	1	70041
140.1	n/a	1	2	70050
140.116	n/a	1	2	70058
140.132	n/a	1	2	70066
140.15	n/a	1	2	70075
140.166	n/a	0	1	70083
140.182	n/a	0	1	70091
140.2	n/a	0	1	70100
140.216	n/a	0	1	70108
140.232	n/a	0	1	70116
140.25	n/a	0	1	70125
140.266	n/a	1	2	70133
140.282	n/a	1	2	70141
140.3	n/a	1	2	70150
140.316	n/a	1	2	70158
140.332	n/a	0	1	70166
140.35	n/a	0	1	70175
140.366	n/a	1	2	70183
140.382	n/a	1	2	70191
140.4	n/a	1	2	70200
140.416	n/a	1	2	70208
140.432	n/a	1	2	70216
140.45	n/a	1	2	70225
140.466	n/a	0	1	70233
140.482	n/a	0	1	70241
140.5	n/a	0	1	70250
140.516	n/a	0	1	70258
140.532	n/a	0	1	70266
140.55	n/a	0	1	70275
140.566	n/a	0	1	70283
140.582	n/a	0	1	70291
140.6	n/a	0	1	70300
140.616	n/a	0	1	70308
140.632	n/a	1	2	70316
140.65	n/a	1	2	70325
140.666	n/a	1	2	70333
140.682	n/a	1	2	70341
140.7	n/a	1	2	70350
142.95	n/a	1	2	71475
142.966	n/a	1	2	71483
142.982	n/a	1	2	71491
143.0	n/a	1	2	71500
143.016	n/a	0	1	71508
143.032	n/a	0	1	71516
143.05	n/a	1	2	71525
143.066	n/a	1	2	71533
143.082	n/a	1	2	71541
143.1	n/a	1	2	71550
143.116	n/a	0	1	71558
143.132	n/a	0	1	71566
143.15	n/a	1	2	71575
143.166	n/a	1	2	71583
143.182	n/a	1	2	71591
143.2	n/a	1	2	71600
143.216	n/a	0	1	71608
143.232	n/a	0	1	71616
143.25	n/a	1	2	71625
143.266	n/a	1	2	71633
143.282	n/a	1	2	71641
143.3	n/a	1	2	71650
143.316	n/a	0	1	71658
143.332	n/a	0	1	71666
143.35	n/a	0	1	71675
143.366	n/a	0	1	71683
143.382	n/a	0	1	71691
143.4	n/a	0	1	71700
143.416	n/a	1	2	71708
143.432	n/a	1	2	71716
143.45	n/a	1	2	71725
143.466	n/a	1	2	71733
143.482	n/a	1	2	71741
143.5	n/a	1	2	71750
143.516	n/a	0	1	71758
143.532	n/a	0	1	71766
143.55	n/a	0	1	71775
143.566	n/a	0	1	71783
143.582	n/a	0	1	71791
143.6	n/a	0	1	71800
143.616	n/a	1	2	71808
143.632	n/a	1	2	71816
143.65	n/a	1	2	71825
143.666	n/a	1	2	71833
143.682	n/a	1	2	71841
143.7	n/a	1	2	71850
143.716	n/a	1	2	71858
143.732	n/a	1	2	71866
143.75	n/a	1	2	71875
143.766	n/a	1	2	71883
143.782	n/a	0	1	71891
143.8	n/a	0	1	71900
143.816	n/a	0	1	71908
143.832	n/a	0	1	71916
143.85	n/a	1	2	71925
143.866	n/a	1	2	71933
143.882	n/a	0	1	71941
143.9	n/a	0	1	71950
143.916	n/a	1	2	71958
143.932	n/a	1	2	71966
143.95	n/a	0	1	71975
143.966	n/a	0	1	71983
143.982	n/a	0	1	71991
144.0	n/a	0	1	72000
144.016	n/a	1	2	72008
144.032	n/a	1	2	72016
144.05	n/a	1	2	72025
144.066	n/a	1	2	72033
144.082	n/a	0	1	72041
144.1	n/a	0	1	72050
144.116	n/a	0	1	72058
144.132	n/a	0	1	72066
144.15	n/a	0	1	72075
144.166	n/a	0	1	72083
144.182	n/a	0	1	72091
144.2	n/a	0	1	72100
144.216	n/a	1	2	72108
144.232	n/a	1	2	72116
144.25	n/a	0	1	72125
144.266	n/a	0	1	72133
144.282	n/a	0	1	72141
144.3	n/a	0	1	72150
144.316	n/a	0	1	72158
144.332	n/a	0	1	72166
144.35	n/a	0	1	72175
144.366	n/a	0	1	72183
144.382	n/a	1	2	72191
144.4	n/a	1	2	72200
144.416	n/a	1	2	72208
144.432	n/a	1	2	72216
144.45	n/a	1	2	72225
144.466	n/a	1	2	72233
144.482	n/a	1	2	72241
144.5	n/a	1	2	72250
144.516	n/a	1	2	72258
144.532	n/a	1	2	72266
144.55	n/a	1	2	72275
144.566	n/a	1	2	72283
144.582	n/a	0	1	72291
144.6	n/a	0	1	72300
144.616	n/a	1	2	72308
144.632	n/a	1	2	72316
144.65	n/a	0	1	72325
144.666	n/a	0	1	72333
144.682	n/a	1	2	72341
144.7	n/a	1	2	72350
144.716	n/a	0	1	72358
144.732	n/a	0	1	72366
144.75	n/a	0	1	72375
144.766	n/a	0	1	72383
144.782	n/a	1	2	72391
144.8	n/a	1	2	72400
144.816	n/a	1	2	72408
144.832	n/a	1	2	72416
144.85	n/a	0	1	72425
144.866	n/a	0	1	72433
144.882	n/a	0	1	72441
146.366	n/a	1	2	73183
146.382	n/a	1	2	73191
146.4	n/a	1	2	73200
146.416	n/a	1	2	73208
146.432	n/a	0	1	73216
146.45	n/a	0	1	73225
146.466	n/a	0	1	73233
146.482	n/a	0	1	73241
146.5	n/a	0	1	73250
146.516	n/a	0	1	73258
146.532	n/a	0	1	73266
146.55	n/a	0	1	73275
146.566	n/a	1	2	73283
146.582	n/a	1	2	73291
146.6	n/a	0	1	73300
146.616	n/a	0	1	73308
146.632	n/a	0	1	73316
146.65	n/a	0	1	73325
146.666	n/a	1	2	73333
146.682	n/a	1	2	73341
146.7	n/a	1	2	73350
146.716	n/a	1	2	73358
146.732	n/a	0	1	73366
146.75	n/a	0	1	73375
146.766	n/a	0	1	73383
146.782	n/a	0	1	73391
146.8	n/a	0	1	73400
146.816	n/a	0	1	73408
146.832	n/a	0	1	73416
146.85	n/a	0	1	73425
146.866	n/a	0	1	73433
146.882	n/a	0	1	73441
146.9	n/a	0	1	73450
146.916	n/a	0	1	73458
146.932	n/a	1	2	73466
146.95	n/a	1	2	73475
146.966	n/a	0	1	73483
146.982	n/a	0	1	73491
147.0	n/a	1	2	73500
147.016	n/a	1	2	73508
147.032	n/a	1	2	73516
147.05	n/a	1	2	73525
147.066	n/a	0	1	73533
147.082	n/a	0	1	73541
147.1	n/a	1	2	73550
147.116	n/a	1	2	73558
147.132	n/a	0	1	73566
147.15	n/a	0	1	73575
147.166	n/a	1	2	73583
147.182	n/a	1	2	73591
147.2	n/a	0	1	73600
147.216	n/a	0	1	73608
147.232	n/a	1	2	73616
147.25	n/a	1	2	73625
147.266	n/a	0	1	73633
147.282	n/a	0	1	73641
147.3	n/a	0	1	73650
147.316	n/a	0	1	73658
147.332	n/a	0	1	73666
147.35	n/a	0	1	73675
147.366	n/a	1	2	73683
147.382	n/a	1	2	73691
147.4	n/a	1	2	73700
147.416	n/a	1	2	73708
147.432	n/a	1	2	73716
147.45	n/a	1	2	73725
147.466	n/a	0	1	73733
147.482	n/a	0	1	73741
147.5	n/a	1	2	73750
147.516	n/a	1	2	73758
147.532	n/a	1	2	73766
147.55	n/a	1	2	73775
147.566	n/a	1	2	73783
147.582	n/a	1	2	73791
147.6	n/a	0	1	73800
147.616	n/a	0	1	73808
147.632	n/a	1	2	73816
147.65	n/a	1	2	73825
147.666	n/a	0	1	73833
147.682	n/a	0	1	73841
147.7	n/a	1	2	73850
147.716	n/a	1	2	73858
147.732	n/a	1	2	73866
147.75	n/a	1	2	73875
147.766	n/a	0	1	73883
147.782	n/a	0	1	73891
147.8	n/a	0	1	73900
147.816	n/a	0	1	73908
147.832	n/a	0	1	73916
147.85	n/a	0	1	73925
147.866	n/a	1	2	73933
147.882	n/a	1	2	73941
147.9	n/a	1	2	73950
147.916	n/a	1	2	73958
147.932	n/a	0	1	73966
147.95	n/a	0	1	73975
147.966	n/a	1	2	73983
147.982	n/a	1	2	73991
148.0	n/a	1	2	74000
148.016	n/a	1	2	74008
148.032	n/a	1	2	74016
148.05	n/a	1	2	74025
148.066	n/a	0	1	74033
148.082	n/a	0	1	74041
148.1	n/a	0	1	74050
148.116	n/a	0	1	74058
148.132	n/a	0	1	74066
148.15	n/a	0	1	74075
148.166	n/a	0	1	74083
148.182	n/a	0	1	74091
148.2	n/a	0	1	74100
148.216	n/a	0	1	74108
148.232	n/a	1	2	74116
148.25	n/a	1	2	74125
148.266	n/a	1	2	74133
148.282	n/a	1	2	74141
148.3	n/a	1	2	74150
149.782	n/a	0	1	74891
149.8	n/a	0	1	74900
149.816	n/a	0	1	74908
149.832	n/a	0	1	74916
149.85	n/a	1	2	74925
149.866	n/a	1	2	74933
149.882	n/a	1	2	74941
149.9	n/a	1	2	74950
149.916	n/a	0	1	74958
149.932	n/a	0	1	74966
149.95	n/a	0	1	74975
149.966	n/a	0	1	74983
149.982	n/a	0	1	74991
150.0	n/a	0	1	75000
150.016	n/a	0	1	75008
150.032	n/a	0	1	75016
150.05	n/a	1	2	75025
150.066	n/a	1	2	75033
150.082	n/a	1	2	75041
150.1	n/a	1	2	75050
150.116	n/a	1	2	75058
150.132	n/a	1	2	75066
150.15	n/a	1	2	75075
150.166	n/a	1	2	75083
150.182	n/a	1	2	75091
150.2	n/a	1	2	75100
150.216	n/a	0	1	75108
150.232	n/a	0	1	75116
150.25	n/a	0	1	75125
150.266	n/a	0	1	75133
150.282	n/a	0	1	75141
150.3	n/a	0	1	75150
150.316	n/a	0	1	75158
150.332	n/a	0	1	75166
150.35	n/a	0	1	75175
150.366	n/a	0	1	75183
150.382	n/a	0	1	75191
150.4	n/a	0	1	75200
150.416	n/a	1	2	75208
150.432	n/a	1	2	75216
150.45	n/a	1	2	75225
150.466	n/a	1	2	75233
150.482	n/a	0	1	75241
150.5	n/a	0	1	75250
150.516	n/a	0	1	75258
150.532	n/a	0	1	75266
150.55	n/a	1	2	75275
150.566	n/a	1	2	75283
150.582	n/a	0	1	75291
150.6	n/a	0	1	75300
150.616	n/a	1	2	75308
150.632	n/a	1	2	75316
150.65	n/a	0	1	75325
150.666	n/a	0	1	75333
150.682	n/a	1	2	75341
150.7	n/a	1	2	75350
150.716	n/a	0	1	75358
150.732	n/a	0	1	75366
150.75	n/a	1	2	75375
150.766	n/a	1	2	75383
150.782	n/a	1	2	75391
150.8	n/a	1	2	75400
150.816	n/a	0	1	75408
150.832	n/a	0	1	75416
150.85	n/a	1	2	75425
150.866	n/a	1	2	75433
150.882	n/a	0	1	75441
150.9	n/a	0	1	75450
150.916	n/a	0	1	75458
150.932	n/a	0	1	75466
150.95	n/a	0	1	75475
150.966	n/a	0	1	75483
150.982	n/a	1	2	75491
151.0	n/a	1	2	75500
151.016	n/a	0	1	75508
151.032	n/a	0	1	75516
151.05	n/a	0	1	75525
151.066	n/a	0	1	75533
151.082	n/a	0	1	75541
151.1	n/a	0	1	75550
151.116	n/a	1	2	75558
151.132	n/a	1	2	75566
151.15	n/a	1	2	75575
151.166	n/a	1	2	75583
151.182	n/a	1	2	75591
151.2	n/a	1	2	75600
151.216	n/a	0	1	75608
151.232	n/a	0	1	75616
151.25	n/a	1	2	75625
151.266	n/a	1	2	75633
151.282	n/a	0	1	75641
151.3	n/a	0	1	75650
151.316	n/a	1	2	75658
151.332	n/a	1	2	75666
151.35	n/a	1	2	75675
151.366	n/a	1	2	75683
151.382	n/a	1	2	75691
151.4	n/a	1	2	75700
151.416	n/a	1	2	75708
151.432	n/a	1	2	75716
151.45	n/a	1	2	75725
151.466	n/a	1	2	75733
151.482	n/a	0	1	75741
151.5	n/a	0	1	75750
151.516	n/a	0	1	75758
151.532	n/a	0	1	75766
151.55	n/a	1	2	75775
151.566	n/a	1	2	75783
151.582	n/a	0	1	75791
151.6	n/a	0	1	75800
151.616	n/a	0	1	75808
151.632	n/a	0	1	75816
151.65	n/a	0	1	75825
151.666	n/a	0	1	75833
151.682	n/a	1	2	75841
151.7	n/a	1	2	75850
151.716	n/a	1	2	75858
153.2	n/a	1	2	76600
153.216	n/a	1	2	76608
153.232	n/a	1	2	76616
153.25	n/a	1	2	76625
153.266	n/a	1	2	76633
153.282	n/a	1	2	76641
153.3	n/a	1	2	76650
153.316	n/a	1	2	76658
153.332	n/a	1	2	76666
153.35	n/a	1	2	76675
153.366	n/a	1	2	76683
153.382	n/a	1	2	76691
153.4	n/a	1	2	76700
153.416	n/a	1	2	76708
153.432	n/a	0	1	76716
153.45	n/a	0	1	76725
153.466	n/a	0	1	76733
153.482	n/a	0	1	76741
153.5	n/a	1	2	76750
153.516	n/a	1	2	76758
153.532	n/a	1	2	76766
153.55	n/a	1	2	76775
153.566	n/a	0	1	76783
153.582	n/a	0	1	76791
153.6	n/a	0	1	76800
153.616	n/a	0	1	76808
153.632	n/a	1	2	76816
153.65	n/a	1	2	76825
153.666	n/a	1	2	76833
153.682	n/a	1	2	76841
153.7	n/a	0	1	76850
153.716	n/a	0	1	76858
153.732	n/a	0	1	76866
153.75	n/a	0	1	76875
153.766	n/a	1	2	76883
153.782	n/a	1	2	76891
153.8	n/a	0	1	76900
153.816	n/a	0	1	76908
153.832	n/a	1	2	76916
153.85	n/a	1	2	76925
153.866	n/a	1	2	76933
153.882	n/a	1	2	76941
153.9	n/a	0	1	76950
153.916	n/a	0	1	76958
153.932	n/a	1	2	76966
153.95	n/a	1	2	76975
153.966	n/a	0	1	76983
153.982	n/a	0	1	76991
154.0	n/a	0	1	77000
154.016	n/a	0	1	77008
154.032	n/a	1	2	77016
154.05	n/a	1	2	77025
154.066	n/a	0	1	77033
154.082	n/a	0	1	77041
154.1	n/a	1	2	77050
154.116	n/a	1	2	77058
154.132	n/a	1	2	77066
154.15	n/a	1	2	77075
154.166	n/a	1	2	77083
154.182	n/a	1	2	77091
154.2	n/a	0	1	77100
154.216	n/a	0	1	77108
154.232	n/a	0	1	77116
154.25	n/a	0	1	77125
154.266	n/a	0	1	77133
154.282	n/a	0	1	77141
154.3	n/a	1	2	77150
154.316	n/a	1	2	77158
154.332	n/a	0	1	77166
154.35	n/a	0	1	77175
154.366	n/a	1	2	77183
154.382	n/a	1	2	77191
154.4	n/a	1	2	77200
154.416	n/a	1	2	77208
154.432	n/a	1	2	77216
154.45	n/a	1	2	77225
154.466	n/a	0	1	77233
154.482	n/a	0	1	77241
154.5	n/a	0	1	77250
154.516	n/a	0	1	77258
154.532	n/a	1	2	77266
154.55	n/a	1	2	77275
154.566	n/a	0	1	77283
154.582	n/a	0	1	77291
154.6	n/a	1	2	77300
154.616	n/a	1	2	77308
154.632	n/a	0	1	77316
154.65	n/a	0	1	77325
154.666	n/a	0	1	77333
154.682	n/a	0	1	77341
154.7	n/a	0	1	77350
154.716	n/a	0	1	77358
154.732	n/a	1	2	77366
154.75	n/a	1	2	77375
154.766	n/a	1	2	77383
154.782	n/a	1	2	77391
154.8	n/a	0	1	77400
154.816	n/a	0	1	77408
154.832	n/a	1	2	77416
154.85	n/a	1	2	77425
154.866	n/a	0	1	77433
154.882	n/a	0	1	77441
154.9	n/a	0	1	77450
154.916	n/a	0	1	77458
154.932	n/a	0	1	77466
154.95	n/a	0	1	77475
154.966	n/a	1	2	77483
154.982	n/a	1	2	77491
155.0	n/a	0	1	77500
155.016	n/a	0	1	77508
155.032	n/a	1	2	77516
155.05	n/a	1	2	77525
155.066	n/a	0	1	77533
155.082	n/a	0	1	77541
155.1	n/a	0	1	77550
155.116	n/a	0	1	77558
155.132	n/a	1	2	77566
157.5	n/a	0	1	78750
157.516	n/a	0	1	78758
157.532	n/a	0	1	78766
157.55	n/a	0	1	78775
157.566	n/a	1	2	78783
157.582	n/a	1	2	78791
157.6	n/a	1	2	78800
157.616	n/a	1	2	78808
157.632	n/a	0	1	78816
157.65	n/a	0	1	78825
157.666	n/a	0	1	78833
157.682	n/a	0	1	78841
157.7	n/a	0	1	78850
157.716	n/a	0	1	78858
157.732	n/a	0	1	78866
157.75	n/a	0	1	78875
157.766	n/a	1	2	78883
157.782	n/a	1	2	78891
157.8	n/a	1	2	78900
157.816	n/a	1	2	78908
157.832	n/a	1	2	78916
157.85	n/a	1	2	78925
157.866	n/a	1	2	78933
157.882	n/a	1	2	78941
157.9	n/a	1	2	78950
157.916	n/a	1	2	78958
157.932	n/a	0	1	78966
157.95	n/a	0	1	78975
157.966	n/a	0	1	78983
157.982	n/a	0	1	78991
158.0	n/a	0	1	79000
158.016	n/a	0	1	79008
158.032	n/a	0	1	79016
158.05	n/a	0	1	79025
158.066	n/a	0	1	79033
158.082	n/a	0	1	79041
158.1	n/a	0	1	79050
158.116	n/a	0	1	79058
158.132	n/a	1	2	79066
158.15	n/a	1	2	79075
158.166	n/a	1	2	79083
158.182	n/a	1	2	79091
158.2	n/a	0	1	79100
158.216	n/a	0	1	79108
158.232	n/a	0	1	79116
158.25	n/a	0	1	79125
158.266	n/a	1	2	79133
158.282	n/a	1	2	79141
158.3	n/a	0	1	79150
158.316	n/a	0	1	79158
158.332	n/a	1	2	79166
158.35	n/a	1	2	79175
158.366	n/a	0	1	79183
158.382	n/a	0	1	79191
158.4	n/a	1	2	79200
158.416	n/a	1	2	79208
158.432	n/a	0	1	79216
158.45	n/a	0	1	79225
158.466	n/a	1	2	79233
158.482	n/a	1	2	79241
158.5	n/a	1	2	79250
158.516	n/a	1	2	79258
158.532	n/a	0	1	79266
158.55	n/a	0	1	79275
158.566	n/a	1	2	79283
158.582	n/a	1	2	79291
158.6	n/a	0	1	79300
158.616	n/a	0	1	79308
158.632	n/a	0	1	79316
158.65	n/a	0	1	79325
158.666	n/a	0	1	79333
158.682	n/a	0	1	79341
158.7	n/a	1	2	79350
158.716	n/a	1	2	79358
158.732	n/a	0	1	79366
158.75	n/a	0	1	79375
158.766	n/a	0	1	79383
158.782	n/a	0	1	79391
158.8	n/a	0	1	79400
158.816	n/a	0	1	79408
158.832	n/a	1	2	79416
158.85	n/a	1	2	79425
158.866	n/a	1	2	79433
158.882	n/a	1	2	79441
158.9	n/a	1	2	79450
158.916	n/a	1	2	79458
158.932	n/a	0	1	79466
158.95	n/a	0	1	79475
158.966	n/a	1	2	79483
158.982	n/a	1	2	79491
159.0	n/a	0	1	79500
159.016	n/a	0	1	79508
159.032	n/a	1	2	79516
159.05	n/a	1	2	79525
159.066	n/a	1	2	79533
159.082	n/a	1	2	79541
159.1	n/a	1	2	79550
159.116	n/a	1	2	79558
159.132	n/a	1	2	79566
159.15	n/a	1	2	79575
159.166	n/a	1	2	79583
159.182	n/a	1	2	79591
159.2	n/a	0	1	79600
159.216	n/a	0	1	79608
159.232	n/a	0	1	79616
159.25	n/a	0	1	79625
159.266	n/a	1	2	79633
159.282	n/a	1	2	79641
159.3	n/a	0	1	79650
159.316	n/a	0	1	79658
159.332	n/a	0	1	79666
159.35	n/a	0	1	79675
159.366	n/a	0	1	79683
159.382	n/a	0	1	79691
159.4	n/a	1	2	79700
159.416	n/a	1	2	79708
159.432	n/a	1	2	79716
160.916	n/a	1	2	80458
160.932	n/a	1	2	80466
160.95	n/a	1	2	80475
160.966	n/a	1	2	80483
160.982	n/a	1	2	80491
161.0	n/a	1	2	80500
161.016	n/a	1	2	80508
161.032	n/a	1	2	80516
161.05	n/a	1	2	80525
161.066	n/a	1	2	80533
161.082	n/a	1	2	80541
161.1	n/a	1	2	80550
161.116	n/a	1	2	80558
161.132	n/a	1	2	80566
161.15	n/a	0	1	80575
161.166	n/a	0	1	80583
161.182	n/a	0	1	80591
161.2	n/a	0	1	80600
161.216	n/a	1	2	80608
161.232	n/a	1	2	80616
161.25	n/a	1	2	80625
161.266	n/a	1	2	80633
161.282	n/a	0	1	80641
161.3	n/a	0	1	80650
161.316	n/a	0	1	80658
161.332	n/a	0	1	80666
161.35	n/a	1	2	80675
161.366	n/a	1	2	80683
161.382	n/a	1	2	80691
161.4	n/a	1	2	80700
161.416	n/a	0	1	80708
161.432	n/a	0	1	80716
161.45	n/a	0	1	80725
161.466	n/a	0	1	80733
161.482	n/a	1	2	80741
161.5	n/a	1	2	80750
161.516	n/a	0	1	80758
161.532	n/a	0	1	80766
161.55	n/a	1	2	80775
161.566	n/a	1	2	80783
161.582	n/a	1	2	80791
161.6	n/a	1	2	80800
161.616	n/a	0	1	80808
161.632	n/a	0	1	80816
161.65	n/a	1	2	80825
161.666	n/a	1	2	80833
161.682	n/a	0	1	80841
161.7	n/a	0	1	80850
161.716	n/a	0	1	80858
161.732	n/a	0	1	80866
161.75	n/a	1	2	80875
161.766	n/a	1	2	80883
161.782	n/a	0	1	80891
161.8	n/a	0	1	80900
161.816	n/a	1	2	80908
161.832	n/a	1	2	80916
161.85	n/a	1	2	80925
161.866	n/a	1	2	80933
161.882	n/a	1	2	80941
161.9	n/a	1	2	80950
161.916	n/a	0	1	80958
161.932	n/a	0	1	80966
161.95	n/a	0	1	80975
161.966	n/a	0	1	80983
161.982	n/a	0	1	80991
162.0	n/a	0	1	81000
162.016	n/a	1	2	81008
162.032	n/a	1	2	81016
162.05	n/a	0	1	81025
162.066	n/a	0	1	81033
162.082	n/a	1	2	81041
162.1	n/a	1	2	81050
162.116	n/a	1	2	81058
162.132	n/a	1	2	81066
162.15	n/a	1	2	81075
162.166	n/a	1	2	81083
162.182	n/a	0	1	81091
162.2	n/a	0	1	81100
162.216	n/a	0	1	81108
162.232	n/a	0	1	81116
162.25	n/a	1	2	81125
162.266	n/a	1	2	81133
162.282	n/a	0	1	81141
162.3	n/a	0	1	81150
162.316	n/a	1	2	81158
162.332	n/a	1	2	81166
162.35	n/a	0	1	81175
162.366	n/a	0	1	81183
162.382	n/a	0	1	81191
162.4	n/a	0	1	81200
162.416	n/a	0	1	81208
162.432	n/a	0	1	81216
162.45	n/a	1	2	81225
162.466	n/a	1	2	81233
162.482	n/a	1	2	81241
162.5	n/a	1	2	81250
162.516	n/a	0	1	81258
162.532	n/a	0	1	81266
162.55	n/a	1	2	81275
162.566	n/a	1	2	81283
162.582	n/a	0	1	81291
162.6	n/a	0	1	81300
162.616	n/a	0	1	81308
162.632	n/a	0	1	81316
162.65	n/a	0	1	81325
162.666	n/a	0	1	81333
162.682	n/a	1	2	81341
162.7	n/a	1	2	81350
162.716	n/a	0	1	81358
162.732	n/a	0	1	81366
162.75	n/a	1	2	81375
162.766	n/a	1	2	81383
162.782	n/a	0	1	81391
162.8	n/a	0	1	81400
162.816	n/a	0	1	81408
162.832	n/a	0	1	81416
162.85	n/a	1	2	81425
164.332	n/a	1	2	82166
164.35	n/a	1	2	82175
164.366	n/a	1	2	82183
164.382	n/a	1	2	82191
164.4	n/a	0	1	82200
164.416	n/a	0	1	82208
164.432	n/a	1	2	82216
164.45	n/a	1	2	82225
164.466	n/a	1	2	82233
164.482	n/a	1	2	82241
164.5	n/a	0	1	82250
164.516	n/a	0	1	82258
164.532	n/a	1	2	82266
164.55	n/a	1	2	82275
164.566	n/a	1	2	82283
164.582	n/a	1	2	82291
164.6	n/a	0	1	82300
164.616	n/a	0	1	82308
164.632	n/a	1	2	82316
164.65	n/a	1	2	82325
164.666	n/a	1	2	82333
164.682	n/a	1	2	82341
164.7	n/a	0	1	82350
164.716	n/a	0	1	82358
164.732	n/a	0	1	82366
164.75	n/a	0	1	82375
164.766	n/a	0	1	82383
164.782	n/a	0	1	82391
164.8	n/a	1	2	82400
164.816	n/a	1	2	82408
164.832	n/a	1	2	82416
164.85	n/a	1	2	82425
164.866	n/a	1	2	82433
164.882	n/a	1	2	82441
164.9	n/a	0	1	82450
164.916	n/a	0	1	82458
164.932	n/a	0	1	82466
164.95	n/a	0	1	82475
164.966	n/a	0	1	82483
164.982	n/a	0	1	82491
165.0	n/a	1	2	82500
165.016	n/a	1	2	82508
165.032	n/a	1	2	82516
165.05	n/a	1	2	82525
165.066	n/a	1	2	82533
165.082	n/a	1	2	82541
165.1	n/a	1	2	82550
165.116	n/a	1	2	82558
165.132	n/a	1	2	82566
165.15	n/a	1	2	82575
165.166	n/a	0	1	82583
165.182	n/a	0	1	82591
165.2	n/a	0	1	82600
165.216	n/a	0	1	82608
165.232	n/a	1	2	82616
165.25	n/a	1	2	82625
165.266	n/a	0	1	82633
165.282	n/a	0	1	82641
165.3	n/a	1	2	82650
165.316	n/a	1	2	82658
165.332	n/a	0	1	82666
165.35	n/a	0	1	82675
165.366	n/a	0	1	82683
165.382	n/a	0	1	82691
165.4	n/a	1	2	82700
165.416	n/a	1	2	82708
165.432	n/a	1	2	82716
165.45	n/a	1	2	82725
165.466	n/a	0	1	82733
165.482	n/a	0	1	82741
165.5	n/a	0	1	82750
165.516	n/a	0	1	82758
165.532	n/a	0	1	82766
165.55	n/a	0	1	82775
165.566	n/a	0	1	82783
165.582	n/a	0	1	82791
165.6	n/a	1	2	82800
165.616	n/a	1	2	82808
165.632	n/a	0	1	82816
165.65	n/a	0	1	82825
165.666	n/a	0	1	82833
165.682	n/a	0	1	82841
165.7	n/a	0	1	82850
165.716	n/a	0	1	82858
165.732	n/a	0	1	82866
165.75	n/a	0	1	82875
165.766	n/a	1	2	82883
165.782	n/a	1	2	82891
165.8	n/a	1	2	82900
165.816	n/a	1	2	82908
165.832	n/a	1	2	82916
165.85	n/a	1	2	82925
165.866	n/a	1	2	82933
165.882	n/a	1	2	82941
165.9	n/a	1	2	82950
165.916	n/a	1	2	82958
165.932	n/a	1	2	82966
165.95	n/a	1	2	82975
165.966	n/a	0	1	82983
165.982	n/a	0	1	82991
166.0	n/a	1	2	83000
166.016	n/a	1	2	83008
166.032	n/a	0	1	83016
166.05	n/a	0	1	83025
166.066	n/a	1	2	83033
166.082	n/a	1	2	83041
166.1	n/a	0	1	83050
166.116	n/a	0	1	83058
166.132	n/a	0	1	83066
166.15	n/a	0	1	83075
166.166	n/a	1	2	83083
166.182	n/a	1	2	83091
166.2	n/a	1	2	83100
166.216	n/a	1	2	83108
166.232	n/a	0	1	83116
166.25	n/a	0	1	83125
166.266	n/a	0	1	83133
167.75	n/a	1	2	83875
167.766	n/a	1	2	83883
167.782	n/a	1	2	83891
167.8	n/a	1	2	83900
167.816	n/a	0	1	83908
167.832	n/a	0	1	83916
167.85	n/a	0	1	83925
167.866	n/a	0	1	83933
167.882	n/a	0	1	83941
167.9	n/a	0	1	83950
167.916	n/a	0	1	83958
167.932	n/a	0	1	83966
167.95	n/a	1	2	83975
167.966	n/a	1	2	83983
167.982	n/a	0	1	83991
168.0	n/a	0	1	84000
168.016	n/a	0	1	84008
168.032	n/a	0	1	84016
168.05	n/a	1	2	84025
168.066	n/a	1	2	84033
168.082	n/a	1	2	84041
168.1	n/a	1	2	84050
168.116	n/a	0	1	84058
168.132	n/a	0	1	84066
168.15	n/a	0	1	84075
168.166	n/a	0	1	84083
168.182	n/a	0	1	84091
168.2	n/a	0	1	84100
168.216	n/a	0	1	84108
168.232	n/a	0	1	84116
168.25	n/a	0	1	84125
168.266	n/a	0	1	84133
168.282	n/a	0	1	84141
168.3	n/a	0	1	84150
168.316	n/a	1	2	84158
168.332	n/a	1	2	84166
168.35	n/a	0	1	84175
168.366	n/a	0	1	84183
168.382	n/a	1	2	84191
168.4	n/a	1	2	84200
168.416	n/a	1	2	84208
168.432	n/a	1	2	84216
168.45	n/a	0	1	84225
168.466	n/a	0	1	84233
168.482	n/a	1	2	84241
168.5	n/a	1	2	84250
168.516	n/a	0	1	84258
168.532	n/a	0	1	84266
168.55	n/a	1	2	84275
168.566	n/a	1	2	84283
168.582	n/a	0	1	84291
168.6	n/a	0	1	84300
168.616	n/a	1	2	84308
168.632	n/a	1	2	84316
168.65	n/a	0	1	84325
168.666	n/a	0	1	84333
168.682	n/a	0	1	84341
168.7	n/a	0	1	84350
168.716	n/a	0	1	84358
168.732	n/a	0	1	84366
168.75	n/a	1	2	84375
168.766	n/a	1	2	84383
168.782	n/a	1	2	84391
168.8	n/a	1	2	84400
168.816	n/a	1	2	84408
168.832	n/a	1	2	84416
168.85	n/a	0	1	84425
168.866	n/a	0	1	84433
168.882	n/a	1	2	84441
168.9	n/a	1	2	84450
168.916	n/a	1	2	84458
168.932	n/a	1	2	84466
168.95	n/a	1	2	84475
168.966	n/a	1	2	84483
168.982	n/a	0	1	84491
169.0	n/a	0	1	84500
169.016	n/a	1	2	84508
169.032	n/a	1	2	84516
169.05	n/a	0	1	84525
169.066	n/a	0	1	84533
169.082	n/a	1	2	84541
169.1	n/a	1	2	84550
169.116	n/a	1	2	84558
169.132	n/a	1	2	84566
169.15	n/a	0	1	84575
169.166	n/a	0	1	84583
169.182	n/a	0	1	84591
169.2	n/a	0	1	84600
169.216	n/a	0	1	84608
169.232	n/a	0	1	84616
169.25	n/a	1	2	84625
169.266	n/a	1	2	84633
169.282	n/a	1	2	84641
169.3	n/a	1	2	84650
169.316	n/a	0	1	84658
169.332	n/a	0	1	84666
169.35	n/a	1	2	84675
169.366	n/a	1	2	84683
169.382	n/a	1	2	84691
169.4	n/a	1	2	84700
169.416	n/a	1	2	84708
169.432	n/a	1	2	84716
169.45	n/a	0	1	84725
169.466	n/a	0	1	84733
169.482	n/a	0	1	84741
169.5	n/a	0	1	84750
169.516	n/a	0	1	84758
169.532	n/a	0	1	84766
169.55	n/a	0	1	84775
169.566	n/a	0	1	84783
169.582	n/a	0	1	84791
169.6	n/a	0	1	84800
169.616	n/a	1	2	84808
169.632	n/a	1	2	84816
169.65	n/a	1	2	84825
169.666	n/a	1	2	84833
169.682	n/a	1	2	84841
172.066	n/a	1	2	86033
172.082	n/a	1	2	86041
172.1	n/a	1	2	86050
172.116	n/a	1	2	86058
172.132	n/a	0	1	86066
172.15	n/a	0	1	86075
172.166	n/a	1	2	86083
172.182	n/a	1	2	86091
172.2	n/a	1	2	86100
172.216	n/a	1	2	86108
172.232	n/a	0	1	86116
172.25	n/a	0	1	86125
172.266	n/a	1	2	86133
172.282	n/a	1	2	86141
172.3	n/a	1	2	86150
172.316	n/a	1	2	86158
172.332	n/a	0	1	86166
172.35	n/a	0	1	86175
172.366	n/a	1	2	86183
172.382	n/a	1	2	86191
172.4	n/a	1	2	86200
172.416	n/a	1	2	86208
172.432	n/a	0	1	86216
172.45	n/a	0	1	86225
172.466	n/a	0	1	86233
172.482	n/a	0	1	86241
172.5	n/a	0	1	86250
172.516	n/a	0	1	86258
172.532	n/a	1	2	86266
172.55	n/a	1	2	86275
172.566	n/a	1	2	86283
172.582	n/a	1	2	86291
172.6	n/a	1	2	86300
172.616	n/a	1	2	86308
172.632	n/a	0	1	86316
172.65	n/a	0	1	86325
172.666	n/a	0	1	86333
172.682	n/a	0	1	86341
172.7	n/a	0	1	86350
172.716	n/a	0	1	86358
172.732	n/a	1	2	86366
172.75	n/a	1	2	86375
172.766	n/a	1	2	86383
172.782	n/a	1	2	86391
172.8	n/a	1	2	86400
172.816	n/a	1	2	86408
172.832	n/a	1	2	86416
172.85	n/a	1	2	86425
172.866	n/a	1	2	86433
172.882	n/a	1	2	86441
172.9	n/a	0	1	86450
172.916	n/a	0	1	86458
172.932	n/a	0	1	86466
172.95	n/a	0	1	86475
172.966	n/a	1	2	86483
172.982	n/a	1	2	86491
173.0	n/a	0	1	86500
173.016	n/a	0	1	86508
173.032	n/a	1	2	86516
173.05	n/a	1	2	86525
173.066	n/a	0	1	86533
173.082	n/a	0	1	86541
173.1	n/a	0	1	86550
173.116	n/a	0	1	86558
173.132	n/a	1	2	86566
173.15	n/a	1	2	86575
173.166	n/a	1	2	86583
173.182	n/a	1	2	86591
173.2	n/a	0	1	86600
173.216	n/a	0	1	86608
173.232	n/a	0	1	86616
173.25	n/a	0	1	86625
173.266	n/a	0	1	86633
173.282	n/a	0	1	86641
173.3	n/a	0	1	86650
173.316	n/a	0	1	86658
173.332	n/a	1	2	86666
173.35	n/a	1	2	86675
173.366	n/a	0	1	86683
173.382	n/a	0	1	86691
173.4	n/a	0	1	86700
173.416	n/a	0	1	86708
173.432	n/a	0	1	86716
173.45	n/a	0	1	86725
173.466	n/a	0	1	86733
173.482	n/a	0	1	86741
173.5	n/a	1	2	86750
173.516	n/a	1	2	86758
173.532	n/a	1	2	86766
173.55	n/a	1	2	86775
173.566	n/a	1	2	86783
173.582	n/a	1	2	86791
173.6	n/a	1	2	86800
173.616	n/a	1	2	86808
173.632	n/a	1	2	86816
173.65	n/a	1	2	86825
173.666	n/a	1	2	86833
173.682	n/a	1	2	86841
173.7	n/a	0	1	86850
173.716	n/a	0	1	86858
173.732	n/a	1	2	86866
173.75	n/a	1	2	86875
173.766	n/a	0	1	86883
173.782	n/a	0	1	86891
173.8	n/a	1	2	86900
173.816	n/a	1	2	86908
173.832	n/a	0	1	86916
173.85	n/a	0	1	86925
173.866	n/a	0	1	86933
173.882	n/a	0	1	86941
173.9	n/a	1	2	86950
173.916	n/a	1	2	86958
173.932	n/a	1	2	86966
173.95	n/a	1	2	86975
173.966	n/a	0	1	86983
173.982	n/a	0	1	86991
174.0	n/a	0	1	87000
175.482	n/a	1	2	87741
175.5	n/a	1	2	87750
175.516	n/a	1	2	87758
175.532	n/a	1	2	87766
175.55	n/a	1	2	87775
175.566	n/a	1	2	87783
175.582	n/a	1	2	87791
175.6	n/a	1	2	87800
175.616	n/a	1	2	87808
175.632	n/a	1	2	87816
175.65	n/a	1	2	87825
175.666	n/a	1	2	87833
175.682	n/a	1	2	87841
175.7	n/a	1	2	87850
175.716	n/a	0	1	87858
175.732	n/a	0	1	87866
175.75	n/a	0	1	87875
175.766	n/a	0	1	87883
175.782	n/a	1	2	87891
175.8	n/a	1	2	87900
175.816	n/a	1	2	87908
175.832	n/a	1	2	87916
175.85	n/a	0	1	87925
175.866	n/a	0	1	87933
175.882	n/a	0	1	87941
175.9	n/a	0	1	87950
175.916	n/a	1	2	87958
175.932	n/a	1	2	87966
175.95	n/a	1	2	87975
175.966	n/a	1	2	87983
175.982	n/a	0	1	87991
176.0	n/a	0	1	88000
176.016	n/a	0	1	88008
176.032	n/a	0	1	88016
176.05	n/a	1	2	88025
176.066	n/a	1	2	88033
176.082	n/a	0	1	88041
176.1	n/a	0	1	88050
176.116	n/a	1	2	88058
176.132	n/a	1	2	88066
176.15	n/a	1	2	88075
176.166	n/a	1	2	88083
176.182	n/a	0	1	88091
176.2	n/a	0	1	88100
176.216	n/a	1	2	88108
176.232	n/a	1	2	88116
176.25	n/a	0	1	88125
176.266	n/a	0	1	88133
176.282	n/a	0	1	88141
176.3	n/a	0	1	88150
176.316	n/a	1	2	88158
176.332	n/a	1	2	88166
176.35	n/a	0	1	88175
176.366	n/a	0	1	88183
176.382	n/a	1	2	88191
176.4	n/a	1	2	88200
176.416	n/a	1	2	88208
176.432	n/a	1	2	88216
176.45	n/a	1	2	88225
176.466	n/a	1	2	88233
176.482	n/a	0	1	88241
176.5	n/a	0	1	88250
176.516	n/a	0	1	88258
176.532	n/a	0	1	88266
176.55	n/a	0	1	88275
176.566	n/a	0	1	88283
176.582	n/a	1	2	88291
176.6	n/a	1	2	88300
176.616	n/a	0	1	88308
176.632	n/a	0	1	88316
176.65	n/a	1	2	88325
176.666	n/a	1	2	88333
176.682	n/a	1	2	88341
176.7	n/a	1	2	88350
176.716	n/a	1	2	88358
176.732	n/a	1	2	88366
176.75	n/a	0	1	88375
176.766	n/a	0	1	88383
176.782	n/a	0	1	88391
176.8	n/a	0	1	88400
176.816	n/a	1	2	88408
176.832	n/a	1	2	88416
176.85	n/a	0	1	88425
176.866	n/a	0	1	88433
176.882	n/a	1	2	88441
176.9	n/a	1	2	88450
176.916	n/a	0	1	88458
176.932	n/a	0	1	88466
176.95	n/a	0	1	88475
176.966	n/a	0	1	88483
176.982	n/a	0	1	88491
177.0	n/a	0	1	88500
177.016	n/a	1	2	88508
177.032	n/a	1	2	88516
177.05	n/a	1	2	88525
177.066	n/a	1	2	88533
177.082	n/a	0	1	88541
177.1	n/a	0	1	88550
177.116	n/a	1	2	88558
177.132	n/a	1	2	88566
177.15	n/a	0	1	88575
177.166	n/a	0	1	88583
177.182	n/a	0	1	88591
177.2	n/a	0	1	88600
177.216	n/a	0	1	88608
177.232	n/a	0	1	88616
177.25	n/a	1	2	88625
177.266	n/a	1	2	88633
177.282	n/a	0	1	88641
177.3	n/a	0	1	88650
177.316	n/a	1	2	88658
177.332	n/a	1	2	88666
177.35	n/a	0	1	88675
177.366	n/a	0	1	88683
177.382	n/a	0	1	88691
177.4	n/a	0	1	88700
177.416	n/a	1	2	88708
178.9	n/a	0	1	89450
178.916	n/a	0	1	89458
178.932	n/a	0	1	89466
178.95	n/a	0	1	89475
178.966	n/a	1	2	89483
178.982	n/a	1	2	89491
179.0	n/a	1	2	89500
179.016	n/a	1	2	89508
179.032	n/a	0	1	89516
179.05	n/a	0	1	89525
179.066	n/a	0	1	89533
179.082	n/a	0	1	89541
179.1	n/a	0	1	89550
179.116	n/a	0	1	89558
179.132	n/a	0	1	89566
179.15	n/a	0	1	89575
179.166	n/a	1	2	89583
179.182	n/a	1	2	89591
179.2	n/a	1	2	89600
179.216	n/a	1	2	89608
179.232	n/a	1	2	89616
179.25	n/a	1	2	89625
179.266	n/a	1	2	89633
179.282	n/a	1	2	89641
179.3	n/a	1	2	89650
179.316	n/a	1	2	89658
179.332	n/a	0	1	89666
179.35	n/a	0	1	89675
179.366	n/a	0	1	89683
179.382	n/a	0	1	89691
179.4	n/a	0	1	89700
179.416	n/a	0	1	89708
179.432	n/a	0	1	89716
179.45	n/a	0	1	89725
179.466	n/a	0	1	89733
179.482	n/a	0	1	89741
179.5	n/a	0	1	89750
179.516	n/a	0	1	89758
179.532	n/a	1	2	89766
179.55	n/a	1	2	89775
179.566	n/a	1	2	89783
179.582	n/a	1	2	89791
179.6	n/a	0	1	89800
179.616	n/a	0	1	89808
179.632	n/a	0	1	89816
179.65	n/a	0	1	89825
179.666	n/a	1	2	89833
179.682	n/a	1	2	89841
179.7	n/a	0	1	89850
179.716	n/a	0	1	89858
179.732	n/a	1	2	89866
179.75	n/a	1	2	89875
179.766	n/a	0	1	89883
179.782	n/a	0	1	89891
179.8	n/a	1	2	89900
179.816	n/a	1	2	89908
179.832	n/a	0	1	89916
179.85	n/a	0	1	89925
179.866	n/a	1	2	89933
179.882	n/a	1	2	89941
179.9	n/a	1	2	89950
179.916	n/a	1	2	89958
179.932	n/a	0	1	89966
179.95	n/a	0	1	89975
179.966	n/a	1	2	89983
179.982	n/a	1	2	89991
180.0	n/a	0	1	90000
180.016	n/a	0	1	90008
180.032	n/a	0	1	90016
180.05	n/a	0	1	90025
180.066	n/a	0	1	90033
180.082	n/a	0	1	90041
180.1	n/a	1	2	90050
180.116	n/a	1	2	90058
180.132	n/a	0	1	90066
180.15	n/a	0	1	90075
180.166	n/a	0	1	90083
180.182	n/a	0	1	90091
180.2	n/a	0	1	90100
180.216	n/a	0	1	90108
180.232	n/a	1	2	90116
180.25	n/a	1	2	90125
180.266	n/a	1	2	90133
180.282	n/a	1	2	90141
180.3	n/a	1	2	90150
180.316	n/a	1	2	90158
180.332	n/a	0	1	90166
180.35	n/a	0	1	90175
180.366	n/a	1	2	90183
180.382	n/a	1	2	90191
180.4	n/a	0	1	90200
180.416	n/a	0	1	90208
180.432	n/a	1	2	90216
180.45	n/a	1	2	90225
180.466	n/a	1	2	90233
180.482	n/a	1	2	90241
180.5	n/a	1	2	90250
180.516	n/a	1	2	90258
180.532	n/a	1	2	90266
180.55	n/a	1	2	90275
180.566	n/a	1	2	90283
180.582	n/a	1	2	90291
180.6	n/a	0	1	90300
180.616	n/a	0	1	90308
180.632	n/a	0	1	90316
180.65	n/a	0	1	90325
180.666	n/a	1	2	90333
180.682	n/a	1	2	90341
180.7	n/a	0	1	90350
180.716	n/a	0	1	90358
180.732	n/a	0	1	90366
180.75	n/a	0	1	90375
180.766	n/a	0	1	90383
180.782	n/a	0	1	90391
180.8	n/a	1	2	90400
180.816	n/a	1	2	90408
180.832	n/a	1	2	90416
182.316	n/a	1	2	91158
182.332	n/a	1	2	91166
182.35	n/a	1	2	91175
182.366	n/a	1	2	91183
182.382	n/a	0	1	91191
182.4	n/a	0	1	91200
182.416	n/a	0	1	91208
182.432	n/a	0	1	91216
182.45	n/a	0	1	91225
182.466	n/a	0	1	91233
182.482	n/a	0	1	91241
182.5	n/a	0	1	91250
182.516	n/a	1	2	91258
182.532	n/a	1	2	91266
182.55	n/a	0	1	91275
182.566	n/a	0	1	91283
182.582	n/a	0	1	91291
182.6	n/a	0	1	91300
182.616	n/a	1	2	91308
182.632	n/a	1	2	91316
182.65	n/a	1	2	91325
182.666	n/a	1	2	91333
182.682	n/a	0	1	91341
182.7	n/a	0	1	91350
182.716	n/a	0	1	91358
182.732	n/a	0	1	91366
182.75	n/a	0	1	91375
182.766	n/a	0	1	91383
182.782	n/a	0	1	91391
182.8	n/a	0	1	91400
182.816	n/a	0	1	91408
182.832	n/a	0	1	91416
182.85	n/a	0	1	91425
182.866	n/a	0	1	91433
182.882	n/a	1	2	91441
182.9	n/a	1	2	91450
182.916	n/a	0	1	91458
182.932	n/a	0	1	91466
182.95	n/a	1	2	91475
182.966	n/a	1	2	91483
182.982	n/a	1	2	91491
183.0	n/a	1	2	91500
183.016	n/a	0	1	91508
183.032	n/a	0	1	91516
183.05	n/a	1	2	91525
183.066	n/a	1	2	91533
183.082	n/a	0	1	91541
183.1	n/a	0	1	91550
183.116	n/a	1	2	91558
183.132	n/a	1	2	91566
183.15	n/a	0	1	91575
183.166	n/a	0	1	91583
183.182	n/a	1	2	91591
183.2	n/a	1	2	91600
183.216	n/a	0	1	91608
183.232	n/a	0	1	91616
183.25	n/a	0	1	91625
183.266	n/a	0	1	91633
183.282	n/a	0	1	91641
183.3	n/a	0	1	91650
183.316	n/a	1	2	91658
183.332	n/a	1	2	91666
183.35	n/a	1	2	91675
183.366	n/a	1	2	91683
183.382	n/a	1	2	91691
183.4	n/a	1	2	91700
183.416	n/a	0	1	91708
183.432	n/a	0	1	91716
183.45	n/a	1	2	91725
183.466	n/a	1	2	91733
183.482	n/a	1	2	91741
183.5	n/a	1	2	91750
183.516	n/a	1	2	91758
183.532	n/a	1	2	91766
183.55	n/a	0	1	91775
183.566	n/a	0	1	91783
183.582	n/a	1	2	91791
183.6	n/a	1	2	91800
183.616	n/a	0	1	91808
183.632	n/a	0	1	91816
183.65	n/a	1	2	91825
183.666	n/a	1	2	91833
183.682	n/a	1	2	91841
183.7	n/a	1	2	91850
183.716	n/a	0	1	91858
183.732	n/a	0	1	91866
183.75	n/a	0	1	91875
183.766	n/a	0	1	91883
183.782	n/a	0	1	91891
183.8	n/a	0	1	91900
183.816	n/a	1	2	91908
183.832	n/a	1	2	91916
183.85	n/a	1	2	91925
183.866	n/a	1	2	91933
183.882	n/a	0	1	91941
183.9	n/a	0	1	91950
183.916	n/a	1	2	91958
183.932	n/a	1	2	91966
183.95	n/a	1	2	91975
183.966	n/a	1	2	91983
183.982	n/a	1	2	91991
184.0	n/a	1	2	92000
184.016	n/a	0	1	92008
184.032	n/a	0	1	92016
184.05	n/a	0	1	92025
184.066	n/a	0	1	92033
184.082	n/a	0	1	92041
184.1	n/a	0	1	92050
184.116	n/a	0	1	92058
184.132	n/a	0	1	92066
184.15	n/a	0	1	92075
184.166	n/a	0	1	92083
184.182	n/a	1	2	92091
184.2	n/a	1	2	92100
184.216	n/a	1	2	92108
184.232	n/a	1	2	92116
184.25	n/a	1	2	92125
186.9	n/a	1	2	93450
186.916	n/a	1	2	93458
186.932	n/a	1	2	93466
186.95	n/a	1	2	93475
186.966	n/a	0	1	93483
186.982	n/a	0	1	93491
187.0	n/a	1	2	93500
187.016	n/a	1	2	93508
187.032	n/a	1	2	93516
187.05	n/a	1	2	93525
187.066	n/a	0	1	93533
187.082	n/a	0	1	93541
187.1	n/a	1	2	93550
187.116	n/a	1	2	93558
187.132	n/a	1	2	93566
187.15	n/a	1	2	93575
187.166	n/a	0	1	93583
187.182	n/a	0	1	93591
187.2	n/a	1	2	93600
187.216	n/a	1	2	93608
187.232	n/a	1	2	93616
187.25	n/a	1	2	93625
187.266	n/a	0	1	93633
187.282	n/a	0	1	93641
187.3	n/a	0	1	93650
187.316	n/a	0	1	93658
187.332	n/a	0	1	93666
187.35	n/a	0	1	93675
187.366	n/a	1	2	93683
187.382	n/a	1	2	93691
187.4	n/a	1	2	93700
187.416	n/a	1	2	93708
187.432	n/a	1	2	93716
187.45	n/a	1	2	93725
187.466	n/a	0	1	93733
187.482	n/a	0	1	93741
187.5	n/a	0	1	93750
187.516	n/a	0	1	93758
187.532	n/a	0	1	93766
187.55	n/a	0	1	93775
187.566	n/a	1	2	93783
187.582	n/a	1	2	93791
187.6	n/a	1	2	93800
187.616	n/a	1	2	93808
187.632	n/a	1	2	93816
187.65	n/a	1	2	93825
187.666	n/a	1	2	93833
187.682	n/a	1	2	93841
187.7	n/a	1	2	93850
187.716	n/a	1	2	93858
187.732	n/a	0	1	93866
187.75	n/a	0	1	93875
187.766	n/a	0	1	93883
187.782	n/a	0	1	93891
187.8	n/a	1	2	93900
187.816	n/a	1	2	93908
187.832	n/a	0	1	93916
187.85	n/a	0	1	93925
187.866	n/a	1	2	93933
187.882	n/a	1	2	93941
187.9	n/a	0	1	93950
187.916	n/a	0	1	93958
187.932	n/a	0	1	93966
187.95	n/a	0	1	93975
187.966	n/a	1	2	93983
187.982	n/a	1	2	93991
188.0	n/a	1	2	94000
188.016	n/a	1	2	94008
188.032	n/a	0	1	94016
188.05	n/a	0	1	94025
188.066	n/a	0	1	94033
188.082	n/a	0	1	94041
188.1	n/a	0	1	94050
188.116	n/a	0	1	94058
188.132	n/a	0	1	94066
188.15	n/a	0	1	94075
188.166	n/a	1	2	94083
188.182	n/a	1	2	94091
188.2	n/a	0	1	94100
188.216	n/a	0	1	94108
188.232	n/a	0	1	94116
188.25	n/a	0	1	94125
188.266	n/a	0	1	94133
188.282	n/a	0	1	94141
188.3	n/a	0	1	94150
188.316	n/a	0	1	94158
188.332	n/a	1	2	94166
188.35	n/a	1	2	94175
188.366	n/a	1	2	94183
188.382	n/a	1	2	94191
188.4	n/a	1	2	94200
188.416	n/a	1	2	94208
188.432	n/a	1	2	94216
188.45	n/a	1	2	94225
188.466	n/a	1	2	94233
188.482	n/a	1	2	94241
188.5	n/a	1	2	94250
188.516	n/a	1	2	94258
188.532	n/a	0	1	94266
188.55	n/a	0	1	94275
188.566	n/a	1	2	94283
188.582	n/a	1	2	94291
188.6	n/a	0	1	94300
188.616	n/a	0	1	94308
188.632	n/a	1	2	94316
188.65	n/a	1	2	94325
188.666	n/a	0	1	94333
188.682	n/a	0	1	94341
188.7	n/a	0	1	94350
188.716	n/a	0	1	94358
188.732	n/a	1	2	94366
188.75	n/a	1	2	94375
188.766	n/a	1	2	94383
188.782	n/a	1	2	94391
188.8	n/a	0	1	94400
188.816	n/a	0	1	94408
188.832	n/a	0	1	94416
190.316	n/a	0	1	95158
190.332	n/a	0	1	95166
190.35	n/a	0	1	95175
190.366	n/a	0	1	95183
190.382	n/a	1	2	95191
190.4	n/a	1	2	95200
190.416	n/a	1	2	95208
190.432	n/a	1	2	95216
190.45	n/a	0	1	95225
190.466	n/a	0	1	95233
190.482	n/a	0	1	95241
190.5	n/a	0	1	95250
190.516	n/a	0	1	95258
190.532	n/a	0	1	95266
190.55	n/a	0	1	95275
190.566	n/a	0	1	95283
190.582	n/a	1	2	95291
190.6	n/a	1	2	95300
190.616	n/a	1	2	95308
190.632	n/a	1	2	95316
190.65	n/a	1	2	95325
190.666	n/a	1	2	95333
190.682	n/a	1	2	95341
190.7	n/a	1	2	95350
190.716	n/a	1	2	95358
190.732	n/a	1	2	95366
190.75	n/a	0	1	95375
190.766	n/a	0	1	95383
190.782	n/a	0	1	95391
190.8	n/a	0	1	95400
190.816	n/a	0	1	95408
190.832	n/a	0	1	95416
190.85	n/a	0	1	95425
190.866	n/a	0	1	95433
190.882	n/a	0	1	95441
190.9	n/a	0	1	95450
190.916	n/a	0	1	95458
190.932	n/a	0	1	95466
190.95	n/a	1	2	95475
190.966	n/a	1	2	95483
190.982	n/a	1	2	95491
191.0	n/a	1	2	95500
191.016	n/a	0	1	95508
191.032	n/a	0	1	95516
191.05	n/a	0	1	95525
191.066	n/a	0	1	95533
191.082	n/a	1	2	95541
191.1	n/a	1	2	95550
191.116	n/a	0	1	95558
191.132	n/a	0	1	95566
191.15	n/a	1	2	95575
191.166	n/a	1	2	95583
191.182	n/a	0	1	95591
191.2	n/a	0	1	95600
191.216	n/a	1	2	95608
191.232	n/a	1	2	95616
191.25	n/a	0	1	95625
191.266	n/a	0	1	95633
191.282	n/a	1	2	95641
191.3	n/a	1	2	95650
191.316	n/a	1	2	95658
191.332	n/a	1	2	95666
191.35	n/a	0	1	95675
191.366	n/a	0	1	95683
191.382	n/a	1	2	95691
191.4	n/a	1	2	95700
191.416	n/a	0	1	95708
191.432	n/a	0	1	95716
191.45	n/a	0	1	95725
191.466	n/a	0	1	95733
191.482	n/a	0	1	95741
191.5	n/a	0	1	95750
191.516	n/a	1	2	95758
191.532	n/a	1	2	95766
191.55	n/a	0	1	95775
191.566	n/a	0	1	95783
191.582	n/a	0	1	95791
191.6	n/a	0	1	95800
191.616	n/a	0	1	95808
191.632	n/a	0	1	95816
191.65	n/a	1	2	95825
191.666	n/a	1	2	95833
191.682	n/a	1	2	95841
191.7	n/a	1	2	95850
191.716	n/a	1	2	95858
191.732	n/a	1	2	95866
191.75	n/a	0	1	95875
191.766	n/a	0	1	95883
191.782	n/a	1	2	95891
191.8	n/a	1	2	95900
191.816	n/a	0	1	95908
191.832	n/a	0	1	95916
191.85	n/a	1	2	95925
191.866	n/a	1	2	95933
191.882	n/a	1	2	95941
191.9	n/a	1	2	95950
191.916	n/a	1	2	95958
191.932	n/a	1	2	95966
191.95	n/a	1	2	95975
191.966	n/a	1	2	95983
191.982	n/a	1	2	95991
192.0	n/a	1	2	96000
192.016	n/a	0	1	96008
192.032	n/a	0	1	96016
192.05	n/a	0	1	96025
192.066	n/a	0	1	96033
192.082	n/a	1	2	96041
192.1	n/a	1	2	96050
192.116	n/a	0	1	96058
192.132	n/a	0	1	96066
192.15	n/a	0	1	96075
192.166	n/a	0	1	96083
192.182	n/a	0	1	96091
192.2	n/a	0	1	96100
192.216	n/a	1	2	96108
192.232	n/a	1	2	96116
192.25	n/a	1	2	96125
193.732	n/a	1	2	96866
193.75	n/a	1	2	96875
193.766	n/a	1	2	96883
193.782	n/a	1	2	96891
193.8	n/a	0	1	96900
193.816	n/a	0	1	96908
193.832	n/a	0	1	96916
193.85	n/a	0	1	96925
193.866	n/a	0	1	96933
193.882	n/a	0	1	96941
193.9	n/a	0	1	96950
193.916	n/a	0	1	96958
193.932	n/a	1	2	96966
193.95	n/a	1	2	96975
193.966	n/a	0	1	96983
193.982	n/a	0	1	96991
194.0	n/a	0	1	97000
194.016	n/a	0	1	97008
194.032	n/a	1	2	97016
194.05	n/a	1	2	97025
194.066	n/a	1	2	97033
194.082	n/a	1	2	97041
194.1	n/a	0	1	97050
194.116	n/a	0	1	97058
194.132	n/a	0	1	97066
194.15	n/a	0	1	97075
194.166	n/a	0	1	97083
194.182	n/a	0	1	97091
194.2	n/a	0	1	97100
194.216	n/a	0	1	97108
194.232	n/a	0	1	97116
194.25	n/a	0	1	97125
194.266	n/a	0	1	97133
194.282	n/a	0	1	97141
194.3	n/a	1	2	97150
194.316	n/a	1	2	97158
194.332	n/a	0	1	97166
194.35	n/a	0	1	97175
194.366	n/a	1	2	97183
194.382	n/a	1	2	97191
194.4	n/a	1	2	97200
194.416	n/a	1	2	97208
194.432	n/a	0	1	97216
194.45	n/a	0	1	97225
194.466	n/a	1	2	97233
194.482	n/a	1	2	97241
194.5	n/a	0	1	97250
194.516	n/a	0	1	97258
194.532	n/a	1	2	97266
194.55	n/a	1	2	97275
194.566	n/a	0	1	97283
194.582	n/a	0	1	97291
194.6	n/a	1	2	97300
194.616	n/a	1	2	97308
194.632	n/a	0	1	97316
194.65	n/a	0	1	97325
194.666	n/a	0	1	97333
194.682	n/a	0	1	97341
194.7	n/a	0	1	97350
194.716	n/a	0	1	97358
194.732	n/a	1	2	97366
194.75	n/a	1	2	97375
194.766	n/a	1	2	97383
194.782	n/a	1	2	97391
194.8	n/a	1	2	97400
194.816	n/a	1	2	97408
194.832	n/a	0	1	97416
194.85	n/a	0	1	97425
194.866	n/a	1	2	97433
194.882	n/a	1	2	97441
194.9	n/a	1	2	97450
194.916	n/a	1	2	97458
194.932	n/a	1	2	97466
194.95	n/a	1	2	97475
194.966	n/a	0	1	97483
194.982	n/a	0	1	97491
195.0	n/a	1	2	97500
195.016	n/a	1	2	97508
195.032	n/a	0	1	97516
195.05	n/a	0	1	97525
195.066	n/a	1	2	97533
195.082	n/a	1	2	97541
195.1	n/a	1	2	97550
195.116	n/a	1	2	97558
195.132	n/a	0	1	97566
195.15	n/a	0	1	97575
195.166	n/a	0	1	97583
195.182	n/a	0	1	97591
195.2	n/a	0	1	97600
195.216	n/a	0	1	97608
195.232	n/a	1	2	97616
195.25	n/a	1	2	97625
195.266	n/a	1	2	97633
195.282	n/a	1	2	97641
195.3	n/a	0	1	97650
195.316	n/a	0	1	97658
195.332	n/a	1	2	97666
195.35	n/a	1	2	97675
195.366	n/a	1	2	97683
195.382	n/a	1	2	97691
195.4	n/a	1	2	97700
195.416	n/a	1	2	97708
195.432	n/a	0	1	97716
195.45	n/a	0	1	97725
195.466	n/a	0	1	97733
195.482	n/a	0	1	97741
195.5	n/a	0	1	97750
195.516	n/a	0	1	97758
195.532	n/a	0	1	97766
195.55	n/a	0	1	97775
195.566	n/a	0	1	97783
195.582	n/a	0	1	97791
195.6	n/a	1	2	97800
195.616	n/a	1	2	97808
195.632	n/a	1	2	97816
195.65	n/a	1	2	97825
195.666	n/a	1	2	97833
197.15	n/a	1	2	98575
197.166	n/a	1	2	98583
197.182	n/a	1	2	98591
197.2	n/a	1	2	98600
197.216	n/a	1	2	98608
197.232	n/a	1	2	98616
197.25	n/a	1	2	98625
197.266	n/a	1	2	98633
197.282	n/a	1	2	98641
197.3	n/a	1	2	98650
197.316	n/a	1	2	98658
197.332	n/a	1	2	98666
197.35	n/a	1	2	98675
197.366	n/a	1	2	98683
197.382	n/a	0	1	98691
197.4	n/a	0	1	98700
197.416	n/a	0	1	98708
197.432	n/a	0	1	98716
197.45	n/a	1	2	98725
197.466	n/a	1	2	98733
197.482	n/a	1	2	98741
197.5	n/a	1	2	98750
197.516	n/a	0	1	98758
197.532	n/a	0	1	98766
197.55	n/a	0	1	98775
197.566	n/a	0	1	98783
197.582	n/a	1	2	98791
197.6	n/a	1	2	98800
197.616	n/a	1	2	98808
197.632	n/a	1	2	98816
197.65	n/a	0	1	98825
197.666	n/a	0	1	98833
197.682	n/a	0	1	98841
197.7	n/a	0	1	98850
197.716	n/a	1	2	98858
197.732	n/a	1	2	98866
197.75	n/a	0	1	98875
197.766	n/a	0	1	98883
197.782	n/a	1	2	98891
197.8	n/a	1	2	98900
197.816	n/a	1	2	98908
197.832	n/a	1	2	98916
197.85	n/a	0	1	98925
197.866	n/a	0	1	98933
197.882	n/a	1	2	98941
197.9	n/a	1	2	98950
197.916	n/a	0	1	98958
197.932	n/a	0	1	98966
197.95	n/a	0	1	98975
197.966	n/a	0	1	98983
197.982	n/a	1	2	98991
198.0	n/a	1	2	99000
198.016	n/a	0	1	99008
198.032	n/a	0	1	99016
198.05	n/a	1	2	99025
198.066	n/a	1	2	99033
198.082	n/a	1	2	99041
198.1	n/a	1	2	99050
198.116	n/a	1	2	99058
198.132	n/a	1	2	99066
198.15	n/a	0	1	99075
198.166	n/a	0	1	99083
198.182	n/a	0	1	99091
198.2	n/a	0	1	99100
198.216	n/a	0	1	99108
198.232	n/a	0	1	99116
198.25	n/a	1	2	99125
198.266	n/a	1	2	99133
198.282	n/a	0	1	99141
198.3	n/a	0	1	99150
198.316	n/a	1	2	99158
198.332	n/a	1	2	99166
198.35	n/a	1	2	99175
198.366	n/a	1	2	99183
198.382	n/a	1	2	99191
198.4	n/a	1	2	99200
198.416	n/a	0	1	99208
198.432	n/a	0	1	99216
198.45	n/a	0	1	99225
198.466	n/a	0	1	99233
198.482	n/a	1	2	99241
198.5	n/a	1	2	99250
198.516	n/a	0	1	99258
198.532	n/a	0	1	99266
198.55	n/a	1	2	99275
198.566	n/a	1	2	99283
198.582	n/a	0	1	99291
198.6	n/a	0	1	99300
198.616	n/a	0	1	99308
198.632	n/a	0	1	99316
198.65	n/a	0	1	99325
198.666	n/a	0	1	99333
198.682	n/a	1	2	99341
198.7	n/a	1	2	99350
198.716	n/a	1	2	99358
198.732	n/a	1	2	99366
198.75	n/a	0	1	99375
198.766	n/a	0	1	99383
198.782	n/a	1	2	99391
198.8	n/a	1	2	99400
198.816	n/a	0	1	99408
198.832	n/a	0	1	99416
198.85	n/a	0	1	99425
198.866	n/a	0	1	99433
198.882	n/a	0	1	99441
198.9	n/a	0	1	99450
198.916	n/a	1	2	99458
198.932	n/a	1	2	99466
198.95	n/a	0	1	99475
198.966	n/a	0	1	99483
198.982	n/a	1	2	99491
199.0	n/a	1	2	99500
199.016	n/a	0	1	99508
199.032	n/a	0	1	99516
199.05	n/a	0	1	99525
199.066	n/a	0	1	99533
199.082	n/a	1	2	99541
201.5	n/a	1	2	100750
201.516	n/a	1	2	100758
201.532	n/a	1	2	100766
201.55	n/a	1	2	100775
201.566	n/a	0	1	100783
201.582	n/a	0	1	100791
201.6	n/a	0	1	100800
201.616	n/a	0	1	100808
201.632	n/a	0	1	100816
201.65	n/a	0	1	100825
201.666	n/a	0	1	100833
201.682	n/a	0	1	100841
201.7	n/a	1	2	100850
201.716	n/a	1	2	100858
201.732	n/a	0	1	100866
201.75	n/a	0	1	100875
201.766	n/a	0	1	100883
201.782	n/a	0	1	100891
201.8	n/a	1	2	100900
201.816	n/a	1	2	100908
201.832	n/a	1	2	100916
201.85	n/a	1	2	100925
201.866	n/a	0	1	100933
201.882	n/a	0	1	100941
201.9	n/a	0	1	100950
201.916	n/a	0	1	100958
201.932	n/a	0	1	100966
201.95	n/a	0	1	100975
201.966	n/a	0	1	100983
201.982	n/a	0	1	100991
202.0	n/a	0	1	101000
202.016	n/a	0	1	101008
202.032	n/a	0	1	101016
202.05	n/a	0	1	101025
202.066	n/a	1	2	101033
202.082	n/a	1	2	101041
202.1	n/a	0	1	101050
202.116	n/a	0	1	101058
202.132	n/a	1	2	101066
202.15	n/a	1	2	101075
202.166	n/a	1	2	101083
202.182	n/a	1	2	101091
202.2	n/a	0	1	101100
202.216	n/a	0	1	101108
202.232	n/a	1	2	101116
202.25	n/a	1	2	101125
202.266	n/a	0	1	101133
202.282	n/a	0	1	101141
202.3	n/a	1	2	101150
202.316	n/a	1	2	101158
202.332	n/a	0	1	101166
202.35	n/a	0	1	101175
202.366	n/a	1	2	101183
202.382	n/a	1	2	101191
202.4	n/a	0	1	101200
202.416	n/a	0	1	101208
202.432	n/a	0	1	101216
202.45	n/a	0	1	101225
202.466	n/a	0	1	101233
202.482	n/a	0	1	101241
202.5	n/a	1	2	101250
202.516	n/a	1	2	101258
202.532	n/a	1	2	101266
202.55	n/a	1	2	101275
202.566	n/a	1	2	101283
202.582	n/a	1	2	101291
202.6	n/a	0	1	101300
202.616	n/a	0	1	101308
202.632	n/a	1	2	101316
202.65	n/a	1	2	101325
202.666	n/a	1	2	101333
202.682	n/a	1	2	101341
202.7	n/a	1	2	101350
202.716	n/a	1	2	101358
202.732	n/a	0	1	101366
202.75	n/a	0	1	101375
202.766	n/a	1	2	101383
202.782	n/a	1	2	101391
202.8	n/a	0	1	101400
202.816	n/a	0	1	101408
202.832	n/a	1	2	101416
202.85	n/a	1	2	101425
202.866	n/a	1	2	101433
202.882	n/a	1	2	101441
202.9	n/a	0	1	101450
202.916	n/a	0	1	101458
202.932	n/a	0	1	101466
202.95	n/a	0	1	101475
202.966	n/a	0	1	101483
202.982	n/a	0	1	101491
203.0	n/a	1	2	101500
203.016	n/a	1	2	101508
203.032	n/a	1	2	101516
203.05	n/a	1	2	101525
203.066	n/a	0	1	101533
203.082	n/a	0	1	101541
203.1	n/a	1	2	101550
203.116	n/a	1	2	101558
203.132	n/a	1	2	101566
203.15	n/a	1	2	101575
203.166	n/a	1	2	101583
203.182	n/a	1	2	101591
203.2	n/a	0	1	101600
203.216	n/a	0	1	101608
203.232	n/a	0	1	101616
203.25	n/a	0	1	101625
203.266	n/a	0	1	101633
203.282	n/a	0	1	101641
203.3	n/a	0	1	101650
203.316	n/a	0	1	101658
203.332	n/a	0	1	101666
203.35	n/a	0	1	101675
203.366	n/a	1	2	101683
203.382	n/a	1	2	101691
203.4	n/a	1	2	101700
203.416	n/a	1	2	101708
203.432	n/a	1	2	101716
204.916	n/a	0	1	102458
204.932	n/a	0	1	102466
204.95	n/a	0	1	102475
204.966	n/a	0	1	102483
204.982	n/a	1	2	102491
205.0	n/a	1	2	102500
205.016	n/a	1	2	102508
205.032	n/a	1	2	102516
205.05	n/a	0	1	102525
205.066	n/a	0	1	102533
205.082	n/a	0	1	102541
205.1	n/a	0	1	102550
205.116	n/a	0	1	102558
205.132	n/a	0	1	102566
205.15	n/a	0	1	102575
205.166	n/a	0	1	102583
205.182	n/a	1	2	102591
205.2	n/a	1	2	102600
205.216	n/a	1	2	102608
205.232	n/a	1	2	102616
205.25	n/a	1	2	102625
205.266	n/a	1	2	102633
205.282	n/a	1	2	102641
205.3	n/a	1	2	102650
205.316	n/a	1	2	102658
205.332	n/a	1	2	102666
205.35	n/a	0	1	102675
205.366	n/a	0	1	102683
205.382	n/a	0	1	102691
205.4	n/a	0	1	102700
205.416	n/a	0	1	102708
205.432	n/a	0	1	102716
205.45	n/a	0	1	102725
205.466	n/a	0	1	102733
205.482	n/a	0	1	102741
205.5	n/a	0	1	102750
205.516	n/a	0	1	102758
205.532	n/a	0	1	102766
205.55	n/a	1	2	102775
205.566	n/a	1	2	102783
205.582	n/a	1	2	102791
205.6	n/a	1	2	102800
205.616	n/a	0	1	102808
205.632	n/a	0	1	102816
205.65	n/a	0	1	102825
205.666	n/a	0	1	102833
205.682	n/a	1	2	102841
205.7	n/a	1	2	102850
205.716	n/a	0	1	102858
205.732	n/a	0	1	102866
205.75	n/a	1	2	102875
205.766	n/a	1	2	102883
205.782	n/a	0	1	102891
205.8	n/a	0	1	102900
205.816	n/a	1	2	102908
205.832	n/a	1	2	102916
205.85	n/a	0	1	102925
205.866	n/a	0	1	102933
205.882	n/a	1	2	102941
205.9	n/a	1	2	102950
205.916	n/a	1	2	102958
205.932	n/a	1	2	102966
205.95	n/a	0	1	102975
205.966	n/a	0	1	102983
205.982	n/a	1	2	102991
206.0	n/a	1	2	103000
206.016	n/a	0	1	103008
206.032	n/a	0	1	103016
206.05	n/a	0	1	103025
206.066	n/a	0	1	103033
206.082	n/a	0	1	103041
206.1	n/a	0	1	103050
206.116	n/a	1	2	103058
206.132	n/a	1	2	103066
206.15	n/a	0	1	103075
206.166	n/a	0	1	103083
206.182	n/a	0	1	103091
206.2	n/a	0	1	103100
206.216	n/a	0	1	103108
206.232	n/a	0	1	103116
206.25	n/a	1	2	103125
206.266	n/a	1	2	103133
206.282	n/a	1	2	103141
206.3	n/a	1	2	103150
206.316	n/a	1	2	103158
206.332	n/a	1	2	103166
206.35	n/a	0	1	103175
206.366	n/a	0	1	103183
206.382	n/a	1	2	103191
206.4	n/a	1	2	103200
206.416	n/a	0	1	103208
206.432	n/a	0	1	103216
206.45	n/a	1	2	103225
206.466	n/a	1	2	103233
206.482	n/a	1	2	103241
206.5	n/a	1	2	103250
206.516	n/a	1	2	103258
206.532	n/a	1	2	103266
206.55	n/a	1	2	103275
206.566	n/a	1	2	103283
206.582	n/a	1	2	103291
206.6	n/a	1	2	103300
206.616	n/a	0	1	103308
206.632	n/a	0	1	103316
206.65	n/a	0	1	103325
206.666	n/a	0	1	103333
206.682	n/a	1	2	103341
206.7	n/a	1	2	103350
206.716	n/a	0	1	103358
206.732	n/a	0	1	103366
206.75	n/a	0	1	103375
206.766	n/a	0	1	103383
206.782	n/a	0	1	103391
206.8	n/a	0	1	103400
206.816	n/a	1	2	103408
206.832	n/a	1	2	103416
206.85	n/a	1	2	103425
208.332	n/a	1	2	104166
208.35	n/a	1	2	104175
208.366	n/a	1	2	104183
208.382	n/a	1	2	104191
208.4	n/a	1	2	104200
208.416	n/a	1	2	104208
208.432	n/a	1	2	104216
208.45	n/a	1	2	104225
208.466	n/a	1	2	104233
208.482	n/a	1	2	104241
208.5	n/a	1	2	104250
208.516	n/a	1	2	104258
208.532	n/a	1	2	104266
208.55	n/a	1	2	104275
208.566	n/a	0	1	104283
208.582	n/a	0	1	104291
208.6	n/a	0	1	104300
208.616	n/a	0	1	104308
208.632	n/a	1	2	104316
208.65	n/a	1	2	104325
208.666	n/a	1	2	104333
208.682	n/a	1	2	104341
208.7	n/a	0	1	104350
208.716	n/a	0	1	104358
208.732	n/a	0	1	104366
208.75	n/a	0	1	104375
208.766	n/a	1	2	104383
208.782	n/a	1	2	104391
208.8	n/a	1	2	104400
208.816	n/a	1	2	104408
208.832	n/a	0	1	104416
208.85	n/a	0	1	104425
208.866	n/a	0	1	104433
208.882	n/a	0	1	104441
208.9	n/a	1	2	104450
208.916	n/a	1	2	104458
208.932	n/a	0	1	104466
208.95	n/a	0	1	104475
208.966	n/a	1	2	104483
208.982	n/a	1	2	104491
209.0	n/a	1	2	104500
209.016	n/a	1	2	104508
209.032	n/a	0	1	104516
209.05	n/a	0	1	104525
209.066	n/a	1	2	104533
209.082	n/a	1	2	104541
209.1	n/a	0	1	104550
209.116	n/a	0	1	104558
209.132	n/a	0	1	104566
209.15	n/a	0	1	104575
209.166	n/a	1	2	104583
209.182	n/a	1	2	104591
209.2	n/a	0	1	104600
209.216	n/a	0	1	104608
209.232	n/a	1	2	104616
209.25	n/a	1	2	104625
209.266	n/a	1	2	104633
209.282	n/a	1	2	104641
209.3	n/a	1	2	104650
209.316	n/a	1	2	104658
209.332	n/a	0	1	104666
209.35	n/a	0	1	104675
209.366	n/a	0	1	104683
209.382	n/a	0	1	104691
209.4	n/a	0	1	104700
209.416	n/a	0	1	104708
209.432	n/a	1	2	104716
209.45	n/a	1	2	104725
209.466	n/a	0	1	104733
209.482	n/a	0	1	104741
209.5	n/a	1	2	104750
209.516	n/a	1	2	104758
209.532	n/a	1	2	104766
209.55	n/a	1	2	104775
209.566	n/a	1	2	104783
209.582	n/a	1	2	104791
209.6	n/a	0	1	104800
209.616	n/a	0	1	104808
209.632	n/a	0	1	104816
209.65	n/a	0	1	104825
209.666	n/a	1	2	104833
209.682	n/a	1	2	104841
209.7	n/a	0	1	104850
209.716	n/a	0	1	104858
209.732	n/a	1	2	104866
209.75	n/a	1	2	104875
209.766	n/a	0	1	104883
209.782	n/a	0	1	104891
209.8	n/a	0	1	104900
209.816	n/a	0	1	104908
209.832	n/a	0	1	104916
209.85	n/a	0	1	104925
209.866	n/a	1	2	104933
209.882	n/a	1	2	104941
209.9	n/a	1	2	104950
209.916	n/a	1	2	104958
209.932	n/a	0	1	104966
209.95	n/a	0	1	104975
209.966	n/a	1	2	104983
209.982	n/a	1	2	104991
210.0	n/a	0	1	105000
210.016	n/a	0	1	105008
210.032	n/a	0	1	105016
210.05	n/a	0	1	105025
210.066	n/a	0	1	105033
210.082	n/a	0	1	105041
210.1	n/a	1	2	105050
210.116	n/a	1	2	105058
210.132	n/a	0	1	105066
210.15	n/a	0	1	105075
210.166	n/a	1	2	105083
210.182	n/a	1	2	105091
210.2	n/a	0	1	105100
210.216	n/a	0	1	105108
210.232	n/a	0	1	105116
210.25	n/a	0	1	105125
210.266	n/a	1	2	105133
211.75	n/a	1	2	105875
211.766	n/a	1	2	105883
211.782	n/a	1	2	105891
211.8	n/a	1	2	105900
211.816	n/a	0	1	105908
211.832	n/a	0	1	105916
211.85	n/a	1	2	105925
211.866	n/a	1	2	105933
211.882	n/a	1	2	105941
211.9	n/a	1	2	105950
211.916	n/a	0	1	105958
211.932	n/a	0	1	105966
211.95	n/a	1	2	105975
211.966	n/a	1	2	105983
211.982	n/a	1	2	105991
212.0	n/a	1	2	106000
212.016	n/a	0	1	106008
212.032	n/a	0	1	106016
212.05	n/a	1	2	106025
212.066	n/a	1	2	106033
212.082	n/a	1	2	106041
212.1	n/a	1	2	106050
212.116	n/a	0	1	106058
212.132	n/a	0	1	106066
212.15	n/a	0	1	106075
212.166	n/a	0	1	106083
212.182	n/a	0	1	106091
212.2	n/a	0	1	106100
212.216	n/a	1	2	106108
212.232	n/a	1	2	106116
212.25	n/a	1	2	106125
212.266	n/a	1	2	106133
212.282	n/a	1	2	106141
212.3	n/a	1	2	106150
212.316	n/a	0	1	106158
212.332	n/a	0	1	106166
212.35	n/a	0	1	106175
212.366	n/a	0	1	106183
212.382	n/a	0	1	106191
212.4	n/a	0	1	106200
212.416	n/a	1	2	106208
212.432	n/a	1	2	106216
212.45	n/a	1	2	106225
212.466	n/a	1	2	106233
212.482	n/a	1	2	106241
212.5	n/a	1	2	106250
212.516	n/a	1	2	106258
212.532	n/a	1	2	106266
212.55	n/a	1	2	106275
212.566	n/a	1	2	106283
212.582	n/a	0	1	106291
212.6	n/a	0	1	106300
212.616	n/a	0	1	106308
212.632	n/a	0	1	106316
212.65	n/a	1	2	106325
212.666	n/a	1	2	106333
212.682	n/a	0	1	106341
212.7	n/a	0	1	106350
212.716	n/a	1	2	106358
212.732	n/a	1	2	106366
212.75	n/a	0	1	106375
212.766	n/a	0	1	106383
212.782	n/a	0	1	106391
212.8	n/a	0	1	106400
212.816	n/a	1	2	106408
212.832	n/a	1	2	106416
212.85	n/a	1	2	106425
212.866	n/a	1	2	106433
212.882	n/a	0	1	106441
212.9	n/a	0	1	106450
212.916	n/a	0	1	106458
212.932	n/a	0	1	106466
212.95	n/a	0	1	106475
212.966	n/a	0	1	106483
212.982	n/a	0	1	106491
213.0	n/a	0	1	106500
213.016	n/a	1	2	106508
213.032	n/a	1	2	106516
213.05	n/a	0	1	106525
213.066	n/a	0	1	106533
213.082	n/a	0	1	106541
213.1	n/a	0	1	106550
213.116	n/a	0	1	106558
213.132	n/a	0	1	106566
213.15	n/a	0	1	106575
213.166	n/a	0	1	106583
213.182	n/a	1	2	106591
213.2	n/a	1	2	106600
213.216	n/a	1	2	106608
213.232	n/a	1	2	106616
213.25	n/a	1	2	106625
213.266	n/a	1	2	106633
213.282	n/a	1	2	106641
213.3	n/a	1	2	106650
213.316	n/a	1	2	106658
213.332	n/a	1	2	106666
213.35	n/a	1	2	106675
213.366	n/a	1	2	106683
213.382	n/a	0	1	106691
213.4	n/a	0	1	106700
213.416	n/a	1	2	106708
213.432	n/a	1	2	106716
213.45	n/a	0	1	106725
213.466	n/a	0	1	106733
213.482	n/a	1	2	106741
213.5	n/a	1	2	106750
213.516	n/a	0	1	106758
213.532	n/a	0	1	106766
213.55	n/a	0	1	106775
213.566	n/a	0	1	106783
213.582	n/a	1	2	106791
213.6	n/a	1	2	106800
213.616	n/a	1	2	106808
213.632	n/a	1	2	106816
213.65	n/a	0	1	106825
213.666	n/a	0	1	106833
213.682	n/a	0	1	106841
216.266	n/a	1	2	108133
216.282	n/a	1	2	108141
216.3	n/a	1	2	108150
216.316	n/a	1	2	108158
216.332	n/a	0	1	108166
216.35	n/a	0	1	108175
216.366	n/a	0	1	108183
216.382	n/a	0	1	108191
216.4	n/a	0	1	108200
216.416	n/a	0	1	108208
216.432	n/a	0	1	108216
216.45	n/a	0	1	108225
216.466	n/a	1	2	108233
216.482	n/a	1	2	108241
216.5	n/a	0	1	108250
216.516	n/a	0	1	108258
216.532	n/a	0	1	108266
216.55	n/a	0	1	108275
216.566	n/a	1	2	108283
216.582	n/a	1	2	108291
216.6	n/a	1	2	108300
216.616	n/a	1	2	108308
216.632	n/a	0	1	108316
216.65	n/a	0	1	108325
216.666	n/a	0	1	108333
216.682	n/a	0	1	108341
216.7	n/a	0	1	108350
216.716	n/a	0	1	108358
216.732	n/a	0	1	108366
216.75	n/a	0	1	108375
216.766	n/a	0	1	108383
216.782	n/a	0	1	108391
216.8	n/a	0	1	108400
216.816	n/a	0	1	108408
216.832	n/a	1	2	108416
216.85	n/a	1	2	108425
216.866	n/a	0	1	108433
216.882	n/a	0	1	108441
216.9	n/a	1	2	108450
216.916	n/a	1	2	108458
216.932	n/a	1	2	108466
216.95	n/a	1	2	108475
216.966	n/a	0	1	108483
216.982	n/a	0	1	108491
217.0	n/a	1	2	108500
217.016	n/a	1	2	108508
217.032	n/a	0	1	108516
217.05	n/a	0	1	108525
217.066	n/a	1	2	108533
217.082	n/a	1	2	108541
217.1	n/a	0	1	108550
217.116	n/a	0	1	108558
217.132	n/a	1	2	108566
217.15	n/a	1	2	108575
217.166	n/a	0	1	108583
217.182	n/a	0	1	108591
217.2	n/a	0	1	108600
217.216	n/a	0	1	108608
217.232	n/a	0	1	108616
217.25	n/a	0	1	108625
217.266	n/a	1	2	108633
217.282	n/a	1	2	108641
217.3	n/a	1	2	108650
217.316	n/a	1	2	108658
217.332	n/a	1	2	108666
217.35	n/a	1	2	108675
217.366	n/a	0	1	108683
217.382	n/a	0	1	108691
217.4	n/a	1	2	108700
217.416	n/a	1	2	108708
217.432	n/a	1	2	108716
217.45	n/a	1	2	108725
217.466	n/a	1	2	108733
217.482	n/a	1	2	108741
217.5	n/a	0	1	108750
217.516	n/a	0	1	108758
217.532	n/a	1	2	108766
217.55	n/a	1	2	108775
217.566	n/a	0	1	108783
217.582	n/a	0	1	108791
217.6	n/a	1	2	108800
217.616	n/a	1	2	108808
217.632	n/a	1	2	108816
217.65	n/a	1	2	108825
217.666	n/a	0	1	108833
217.682	n/a	0	1	108841
217.7	n/a	0	1	108850
217.716	n/a	0	1	108858
217.732	n/a	0	1	108866
217.75	n/a	0	1	108875
217.766	n/a	1	2	108883
217.782	n/a	1	2	108891
217.8	n/a	1	2	108900
217.816	n/a	1	2	108908
217.832	n/a	0	1	108916
217.85	n/a	0	1	108925
217.866	n/a	1	2	108933
217.882	n/a	1	2	108941
217.9	n/a	1	2	108950
217.916	n/a	1	2	108958
217.932	n/a	1	2	108966
217.95	n/a	1	2	108975
217.966	n/a	0	1	108983
217.982	n/a	0	1	108991
218.0	n/a	0	1	109000
218.016	n/a	0	1	109008
218.032	n/a	0	1	109016
218.05	n/a	0	1	109025
218.066	n/a	0	1	109033
218.082	n/a	0	1	109041
218.1	n/a	0	1	109050
218.116	n/a	0	1	109058
218.132	n/a	1	2	109066
218.15	n/a	1	2	109075
218.166	n/a	1	2	109083
218.182	n/a	1	2	109091
218.2	n/a	1	2	109100
219.682	n/a	0	1	109841
219.7	n/a	0	1	109850
219.716	n/a	0	1	109858
219.732	n/a	0	1	109866
219.75	n/a	1	2	109875
219.766	n/a	1	2	109883
219.782	n/a	1	2	109891
219.8	n/a	1	2	109900
219.816	n/a	0	1	109908
219.832	n/a	0	1	109916
219.85	n/a	0	1	109925
219.866	n/a	0	1	109933
219.882	n/a	0	1	109941
219.9	n/a	0	1	109950
219.916	n/a	0	1	109958
219.932	n/a	0	1	109966
219.95	n/a	1	2	109975
219.966	n/a	1	2	109983
219.982	n/a	1	2	109991
220.0	n/a	1	2	110000
220.016	n/a	1	2	110008
220.032	n/a	1	2	110016
220.05	n/a	1	2	110025
220.066	n/a	1	2	110033
220.082	n/a	1	2	110041
220.1	n/a	1	2	110050
220.116	n/a	0	1	110058
220.132	n/a	0	1	110066
220.15	n/a	0	1	110075
220.166	n/a	0	1	110083
220.182	n/a	0	1	110091
220.2	n/a	0	1	110100
220.216	n/a	0	1	110108
220.232	n/a	0	1	110116
220.25	n/a	0	1	110125
220.266	n/a	0	1	110133
220.282	n/a	0	1	110141
220.3	n/a	0	1	110150
220.316	n/a	1	2	110158
220.332	n/a	1	2	110166
220.35	n/a	1	2	110175
220.366	n/a	1	2	110183
220.382	n/a	0	1	110191
220.4	n/a	0	1	110200
220.416	n/a	0	1	110208
220.432	n/a	0	1	110216
220.45	n/a	1	2	110225
220.466	n/a	1	2	110233
220.482	n/a	0	1	110241
220.5	n/a	0	1	110250
220.516	n/a	1	2	110258
220.532	n/a	1	2	110266
220.55	n/a	0	1	110275
220.566	n/a	0	1	110283
220.582	n/a	1	2	110291
220.6	n/a	1	2	110300
220.616	n/a	0	1	110308
220.632	n/a	0	1	110316
220.65	n/a	1	2	110325
220.666	n/a	1	2	110333
220.682	n/a	1	2	110341
220.7	n/a	1	2	110350
220.716	n/a	0	1	110358
220.732	n/a	0	1	110366
220.75	n/a	1	2	110375
220.766	n/a	1	2	110383
220.782	n/a	0	1	110391
220.8	n/a	0	1	110400
220.816	n/a	0	1	110408
220.832	n/a	0	1	110416
220.85	n/a	0	1	110425
220.866	n/a	0	1	110433
220.882	n/a	1	2	110441
220.9	n/a	1	2	110450
220.916	n/a	0	1	110458
220.932	n/a	0	1	110466
220.95	n/a	0	1	110475
220.966	n/a	0	1	110483
220.982	n/a	0	1	110491
221.0	n/a	0	1	110500
221.016	n/a	1	2	110508
221.032	n/a	1	2	110516
221.05	n/a	1	2	110525
221.066	n/a	1	2	110533
221.082	n/a	1	2	110541
221.1	n/a	1	2	110550
221.116	n/a	0	1	110558
221.132	n/a	0	1	110566
221.15	n/a	1	2	110575
221.166	n/a	1	2	110583
221.182	n/a	0	1	110591
221.2	n/a	0	1	110600
221.216	n/a	1	2	110608
221.232	n/a	1	2	110616
221.25	n/a	1	2	110625
221.266	n/a	1	2	110633
221.282	n/a	1	2	110641
221.3	n/a	1	2	110650
221.316	n/a	1	2	110658
221.332	n/a	1	2	110666
221.35	n/a	1	2	110675
221.366	n/a	1	2	110683
221.382	n/a	0	1	110691
221.4	n/a	0	1	110700
221.416	n/a	0	1	110708
221.432	n/a	0	1	110716
221.45	n/a	1	2	110725
221.466	n/a	1	2	110733
221.482	n/a	0	1	110741
221.5	n/a	0	1	110750
221.516	n/a	0	1	110758
221.532	n/a	0	1	110766
221.55	n/a	0	1	110775
221.566	n/a	0	1	110783
221.582	n/a	1	2	110791
221.6	n/a	1	2	110800
221.616	n/a	1	2	110808
223.1	n/a	1	2	111550
223.116	n/a	1	2	111558
223.132	n/a	1	2	111566
223.15	n/a	1	2	111575
223.166	n/a	0	1	111583
223.182	n/a	0	1	111591
223.2	n/a	1	2	111600
223.216	n/a	1	2	111608
223.232	n/a	1	2	111616
223.25	n/a	1	2	111625
223.266	n/a	0	1	111633
223.282	n/a	0	1	111641
223.3	n/a	1	2	111650
223.316	n/a	1	2	111658
223.332	n/a	1	2	111666
223.35	n/a	1	2	111675
223.366	n/a	0	1	111683
223.382	n/a	0	1	111691
223.4	n/a	1	2	111700
223.416	n/a	1	2	111708
223.432	n/a	1	2	111716
223.45	n/a	1	2	111725
223.466	n/a	0	1	111733
223.482	n/a	0	1	111741
223.5	n/a	0	1	111750
223.516	n/a	0	1	111758
223.532	n/a	0	1	111766
223.55	n/a	0	1	111775
223.566	n/a	1	2	111783
223.582	n/a	1	2	111791
223.6	n/a	1	2	111800
223.616	n/a	1	2	111808
223.632	n/a	1	2	111816
223.65	n/a	1	2	111825
223.666	n/a	0	1	111833
223.682	n/a	0	1	111841
223.7	n/a	0	1	111850
223.716	n/a	0	1	111858
223.732	n/a	0	1	111866
223.75	n/a	0	1	111875
223.766	n/a	1	2	111883
223.782	n/a	1	2	111891
223.8	n/a	1	2	111900
223.816	n/a	1	2	111908
223.832	n/a	1	2	111916
223.85	n/a	1	2	111925
223.866	n/a	1	2	111933
223.882	n/a	1	2	111941
223.9	n/a	1	2	111950
223.916	n/a	1	2	111958
223.932	n/a	0	1	111966
223.95	n/a	0	1	111975
223.966	n/a	0	1	111983
223.982	n/a	0	1	111991
224.0	n/a	1	2	112000
224.016	n/a	1	2	112008
224.032	n/a	0	1	112016
224.05	n/a	0	1	112025
224.066	n/a	1	2	112033
224.082	n/a	1	2	112041
224.1	n/a	0	1	112050
224.116	n/a	0	1	112058
224.132	n/a	0	1	112066
224.15	n/a	0	1	112075
224.166	n/a	1	2	112083
224.182	n/a	1	2	112091
224.2	n/a	1	2	112100
224.216	n/a	1	2	112108
224.232	n/a	0	1	112116
224.25	n/a	0	1	112125
224.266	n/a	0	1	112133
224.282	n/a	0	1	112141
224.3	n/a	0	1	112150
224.316	n/a	0	1	112158
224.332	n/a	0	1	112166
224.35	n/a	0	1	112175
224.366	n/a	1	2	112183
224.382	n/a	1	2	112191
224.4	n/a	0	1	112200
224.416	n/a	0	1	112208
224.432	n/a	0	1	112216
224.45	n/a	0	1	112225
224.466	n/a	0	1	112233
224.482	n/a	0	1	112241
224.5	n/a	0	1	112250
224.516	n/a	0	1	112258
224.532	n/a	1	2	112266
224.55	n/a	1	2	112275
224.566	n/a	1	2	112283
224.582	n/a	1	2	112291
224.6	n/a	1	2	112300
224.616	n/a	1	2	112308
224.632	n/a	1	2	112316
224.65	n/a	1	2	112325
224.666	n/a	1	2	112333
224.682	n/a	1	2	112341
224.7	n/a	1	2	112350
224.716	n/a	1	2	112358
224.732	n/a	0	1	112366
224.75	n/a	0	1	112375
224.766	n/a	1	2	112383
224.782	n/a	1	2	112391
224.8	n/a	0	1	112400
224.816	n/a	0	1	112408
224.832	n/a	1	2	112416
224.85	n/a	1	2	112425
224.866	n/a	0	1	112433
224.882	n/a	0	1	112441
224.9	n/a	0	1	112450
224.916	n/a	0	1	112458
224.932	n/a	1	2	112466
224.95	n/a	1	2	112475
224.966	n/a	1	2	112483
224.982	n/a	1	2	112491
225.0	n/a	0	1	112500
225.016	n/a	0	1	112508
225.032	n/a	0	1	112516
226.516	n/a	1	2	113258
226.532	n/a	1	2	113266
226.55	n/a	1	2	113275
226.566	n/a	1	2	113283
226.582	n/a	1	2	113291
226.6	n/a	1	2	113300
226.616	n/a	1	2	113308
226.632	n/a	1	2	113316
226.65	n/a	1	2	113325
226.666	n/a	1	2	113333
226.682	n/a	1	2	113341
226.7	n/a	1	2	113350
226.716	n/a	1	2	113358
226.732	n/a	1	2	113366
226.75	n/a	0	1	113375
226.766	n/a	0	1	113383
226.782	n/a	0	1	113391
226.8	n/a	0	1	113400
226.816	n/a	1	2	113408
226.832	n/a	1	2	113416
226.85	n/a	1	2	113425
226.866	n/a	1	2	113433
226.882	n/a	0	1	113441
226.9	n/a	0	1	113450
226.916	n/a	0	1	113458
226.932	n/a	0	1	113466
226.95	n/a	1	2	113475
226.966	n/a	1	2	113483
226.982	n/a	1	2	113491
227.0	n/a	1	2	113500
227.016	n/a	0	1	113508
227.032	n/a	0	1	113516
227.05	n/a	0	1	113525
227.066	n/a	0	1	113533
227.082	n/a	1	2	113541
227.1	n/a	1	2	113550
227.116	n/a	0	1	113558
227.132	n/a	0	1	113566
227.15	n/a	1	2	113575
227.166	n/a	1	2	113583
227.182	n/a	1	2	113591
227.2	n/a	1	2	113600
227.216	n/a	0	1	113608
227.232	n/a	0	1	113616
227.25	n/a	1	2	113625
227.266	n/a	1	2	113633
227.282	n/a	0	1	113641
227.3	n/a	0	1	113650
227.316	n/a	0	1	113658
227.332	n/a	0	1	113666
227.35	n/a	1	2	113675
227.366	n/a	1	2	113683
227.382	n/a	0	1	113691
227.4	n/a	0	1	113700
227.416	n/a	1	2	113708
227.432	n/a	1	2	113716
227.45	n/a	1	2	113725
227.466	n/a	1	2	113733
227.482	n/a	1	2	113741
227.5	n/a	1	2	113750
227.516	n/a	0	1	113758
227.532	n/a	0	1	113766
227.55	n/a	0	1	113775
227.566	n/a	0	1	113783
227.582	n/a	0	1	113791
227.6	n/a	0	1	113800
227.616	n/a	1	2	113808
227.632	n/a	1	2	113816
227.65	n/a	0	1	113825
227.666	n/a	0	1	113833
227.682	n/a	1	2	113841
227.7	n/a	1	2	113850
227.716	n/a	1	2	113858
227.732	n/a	1	2	113866
227.75	n/a	1	2	113875
227.766	n/a	1	2	113883
227.782	n/a	0	1	113891
227.8	n/a	0	1	113900
227.816	n/a	0	1	113908
227.832	n/a	0	1	113916
227.85	n/a	1	2	113925
227.866	n/a	1	2	113933
227.882	n/a	0	1	113941
227.9	n/a	0	1	113950
227.916	n/a	1	2	113958
227.932	n/a	1	2	113966
227.95	n/a	0	1	113975
227.966	n/a	0	1	113983
227.982	n/a	0	1	113991
228.0	n/a	0	1	114000
228.016	n/a	0	1	114008
228.032	n/a	0	1	114016
228.05	n/a	1	2	114025
228.066	n/a	1	2	114033
228.082	n/a	1	2	114041
228.1	n/a	1	2	114050
228.116	n/a	0	1	114058
228.132	n/a	0	1	114066
228.15	n/a	1	2	114075
228.166	n/a	1	2	114083
228.182	n/a	0	1	114091
228.2	n/a	0	1	114100
228.216	n/a	0	1	114108
228.232	n/a	0	1	114116
228.25	n/a	0	1	114125
228.266	n/a	0	1	114133
228.282	n/a	1	2	114141
228.3	n/a	1	2	114150
228.316	n/a	0	1	114158
228.332	n/a	0	1	114166
228.35	n/a	1	2	114175
228.366	n/a	1	2	114183
228.382	n/a	0	1	114191
228.4	n/a	0	1	114200
228.416	n/a	0	1	114208
228.432	n/a	0	1	114216
228.45	n/a	1	2	114225
