onset	duration	trial_type	value	sample
15.732	0.25	1	2	7866
15.75	0.25	1	2	7875
15.766	0.25	1	2	7883
15.782	0.25	1	2	7891
15.8	0.25	1	2	7900
15.816	0.25	1	2	7908
15.832	0.25	1	2	7916
15.85	0.25	1	2	7925
15.866	0.25	1	2	7933
15.882	0.25	1	2	7941
15.9	0.25	1	2	7950
15.916	0.25	1	2	7958
15.932	0.25	1	2	7966
15.95	0.25	1	2	7975
15.966	0.25	0	1	7983
15.982	0.25	0	1	7991
16.0	0.25	0	1	8000
16.016	0.25	0	1	8008
16.032	0.25	1	2	8016
16.05	0.25	1	2	8025
16.066	0.25	1	2	8033
16.082	0.25	1	2	8041
16.1	0.25	0	1	8050
16.116	0.25	0	1	8058
16.132	0.25	0	1	8066
16.148	0.25	0	1	8074
16.166	0.25	1	2	8083
16.182	0.25	1	2	8091
16.2	0.25	1	2	8100
16.216	0.25	1	2	8108
16.232	0.25	0	1	8116
16.25	0.25	0	1	8125
16.266	0.25	0	1	8133
16.282	0.25	0	1	8141
16.3	0.25	1	2	8150
16.316	0.25	1	2	8158
16.332	0.25	0	1	8166
16.35	0.25	0	1	8175
16.366	0.25	1	2	8183
16.382	0.25	1	2	8191
16.4	0.25	1	2	8200
16.416	0.25	1	2	8208
16.432	0.25	0	1	8216
16.45	0.25	0	1	8225
16.466	0.25	1	2	8233
16.482	0.25	1	2	8241
16.5	0.25	0	1	8250
16.516	0.25	0	1	8258
16.532	0.25	0	1	8266
16.55	0.25	0	1	8275
16.566	0.25	1	2	8283
16.582	0.25	1	2	8291
16.6	0.25	0	1	8300
16.616	0.25	0	1	8308
16.632	0.25	1	2	8316
16.65	0.25	1	2	8325
16.666	0.25	1	2	8333
16.682	0.25	1	2	8341
16.7	0.25	1	2	8350
16.716	0.25	1	2	8358
16.732	0.25	0	1	8366
16.75	0.25	0	1	8375
16.766	0.25	0	1	8383
16.782	0.25	0	1	8391
16.8	0.25	0	1	8400
16.816	0.25	0	1	8408
16.832	0.25	1	2	8416
16.85	0.25	1	2	8425
16.866	0.25	0	1	8433
16.882	0.25	0	1	8441
16.9	0.25	1	2	8450
16.916	0.25	1	2	8458
16.932	0.25	1	2	8466
16.95	0.25	1	2	8475
16.966	0.25	1	2	8483
16.982	0.25	1	2	8491
17.0	0.25	0	1	8500
17.016	0.25	0	1	8508
17.032	0.25	0	1	8516
17.05	0.25	0	1	8525
17.066	0.25	1	2	8533
17.082	0.25	1	2	8541
17.1	0.25	0	1	8550
17.116	0.25	0	1	8558
17.132	0.25	1	2	8566
17.15	0.25	1	2	8575
17.166	0.25	0	1	8583
17.182	0.25	0	1	8591
17.2	0.25	0	1	8600
17.216	0.25	0	1	8608
17.232	0.25	0	1	8616
17.25	0.25	0	1	8625
17.266	0.25	1	2	8633
17.282	0.25	1	2	8641
17.3	0.25	1	2	8650
17.316	0.25	1	2	8658
17.332	0.25	0	1	8666
17.35	0.25	0	1	8675
17.366	0.25	1	2	8683
17.382	0.25	1	2	8691
17.4	0.25	0	1	8700
17.416	0.25	0	1	8708
17.432	0.25	0	1	8716
17.45	0.25	0	1	8725
17.466	0.25	0	1	8733
17.482	0.25	0	1	8741
17.5	0.25	1	2	8750
17.516	0.25	1	2	8758
17.532	0.25	0	1	8766
17.55	0.25	0	1	8775
17.566	0.25	1	2	8783
17.582	0.25	1	2	8791
17.6	0.25	0	1	8800
17.616	0.25	0	1	8808
17.632	0.25	0	1	8816
17.65	0.25	0	1	8825
17.666	0.25	1	2	8833
19.15	0.25	1	2	9575
19.166	0.25	1	2	9583
19.182	0.25	1	2	9591
19.2	0.25	1	2	9600
19.216	0.25	0	1	9608
19.232	0.25	0	1	9616
19.25	0.25	1	2	9625
19.266	0.25	1	2	9633
19.282	0.25	1	2	9641
19.3	0.25	1	2	9650
19.316	0.25	0	1	9658
19.332	0.25	0	1	9666
19.35	0.25	1	2	9675
19.366	0.25	1	2	9683
19.382	0.25	1	2	9691
19.4	0.25	1	2	9700
19.416	0.25	0	1	9708
19.432	0.25	0	1	9716
19.45	0.25	1	2	9725
19.466	0.25	1	2	9733
19.482	0.25	1	2	9741
19.5	0.25	1	2	9750
19.516	0.25	0	1	9758
19.532	0.25	0	1	9766
19.55	0.25	0	1	9775
19.566	0.25	0	1	9783
19.582	0.25	0	1	9791
19.6	0.25	0	1	9800
19.616	0.25	1	2	9808
19.632	0.25	1	2	9816
19.65	0.25	1	2	9825
19.666	0.25	1	2	9833
19.682	0.25	1	2	9841
19.7	0.25	1	2	9850
19.716	0.25	0	1	9858
19.732	0.25	0	1	9866
19.75	0.25	0	1	9875
19.766	0.25	0	1	9883
19.782	0.25	0	1	9891
19.8	0.25	0	1	9900
19.816	0.25	1	2	9908
19.832	0.25	1	2	9916
19.85	0.25	1	2	9925
19.866	0.25	1	2	9933
19.882	0.25	1	2	9941
19.9	0.25	1	2	9950
19.916	0.25	1	2	9958
19.932	0.25	1	2	9966
19.95	0.25	1	2	9975
19.966	0.25	1	2	9983
19.982	0.25	0	1	9991
20.0	0.25	0	1	10000
20.016	0.25	0	1	10008
20.032	0.25	0	1	10016
20.05	0.25	1	2	10025
20.066	0.25	1	2	10033
20.082	0.25	0	1	10041
20.1	0.25	0	1	10050
20.116	0.25	1	2	10058
20.132	0.25	1	2	10066
20.15	0.25	0	1	10075
20.166	0.25	0	1	10083
20.182	0.25	0	1	10091
20.2	0.25	0	1	10100
20.216	0.25	1	2	10108
20.232	0.25	1	2	10116
20.25	0.25	1	2	10125
20.266	0.25	1	2	10133
20.282	0.25	0	1	10141
20.3	0.25	0	1	10150
20.316	0.25	0	1	10158
20.332	0.25	0	1	10166
20.35	0.25	0	1	10175
20.366	0.25	0	1	10183
20.382	0.25	0	1	10191
20.4	0.25	0	1	10200
20.416	0.25	1	2	10208
20.432	0.25	1	2	10216
20.45	0.25	0	1	10225
20.466	0.25	0	1	10233
20.482	0.25	0	1	10241
20.5	0.25	0	1	10250
20.516	0.25	0	1	10258
20.532	0.25	0	1	10266
20.55	0.25	0	1	10275
20.566	0.25	0	1	10283
20.582	0.25	1	2	10291
20.6	0.25	1	2	10300
20.616	0.25	1	2	10308
20.632	0.25	1	2	10316
20.65	0.25	1	2	10325
20.666	0.25	1	2	10333
20.682	0.25	1	2	10341
20.7	0.25	1	2	10350
20.716	0.25	1	2	10358
20.732	0.25	1	2	10366
20.75	0.25	1	2	10375
20.766	0.25	1	2	10383
20.782	0.25	0	1	10391
20.8	0.25	0	1	10400
20.816	0.25	1	2	10408
20.832	0.25	1	2	10416
20.85	0.25	0	1	10425
20.866	0.25	0	1	10433
20.882	0.25	1	2	10441
20.9	0.25	1	2	10450
20.916	0.25	0	1	10458
20.932	0.25	0	1	10466
20.95	0.25	0	1	10475
20.966	0.25	0	1	10483
20.982	0.25	1	2	10491
21.0	0.25	1	2	10500
21.016	0.25	1	2	10508
21.032	0.25	1	2	10516
21.05	0.25	0	1	10525
21.066	0.25	0	1	10533
21.082	0.25	0	1	10541
22.566	0.25	1	2	11283
22.582	0.25	1	2	11291
22.6	0.25	1	2	11300
22.616	0.25	1	2	11308
22.632	0.25	0	1	11316
22.65	0.25	0	1	11325
22.666	0.25	0	1	11333
22.682	0.25	0	1	11341
22.7	0.25	0	1	11350
22.716	0.25	0	1	11358
22.732	0.25	0	1	11366
22.75	0.25	0	1	11375
22.766	0.25	1	2	11383
22.782	0.25	1	2	11391
22.8	0.25	0	1	11400
22.816	0.25	0	1	11408
22.832	0.25	0	1	11416
22.85	0.25	0	1	11425
22.866	0.25	1	2	11433
22.882	0.25	1	2	11441
22.9	0.25	1	2	11450
22.916	0.25	1	2	11458
22.932	0.25	0	1	11466
22.95	0.25	0	1	11475
22.966	0.25	0	1	11483
22.982	0.25	0	1	11491
23.0	0.25	0	1	11500
23.016	0.25	0	1	11508
23.032	0.25	0	1	11516
23.05	0.25	0	1	11525
23.066	0.25	0	1	11533
23.082	0.25	0	1	11541
23.1	0.25	0	1	11550
23.116	0.25	0	1	11558
23.132	0.25	1	2	11566
23.15	0.25	1	2	11575
23.166	0.25	0	1	11583
23.182	0.25	0	1	11591
23.2	0.25	1	2	11600
23.216	0.25	1	2	11608
23.232	0.25	1	2	11616
23.25	0.25	1	2	11625
23.266	0.25	0	1	11633
23.282	0.25	0	1	11641
23.3	0.25	1	2	11650
23.316	0.25	1	2	11658
23.332	0.25	0	1	11666
23.35	0.25	0	1	11675
23.366	0.25	1	2	11683
23.382	0.25	1	2	11691
23.4	0.25	0	1	11700
23.416	0.25	0	1	11708
23.432	0.25	1	2	11716
23.45	0.25	1	2	11725
23.466	0.25	0	1	11733
23.482	0.25	0	1	11741
23.5	0.25	0	1	11750
23.516	0.25	0	1	11758
23.532	0.25	0	1	11766
23.55	0.25	0	1	11775
23.566	0.25	1	2	11783
23.582	0.25	1	2	11791
23.6	0.25	1	2	11800
23.616	0.25	1	2	11808
23.632	0.25	1	2	11816
23.65	0.25	1	2	11825
23.666	0.25	0	1	11833
23.682	0.25	0	1	11841
23.7	0.25	1	2	11850
23.716	0.25	1	2	11858
23.732	0.25	1	2	11866
23.75	0.25	1	2	11875
23.766	0.25	1	2	11883
23.782	0.25	1	2	11891
23.8	0.25	0	1	11900
23.816	0.25	0	1	11908
23.832	0.25	1	2	11916
23.85	0.25	1	2	11925
23.866	0.25	0	1	11933
23.882	0.25	0	1	11941
23.9	0.25	1	2	11950
23.916	0.25	1	2	11958
23.932	0.25	1	2	11966
23.95	0.25	1	2	11975
23.966	0.25	0	1	11983
23.982	0.25	0	1	11991
24.0	0.25	0	1	12000
24.016	0.25	0	1	12008
24.032	0.25	0	1	12016
24.05	0.25	0	1	12025
24.066	0.25	1	2	12033
24.082	0.25	1	2	12041
24.1	0.25	1	2	12050
24.116	0.25	1	2	12058
24.132	0.25	0	1	12066
24.15	0.25	0	1	12075
24.166	0.25	1	2	12083
24.182	0.25	1	2	12091
24.2	0.25	1	2	12100
24.216	0.25	1	2	12108
24.232	0.25	1	2	12116
24.25	0.25	1	2	12125
24.266	0.25	0	1	12133
24.282	0.25	0	1	12141
24.3	0.25	0	1	12150
24.316	0.25	0	1	12158
24.332	0.25	0	1	12166
24.35	0.25	0	1	12175
24.366	0.25	0	1	12183
24.382	0.25	0	1	12191
24.4	0.25	0	1	12200
24.416	0.25	0	1	12208
24.432	0.25	1	2	12216
24.45	0.25	1	2	12225
24.466	0.25	1	2	12233
24.482	0.25	1	2	12241
24.5	0.25	1	2	12250
25.982	0.25	0	1	12991
26.0	0.25	0	1	13000
26.016	0.25	0	1	13008
26.032	0.25	0	1	13016
26.05	0.25	1	2	13025
26.066	0.25	1	2	13033
26.082	0.25	1	2	13041
26.1	0.25	1	2	13050
26.116	0.25	0	1	13058
26.132	0.25	0	1	13066
26.15	0.25	0	1	13075
26.166	0.25	0	1	13083
26.182	0.25	0	1	13091
26.2	0.25	0	1	13100
26.216	0.25	0	1	13108
26.232	0.25	0	1	13116
26.25	0.25	1	2	13125
26.266	0.25	1	2	13133
26.282	0.25	1	2	13141
26.3	0.25	1	2	13150
26.316	0.25	1	2	13158
26.332	0.25	1	2	13166
26.35	0.25	1	2	13175
26.366	0.25	1	2	13183
26.382	0.25	1	2	13191
26.4	0.25	1	2	13200
26.416	0.25	0	1	13208
26.432	0.25	0	1	13216
26.45	0.25	0	1	13225
26.466	0.25	0	1	13233
26.482	0.25	0	1	13241
26.5	0.25	0	1	13250
26.516	0.25	0	1	13258
26.532	0.25	0	1	13266
26.55	0.25	0	1	13275
26.566	0.25	0	1	13283
26.582	0.25	0	1	13291
26.6	0.25	0	1	13300
26.616	0.25	1	2	13308
26.632	0.25	1	2	13316
26.65	0.25	1	2	13325
26.666	0.25	1	2	13333
26.682	0.25	0	1	13341
26.7	0.25	0	1	13350
26.716	0.25	0	1	13358
26.732	0.25	0	1	13366
26.75	0.25	1	2	13375
26.766	0.25	1	2	13383
26.782	0.25	0	1	13391
26.8	0.25	0	1	13400
26.816	0.25	1	2	13408
26.832	0.25	1	2	13416
26.85	0.25	0	1	13425
26.866	0.25	0	1	13433
26.882	0.25	1	2	13441
26.9	0.25	1	2	13450
26.916	0.25	0	1	13458
26.932	0.25	0	1	13466
26.95	0.25	1	2	13475
26.966	0.25	1	2	13483
26.982	0.25	1	2	13491
27.0	0.25	1	2	13500
27.016	0.25	0	1	13508
27.032	0.25	0	1	13516
27.05	0.25	1	2	13525
27.066	0.25	1	2	13533
27.082	0.25	0	1	13541
27.1	0.25	0	1	13550
27.116	0.25	0	1	13558
27.132	0.25	0	1	13566
27.15	0.25	0	1	13575
27.166	0.25	0	1	13583
27.182	0.25	1	2	13591
27.2	0.25	1	2	13600
27.216	0.25	0	1	13608
27.232	0.25	0	1	13616
27.25	0.25	0	1	13625
27.266	0.25	0	1	13633
27.282	0.25	0	1	13641
27.3	0.25	0	1	13650
27.316	0.25	1	2	13658
27.332	0.25	1	2	13666
27.35	0.25	1	2	13675
27.366	0.25	1	2	13683
27.382	0.25	1	2	13691
27.4	0.25	1	2	13700
27.416	0.25	0	1	13708
27.432	0.25	0	1	13716
27.45	0.25	1	2	13725
27.466	0.25	1	2	13733
27.482	0.25	0	1	13741
27.5	0.25	0	1	13750
27.516	0.25	1	2	13758
27.532	0.25	1	2	13766
27.55	0.25	1	2	13775
27.566	0.25	1	2	13783
27.582	0.25	1	2	13791
27.6	0.25	1	2	13800
27.616	0.25	1	2	13808
27.632	0.25	1	2	13816
27.65	0.25	1	2	13825
27.666	0.25	1	2	13833
27.682	0.25	0	1	13841
27.7	0.25	0	1	13850
27.716	0.25	0	1	13858
27.732	0.25	0	1	13866
27.75	0.25	1	2	13875
27.766	0.25	1	2	13883
27.782	0.25	0	1	13891
27.8	0.25	0	1	13900
27.816	0.25	0	1	13908
27.832	0.25	0	1	13916
27.85	0.25	0	1	13925
27.866	0.25	0	1	13933
27.882	0.25	1	2	13941
27.9	0.25	1	2	13950
27.916	0.25	1	2	13958
30.216	0.25	0	1	15108
30.232	0.25	0	1	15116
30.25	0.25	0	1	15125
30.266	0.25	0	1	15133
30.282	0.25	1	2	15141
30.3	0.25	1	2	15150
30.316	0.25	1	2	15158
30.332	0.25	1	2	15166
30.35	0.25	0	1	15175
30.366	0.25	0	1	15183
30.382	0.25	0	1	15191
30.4	0.25	0	1	15200
30.416	0.25	0	1	15208
30.432	0.25	0	1	15216
30.45	0.25	0	1	15225
30.466	0.25	0	1	15233
30.482	0.25	1	2	15241
30.5	0.25	1	2	15250
30.516	0.25	1	2	15258
30.532	0.25	1	2	15266
30.55	0.25	1	2	15275
30.566	0.25	1	2	15283
30.582	0.25	1	2	15291
30.6	0.25	1	2	15300
30.616	0.25	1	2	15308
30.632	0.25	1	2	15316
30.65	0.25	0	1	15325
30.666	0.25	0	1	15333
30.682	0.25	0	1	15341
30.7	0.25	0	1	15350
30.716	0.25	0	1	15358
30.732	0.25	0	1	15366
30.75	0.25	0	1	15375
30.766	0.25	0	1	15383
30.782	0.25	0	1	15391
30.8	0.25	0	1	15400
30.816	0.25	0	1	15408
30.832	0.25	0	1	15416
30.85	0.25	1	2	15425
30.866	0.25	1	2	15433
30.882	0.25	1	2	15441
30.9	0.25	1	2	15450
30.916	0.25	0	1	15458
30.932	0.25	0	1	15466
30.95	0.25	0	1	15475
30.966	0.25	0	1	15483
30.982	0.25	1	2	15491
31.0	0.25	1	2	15500
31.016	0.25	0	1	15508
31.032	0.25	0	1	15516
31.05	0.25	1	2	15525
31.066	0.25	1	2	15533
31.082	0.25	0	1	15541
31.1	0.25	0	1	15550
31.116	0.25	1	2	15558
31.132	0.25	1	2	15566
31.15	0.25	0	1	15575
31.166	0.25	0	1	15583
31.182	0.25	1	2	15591
31.2	0.25	1	2	15600
31.216	0.25	1	2	15608
31.232	0.25	1	2	15616
31.25	0.25	0	1	15625
31.266	0.25	0	1	15633
31.282	0.25	1	2	15641
31.3	0.25	1	2	15650
31.316	0.25	0	1	15658
31.332	0.25	0	1	15666
31.35	0.25	0	1	15675
31.366	0.25	0	1	15683
31.382	0.25	0	1	15691
31.4	0.25	0	1	15700
31.416	0.25	1	2	15708
31.432	0.25	1	2	15716
31.45	0.25	0	1	15725
31.466	0.25	0	1	15733
31.482	0.25	0	1	15741
31.5	0.25	0	1	15750
31.516	0.25	0	1	15758
31.532	0.25	0	1	15766
31.55	0.25	1	2	15775
31.566	0.25	1	2	15783
31.582	0.25	1	2	15791
31.6	0.25	1	2	15800
31.616	0.25	1	2	15808
31.632	0.25	1	2	15816
31.65	0.25	0	1	15825
31.666	0.25	0	1	15833
31.682	0.25	1	2	15841
31.7	0.25	1	2	15850
31.716	0.25	0	1	15858
31.732	0.25	0	1	15866
31.75	0.25	1	2	15875
31.766	0.25	1	2	15883
31.782	0.25	1	2	15891
31.8	0.25	1	2	15900
31.816	0.25	1	2	15908
31.832	0.25	1	2	15916
31.85	0.25	1	2	15925
31.866	0.25	1	2	15933
31.882	0.25	1	2	15941
31.9	0.25	1	2	15950
31.916	0.25	0	1	15958
31.932	0.25	0	1	15966
31.95	0.25	0	1	15975
31.966	0.25	0	1	15983
31.982	0.25	1	2	15991
32.0	0.25	1	2	16000
32.016	0.25	0	1	16008
32.032	0.25	0	1	16016
32.048	0.25	0	1	16024
32.066	0.25	0	1	16033
32.082	0.25	0	1	16041
32.1	0.25	0	1	16050
32.116	0.25	1	2	16058
32.132	0.25	1	2	16066
32.15	0.25	1	2	16075
33.632	0.25	1	2	16816
33.65	0.25	1	2	16825
33.666	0.25	1	2	16833
33.682	0.25	1	2	16841
33.7	0.25	0	1	16850
33.716	0.25	0	1	16858
33.732	0.25	0	1	16866
33.75	0.25	0	1	16875
33.766	0.25	0	1	16883
33.782	0.25	0	1	16891
33.8	0.25	0	1	16900
33.816	0.25	0	1	16908
33.832	0.25	1	2	16916
33.85	0.25	1	2	16925
33.866	0.25	0	1	16933
33.882	0.25	0	1	16941
33.9	0.25	0	1	16950
33.916	0.25	0	1	16958
33.932	0.25	1	2	16966
33.95	0.25	1	2	16975
33.966	0.25	1	2	16983
33.982	0.25	1	2	16991
34.0	0.25	0	1	17000
34.016	0.25	0	1	17008
34.032	0.25	0	1	17016
34.05	0.25	0	1	17025
34.066	0.25	0	1	17033
34.082	0.25	0	1	17041
34.1	0.25	0	1	17050
34.116	0.25	0	1	17058
34.132	0.25	0	1	17066
34.15	0.25	0	1	17075
34.166	0.25	0	1	17083
34.182	0.25	0	1	17091
34.2	0.25	1	2	17100
34.216	0.25	1	2	17108
34.232	0.25	0	1	17116
34.25	0.25	0	1	17125
34.266	0.25	1	2	17133
34.282	0.25	1	2	17141
34.3	0.25	1	2	17150
34.316	0.25	1	2	17158
34.332	0.25	0	1	17166
34.35	0.25	0	1	17175
34.366	0.25	1	2	17183
34.382	0.25	1	2	17191
34.4	0.25	0	1	17200
34.416	0.25	0	1	17208
34.432	0.25	1	2	17216
34.45	0.25	1	2	17225
34.466	0.25	0	1	17233
34.482	0.25	0	1	17241
34.5	0.25	1	2	17250
34.516	0.25	1	2	17258
34.532	0.25	0	1	17266
34.55	0.25	0	1	17275
34.566	0.25	0	1	17283
34.582	0.25	0	1	17291
34.6	0.25	0	1	17300
34.616	0.25	0	1	17308
34.632	0.25	1	2	17316
34.65	0.25	1	2	17325
34.666	0.25	1	2	17333
34.682	0.25	1	2	17341
34.7	0.25	1	2	17350
34.716	0.25	1	2	17358
34.732	0.25	0	1	17366
34.75	0.25	0	1	17375
34.766	0.25	1	2	17383
34.782	0.25	1	2	17391
34.8	0.25	1	2	17400
34.816	0.25	1	2	17408
34.832	0.25	1	2	17416
34.85	0.25	1	2	17425
34.866	0.25	0	1	17433
34.882	0.25	0	1	17441
34.9	0.25	1	2	17450
34.916	0.25	1	2	17458
34.932	0.25	0	1	17466
34.95	0.25	0	1	17475
34.966	0.25	1	2	17483
34.982	0.25	1	2	17491
35.0	0.25	1	2	17500
35.016	0.25	1	2	17508
35.032	0.25	0	1	17516
35.05	0.25	0	1	17525
35.066	0.25	0	1	17533
35.082	0.25	0	1	17541
35.1	0.25	0	1	17550
35.116	0.25	0	1	17558
35.132	0.25	1	2	17566
35.15	0.25	1	2	17575
35.166	0.25	1	2	17583
35.182	0.25	1	2	17591
35.2	0.25	0	1	17600
35.216	0.25	0	1	17608
35.232	0.25	1	2	17616
35.25	0.25	1	2	17625
35.266	0.25	1	2	17633
35.282	0.25	1	2	17641
35.3	0.25	1	2	17650
35.316	0.25	1	2	17658
35.332	0.25	0	1	17666
35.35	0.25	0	1	17675
35.366	0.25	0	1	17683
35.382	0.25	0	1	17691
35.4	0.25	0	1	17700
35.416	0.25	0	1	17708
35.432	0.25	0	1	17716
35.45	0.25	0	1	17725
35.466	0.25	0	1	17733
35.482	0.25	0	1	17741
35.5	0.25	1	2	17750
35.516	0.25	1	2	17758
35.532	0.25	1	2	17766
35.55	0.25	1	2	17775
35.566	0.25	1	2	17783
37.05	0.25	1	2	18525
37.066	0.25	1	2	18533
37.082	0.25	1	2	18541
37.1	0.25	1	2	18550
37.116	0.25	0	1	18558
37.132	0.25	0	1	18566
37.15	0.25	1	2	18575
37.166	0.25	1	2	18583
37.182	0.25	1	2	18591
37.2	0.25	1	2	18600
37.216	0.25	0	1	18608
37.232	0.25	0	1	18616
37.25	0.25	1	2	18625
37.266	0.25	1	2	18633
37.282	0.25	1	2	18641
37.3	0.25	1	2	18650
37.316	0.25	0	1	18658
37.332	0.25	0	1	18666
37.35	0.25	1	2	18675
37.366	0.25	1	2	18683
37.382	0.25	1	2	18691
37.4	0.25	1	2	18700
37.416	0.25	0	1	18708
37.432	0.25	0	1	18716
37.45	0.25	0	1	18725
37.466	0.25	0	1	18733
37.482	0.25	0	1	18741
37.5	0.25	0	1	18750
37.516	0.25	1	2	18758
37.532	0.25	1	2	18766
37.55	0.25	1	2	18775
37.566	0.25	1	2	18783
37.582	0.25	1	2	18791
37.6	0.25	1	2	18800
37.616	0.25	0	1	18808
37.632	0.25	0	1	18816
37.65	0.25	0	1	18825
37.666	0.25	0	1	18833
37.682	0.25	0	1	18841
37.7	0.25	0	1	18850
37.716	0.25	1	2	18858
37.732	0.25	1	2	18866
37.75	0.25	1	2	18875
37.766	0.25	1	2	18883
37.782	0.25	1	2	18891
37.8	0.25	1	2	18900
37.816	0.25	1	2	18908
37.832	0.25	1	2	18916
37.85	0.25	1	2	18925
37.866	0.25	1	2	18933
37.882	0.25	0	1	18941
37.9	0.25	0	1	18950
37.916	0.25	0	1	18958
37.932	0.25	0	1	18966
37.95	0.25	1	2	18975
37.966	0.25	1	2	18983
37.982	0.25	0	1	18991
38.0	0.25	0	1	19000
38.016	0.25	1	2	19008
38.032	0.25	1	2	19016
38.05	0.25	0	1	19025
38.066	0.25	0	1	19033
38.082	0.25	0	1	19041
38.1	0.25	0	1	19050
38.116	0.25	1	2	19058
38.132	0.25	1	2	19066
38.15	0.25	1	2	19075
38.166	0.25	1	2	19083
38.182	0.25	0	1	19091
38.2	0.25	0	1	19100
38.216	0.25	0	1	19108
38.232	0.25	0	1	19116
38.25	0.25	0	1	19125
38.266	0.25	0	1	19133
38.282	0.25	0	1	19141
38.3	0.25	0	1	19150
38.316	0.25	1	2	19158
38.332	0.25	1	2	19166
38.35	0.25	0	1	19175
38.366	0.25	0	1	19183
38.382	0.25	0	1	19191
38.4	0.25	0	1	19200
38.416	0.25	0	1	19208
38.432	0.25	0	1	19216
38.45	0.25	0	1	19225
38.466	0.25	0	1	19233
38.482	0.25	1	2	19241
38.5	0.25	1	2	19250
38.516	0.25	1	2	19258
38.532	0.25	1	2	19266
38.55	0.25	1	2	19275
38.566	0.25	1	2	19283
38.582	0.25	1	2	19291
38.6	0.25	1	2	19300
38.616	0.25	1	2	19308
38.632	0.25	1	2	19316
38.65	0.25	1	2	19325
38.666	0.25	1	2	19333
38.682	0.25	0	1	19341
38.7	0.25	0	1	19350
38.716	0.25	1	2	19358
38.732	0.25	1	2	19366
38.75	0.25	0	1	19375
38.766	0.25	0	1	19383
38.782	0.25	1	2	19391
38.8	0.25	1	2	19400
38.816	0.25	0	1	19408
38.832	0.25	0	1	19416
38.85	0.25	0	1	19425
38.866	0.25	0	1	19433
38.882	0.25	1	2	19441
38.9	0.25	1	2	19450
38.916	0.25	1	2	19458
38.932	0.25	1	2	19466
38.95	0.25	0	1	19475
38.966	0.25	0	1	19483
38.982	0.25	0	1	19491
40.466	0.25	1	2	20233
40.482	0.25	1	2	20241
40.5	0.25	1	2	20250
40.516	0.25	1	2	20258
40.532	0.25	1	2	20266
40.55	0.25	1	2	20275
40.566	0.25	1	2	20283
40.582	0.25	1	2	20291
40.6	0.25	1	2	20300
40.616	0.25	1	2	20308
40.632	0.25	1	2	20316
40.65	0.25	1	2	20325
40.666	0.25	1	2	20333
40.682	0.25	1	2	20341
40.7	0.25	0	1	20350
40.716	0.25	0	1	20358
40.732	0.25	0	1	20366
40.75	0.25	0	1	20375
40.766	0.25	1	2	20383
40.782	0.25	1	2	20391
40.8	0.25	1	2	20400
40.816	0.25	1	2	20408
40.832	0.25	0	1	20416
40.85	0.25	0	1	20425
40.866	0.25	0	1	20433
40.882	0.25	0	1	20441
40.9	0.25	1	2	20450
40.916	0.25	1	2	20458
40.932	0.25	1	2	20466
40.95	0.25	1	2	20475
40.966	0.25	0	1	20483
40.982	0.25	0	1	20491
41.0	0.25	0	1	20500
41.016	0.25	0	1	20508
41.032	0.25	1	2	20516
41.05	0.25	1	2	20525
41.066	0.25	0	1	20533
41.082	0.25	0	1	20541
41.1	0.25	1	2	20550
41.116	0.25	1	2	20558
41.132	0.25	1	2	20566
41.15	0.25	1	2	20575
41.166	0.25	0	1	20583
41.182	0.25	0	1	20591
41.2	0.25	1	2	20600
41.216	0.25	1	2	20608
41.232	0.25	0	1	20616
41.25	0.25	0	1	20625
41.266	0.25	0	1	20633
41.282	0.25	0	1	20641
41.3	0.25	1	2	20650
41.316	0.25	1	2	20658
41.332	0.25	0	1	20666
41.35	0.25	0	1	20675
41.366	0.25	1	2	20683
41.382	0.25	1	2	20691
41.4	0.25	1	2	20700
41.416	0.25	1	2	20708
41.432	0.25	1	2	20716
41.45	0.25	1	2	20725
41.466	0.25	0	1	20733
41.482	0.25	0	1	20741
41.5	0.25	0	1	20750
41.516	0.25	0	1	20758
41.532	0.25	0	1	20766
41.55	0.25	0	1	20775
41.566	0.25	1	2	20783
41.582	0.25	1	2	20791
41.6	0.25	0	1	20800
41.616	0.25	0	1	20808
41.632	0.25	1	2	20816
41.65	0.25	1	2	20825
41.666	0.25	1	2	20833
41.682	0.25	1	2	20841
41.7	0.25	1	2	20850
41.716	0.25	1	2	20858
41.732	0.25	0	1	20866
41.75	0.25	0	1	20875
41.766	0.25	0	1	20883
41.782	0.25	0	1	20891
41.8	0.25	1	2	20900
41.816	0.25	1	2	20908
41.832	0.25	0	1	20916
41.85	0.25	0	1	20925
41.866	0.25	1	2	20933
41.882	0.25	1	2	20941
41.9	0.25	0	1	20950
41.916	0.25	0	1	20958
41.932	0.25	0	1	20966
41.95	0.25	0	1	20975
41.966	0.25	0	1	20983
41.982	0.25	0	1	20991
42.0	0.25	1	2	21000
42.016	0.25	1	2	21008
42.032	0.25	1	2	21016
42.05	0.25	1	2	21025
42.066	0.25	0	1	21033
42.082	0.25	0	1	21041
42.1	0.25	1	2	21050
42.116	0.25	1	2	21058
42.132	0.25	0	1	21066
42.15	0.25	0	1	21075
42.166	0.25	0	1	21083
42.182	0.25	0	1	21091
42.2	0.25	0	1	21100
42.216	0.25	0	1	21108
42.232	0.25	1	2	21116
42.25	0.25	1	2	21125
42.266	0.25	0	1	21133
42.282	0.25	0	1	21141
42.3	0.25	1	2	21150
42.316	0.25	1	2	21158
42.332	0.25	0	1	21166
42.35	0.25	0	1	21175
42.366	0.25	0	1	21183
42.382	0.25	0	1	21191
42.4	0.25	1	2	21200
44.582	0.25	1	2	22291
44.6	0.25	1	2	22300
44.616	0.25	1	2	22308
44.632	0.25	1	2	22316
44.65	0.25	1	2	22325
44.666	0.25	1	2	22333
44.682	0.25	1	2	22341
44.7	0.25	1	2	22350
44.716	0.25	1	2	22358
44.732	0.25	1	2	22366
44.75	0.25	1	2	22375
44.766	0.25	1	2	22383
44.782	0.25	1	2	22391
44.8	0.25	1	2	22400
44.816	0.25	0	1	22408
44.832	0.25	0	1	22416
44.85	0.25	0	1	22425
44.866	0.25	0	1	22433
44.882	0.25	1	2	22441
44.9	0.25	1	2	22450
44.916	0.25	1	2	22458
44.932	0.25	1	2	22466
44.95	0.25	0	1	22475
44.966	0.25	0	1	22483
44.982	0.25	0	1	22491
45.0	0.25	0	1	22500
45.016	0.25	1	2	22508
45.032	0.25	1	2	22516
45.05	0.25	1	2	22525
45.066	0.25	1	2	22533
45.082	0.25	0	1	22541
45.1	0.25	0	1	22550
45.116	0.25	0	1	22558
45.132	0.25	0	1	22566
45.15	0.25	1	2	22575
45.166	0.25	1	2	22583
45.182	0.25	0	1	22591
45.2	0.25	0	1	22600
45.216	0.25	1	2	22608
45.232	0.25	1	2	22616
45.25	0.25	1	2	22625
45.266	0.25	1	2	22633
45.282	0.25	0	1	22641
45.3	0.25	0	1	22650
45.316	0.25	1	2	22658
45.332	0.25	1	2	22666
45.35	0.25	0	1	22675
45.366	0.25	0	1	22683
45.382	0.25	0	1	22691
45.4	0.25	0	1	22700
45.416	0.25	1	2	22708
45.432	0.25	1	2	22716
45.45	0.25	0	1	22725
45.466	0.25	0	1	22733
45.482	0.25	1	2	22741
45.5	0.25	1	2	22750
45.516	0.25	1	2	22758
45.532	0.25	1	2	22766
45.55	0.25	1	2	22775
45.566	0.25	1	2	22783
45.582	0.25	0	1	22791
45.6	0.25	0	1	22800
45.616	0.25	0	1	22808
45.632	0.25	0	1	22816
45.65	0.25	0	1	22825
45.666	0.25	0	1	22833
45.682	0.25	1	2	22841
45.7	0.25	1	2	22850
45.716	0.25	0	1	22858
45.732	0.25	0	1	22866
45.75	0.25	1	2	22875
45.766	0.25	1	2	22883
45.782	0.25	1	2	22891
45.8	0.25	1	2	22900
45.816	0.25	1	2	22908
45.832	0.25	1	2	22916
45.85	0.25	0	1	22925
45.866	0.25	0	1	22933
45.882	0.25	0	1	22941
45.9	0.25	0	1	22950
45.916	0.25	1	2	22958
45.932	0.25	1	2	22966
45.95	0.25	0	1	22975
45.966	0.25	0	1	22983
45.982	0.25	1	2	22991
46.0	0.25	1	2	23000
46.016	0.25	0	1	23008
46.032	0.25	0	1	23016
46.05	0.25	0	1	23025
46.066	0.25	0	1	23033
46.082	0.25	0	1	23041
46.1	0.25	0	1	23050
46.116	0.25	1	2	23058
46.132	0.25	1	2	23066
46.15	0.25	1	2	23075
46.166	0.25	1	2	23083
46.182	0.25	0	1	23091
46.2	0.25	0	1	23100
46.216	0.25	1	2	23108
46.232	0.25	1	2	23116
46.25	0.25	0	1	23125
46.266	0.25	0	1	23133
46.282	0.25	0	1	23141
46.3	0.25	0	1	23150
46.316	0.25	0	1	23158
46.332	0.25	0	1	23166
46.35	0.25	1	2	23175
46.366	0.25	1	2	23183
46.382	0.25	0	1	23191
46.4	0.25	0	1	23200
46.416	0.25	1	2	23208
46.432	0.25	1	2	23216
46.45	0.25	0	1	23225
46.466	0.25	0	1	23233
46.482	0.25	0	1	23241
46.5	0.25	0	1	23250
46.516	0.25	1	2	23258
48.0	0.25	1	2	24000
48.016	0.25	1	2	24008
48.032	0.25	1	2	24016
48.05	0.25	1	2	24025
48.066	0.25	0	1	24033
48.082	0.25	0	1	24041
48.1	0.25	0	1	24050
48.116	0.25	0	1	24058
48.132	0.25	0	1	24066
48.15	0.25	0	1	24075
48.166	0.25	0	1	24083
48.182	0.25	0	1	24091
48.2	0.25	1	2	24100
48.216	0.25	1	2	24108
48.232	0.25	0	1	24116
48.25	0.25	0	1	24125
48.266	0.25	0	1	24133
48.282	0.25	0	1	24141
48.3	0.25	1	2	24150
48.316	0.25	1	2	24158
48.332	0.25	1	2	24166
48.35	0.25	1	2	24175
48.366	0.25	0	1	24183
48.382	0.25	0	1	24191
48.4	0.25	0	1	24200
48.416	0.25	0	1	24208
48.432	0.25	0	1	24216
48.45	0.25	0	1	24225
48.466	0.25	0	1	24233
48.482	0.25	0	1	24241
48.5	0.25	0	1	24250
48.516	0.25	0	1	24258
48.532	0.25	0	1	24266
48.55	0.25	0	1	24275
48.566	0.25	1	2	24283
48.582	0.25	1	2	24291
48.6	0.25	0	1	24300
48.616	0.25	0	1	24308
48.632	0.25	1	2	24316
48.65	0.25	1	2	24325
48.666	0.25	1	2	24333
48.682	0.25	1	2	24341
48.7	0.25	0	1	24350
48.716	0.25	0	1	24358
48.732	0.25	1	2	24366
48.75	0.25	1	2	24375
48.766	0.25	0	1	24383
48.782	0.25	0	1	24391
48.8	0.25	1	2	24400
48.816	0.25	1	2	24408
48.832	0.25	0	1	24416
48.85	0.25	0	1	24425
48.866	0.25	1	2	24433
48.882	0.25	1	2	24441
48.9	0.25	0	1	24450
48.916	0.25	0	1	24458
48.932	0.25	0	1	24466
48.95	0.25	0	1	24475
48.966	0.25	0	1	24483
48.982	0.25	0	1	24491
49.0	0.25	1	2	24500
49.016	0.25	1	2	24508
49.032	0.25	1	2	24516
49.05	0.25	1	2	24525
49.066	0.25	1	2	24533
49.082	0.25	1	2	24541
49.1	0.25	0	1	24550
49.116	0.25	0	1	24558
49.132	0.25	1	2	24566
49.15	0.25	1	2	24575
49.166	0.25	1	2	24583
49.182	0.25	1	2	24591
49.2	0.25	1	2	24600
49.216	0.25	1	2	24608
49.232	0.25	0	1	24616
49.25	0.25	0	1	24625
49.266	0.25	1	2	24633
49.282	0.25	1	2	24641
49.3	0.25	0	1	24650
49.316	0.25	0	1	24658
49.332	0.25	1	2	24666
49.35	0.25	1	2	24675
49.366	0.25	1	2	24683
49.382	0.25	1	2	24691
49.4	0.25	0	1	24700
49.416	0.25	0	1	24708
49.432	0.25	0	1	24716
49.45	0.25	0	1	24725
49.466	0.25	0	1	24733
49.482	0.25	0	1	24741
49.5	0.25	1	2	24750
49.516	0.25	1	2	24758
49.532	0.25	1	2	24766
49.55	0.25	1	2	24775
49.566	0.25	0	1	24783
49.582	0.25	0	1	24791
49.6	0.25	1	2	24800
49.616	0.25	1	2	24808
49.632	0.25	1	2	24816
49.65	0.25	1	2	24825
49.666	0.25	1	2	24833
49.682	0.25	1	2	24841
49.7	0.25	0	1	24850
49.716	0.25	0	1	24858
49.732	0.25	0	1	24866
49.75	0.25	0	1	24875
49.766	0.25	0	1	24883
49.782	0.25	0	1	24891
49.8	0.25	0	1	24900
49.816	0.25	0	1	24908
49.832	0.25	0	1	24916
49.85	0.25	0	1	24925
49.866	0.25	1	2	24933
49.882	0.25	1	2	24941
49.9	0.25	1	2	24950
49.916	0.25	1	2	24958
49.932	0.25	1	2	24966
51.416	0.25	0	1	25708
51.432	0.25	0	1	25716
51.45	0.25	0	1	25725
51.466	0.25	0	1	25733
51.482	0.25	1	2	25741
51.5	0.25	1	2	25750
51.516	0.25	1	2	25758
51.532	0.25	1	2	25766
51.55	0.25	0	1	25775
51.566	0.25	0	1	25783
51.582	0.25	0	1	25791
51.6	0.25	0	1	25800
51.616	0.25	0	1	25808
51.632	0.25	0	1	25816
51.65	0.25	0	1	25825
51.666	0.25	0	1	25833
51.682	0.25	1	2	25841
51.7	0.25	1	2	25850
51.716	0.25	1	2	25858
51.732	0.25	1	2	25866
51.75	0.25	1	2	25875
51.766	0.25	1	2	25883
51.782	0.25	1	2	25891
51.8	0.25	1	2	25900
51.816	0.25	1	2	25908
51.832	0.25	1	2	25916
51.85	0.25	0	1	25925
51.866	0.25	0	1	25933
51.882	0.25	0	1	25941
51.9	0.25	0	1	25950
51.916	0.25	0	1	25958
51.932	0.25	0	1	25966
51.95	0.25	0	1	25975
51.966	0.25	0	1	25983
51.982	0.25	0	1	25991
52.0	0.25	0	1	26000
52.016	0.25	0	1	26008
52.032	0.25	0	1	26016
52.05	0.25	1	2	26025
52.066	0.25	1	2	26033
52.082	0.25	1	2	26041
52.1	0.25	1	2	26050
52.116	0.25	0	1	26058
52.132	0.25	0	1	26066
52.15	0.25	0	1	26075
52.166	0.25	0	1	26083
52.182	0.25	1	2	26091
52.2	0.25	1	2	26100
52.216	0.25	0	1	26108
52.232	0.25	0	1	26116
52.25	0.25	1	2	26125
52.266	0.25	1	2	26133
52.282	0.25	0	1	26141
52.3	0.25	0	1	26150
52.316	0.25	1	2	26158
52.332	0.25	1	2	26166
52.35	0.25	0	1	26175
52.366	0.25	0	1	26183
52.382	0.25	1	2	26191
52.4	0.25	1	2	26200
52.416	0.25	1	2	26208
52.432	0.25	1	2	26216
52.45	0.25	0	1	26225
52.466	0.25	0	1	26233
52.482	0.25	1	2	26241
52.5	0.25	1	2	26250
52.516	0.25	0	1	26258
52.532	0.25	0	1	26266
52.55	0.25	0	1	26275
52.566	0.25	0	1	26283
52.582	0.25	0	1	26291
52.6	0.25	0	1	26300
52.616	0.25	1	2	26308
52.632	0.25	1	2	26316
52.65	0.25	0	1	26325
52.666	0.25	0	1	26333
52.682	0.25	0	1	26341
52.7	0.25	0	1	26350
52.716	0.25	0	1	26358
52.732	0.25	0	1	26366
52.75	0.25	1	2	26375
52.766	0.25	1	2	26383
52.782	0.25	1	2	26391
52.8	0.25	1	2	26400
52.816	0.25	1	2	26408
52.832	0.25	1	2	26416
52.85	0.25	0	1	26425
52.866	0.25	0	1	26433
52.882	0.25	1	2	26441
52.9	0.25	1	2	26450
52.916	0.25	0	1	26458
52.932	0.25	0	1	26466
52.95	0.25	1	2	26475
52.966	0.25	1	2	26483
52.982	0.25	1	2	26491
53.0	0.25	1	2	26500
53.016	0.25	1	2	26508
53.032	0.25	1	2	26516
53.05	0.25	1	2	26525
53.066	0.25	1	2	26533
53.082	0.25	1	2	26541
53.1	0.25	1	2	26550
53.116	0.25	0	1	26558
53.132	0.25	0	1	26566
53.15	0.25	0	1	26575
53.166	0.25	0	1	26583
53.182	0.25	1	2	26591
53.2	0.25	1	2	26600
53.216	0.25	0	1	26608
53.232	0.25	0	1	26616
53.25	0.25	0	1	26625
53.266	0.25	0	1	26633
53.282	0.25	0	1	26641
53.3	0.25	0	1	26650
53.316	0.25	1	2	26658
53.332	0.25	1	2	26666
53.35	0.25	1	2	26675
54.832	0.25	1	2	27416
54.85	0.25	1	2	27425
54.866	0.25	1	2	27433
54.882	0.25	1	2	27441
54.9	0.25	0	1	27450
54.916	0.25	0	1	27458
54.932	0.25	1	2	27466
54.95	0.25	1	2	27475
54.966	0.25	1	2	27483
54.982	0.25	1	2	27491
55.0	0.25	0	1	27500
55.016	0.25	0	1	27508
55.032	0.25	1	2	27516
55.05	0.25	1	2	27525
55.066	0.25	1	2	27533
55.082	0.25	1	2	27541
55.1	0.25	0	1	27550
55.116	0.25	0	1	27558
55.132	0.25	1	2	27566
55.15	0.25	1	2	27575
55.166	0.25	1	2	27583
55.182	0.25	1	2	27591
55.2	0.25	0	1	27600
55.216	0.25	0	1	27608
55.232	0.25	0	1	27616
55.25	0.25	0	1	27625
55.266	0.25	0	1	27633
55.282	0.25	0	1	27641
55.3	0.25	1	2	27650
55.316	0.25	1	2	27658
55.332	0.25	1	2	27666
55.35	0.25	1	2	27675
55.366	0.25	1	2	27683
55.382	0.25	1	2	27691
55.4	0.25	0	1	27700
55.416	0.25	0	1	27708
55.432	0.25	0	1	27716
55.45	0.25	0	1	27725
55.466	0.25	0	1	27733
55.482	0.25	0	1	27741
55.5	0.25	1	2	27750
55.516	0.25	1	2	27758
55.532	0.25	1	2	27766
55.55	0.25	1	2	27775
55.566	0.25	1	2	27783
55.582	0.25	1	2	27791
55.6	0.25	1	2	27800
55.616	0.25	1	2	27808
55.632	0.25	1	2	27816
55.65	0.25	1	2	27825
55.666	0.25	0	1	27833
55.682	0.25	0	1	27841
55.7	0.25	0	1	27850
55.716	0.25	0	1	27858
55.732	0.25	1	2	27866
55.75	0.25	1	2	27875
55.766	0.25	0	1	27883
55.782	0.25	0	1	27891
55.8	0.25	1	2	27900
55.816	0.25	1	2	27908
55.832	0.25	0	1	27916
55.85	0.25	0	1	27925
55.866	0.25	0	1	27933
55.882	0.25	0	1	27941
55.9	0.25	1	2	27950
55.916	0.25	1	2	27958
55.932	0.25	1	2	27966
55.95	0.25	1	2	27975
55.966	0.25	0	1	27983
55.982	0.25	0	1	27991
56.0	0.25	0	1	28000
56.016	0.25	0	1	28008
56.032	0.25	0	1	28016
56.05	0.25	0	1	28025
56.066	0.25	0	1	28033
56.082	0.25	0	1	28041
56.1	0.25	1	2	28050
56.116	0.25	1	2	28058
56.132	0.25	0	1	28066
56.15	0.25	0	1	28075
56.166	0.25	0	1	28083
56.182	0.25	0	1	28091
56.2	0.25	0	1	28100
56.216	0.25	0	1	28108
56.232	0.25	0	1	28116
56.25	0.25	0	1	28125
56.266	0.25	1	2	28133
56.282	0.25	1	2	28141
56.3	0.25	1	2	28150
56.316	0.25	1	2	28158
56.332	0.25	1	2	28166
56.35	0.25	1	2	28175
56.366	0.25	1	2	28183
56.382	0.25	1	2	28191
56.4	0.25	1	2	28200
56.416	0.25	1	2	28208
56.432	0.25	1	2	28216
56.45	0.25	1	2	28225
56.466	0.25	0	1	28233
56.482	0.25	0	1	28241
56.5	0.25	1	2	28250
56.516	0.25	1	2	28258
56.532	0.25	0	1	28266
56.55	0.25	0	1	28275
56.566	0.25	1	2	28283
56.582	0.25	1	2	28291
56.6	0.25	0	1	28300
56.616	0.25	0	1	28308
56.632	0.25	0	1	28316
56.65	0.25	0	1	28325
56.666	0.25	1	2	28333
56.682	0.25	1	2	28341
56.7	0.25	1	2	28350
56.716	0.25	1	2	28358
56.732	0.25	0	1	28366
56.75	0.25	0	1	28375
56.766	0.25	0	1	28383
59.266	0.25	1	2	29633
59.282	0.25	1	2	29641
59.3	0.25	1	2	29650
59.316	0.25	1	2	29658
59.332	0.25	1	2	29666
59.35	0.25	1	2	29675
59.366	0.25	1	2	29683
59.382	0.25	1	2	29691
59.4	0.25	1	2	29700
59.416	0.25	1	2	29708
59.432	0.25	1	2	29716
59.45	0.25	1	2	29725
59.466	0.25	1	2	29733
59.482	0.25	1	2	29741
59.5	0.25	0	1	29750
59.516	0.25	0	1	29758
59.532	0.25	0	1	29766
59.55	0.25	0	1	29775
59.566	0.25	1	2	29783
59.582	0.25	1	2	29791
59.6	0.25	1	2	29800
59.616	0.25	1	2	29808
59.632	0.25	0	1	29816
59.65	0.25	0	1	29825
59.666	0.25	0	1	29833
59.682	0.25	0	1	29841
59.7	0.25	1	2	29850
59.716	0.25	1	2	29858
59.732	0.25	1	2	29866
59.75	0.25	1	2	29875
59.766	0.25	0	1	29883
59.782	0.25	0	1	29891
59.8	0.25	0	1	29900
59.816	0.25	0	1	29908
59.832	0.25	1	2	29916
59.85	0.25	1	2	29925
59.866	0.25	0	1	29933
59.882	0.25	0	1	29941
59.9	0.25	1	2	29950
59.916	0.25	1	2	29958
59.932	0.25	1	2	29966
59.95	0.25	1	2	29975
59.966	0.25	0	1	29983
59.982	0.25	0	1	29991
60.0	0.25	1	2	30000
60.016	0.25	1	2	30008
60.032	0.25	0	1	30016
60.05	0.25	0	1	30025
60.066	0.25	0	1	30033
60.082	0.25	0	1	30041
60.1	0.25	1	2	30050
60.116	0.25	1	2	30058
60.132	0.25	0	1	30066
60.15	0.25	0	1	30075
60.166	0.25	1	2	30083
60.182	0.25	1	2	30091
60.2	0.25	1	2	30100
60.216	0.25	1	2	30108
60.232	0.25	1	2	30116
60.25	0.25	1	2	30125
60.266	0.25	0	1	30133
60.282	0.25	0	1	30141
60.3	0.25	0	1	30150
60.316	0.25	0	1	30158
60.332	0.25	0	1	30166
60.35	0.25	0	1	30175
60.366	0.25	1	2	30183
60.382	0.25	1	2	30191
60.4	0.25	0	1	30200
60.416	0.25	0	1	30208
60.432	0.25	1	2	30216
60.45	0.25	1	2	30225
60.466	0.25	1	2	30233
60.482	0.25	1	2	30241
60.5	0.25	1	2	30250
60.516	0.25	1	2	30258
60.532	0.25	0	1	30266
60.55	0.25	0	1	30275
60.566	0.25	0	1	30283
60.582	0.25	0	1	30291
60.6	0.25	1	2	30300
60.616	0.25	1	2	30308
60.632	0.25	0	1	30316
60.65	0.25	0	1	30325
60.666	0.25	1	2	30333
60.682	0.25	1	2	30341
60.7	0.25	0	1	30350
60.716	0.25	0	1	30358
60.732	0.25	0	1	30366
60.75	0.25	0	1	30375
60.766	0.25	0	1	30383
60.782	0.25	0	1	30391
60.8	0.25	1	2	30400
60.816	0.25	1	2	30408
60.832	0.25	1	2	30416
60.85	0.25	1	2	30425
60.866	0.25	0	1	30433
60.882	0.25	0	1	30441
60.9	0.25	1	2	30450
60.916	0.25	1	2	30458
60.932	0.25	0	1	30466
60.95	0.25	0	1	30475
60.966	0.25	0	1	30483
60.982	0.25	0	1	30491
61.0	0.25	0	1	30500
61.016	0.25	0	1	30508
61.032	0.25	1	2	30516
61.05	0.25	1	2	30525
61.066	0.25	0	1	30533
61.082	0.25	0	1	30541
61.1	0.25	1	2	30550
61.116	0.25	1	2	30558
61.132	0.25	0	1	30566
61.15	0.25	0	1	30575
61.166	0.25	0	1	30583
61.182	0.25	0	1	30591
61.2	0.25	1	2	30600
62.682	0.25	0	1	31341
62.7	0.25	0	1	31350
62.716	0.25	0	1	31358
62.732	0.25	0	1	31366
62.75	0.25	1	2	31375
62.766	0.25	1	2	31383
62.782	0.25	1	2	31391
62.8	0.25	1	2	31400
62.816	0.25	0	1	31408
62.832	0.25	0	1	31416
62.85	0.25	0	1	31425
62.866	0.25	0	1	31433
62.882	0.25	0	1	31441
62.9	0.25	0	1	31450
62.916	0.25	0	1	31458
62.932	0.25	0	1	31466
62.95	0.25	1	2	31475
62.966	0.25	1	2	31483
62.982	0.25	1	2	31491
63.0	0.25	1	2	31500
63.016	0.25	1	2	31508
63.032	0.25	1	2	31516
63.05	0.25	1	2	31525
63.066	0.25	1	2	31533
63.082	0.25	1	2	31541
63.1	0.25	1	2	31550
63.116	0.25	0	1	31558
63.132	0.25	0	1	31566
63.15	0.25	0	1	31575
63.166	0.25	0	1	31583
63.182	0.25	0	1	31591
63.2	0.25	0	1	31600
63.216	0.25	0	1	31608
63.232	0.25	0	1	31616
63.25	0.25	0	1	31625
63.266	0.25	0	1	31633
63.282	0.25	0	1	31641
63.3	0.25	0	1	31650
63.316	0.25	1	2	31658
63.332	0.25	1	2	31666
63.35	0.25	1	2	31675
63.366	0.25	1	2	31683
63.382	0.25	0	1	31691
63.4	0.25	0	1	31700
63.416	0.25	0	1	31708
63.432	0.25	0	1	31716
63.45	0.25	1	2	31725
63.466	0.25	1	2	31733
63.482	0.25	0	1	31741
63.5	0.25	0	1	31750
63.516	0.25	1	2	31758
63.532	0.25	1	2	31766
63.55	0.25	0	1	31775
63.566	0.25	0	1	31783
63.582	0.25	1	2	31791
63.6	0.25	1	2	31800
63.616	0.25	0	1	31808
63.632	0.25	0	1	31816
63.65	0.25	1	2	31825
63.666	0.25	1	2	31833
63.682	0.25	1	2	31841
63.7	0.25	1	2	31850
63.716	0.25	0	1	31858
63.732	0.25	0	1	31866
63.75	0.25	1	2	31875
63.766	0.25	1	2	31883
63.782	0.25	0	1	31891
63.8	0.25	0	1	31900
63.816	0.25	0	1	31908
63.832	0.25	0	1	31916
63.85	0.25	0	1	31925
63.866	0.25	0	1	31933
63.882	0.25	1	2	31941
63.9	0.25	1	2	31950
63.916	0.25	0	1	31958
63.932	0.25	0	1	31966
63.95	0.25	0	1	31975
63.966	0.25	0	1	31983
63.982	0.25	0	1	31991
64.0	0.25	0	1	32000
64.016	0.25	1	2	32008
64.032	0.25	1	2	32016
64.05	0.25	1	2	32025
64.066	0.25	1	2	32033
64.082	0.25	1	2	32041
64.098	0.25	1	2	32049
64.116	0.25	0	1	32058
64.132	0.25	0	1	32066
64.15	0.25	1	2	32075
64.166	0.25	1	2	32083
64.182	0.25	0	1	32091
64.2	0.25	0	1	32100
64.216	0.25	1	2	32108
64.232	0.25	1	2	32116
64.25	0.25	1	2	32125
64.266	0.25	1	2	32133
64.282	0.25	1	2	32141
64.3	0.25	1	2	32150
64.316	0.25	1	2	32158
64.332	0.25	1	2	32166
64.348	0.25	1	2	32174
64.366	0.25	1	2	32183
64.382	0.25	0	1	32191
64.4	0.25	0	1	32200
64.416	0.25	0	1	32208
64.432	0.25	0	1	32216
64.45	0.25	1	2	32225
64.466	0.25	1	2	32233
64.482	0.25	0	1	32241
64.5	0.25	0	1	32250
64.516	0.25	0	1	32258
64.532	0.25	0	1	32266
64.55	0.25	0	1	32275
64.566	0.25	0	1	32283
64.582	0.25	1	2	32291
64.598	0.25	1	2	32299
64.616	0.25	1	2	32308
66.1	0.25	1	2	33050
66.116	0.25	1	2	33058
66.132	0.25	1	2	33066
66.15	0.25	1	2	33075
66.166	0.25	0	1	33083
66.182	0.25	0	1	33091
66.2	0.25	0	1	33100
66.216	0.25	0	1	33108
66.232	0.25	0	1	33116
66.25	0.25	0	1	33125
66.266	0.25	0	1	33133
66.282	0.25	0	1	33141
66.3	0.25	1	2	33150
66.316	0.25	1	2	33158
66.332	0.25	0	1	33166
66.35	0.25	0	1	33175
66.366	0.25	0	1	33183
66.382	0.25	0	1	33191
66.4	0.25	1	2	33200
66.416	0.25	1	2	33208
66.432	0.25	1	2	33216
66.45	0.25	1	2	33225
66.466	0.25	0	1	33233
66.482	0.25	0	1	33241
66.5	0.25	0	1	33250
66.516	0.25	0	1	33258
66.532	0.25	0	1	33266
66.55	0.25	0	1	33275
66.566	0.25	0	1	33283
66.582	0.25	0	1	33291
66.6	0.25	0	1	33300
66.616	0.25	0	1	33308
66.632	0.25	0	1	33316
66.65	0.25	0	1	33325
66.666	0.25	1	2	33333
66.682	0.25	1	2	33341
66.7	0.25	0	1	33350
66.716	0.25	0	1	33358
66.732	0.25	1	2	33366
66.75	0.25	1	2	33375
66.766	0.25	1	2	33383
66.782	0.25	1	2	33391
66.8	0.25	0	1	33400
66.816	0.25	0	1	33408
66.832	0.25	1	2	33416
66.85	0.25	1	2	33425
66.866	0.25	0	1	33433
66.882	0.25	0	1	33441
66.9	0.25	1	2	33450
66.916	0.25	1	2	33458
66.932	0.25	0	1	33466
66.95	0.25	0	1	33475
66.966	0.25	1	2	33483
66.982	0.25	1	2	33491
67.0	0.25	0	1	33500
67.016	0.25	0	1	33508
67.032	0.25	0	1	33516
67.05	0.25	0	1	33525
67.066	0.25	0	1	33533
67.082	0.25	0	1	33541
67.1	0.25	1	2	33550
67.116	0.25	1	2	33558
67.132	0.25	1	2	33566
67.15	0.25	1	2	33575
67.166	0.25	1	2	33583
67.182	0.25	1	2	33591
67.2	0.25	0	1	33600
67.216	0.25	0	1	33608
67.232	0.25	1	2	33616
67.25	0.25	1	2	33625
67.266	0.25	1	2	33633
67.282	0.25	1	2	33641
67.3	0.25	1	2	33650
67.316	0.25	1	2	33658
67.332	0.25	0	1	33666
67.35	0.25	0	1	33675
67.366	0.25	1	2	33683
67.382	0.25	1	2	33691
67.4	0.25	0	1	33700
67.416	0.25	0	1	33708
67.432	0.25	1	2	33716
67.45	0.25	1	2	33725
67.466	0.25	1	2	33733
67.482	0.25	1	2	33741
67.5	0.25	0	1	33750
67.516	0.25	0	1	33758
67.532	0.25	0	1	33766
67.55	0.25	0	1	33775
67.566	0.25	0	1	33783
67.582	0.25	0	1	33791
67.6	0.25	1	2	33800
67.616	0.25	1	2	33808
67.632	0.25	1	2	33816
67.65	0.25	1	2	33825
67.666	0.25	0	1	33833
67.682	0.25	0	1	33841
67.7	0.25	1	2	33850
67.716	0.25	1	2	33858
67.732	0.25	1	2	33866
67.75	0.25	1	2	33875
67.766	0.25	1	2	33883
67.782	0.25	1	2	33891
67.8	0.25	0	1	33900
67.816	0.25	0	1	33908
67.832	0.25	0	1	33916
67.85	0.25	0	1	33925
67.866	0.25	0	1	33933
67.882	0.25	0	1	33941
67.9	0.25	0	1	33950
67.916	0.25	0	1	33958
67.932	0.25	0	1	33966
67.95	0.25	0	1	33975
67.966	0.25	1	2	33983
67.982	0.25	1	2	33991
68.0	0.25	1	2	34000
68.016	0.25	1	2	34008
68.032	0.25	1	2	34016
69.516	0.25	1	2	34758
69.532	0.25	1	2	34766
69.55	0.25	1	2	34775
69.566	0.25	1	2	34783
69.582	0.25	0	1	34791
69.6	0.25	0	1	34800
69.616	0.25	1	2	34808
69.632	0.25	1	2	34816
69.65	0.25	1	2	34825
69.666	0.25	1	2	34833
69.682	0.25	0	1	34841
69.7	0.25	0	1	34850
69.716	0.25	1	2	34858
69.732	0.25	1	2	34866
69.75	0.25	1	2	34875
69.766	0.25	1	2	34883
69.782	0.25	0	1	34891
69.8	0.25	0	1	34900
69.816	0.25	1	2	34908
69.832	0.25	1	2	34916
69.85	0.25	1	2	34925
69.866	0.25	1	2	34933
69.882	0.25	0	1	34941
69.9	0.25	0	1	34950
69.916	0.25	0	1	34958
69.932	0.25	0	1	34966
69.95	0.25	0	1	34975
69.966	0.25	0	1	34983
69.982	0.25	1	2	34991
70.0	0.25	1	2	35000
70.016	0.25	1	2	35008
70.032	0.25	1	2	35016
70.05	0.25	1	2	35025
70.066	0.25	1	2	35033
70.082	0.25	0	1	35041
70.1	0.25	0	1	35050
70.116	0.25	0	1	35058
70.132	0.25	0	1	35066
70.15	0.25	0	1	35075
70.166	0.25	0	1	35083
70.182	0.25	1	2	35091
70.2	0.25	1	2	35100
70.216	0.25	1	2	35108
70.232	0.25	1	2	35116
70.25	0.25	1	2	35125
70.266	0.25	1	2	35133
70.282	0.25	1	2	35141
70.3	0.25	1	2	35150
70.316	0.25	1	2	35158
70.332	0.25	1	2	35166
70.35	0.25	0	1	35175
70.366	0.25	0	1	35183
70.382	0.25	0	1	35191
70.4	0.25	0	1	35200
70.416	0.25	1	2	35208
70.432	0.25	1	2	35216
70.45	0.25	0	1	35225
70.466	0.25	0	1	35233
70.482	0.25	1	2	35241
70.5	0.25	1	2	35250
70.516	0.25	0	1	35258
70.532	0.25	0	1	35266
70.55	0.25	0	1	35275
70.566	0.25	0	1	35283
70.582	0.25	1	2	35291
70.6	0.25	1	2	35300
70.616	0.25	1	2	35308
70.632	0.25	1	2	35316
70.65	0.25	0	1	35325
70.666	0.25	0	1	35333
70.682	0.25	0	1	35341
70.7	0.25	0	1	35350
70.716	0.25	0	1	35358
70.732	0.25	0	1	35366
70.75	0.25	0	1	35375
70.766	0.25	0	1	35383
70.782	0.25	1	2	35391
70.8	0.25	1	2	35400
70.816	0.25	0	1	35408
70.832	0.25	0	1	35416
70.85	0.25	0	1	35425
70.866	0.25	0	1	35433
70.882	0.25	0	1	35441
70.9	0.25	0	1	35450
70.916	0.25	0	1	35458
70.932	0.25	0	1	35466
70.95	0.25	1	2	35475
70.966	0.25	1	2	35483
70.982	0.25	1	2	35491
71.0	0.25	1	2	35500
71.016	0.25	1	2	35508
71.032	0.25	1	2	35516
71.05	0.25	1	2	35525
71.066	0.25	1	2	35533
71.082	0.25	1	2	35541
71.1	0.25	1	2	35550
71.116	0.25	1	2	35558
71.132	0.25	1	2	35566
71.15	0.25	0	1	35575
71.166	0.25	0	1	35583
71.182	0.25	1	2	35591
71.2	0.25	1	2	35600
71.216	0.25	0	1	35608
71.232	0.25	0	1	35616
71.25	0.25	1	2	35625
71.266	0.25	1	2	35633
71.282	0.25	0	1	35641
71.3	0.25	0	1	35650
71.316	0.25	0	1	35658
71.332	0.25	0	1	35666
71.35	0.25	1	2	35675
71.366	0.25	1	2	35683
71.382	0.25	1	2	35691
71.4	0.25	1	2	35700
71.416	0.25	0	1	35708
71.432	0.25	0	1	35716
71.45	0.25	0	1	35725
73.832	0.25	1	2	36916
73.85	0.25	1	2	36925
73.866	0.25	1	2	36933
73.882	0.25	1	2	36941
73.9	0.25	0	1	36950
73.916	0.25	0	1	36958
73.932	0.25	1	2	36966
73.95	0.25	1	2	36975
73.966	0.25	1	2	36983
73.982	0.25	1	2	36991
74.0	0.25	0	1	37000
74.016	0.25	0	1	37008
74.032	0.25	1	2	37016
74.05	0.25	1	2	37025
74.066	0.25	1	2	37033
74.082	0.25	1	2	37041
74.1	0.25	0	1	37050
74.116	0.25	0	1	37058
74.132	0.25	1	2	37066
74.15	0.25	1	2	37075
74.166	0.25	1	2	37083
74.182	0.25	1	2	37091
74.2	0.25	0	1	37100
74.216	0.25	0	1	37108
74.232	0.25	0	1	37116
74.25	0.25	0	1	37125
74.266	0.25	0	1	37133
74.282	0.25	0	1	37141
74.3	0.25	1	2	37150
74.316	0.25	1	2	37158
74.332	0.25	1	2	37166
74.35	0.25	1	2	37175
74.366	0.25	1	2	37183
74.382	0.25	1	2	37191
74.4	0.25	0	1	37200
74.416	0.25	0	1	37208
74.432	0.25	0	1	37216
74.45	0.25	0	1	37225
74.466	0.25	0	1	37233
74.482	0.25	0	1	37241
74.5	0.25	1	2	37250
74.516	0.25	1	2	37258
74.532	0.25	1	2	37266
74.55	0.25	1	2	37275
74.566	0.25	1	2	37283
74.582	0.25	1	2	37291
74.6	0.25	1	2	37300
74.616	0.25	1	2	37308
74.632	0.25	1	2	37316
74.65	0.25	1	2	37325
74.666	0.25	0	1	37333
74.682	0.25	0	1	37341
74.7	0.25	0	1	37350
74.716	0.25	0	1	37358
74.732	0.25	1	2	37366
74.75	0.25	1	2	37375
74.766	0.25	0	1	37383
74.782	0.25	0	1	37391
74.8	0.25	1	2	37400
74.816	0.25	1	2	37408
74.832	0.25	0	1	37416
74.85	0.25	0	1	37425
74.866	0.25	0	1	37433
74.882	0.25	0	1	37441
74.9	0.25	1	2	37450
74.916	0.25	1	2	37458
74.932	0.25	1	2	37466
74.95	0.25	1	2	37475
74.966	0.25	0	1	37483
74.982	0.25	0	1	37491
75.0	0.25	0	1	37500
75.016	0.25	0	1	37508
75.032	0.25	0	1	37516
75.05	0.25	0	1	37525
75.066	0.25	0	1	37533
75.082	0.25	0	1	37541
75.1	0.25	1	2	37550
75.116	0.25	1	2	37558
75.132	0.25	0	1	37566
75.15	0.25	0	1	37575
75.166	0.25	0	1	37583
75.182	0.25	0	1	37591
75.2	0.25	0	1	37600
75.216	0.25	0	1	37608
75.232	0.25	0	1	37616
75.25	0.25	0	1	37625
75.266	0.25	1	2	37633
75.282	0.25	1	2	37641
75.3	0.25	1	2	37650
75.316	0.25	1	2	37658
75.332	0.25	1	2	37666
75.35	0.25	1	2	37675
75.366	0.25	1	2	37683
75.382	0.25	1	2	37691
75.4	0.25	1	2	37700
75.416	0.25	1	2	37708
75.432	0.25	1	2	37716
75.45	0.25	1	2	37725
75.466	0.25	0	1	37733
75.482	0.25	0	1	37741
75.5	0.25	1	2	37750
75.516	0.25	1	2	37758
75.532	0.25	0	1	37766
75.55	0.25	0	1	37775
75.566	0.25	1	2	37783
75.582	0.25	1	2	37791
75.6	0.25	0	1	37800
75.616	0.25	0	1	37808
75.632	0.25	0	1	37816
75.65	0.25	0	1	37825
75.666	0.25	1	2	37833
75.682	0.25	1	2	37841
75.7	0.25	1	2	37850
75.716	0.25	1	2	37858
75.732	0.25	0	1	37866
75.75	0.25	0	1	37875
75.766	0.25	0	1	37883
77.25	0.25	0	1	38625
77.266	0.25	0	1	38633
77.282	0.25	0	1	38641
77.3	0.25	0	1	38650
77.316	0.25	1	2	38658
77.332	0.25	1	2	38666
77.35	0.25	1	2	38675
77.366	0.25	1	2	38683
77.382	0.25	0	1	38691
77.4	0.25	0	1	38700
77.416	0.25	0	1	38708
77.432	0.25	0	1	38716
77.45	0.25	0	1	38725
77.466	0.25	0	1	38733
77.482	0.25	0	1	38741
77.5	0.25	0	1	38750
77.516	0.25	1	2	38758
77.532	0.25	1	2	38766
77.55	0.25	1	2	38775
77.566	0.25	1	2	38783
77.582	0.25	1	2	38791
77.6	0.25	1	2	38800
77.616	0.25	1	2	38808
77.632	0.25	1	2	38816
77.65	0.25	1	2	38825
77.666	0.25	1	2	38833
77.682	0.25	0	1	38841
77.7	0.25	0	1	38850
77.716	0.25	0	1	38858
77.732	0.25	0	1	38866
77.75	0.25	0	1	38875
77.766	0.25	0	1	38883
77.782	0.25	0	1	38891
77.8	0.25	0	1	38900
77.816	0.25	0	1	38908
77.832	0.25	0	1	38916
77.85	0.25	0	1	38925
77.866	0.25	0	1	38933
77.882	0.25	1	2	38941
77.9	0.25	1	2	38950
77.916	0.25	1	2	38958
77.932	0.25	1	2	38966
77.95	0.25	0	1	38975
77.966	0.25	0	1	38983
77.982	0.25	0	1	38991
78.0	0.25	0	1	39000
78.016	0.25	1	2	39008
78.032	0.25	1	2	39016
78.05	0.25	0	1	39025
78.066	0.25	0	1	39033
78.082	0.25	1	2	39041
78.1	0.25	1	2	39050
78.116	0.25	0	1	39058
78.132	0.25	0	1	39066
78.15	0.25	1	2	39075
78.166	0.25	1	2	39083
78.182	0.25	0	1	39091
78.2	0.25	0	1	39100
78.216	0.25	1	2	39108
78.232	0.25	1	2	39116
78.25	0.25	1	2	39125
78.266	0.25	1	2	39133
78.282	0.25	0	1	39141
78.3	0.25	0	1	39150
78.316	0.25	1	2	39158
78.332	0.25	1	2	39166
78.35	0.25	0	1	39175
78.366	0.25	0	1	39183
78.382	0.25	0	1	39191
78.4	0.25	0	1	39200
78.416	0.25	0	1	39208
78.432	0.25	0	1	39216
78.45	0.25	1	2	39225
78.466	0.25	1	2	39233
78.482	0.25	0	1	39241
78.5	0.25	0	1	39250
78.516	0.25	0	1	39258
78.532	0.25	0	1	39266
78.55	0.25	0	1	39275
78.566	0.25	0	1	39283
78.582	0.25	1	2	39291
78.6	0.25	1	2	39300
78.616	0.25	1	2	39308
78.632	0.25	1	2	39316
78.65	0.25	1	2	39325
78.666	0.25	1	2	39333
78.682	0.25	0	1	39341
78.7	0.25	0	1	39350
78.716	0.25	1	2	39358
78.732	0.25	1	2	39366
78.75	0.25	0	1	39375
78.766	0.25	0	1	39383
78.782	0.25	1	2	39391
78.8	0.25	1	2	39400
78.816	0.25	1	2	39408
78.832	0.25	1	2	39416
78.85	0.25	1	2	39425
78.866	0.25	1	2	39433
78.882	0.25	1	2	39441
78.9	0.25	1	2	39450
78.916	0.25	1	2	39458
78.932	0.25	1	2	39466
78.95	0.25	0	1	39475
78.966	0.25	0	1	39483
78.982	0.25	0	1	39491
79.0	0.25	0	1	39500
79.016	0.25	1	2	39508
79.032	0.25	1	2	39516
79.05	0.25	0	1	39525
79.066	0.25	0	1	39533
79.082	0.25	0	1	39541
79.1	0.25	0	1	39550
79.116	0.25	0	1	39558
79.132	0.25	0	1	39566
79.15	0.25	1	2	39575
79.166	0.25	1	2	39583
79.182	0.25	1	2	39591
80.666	0.25	1	2	40333
80.682	0.25	1	2	40341
80.7	0.25	1	2	40350
80.716	0.25	1	2	40358
80.732	0.25	0	1	40366
80.75	0.25	0	1	40375
80.766	0.25	0	1	40383
80.782	0.25	0	1	40391
80.8	0.25	0	1	40400
80.816	0.25	0	1	40408
80.832	0.25	0	1	40416
80.85	0.25	0	1	40425
80.866	0.25	1	2	40433
80.882	0.25	1	2	40441
80.9	0.25	0	1	40450
80.916	0.25	0	1	40458
80.932	0.25	0	1	40466
80.95	0.25	0	1	40475
80.966	0.25	1	2	40483
80.982	0.25	1	2	40491
81.0	0.25	1	2	40500
81.016	0.25	1	2	40508
81.032	0.25	0	1	40516
81.05	0.25	0	1	40525
81.066	0.25	0	1	40533
81.082	0.25	0	1	40541
81.1	0.25	0	1	40550
81.116	0.25	0	1	40558
81.132	0.25	0	1	40566
81.15	0.25	0	1	40575
81.166	0.25	0	1	40583
81.182	0.25	0	1	40591
81.2	0.25	0	1	40600
81.216	0.25	0	1	40608
81.232	0.25	1	2	40616
81.25	0.25	1	2	40625
81.266	0.25	0	1	40633
81.282	0.25	0	1	40641
81.3	0.25	1	2	40650
81.316	0.25	1	2	40658
81.332	0.25	1	2	40666
81.35	0.25	1	2	40675
81.366	0.25	0	1	40683
81.382	0.25	0	1	40691
81.4	0.25	1	2	40700
81.416	0.25	1	2	40708
81.432	0.25	0	1	40716
81.45	0.25	0	1	40725
81.466	0.25	1	2	40733
81.482	0.25	1	2	40741
81.5	0.25	0	1	40750
81.516	0.25	0	1	40758
81.532	0.25	1	2	40766
81.55	0.25	1	2	40775
81.566	0.25	0	1	40783
81.582	0.25	0	1	40791
81.6	0.25	0	1	40800
81.616	0.25	0	1	40808
81.632	0.25	0	1	40816
81.65	0.25	0	1	40825
81.666	0.25	1	2	40833
81.682	0.25	1	2	40841
81.7	0.25	1	2	40850
81.716	0.25	1	2	40858
81.732	0.25	1	2	40866
81.75	0.25	1	2	40875
81.766	0.25	0	1	40883
81.782	0.25	0	1	40891
81.8	0.25	1	2	40900
81.816	0.25	1	2	40908
81.832	0.25	1	2	40916
81.85	0.25	1	2	40925
81.866	0.25	1	2	40933
81.882	0.25	1	2	40941
81.9	0.25	0	1	40950
81.916	0.25	0	1	40958
81.932	0.25	1	2	40966
81.95	0.25	1	2	40975
81.966	0.25	0	1	40983
81.982	0.25	0	1	40991
82.0	0.25	1	2	41000
82.016	0.25	1	2	41008
82.032	0.25	1	2	41016
82.05	0.25	1	2	41025
82.066	0.25	0	1	41033
82.082	0.25	0	1	41041
82.1	0.25	0	1	41050
82.116	0.25	0	1	41058
82.132	0.25	0	1	41066
82.15	0.25	0	1	41075
82.166	0.25	1	2	41083
82.182	0.25	1	2	41091
82.2	0.25	1	2	41100
82.216	0.25	1	2	41108
82.232	0.25	0	1	41116
82.25	0.25	0	1	41125
82.266	0.25	1	2	41133
82.282	0.25	1	2	41141
82.3	0.25	1	2	41150
82.316	0.25	1	2	41158
82.332	0.25	1	2	41166
82.35	0.25	1	2	41175
82.366	0.25	0	1	41183
82.382	0.25	0	1	41191
82.4	0.25	0	1	41200
82.416	0.25	0	1	41208
82.432	0.25	0	1	41216
82.45	0.25	0	1	41225
82.466	0.25	0	1	41233
82.482	0.25	0	1	41241
82.5	0.25	0	1	41250
82.516	0.25	0	1	41258
82.532	0.25	1	2	41266
82.55	0.25	1	2	41275
82.566	0.25	1	2	41283
82.582	0.25	1	2	41291
82.6	0.25	1	2	41300
84.082	0.25	1	2	42041
84.1	0.25	1	2	42050
84.116	0.25	1	2	42058
84.132	0.25	1	2	42066
84.15	0.25	1	2	42075
84.166	0.25	1	2	42083
84.182	0.25	1	2	42091
84.2	0.25	1	2	42100
84.216	0.25	1	2	42108
84.232	0.25	1	2	42116
84.25	0.25	1	2	42125
84.266	0.25	1	2	42133
84.282	0.25	1	2	42141
84.3	0.25	1	2	42150
84.316	0.25	0	1	42158
84.332	0.25	0	1	42166
84.35	0.25	0	1	42175
84.366	0.25	0	1	42183
84.382	0.25	1	2	42191
84.4	0.25	1	2	42200
84.416	0.25	1	2	42208
84.432	0.25	1	2	42216
84.45	0.25	0	1	42225
84.466	0.25	0	1	42233
84.482	0.25	0	1	42241
84.5	0.25	0	1	42250
84.516	0.25	1	2	42258
84.532	0.25	1	2	42266
84.55	0.25	1	2	42275
84.566	0.25	1	2	42283
84.582	0.25	0	1	42291
84.6	0.25	0	1	42300
84.616	0.25	0	1	42308
84.632	0.25	0	1	42316
84.65	0.25	1	2	42325
84.666	0.25	1	2	42333
84.682	0.25	0	1	42341
84.7	0.25	0	1	42350
84.716	0.25	1	2	42358
84.732	0.25	1	2	42366
84.75	0.25	1	2	42375
84.766	0.25	1	2	42383
84.782	0.25	0	1	42391
84.8	0.25	0	1	42400
84.816	0.25	1	2	42408
84.832	0.25	1	2	42416
84.85	0.25	0	1	42425
84.866	0.25	0	1	42433
84.882	0.25	0	1	42441
84.9	0.25	0	1	42450
84.916	0.25	1	2	42458
84.932	0.25	1	2	42466
84.95	0.25	0	1	42475
84.966	0.25	0	1	42483
84.982	0.25	1	2	42491
85.0	0.25	1	2	42500
85.016	0.25	1	2	42508
85.032	0.25	1	2	42516
85.05	0.25	1	2	42525
85.066	0.25	1	2	42533
85.082	0.25	0	1	42541
85.1	0.25	0	1	42550
85.116	0.25	0	1	42558
85.132	0.25	0	1	42566
85.15	0.25	0	1	42575
85.166	0.25	0	1	42583
85.182	0.25	1	2	42591
85.2	0.25	1	2	42600
85.216	0.25	0	1	42608
85.232	0.25	0	1	42616
85.25	0.25	1	2	42625
85.266	0.25	1	2	42633
85.282	0.25	1	2	42641
85.3	0.25	1	2	42650
85.316	0.25	1	2	42658
85.332	0.25	1	2	42666
85.35	0.25	0	1	42675
85.366	0.25	0	1	42683
85.382	0.25	0	1	42691
85.4	0.25	0	1	42700
85.416	0.25	1	2	42708
85.432	0.25	1	2	42716
85.45	0.25	0	1	42725
85.466	0.25	0	1	42733
85.482	0.25	1	2	42741
85.5	0.25	1	2	42750
85.516	0.25	0	1	42758
85.532	0.25	0	1	42766
85.55	0.25	0	1	42775
85.566	0.25	0	1	42783
85.582	0.25	0	1	42791
85.6	0.25	0	1	42800
85.616	0.25	1	2	42808
85.632	0.25	1	2	42816
85.65	0.25	1	2	42825
85.666	0.25	1	2	42833
85.682	0.25	0	1	42841
85.7	0.25	0	1	42850
85.716	0.25	1	2	42858
85.732	0.25	1	2	42866
85.75	0.25	0	1	42875
85.766	0.25	0	1	42883
85.782	0.25	0	1	42891
85.8	0.25	0	1	42900
85.816	0.25	0	1	42908
85.832	0.25	0	1	42916
85.85	0.25	1	2	42925
85.866	0.25	1	2	42933
85.882	0.25	0	1	42941
85.9	0.25	0	1	42950
85.916	0.25	1	2	42958
85.932	0.25	1	2	42966
85.95	0.25	0	1	42975
85.966	0.25	0	1	42983
85.982	0.25	0	1	42991
86.0	0.25	0	1	43000
86.016	0.25	1	2	43008
88.166	0.25	0	1	44083
88.182	0.25	0	1	44091
88.2	0.25	0	1	44100
88.216	0.25	0	1	44108
88.232	0.25	1	2	44116
88.25	0.25	1	2	44125
88.266	0.25	1	2	44133
88.282	0.25	1	2	44141
88.3	0.25	0	1	44150
88.316	0.25	0	1	44158
88.332	0.25	0	1	44166
88.35	0.25	0	1	44175
88.366	0.25	0	1	44183
88.382	0.25	0	1	44191
88.4	0.25	0	1	44200
88.416	0.25	0	1	44208
88.432	0.25	1	2	44216
88.45	0.25	1	2	44225
88.466	0.25	1	2	44233
88.482	0.25	1	2	44241
88.5	0.25	1	2	44250
88.516	0.25	1	2	44258
88.532	0.25	1	2	44266
88.55	0.25	1	2	44275
88.566	0.25	1	2	44283
88.582	0.25	1	2	44291
88.6	0.25	0	1	44300
88.616	0.25	0	1	44308
88.632	0.25	0	1	44316
88.65	0.25	0	1	44325
88.666	0.25	0	1	44333
88.682	0.25	0	1	44341
88.7	0.25	0	1	44350
88.716	0.25	0	1	44358
88.732	0.25	0	1	44366
88.75	0.25	0	1	44375
88.766	0.25	0	1	44383
88.782	0.25	0	1	44391
88.8	0.25	1	2	44400
88.816	0.25	1	2	44408
88.832	0.25	1	2	44416
88.85	0.25	1	2	44425
88.866	0.25	0	1	44433
88.882	0.25	0	1	44441
88.9	0.25	0	1	44450
88.916	0.25	0	1	44458
88.932	0.25	1	2	44466
88.95	0.25	1	2	44475
88.966	0.25	0	1	44483
88.982	0.25	0	1	44491
89.0	0.25	1	2	44500
89.016	0.25	1	2	44508
89.032	0.25	0	1	44516
89.05	0.25	0	1	44525
89.066	0.25	1	2	44533
89.082	0.25	1	2	44541
89.1	0.25	0	1	44550
89.116	0.25	0	1	44558
89.132	0.25	1	2	44566
89.15	0.25	1	2	44575
89.166	0.25	1	2	44583
89.182	0.25	1	2	44591
89.2	0.25	0	1	44600
89.216	0.25	0	1	44608
89.232	0.25	1	2	44616
89.25	0.25	1	2	44625
89.266	0.25	0	1	44633
89.282	0.25	0	1	44641
89.3	0.25	0	1	44650
89.316	0.25	0	1	44658
89.332	0.25	0	1	44666
89.35	0.25	0	1	44675
89.366	0.25	1	2	44683
89.382	0.25	1	2	44691
89.4	0.25	0	1	44700
89.416	0.25	0	1	44708
89.432	0.25	0	1	44716
89.45	0.25	0	1	44725
89.466	0.25	0	1	44733
89.482	0.25	0	1	44741
89.5	0.25	1	2	44750
89.516	0.25	1	2	44758
89.532	0.25	1	2	44766
89.55	0.25	1	2	44775
89.566	0.25	1	2	44783
89.582	0.25	1	2	44791
89.6	0.25	0	1	44800
89.616	0.25	0	1	44808
89.632	0.25	1	2	44816
89.65	0.25	1	2	44825
89.666	0.25	0	1	44833
89.682	0.25	0	1	44841
89.7	0.25	1	2	44850
89.716	0.25	1	2	44858
89.732	0.25	1	2	44866
89.75	0.25	1	2	44875
89.766	0.25	1	2	44883
89.782	0.25	1	2	44891
89.8	0.25	1	2	44900
89.816	0.25	1	2	44908
89.832	0.25	1	2	44916
89.85	0.25	1	2	44925
89.866	0.25	0	1	44933
89.882	0.25	0	1	44941
89.9	0.25	0	1	44950
89.916	0.25	0	1	44958
89.932	0.25	1	2	44966
89.95	0.25	1	2	44975
89.966	0.25	0	1	44983
89.982	0.25	0	1	44991
90.0	0.25	0	1	45000
90.016	0.25	0	1	45008
90.032	0.25	0	1	45016
90.05	0.25	0	1	45025
90.066	0.25	1	2	45033
90.082	0.25	1	2	45041
90.1	0.25	1	2	45050
91.582	0.25	1	2	45791
91.6	0.25	1	2	45800
91.616	0.25	1	2	45808
91.632	0.25	1	2	45816
91.65	0.25	0	1	45825
91.666	0.25	0	1	45833
91.682	0.25	0	1	45841
91.7	0.25	0	1	45850
91.716	0.25	0	1	45858
91.732	0.25	0	1	45866
91.75	0.25	0	1	45875
91.766	0.25	0	1	45883
91.782	0.25	1	2	45891
91.8	0.25	1	2	45900
91.816	0.25	0	1	45908
91.832	0.25	0	1	45916
91.85	0.25	0	1	45925
91.866	0.25	0	1	45933
91.882	0.25	1	2	45941
91.9	0.25	1	2	45950
91.916	0.25	1	2	45958
91.932	0.25	1	2	45966
91.95	0.25	0	1	45975
91.966	0.25	0	1	45983
91.982	0.25	0	1	45991
92.0	0.25	0	1	46000
92.016	0.25	0	1	46008
92.032	0.25	0	1	46016
92.05	0.25	0	1	46025
92.066	0.25	0	1	46033
92.082	0.25	0	1	46041
92.1	0.25	0	1	46050
92.116	0.25	0	1	46058
92.132	0.25	0	1	46066
92.15	0.25	1	2	46075
92.166	0.25	1	2	46083
92.182	0.25	0	1	46091
92.2	0.25	0	1	46100
92.216	0.25	1	2	46108
92.232	0.25	1	2	46116
92.25	0.25	1	2	46125
92.266	0.25	1	2	46133
92.282	0.25	0	1	46141
92.3	0.25	0	1	46150
92.316	0.25	1	2	46158
92.332	0.25	1	2	46166
92.35	0.25	0	1	46175
92.366	0.25	0	1	46183
92.382	0.25	1	2	46191
92.4	0.25	1	2	46200
92.416	0.25	0	1	46208
92.432	0.25	0	1	46216
92.45	0.25	1	2	46225
92.466	0.25	1	2	46233
92.482	0.25	0	1	46241
92.5	0.25	0	1	46250
92.516	0.25	0	1	46258
92.532	0.25	0	1	46266
92.55	0.25	0	1	46275
92.566	0.25	0	1	46283
92.582	0.25	1	2	46291
92.6	0.25	1	2	46300
92.616	0.25	1	2	46308
92.632	0.25	1	2	46316
92.65	0.25	1	2	46325
92.666	0.25	1	2	46333
92.682	0.25	0	1	46341
92.7	0.25	0	1	46350
92.716	0.25	1	2	46358
92.732	0.25	1	2	46366
92.75	0.25	1	2	46375
92.766	0.25	1	2	46383
92.782	0.25	1	2	46391
92.8	0.25	1	2	46400
92.816	0.25	0	1	46408
92.832	0.25	0	1	46416
92.85	0.25	1	2	46425
92.866	0.25	1	2	46433
92.882	0.25	0	1	46441
92.9	0.25	0	1	46450
92.916	0.25	1	2	46458
92.932	0.25	1	2	46466
92.95	0.25	1	2	46475
92.966	0.25	1	2	46483
92.982	0.25	0	1	46491
93.0	0.25	0	1	46500
93.016	0.25	0	1	46508
93.032	0.25	0	1	46516
93.05	0.25	0	1	46525
93.066	0.25	0	1	46533
93.082	0.25	1	2	46541
93.1	0.25	1	2	46550
93.116	0.25	1	2	46558
93.132	0.25	1	2	46566
93.15	0.25	0	1	46575
93.166	0.25	0	1	46583
93.182	0.25	1	2	46591
93.2	0.25	1	2	46600
93.216	0.25	1	2	46608
93.232	0.25	1	2	46616
93.25	0.25	1	2	46625
93.266	0.25	1	2	46633
93.282	0.25	0	1	46641
93.3	0.25	0	1	46650
93.316	0.25	0	1	46658
93.332	0.25	0	1	46666
93.35	0.25	0	1	46675
93.366	0.25	0	1	46683
93.382	0.25	0	1	46691
93.4	0.25	0	1	46700
93.416	0.25	0	1	46708
93.432	0.25	0	1	46716
93.45	0.25	1	2	46725
93.466	0.25	1	2	46733
93.482	0.25	1	2	46741
93.5	0.25	1	2	46750
93.516	0.25	1	2	46758
95.0	0.25	1	2	47500
95.016	0.25	1	2	47508
95.032	0.25	1	2	47516
95.05	0.25	1	2	47525
95.066	0.25	0	1	47533
95.082	0.25	0	1	47541
95.1	0.25	1	2	47550
95.116	0.25	1	2	47558
95.132	0.25	1	2	47566
95.15	0.25	1	2	47575
95.166	0.25	0	1	47583
95.182	0.25	0	1	47591
95.2	0.25	1	2	47600
95.216	0.25	1	2	47608
95.232	0.25	1	2	47616
95.25	0.25	1	2	47625
95.266	0.25	0	1	47633
95.282	0.25	0	1	47641
95.3	0.25	1	2	47650
95.316	0.25	1	2	47658
95.332	0.25	1	2	47666
95.35	0.25	1	2	47675
95.366	0.25	0	1	47683
95.382	0.25	0	1	47691
95.4	0.25	0	1	47700
95.416	0.25	0	1	47708
95.432	0.25	0	1	47716
95.45	0.25	0	1	47725
95.466	0.25	1	2	47733
95.482	0.25	1	2	47741
95.5	0.25	1	2	47750
95.516	0.25	1	2	47758
95.532	0.25	1	2	47766
95.55	0.25	1	2	47775
95.566	0.25	0	1	47783
95.582	0.25	0	1	47791
95.6	0.25	0	1	47800
95.616	0.25	0	1	47808
95.632	0.25	0	1	47816
95.65	0.25	0	1	47825
95.666	0.25	1	2	47833
95.682	0.25	1	2	47841
95.7	0.25	1	2	47850
95.716	0.25	1	2	47858
95.732	0.25	1	2	47866
95.75	0.25	1	2	47875
95.766	0.25	1	2	47883
95.782	0.25	1	2	47891
95.8	0.25	1	2	47900
95.816	0.25	1	2	47908
95.832	0.25	0	1	47916
95.85	0.25	0	1	47925
95.866	0.25	0	1	47933
95.882	0.25	0	1	47941
95.9	0.25	1	2	47950
95.916	0.25	1	2	47958
95.932	0.25	0	1	47966
95.95	0.25	0	1	47975
95.966	0.25	1	2	47983
95.982	0.25	1	2	47991
96.0	0.25	0	1	48000
96.016	0.25	0	1	48008
96.032	0.25	0	1	48016
96.05	0.25	0	1	48025
96.066	0.25	1	2	48033
96.082	0.25	1	2	48041
96.1	0.25	1	2	48050
96.116	0.25	1	2	48058
96.132	0.25	0	1	48066
96.15	0.25	0	1	48075
96.166	0.25	0	1	48083
96.182	0.25	0	1	48091
96.2	0.25	0	1	48100
96.216	0.25	0	1	48108
96.232	0.25	0	1	48116
96.25	0.25	0	1	48125
96.266	0.25	1	2	48133
96.282	0.25	1	2	48141
96.3	0.25	0	1	48150
96.316	0.25	0	1	48158
96.332	0.25	0	1	48166
96.35	0.25	0	1	48175
96.366	0.25	0	1	48183
96.382	0.25	0	1	48191
96.4	0.25	0	1	48200
96.416	0.25	0	1	48208
96.432	0.25	1	2	48216
96.45	0.25	1	2	48225
96.466	0.25	1	2	48233
96.482	0.25	1	2	48241
96.5	0.25	1	2	48250
96.516	0.25	1	2	48258
96.532	0.25	1	2	48266
96.55	0.25	1	2	48275
96.566	0.25	1	2	48283
96.582	0.25	1	2	48291
96.6	0.25	1	2	48300
96.616	0.25	1	2	48308
96.632	0.25	0	1	48316
96.65	0.25	0	1	48325
96.666	0.25	1	2	48333
96.682	0.25	1	2	48341
96.7	0.25	0	1	48350
96.716	0.25	0	1	48358
96.732	0.25	1	2	48366
96.75	0.25	1	2	48375
96.766	0.25	0	1	48383
96.782	0.25	0	1	48391
96.8	0.25	0	1	48400
96.816	0.25	0	1	48408
96.832	0.25	1	2	48416
96.85	0.25	1	2	48425
96.866	0.25	1	2	48433
96.882	0.25	1	2	48441
96.9	0.25	0	1	48450
96.916	0.25	0	1	48458
96.932	0.25	0	1	48466
98.416	0.25	1	2	49208
98.432	0.25	1	2	49216
98.45	0.25	1	2	49225
98.466	0.25	1	2	49233
98.482	0.25	1	2	49241
98.5	0.25	1	2	49250
98.516	0.25	1	2	49258
98.532	0.25	1	2	49266
98.55	0.25	1	2	49275
98.566	0.25	1	2	49283
98.582	0.25	1	2	49291
98.6	0.25	1	2	49300
98.616	0.25	1	2	49308
98.632	0.25	1	2	49316
98.65	0.25	0	1	49325
98.666	0.25	0	1	49333
98.682	0.25	0	1	49341
98.7	0.25	0	1	49350
98.716	0.25	1	2	49358
98.732	0.25	1	2	49366
98.75	0.25	1	2	49375
98.766	0.25	1	2	49383
98.782	0.25	0	1	49391
98.8	0.25	0	1	49400
98.816	0.25	0	1	49408
98.832	0.25	0	1	49416
98.85	0.25	1	2	49425
98.866	0.25	1	2	49433
98.882	0.25	1	2	49441
98.9	0.25	1	2	49450
98.916	0.25	0	1	49458
98.932	0.25	0	1	49466
98.95	0.25	0	1	49475
98.966	0.25	0	1	49483
98.982	0.25	1	2	49491
99.0	0.25	1	2	49500
99.016	0.25	0	1	49508
99.032	0.25	0	1	49516
99.05	0.25	1	2	49525
99.066	0.25	1	2	49533
99.082	0.25	1	2	49541
99.1	0.25	1	2	49550
99.116	0.25	0	1	49558
99.132	0.25	0	1	49566
99.15	0.25	1	2	49575
99.166	0.25	1	2	49583
99.182	0.25	0	1	49591
99.2	0.25	0	1	49600
99.216	0.25	0	1	49608
99.232	0.25	0	1	49616
99.25	0.25	1	2	49625
99.266	0.25	1	2	49633
99.282	0.25	0	1	49641
99.3	0.25	0	1	49650
99.316	0.25	1	2	49658
99.332	0.25	1	2	49666
99.35	0.25	1	2	49675
99.366	0.25	1	2	49683
99.382	0.25	1	2	49691
99.4	0.25	1	2	49700
99.416	0.25	0	1	49708
99.432	0.25	0	1	49716
99.45	0.25	0	1	49725
99.466	0.25	0	1	49733
99.482	0.25	0	1	49741
99.5	0.25	0	1	49750
99.516	0.25	1	2	49758
99.532	0.25	1	2	49766
99.55	0.25	0	1	49775
99.566	0.25	0	1	49783
99.582	0.25	1	2	49791
99.6	0.25	1	2	49800
99.616	0.25	1	2	49808
99.632	0.25	1	2	49816
99.65	0.25	1	2	49825
99.666	0.25	1	2	49833
99.682	0.25	0	1	49841
99.7	0.25	0	1	49850
99.716	0.25	0	1	49858
99.732	0.25	0	1	49866
99.75	0.25	1	2	49875
99.766	0.25	1	2	49883
99.782	0.25	0	1	49891
99.8	0.25	0	1	49900
99.816	0.25	1	2	49908
99.832	0.25	1	2	49916
99.85	0.25	0	1	49925
99.866	0.25	0	1	49933
99.882	0.25	0	1	49941
99.9	0.25	0	1	49950
99.916	0.25	0	1	49958
99.932	0.25	0	1	49966
99.95	0.25	1	2	49975
99.966	0.25	1	2	49983
99.982	0.25	1	2	49991
100.0	0.25	1	2	50000
100.016	0.25	0	1	50008
100.032	0.25	0	1	50016
100.05	0.25	1	2	50025
100.066	0.25	1	2	50033
100.082	0.25	0	1	50041
100.1	0.25	0	1	50050
100.116	0.25	0	1	50058
100.132	0.25	0	1	50066
100.15	0.25	0	1	50075
100.166	0.25	0	1	50083
100.182	0.25	1	2	50091
100.2	0.25	1	2	50100
100.216	0.25	0	1	50108
100.232	0.25	0	1	50116
100.25	0.25	1	2	50125
100.266	0.25	1	2	50133
100.282	0.25	0	1	50141
100.3	0.25	0	1	50150
100.316	0.25	0	1	50158
100.332	0.25	0	1	50166
100.35	0.25	1	2	50175
102.832	0.25	1	2	51416
102.85	0.25	1	2	51425
102.866	0.25	1	2	51433
102.882	0.25	1	2	51441
102.9	0.25	0	1	51450
102.916	0.25	0	1	51458
102.932	0.25	0	1	51466
102.95	0.25	0	1	51475
102.966	0.25	0	1	51483
102.982	0.25	0	1	51491
103.0	0.25	0	1	51500
103.016	0.25	0	1	51508
103.032	0.25	1	2	51516
103.05	0.25	1	2	51525
103.066	0.25	0	1	51533
103.082	0.25	0	1	51541
103.1	0.25	0	1	51550
103.116	0.25	0	1	51558
103.132	0.25	1	2	51566
103.15	0.25	1	2	51575
103.166	0.25	1	2	51583
103.182	0.25	1	2	51591
103.2	0.25	0	1	51600
103.216	0.25	0	1	51608
103.232	0.25	0	1	51616
103.25	0.25	0	1	51625
103.266	0.25	0	1	51633
103.282	0.25	0	1	51641
103.3	0.25	0	1	51650
103.316	0.25	0	1	51658
103.332	0.25	0	1	51666
103.35	0.25	0	1	51675
103.366	0.25	0	1	51683
103.382	0.25	0	1	51691
103.4	0.25	1	2	51700
103.416	0.25	1	2	51708
103.432	0.25	0	1	51716
103.45	0.25	0	1	51725
103.466	0.25	1	2	51733
103.482	0.25	1	2	51741
103.5	0.25	1	2	51750
103.516	0.25	1	2	51758
103.532	0.25	0	1	51766
103.55	0.25	0	1	51775
103.566	0.25	1	2	51783
103.582	0.25	1	2	51791
103.6	0.25	0	1	51800
103.616	0.25	0	1	51808
103.632	0.25	1	2	51816
103.65	0.25	1	2	51825
103.666	0.25	0	1	51833
103.682	0.25	0	1	51841
103.7	0.25	1	2	51850
103.716	0.25	1	2	51858
103.732	0.25	0	1	51866
103.75	0.25	0	1	51875
103.766	0.25	0	1	51883
103.782	0.25	0	1	51891
103.8	0.25	0	1	51900
103.816	0.25	0	1	51908
103.832	0.25	1	2	51916
103.85	0.25	1	2	51925
103.866	0.25	1	2	51933
103.882	0.25	1	2	51941
103.9	0.25	1	2	51950
103.916	0.25	1	2	51958
103.932	0.25	0	1	51966
103.95	0.25	0	1	51975
103.966	0.25	1	2	51983
103.982	0.25	1	2	51991
104.0	0.25	1	2	52000
104.016	0.25	1	2	52008
104.032	0.25	1	2	52016
104.05	0.25	1	2	52025
104.066	0.25	0	1	52033
104.082	0.25	0	1	52041
104.1	0.25	1	2	52050
104.116	0.25	1	2	52058
104.132	0.25	0	1	52066
104.15	0.25	0	1	52075
104.166	0.25	1	2	52083
104.182	0.25	1	2	52091
104.2	0.25	1	2	52100
104.216	0.25	1	2	52108
104.232	0.25	0	1	52116
104.25	0.25	0	1	52125
104.266	0.25	0	1	52133
104.282	0.25	0	1	52141
104.3	0.25	0	1	52150
104.316	0.25	0	1	52158
104.332	0.25	1	2	52166
104.35	0.25	1	2	52175
104.366	0.25	1	2	52183
104.382	0.25	1	2	52191
104.4	0.25	0	1	52200
104.416	0.25	0	1	52208
104.432	0.25	1	2	52216
104.45	0.25	1	2	52225
104.466	0.25	1	2	52233
104.482	0.25	1	2	52241
104.5	0.25	1	2	52250
104.516	0.25	1	2	52258
104.532	0.25	0	1	52266
104.55	0.25	0	1	52275
104.566	0.25	0	1	52283
104.582	0.25	0	1	52291
104.6	0.25	0	1	52300
104.616	0.25	0	1	52308
104.632	0.25	0	1	52316
104.65	0.25	0	1	52325
104.666	0.25	0	1	52333
104.682	0.25	0	1	52341
104.7	0.25	1	2	52350
104.716	0.25	1	2	52358
104.732	0.25	1	2	52366
104.75	0.25	1	2	52375
104.766	0.25	1	2	52383
106.25	0.25	1	2	53125
106.266	0.25	1	2	53133
106.282	0.25	1	2	53141
106.3	0.25	1	2	53150
106.316	0.25	0	1	53158
106.332	0.25	0	1	53166
106.35	0.25	1	2	53175
106.366	0.25	1	2	53183
106.382	0.25	1	2	53191
106.4	0.25	1	2	53200
106.416	0.25	0	1	53208
106.432	0.25	0	1	53216
106.45	0.25	1	2	53225
106.466	0.25	1	2	53233
106.482	0.25	1	2	53241
106.5	0.25	1	2	53250
106.516	0.25	0	1	53258
106.532	0.25	0	1	53266
106.55	0.25	1	2	53275
106.566	0.25	1	2	53283
106.582	0.25	1	2	53291
106.6	0.25	1	2	53300
106.616	0.25	0	1	53308
106.632	0.25	0	1	53316
106.65	0.25	0	1	53325
106.666	0.25	0	1	53333
106.682	0.25	0	1	53341
106.7	0.25	0	1	53350
106.716	0.25	1	2	53358
106.732	0.25	1	2	53366
106.75	0.25	1	2	53375
106.766	0.25	1	2	53383
106.782	0.25	1	2	53391
106.8	0.25	1	2	53400
106.816	0.25	0	1	53408
106.832	0.25	0	1	53416
106.85	0.25	0	1	53425
106.866	0.25	0	1	53433
106.882	0.25	0	1	53441
106.9	0.25	0	1	53450
106.916	0.25	1	2	53458
106.932	0.25	1	2	53466
106.95	0.25	1	2	53475
106.966	0.25	1	2	53483
106.982	0.25	1	2	53491
107.0	0.25	1	2	53500
107.016	0.25	1	2	53508
107.032	0.25	1	2	53516
107.05	0.25	1	2	53525
107.066	0.25	1	2	53533
107.082	0.25	0	1	53541
107.1	0.25	0	1	53550
107.116	0.25	0	1	53558
107.132	0.25	0	1	53566
107.15	0.25	1	2	53575
107.166	0.25	1	2	53583
107.182	0.25	0	1	53591
107.2	0.25	0	1	53600
107.216	0.25	1	2	53608
107.232	0.25	1	2	53616
107.25	0.25	0	1	53625
107.266	0.25	0	1	53633
107.282	0.25	0	1	53641
107.3	0.25	0	1	53650
107.316	0.25	1	2	53658
107.332	0.25	1	2	53666
107.35	0.25	1	2	53675
107.366	0.25	1	2	53683
107.382	0.25	0	1	53691
107.4	0.25	0	1	53700
107.416	0.25	0	1	53708
107.432	0.25	0	1	53716
107.45	0.25	0	1	53725
107.466	0.25	0	1	53733
107.482	0.25	0	1	53741
107.5	0.25	0	1	53750
107.516	0.25	1	2	53758
107.532	0.25	1	2	53766
107.55	0.25	0	1	53775
107.566	0.25	0	1	53783
107.582	0.25	0	1	53791
107.6	0.25	0	1	53800
107.616	0.25	0	1	53808
107.632	0.25	0	1	53816
107.65	0.25	0	1	53825
107.666	0.25	0	1	53833
107.682	0.25	1	2	53841
107.7	0.25	1	2	53850
107.716	0.25	1	2	53858
107.732	0.25	1	2	53866
107.75	0.25	1	2	53875
107.766	0.25	1	2	53883
107.782	0.25	1	2	53891
107.8	0.25	1	2	53900
107.816	0.25	1	2	53908
107.832	0.25	1	2	53916
107.85	0.25	1	2	53925
107.866	0.25	1	2	53933
107.882	0.25	0	1	53941
107.9	0.25	0	1	53950
107.916	0.25	1	2	53958
107.932	0.25	1	2	53966
107.95	0.25	0	1	53975
107.966	0.25	0	1	53983
107.982	0.25	1	2	53991
108.0	0.25	1	2	54000
108.016	0.25	0	1	54008
108.032	0.25	0	1	54016
108.05	0.25	0	1	54025
108.066	0.25	0	1	54033
108.082	0.25	1	2	54041
108.1	0.25	1	2	54050
108.116	0.25	1	2	54058
108.132	0.25	1	2	54066
108.15	0.25	0	1	54075
108.166	0.25	0	1	54083
108.182	0.25	0	1	54091
109.666	0.25	1	2	54833
109.682	0.25	1	2	54841
109.7	0.25	1	2	54850
109.716	0.25	1	2	54858
109.732	0.25	1	2	54866
109.75	0.25	1	2	54875
109.766	0.25	1	2	54883
109.782	0.25	1	2	54891
109.8	0.25	1	2	54900
109.816	0.25	1	2	54908
109.832	0.25	1	2	54916
109.85	0.25	1	2	54925
109.866	0.25	1	2	54933
109.882	0.25	1	2	54941
109.9	0.25	0	1	54950
109.916	0.25	0	1	54958
109.932	0.25	0	1	54966
109.95	0.25	0	1	54975
109.966	0.25	1	2	54983
109.982	0.25	1	2	54991
110.0	0.25	1	2	55000
110.016	0.25	1	2	55008
110.032	0.25	0	1	55016
110.05	0.25	0	1	55025
110.066	0.25	0	1	55033
110.082	0.25	0	1	55041
110.1	0.25	1	2	55050
110.116	0.25	1	2	55058
110.132	0.25	1	2	55066
110.15	0.25	1	2	55075
110.166	0.25	0	1	55083
110.182	0.25	0	1	55091
110.2	0.25	0	1	55100
110.216	0.25	0	1	55108
110.232	0.25	1	2	55116
110.25	0.25	1	2	55125
110.266	0.25	0	1	55133
110.282	0.25	0	1	55141
110.3	0.25	1	2	55150
110.316	0.25	1	2	55158
110.332	0.25	1	2	55166
110.35	0.25	1	2	55175
110.366	0.25	0	1	55183
110.382	0.25	0	1	55191
110.4	0.25	1	2	55200
110.416	0.25	1	2	55208
110.432	0.25	0	1	55216
110.45	0.25	0	1	55225
110.466	0.25	0	1	55233
110.482	0.25	0	1	55241
110.5	0.25	1	2	55250
110.516	0.25	1	2	55258
110.532	0.25	0	1	55266
110.55	0.25	0	1	55275
110.566	0.25	1	2	55283
110.582	0.25	1	2	55291
110.6	0.25	1	2	55300
110.616	0.25	1	2	55308
110.632	0.25	1	2	55316
110.65	0.25	1	2	55325
110.666	0.25	0	1	55333
110.682	0.25	0	1	55341
110.7	0.25	0	1	55350
110.716	0.25	0	1	55358
110.732	0.25	0	1	55366
110.75	0.25	0	1	55375
110.766	0.25	1	2	55383
110.782	0.25	1	2	55391
110.8	0.25	0	1	55400
110.816	0.25	0	1	55408
110.832	0.25	1	2	55416
110.85	0.25	1	2	55425
110.866	0.25	1	2	55433
110.882	0.25	1	2	55441
110.9	0.25	1	2	55450
110.916	0.25	1	2	55458
110.932	0.25	0	1	55466
110.95	0.25	0	1	55475
110.966	0.25	0	1	55483
110.982	0.25	0	1	55491
111.0	0.25	1	2	55500
111.016	0.25	1	2	55508
111.032	0.25	0	1	55516
111.05	0.25	0	1	55525
111.066	0.25	1	2	55533
111.082	0.25	1	2	55541
111.1	0.25	0	1	55550
111.116	0.25	0	1	55558
111.132	0.25	0	1	55566
111.15	0.25	0	1	55575
111.166	0.25	0	1	55583
111.182	0.25	0	1	55591
111.2	0.25	1	2	55600
111.216	0.25	1	2	55608
111.232	0.25	1	2	55616
111.25	0.25	1	2	55625
111.266	0.25	0	1	55633
111.282	0.25	0	1	55641
111.3	0.25	1	2	55650
111.316	0.25	1	2	55658
111.332	0.25	0	1	55666
111.35	0.25	0	1	55675
111.366	0.25	0	1	55683
111.382	0.25	0	1	55691
111.4	0.25	0	1	55700
111.416	0.25	0	1	55708
111.432	0.25	1	2	55716
111.45	0.25	1	2	55725
111.466	0.25	0	1	55733
111.482	0.25	0	1	55741
111.5	0.25	1	2	55750
111.516	0.25	1	2	55758
111.532	0.25	0	1	55766
111.55	0.25	0	1	55775
111.566	0.25	0	1	55783
111.582	0.25	0	1	55791
111.6	0.25	1	2	55800
113.082	0.25	0	1	56541
113.1	0.25	0	1	56550
113.116	0.25	0	1	56558
113.132	0.25	0	1	56566
113.15	0.25	1	2	56575
113.166	0.25	1	2	56583
113.182	0.25	1	2	56591
113.2	0.25	1	2	56600
113.216	0.25	0	1	56608
113.232	0.25	0	1	56616
113.25	0.25	0	1	56625
113.266	0.25	0	1	56633
113.282	0.25	0	1	56641
113.3	0.25	0	1	56650
113.316	0.25	0	1	56658
113.332	0.25	0	1	56666
113.35	0.25	1	2	56675
113.366	0.25	1	2	56683
113.382	0.25	1	2	56691
113.4	0.25	1	2	56700
113.416	0.25	1	2	56708
113.432	0.25	1	2	56716
113.45	0.25	1	2	56725
113.466	0.25	1	2	56733
113.482	0.25	1	2	56741
113.5	0.25	1	2	56750
113.516	0.25	0	1	56758
113.532	0.25	0	1	56766
113.55	0.25	0	1	56775
113.566	0.25	0	1	56783
113.582	0.25	0	1	56791
113.6	0.25	0	1	56800
113.616	0.25	0	1	56808
113.632	0.25	0	1	56816
113.65	0.25	0	1	56825
113.666	0.25	0	1	56833
113.682	0.25	0	1	56841
113.7	0.25	0	1	56850
113.716	0.25	1	2	56858
113.732	0.25	1	2	56866
113.75	0.25	1	2	56875
113.766	0.25	1	2	56883
113.782	0.25	0	1	56891
113.8	0.25	0	1	56900
113.816	0.25	0	1	56908
113.832	0.25	0	1	56916
113.85	0.25	1	2	56925
113.866	0.25	1	2	56933
113.882	0.25	0	1	56941
113.9	0.25	0	1	56950
113.916	0.25	1	2	56958
113.932	0.25	1	2	56966
113.95	0.25	0	1	56975
113.966	0.25	0	1	56983
113.982	0.25	1	2	56991
114.0	0.25	1	2	57000
114.016	0.25	0	1	57008
114.032	0.25	0	1	57016
114.05	0.25	1	2	57025
114.066	0.25	1	2	57033
114.082	0.25	1	2	57041
114.1	0.25	1	2	57050
114.116	0.25	0	1	57058
114.132	0.25	0	1	57066
114.15	0.25	1	2	57075
114.166	0.25	1	2	57083
114.182	0.25	0	1	57091
114.2	0.25	0	1	57100
114.216	0.25	0	1	57108
114.232	0.25	0	1	57116
114.25	0.25	0	1	57125
114.266	0.25	0	1	57133
114.282	0.25	1	2	57141
114.3	0.25	1	2	57150
114.316	0.25	0	1	57158
114.332	0.25	0	1	57166
114.35	0.25	0	1	57175
114.366	0.25	0	1	57183
114.382	0.25	0	1	57191
114.4	0.25	0	1	57200
114.416	0.25	1	2	57208
114.432	0.25	1	2	57216
114.45	0.25	1	2	57225
114.466	0.25	1	2	57233
114.482	0.25	1	2	57241
114.5	0.25	1	2	57250
114.516	0.25	0	1	57258
114.532	0.25	0	1	57266
114.55	0.25	1	2	57275
114.566	0.25	1	2	57283
114.582	0.25	0	1	57291
114.6	0.25	0	1	57300
114.616	0.25	1	2	57308
114.632	0.25	1	2	57316
114.65	0.25	1	2	57325
114.666	0.25	1	2	57333
114.682	0.25	1	2	57341
114.7	0.25	1	2	57350
114.716	0.25	1	2	57358
114.732	0.25	1	2	57366
114.75	0.25	1	2	57375
114.766	0.25	1	2	57383
114.782	0.25	0	1	57391
114.8	0.25	0	1	57400
114.816	0.25	0	1	57408
114.832	0.25	0	1	57416
114.85	0.25	1	2	57425
114.866	0.25	1	2	57433
114.882	0.25	0	1	57441
114.9	0.25	0	1	57450
114.916	0.25	0	1	57458
114.932	0.25	0	1	57466
114.95	0.25	0	1	57475
114.966	0.25	0	1	57483
114.982	0.25	1	2	57491
115.0	0.25	1	2	57500
115.016	0.25	1	2	57508
117.366	0.25	0	1	58683
117.382	0.25	0	1	58691
117.4	0.25	0	1	58700
117.416	0.25	0	1	58708
117.432	0.25	1	2	58716
117.45	0.25	1	2	58725
117.466	0.25	1	2	58733
117.482	0.25	1	2	58741
117.5	0.25	0	1	58750
117.516	0.25	0	1	58758
117.532	0.25	0	1	58766
117.55	0.25	0	1	58775
117.566	0.25	0	1	58783
117.582	0.25	0	1	58791
117.6	0.25	0	1	58800
117.616	0.25	0	1	58808
117.632	0.25	1	2	58816
117.65	0.25	1	2	58825
117.666	0.25	1	2	58833
117.682	0.25	1	2	58841
117.7	0.25	1	2	58850
117.716	0.25	1	2	58858
117.732	0.25	1	2	58866
117.75	0.25	1	2	58875
117.766	0.25	1	2	58883
117.782	0.25	1	2	58891
117.8	0.25	0	1	58900
117.816	0.25	0	1	58908
117.832	0.25	0	1	58916
117.85	0.25	0	1	58925
117.866	0.25	0	1	58933
117.882	0.25	0	1	58941
117.9	0.25	0	1	58950
117.916	0.25	0	1	58958
117.932	0.25	0	1	58966
117.95	0.25	0	1	58975
117.966	0.25	0	1	58983
117.982	0.25	0	1	58991
118.0	0.25	1	2	59000
118.016	0.25	1	2	59008
118.032	0.25	1	2	59016
118.05	0.25	1	2	59025
118.066	0.25	0	1	59033
118.082	0.25	0	1	59041
118.1	0.25	0	1	59050
118.116	0.25	0	1	59058
118.132	0.25	1	2	59066
118.15	0.25	1	2	59075
118.166	0.25	0	1	59083
118.182	0.25	0	1	59091
118.2	0.25	1	2	59100
118.216	0.25	1	2	59108
118.232	0.25	0	1	59116
118.25	0.25	0	1	59125
118.266	0.25	1	2	59133
118.282	0.25	1	2	59141
118.3	0.25	0	1	59150
118.316	0.25	0	1	59158
118.332	0.25	1	2	59166
118.35	0.25	1	2	59175
118.366	0.25	1	2	59183
118.382	0.25	1	2	59191
118.4	0.25	0	1	59200
118.416	0.25	0	1	59208
118.432	0.25	1	2	59216
118.45	0.25	1	2	59225
118.466	0.25	0	1	59233
118.482	0.25	0	1	59241
118.5	0.25	0	1	59250
118.516	0.25	0	1	59258
118.532	0.25	0	1	59266
118.55	0.25	0	1	59275
118.566	0.25	1	2	59283
118.582	0.25	1	2	59291
118.6	0.25	0	1	59300
118.616	0.25	0	1	59308
118.632	0.25	0	1	59316
118.65	0.25	0	1	59325
118.666	0.25	0	1	59333
118.682	0.25	0	1	59341
118.7	0.25	1	2	59350
118.716	0.25	1	2	59358
118.732	0.25	1	2	59366
118.75	0.25	1	2	59375
118.766	0.25	1	2	59383
118.782	0.25	1	2	59391
118.8	0.25	0	1	59400
118.816	0.25	0	1	59408
118.832	0.25	1	2	59416
118.85	0.25	1	2	59425
118.866	0.25	0	1	59433
118.882	0.25	0	1	59441
118.9	0.25	1	2	59450
118.916	0.25	1	2	59458
118.932	0.25	1	2	59466
118.95	0.25	1	2	59475
118.966	0.25	1	2	59483
118.982	0.25	1	2	59491
119.0	0.25	1	2	59500
119.016	0.25	1	2	59508
119.032	0.25	1	2	59516
119.05	0.25	1	2	59525
119.066	0.25	0	1	59533
119.082	0.25	0	1	59541
119.1	0.25	0	1	59550
119.116	0.25	0	1	59558
119.132	0.25	1	2	59566
119.15	0.25	1	2	59575
119.166	0.25	0	1	59583
119.182	0.25	0	1	59591
119.2	0.25	0	1	59600
119.216	0.25	0	1	59608
119.232	0.25	0	1	59616
119.25	0.25	0	1	59625
119.266	0.25	1	2	59633
119.282	0.25	1	2	59641
119.3	0.25	1	2	59650
120.782	0.25	1	2	60391
120.8	0.25	1	2	60400
120.816	0.25	1	2	60408
120.832	0.25	1	2	60416
120.85	0.25	0	1	60425
120.866	0.25	0	1	60433
120.882	0.25	0	1	60441
120.9	0.25	0	1	60450
120.916	0.25	0	1	60458
120.932	0.25	0	1	60466
120.95	0.25	0	1	60475
120.966	0.25	0	1	60483
120.982	0.25	1	2	60491
121.0	0.25	1	2	60500
121.016	0.25	0	1	60508
121.032	0.25	0	1	60516
121.05	0.25	0	1	60525
121.066	0.25	0	1	60533
121.082	0.25	1	2	60541
121.1	0.25	1	2	60550
121.116	0.25	1	2	60558
121.132	0.25	1	2	60566
121.15	0.25	0	1	60575
121.166	0.25	0	1	60583
121.182	0.25	0	1	60591
121.2	0.25	0	1	60600
121.216	0.25	0	1	60608
121.232	0.25	0	1	60616
121.25	0.25	0	1	60625
121.266	0.25	0	1	60633
121.282	0.25	0	1	60641
121.3	0.25	0	1	60650
121.316	0.25	0	1	60658
121.332	0.25	0	1	60666
121.35	0.25	1	2	60675
121.366	0.25	1	2	60683
121.382	0.25	0	1	60691
121.4	0.25	0	1	60700
121.416	0.25	1	2	60708
121.432	0.25	1	2	60716
121.45	0.25	1	2	60725
121.466	0.25	1	2	60733
121.482	0.25	0	1	60741
121.5	0.25	0	1	60750
121.516	0.25	1	2	60758
121.532	0.25	1	2	60766
121.55	0.25	0	1	60775
121.566	0.25	0	1	60783
121.582	0.25	1	2	60791
121.6	0.25	1	2	60800
121.616	0.25	0	1	60808
121.632	0.25	0	1	60816
121.65	0.25	1	2	60825
121.666	0.25	1	2	60833
121.682	0.25	0	1	60841
121.7	0.25	0	1	60850
121.716	0.25	0	1	60858
121.732	0.25	0	1	60866
121.75	0.25	0	1	60875
121.766	0.25	0	1	60883
121.782	0.25	1	2	60891
121.8	0.25	1	2	60900
121.816	0.25	1	2	60908
121.832	0.25	1	2	60916
121.85	0.25	1	2	60925
121.866	0.25	1	2	60933
121.882	0.25	0	1	60941
121.9	0.25	0	1	60950
121.916	0.25	1	2	60958
121.932	0.25	1	2	60966
121.95	0.25	1	2	60975
121.966	0.25	1	2	60983
121.982	0.25	1	2	60991
122.0	0.25	1	2	61000
122.016	0.25	0	1	61008
122.032	0.25	0	1	61016
122.05	0.25	1	2	61025
122.066	0.25	1	2	61033
122.082	0.25	0	1	61041
122.1	0.25	0	1	61050
122.116	0.25	1	2	61058
122.132	0.25	1	2	61066
122.15	0.25	1	2	61075
122.166	0.25	1	2	61083
122.182	0.25	0	1	61091
122.2	0.25	0	1	61100
122.216	0.25	0	1	61108
122.232	0.25	0	1	61116
122.25	0.25	0	1	61125
122.266	0.25	0	1	61133
122.282	0.25	1	2	61141
122.3	0.25	1	2	61150
122.316	0.25	1	2	61158
122.332	0.25	1	2	61166
122.35	0.25	0	1	61175
122.366	0.25	0	1	61183
122.382	0.25	1	2	61191
122.4	0.25	1	2	61200
122.416	0.25	1	2	61208
122.432	0.25	1	2	61216
122.45	0.25	1	2	61225
122.466	0.25	1	2	61233
122.482	0.25	0	1	61241
122.5	0.25	0	1	61250
122.516	0.25	0	1	61258
122.532	0.25	0	1	61266
122.55	0.25	0	1	61275
122.566	0.25	0	1	61283
122.582	0.25	0	1	61291
122.6	0.25	0	1	61300
122.616	0.25	0	1	61308
122.632	0.25	0	1	61316
122.65	0.25	1	2	61325
122.666	0.25	1	2	61333
122.682	0.25	1	2	61341
122.7	0.25	1	2	61350
122.716	0.25	1	2	61358
124.2	0.25	1	2	62100
124.216	0.25	1	2	62108
124.232	0.25	1	2	62116
124.25	0.25	1	2	62125
124.266	0.25	1	2	62133
124.282	0.25	1	2	62141
124.3	0.25	1	2	62150
124.316	0.25	1	2	62158
124.332	0.25	1	2	62166
124.35	0.25	1	2	62175
124.366	0.25	1	2	62183
124.382	0.25	1	2	62191
124.4	0.25	1	2	62200
124.416	0.25	1	2	62208
124.432	0.25	0	1	62216
124.45	0.25	0	1	62225
124.466	0.25	0	1	62233
124.482	0.25	0	1	62241
124.5	0.25	1	2	62250
124.516	0.25	1	2	62258
124.532	0.25	1	2	62266
124.55	0.25	1	2	62275
124.566	0.25	0	1	62283
124.582	0.25	0	1	62291
124.6	0.25	0	1	62300
124.616	0.25	0	1	62308
124.632	0.25	1	2	62316
124.65	0.25	1	2	62325
124.666	0.25	1	2	62333
124.682	0.25	1	2	62341
124.7	0.25	0	1	62350
124.716	0.25	0	1	62358
124.732	0.25	0	1	62366
124.75	0.25	0	1	62375
124.766	0.25	1	2	62383
124.782	0.25	1	2	62391
124.8	0.25	0	1	62400
124.816	0.25	0	1	62408
124.832	0.25	1	2	62416
124.85	0.25	1	2	62425
124.866	0.25	1	2	62433
124.882	0.25	1	2	62441
124.9	0.25	0	1	62450
124.916	0.25	0	1	62458
124.932	0.25	1	2	62466
124.95	0.25	1	2	62475
124.966	0.25	0	1	62483
124.982	0.25	0	1	62491
125.0	0.25	0	1	62500
125.016	0.25	0	1	62508
125.032	0.25	1	2	62516
125.05	0.25	1	2	62525
125.066	0.25	0	1	62533
125.082	0.25	0	1	62541
125.1	0.25	1	2	62550
125.116	0.25	1	2	62558
125.132	0.25	1	2	62566
125.15	0.25	1	2	62575
125.166	0.25	1	2	62583
125.182	0.25	1	2	62591
125.2	0.25	0	1	62600
125.216	0.25	0	1	62608
125.232	0.25	0	1	62616
125.25	0.25	0	1	62625
125.266	0.25	0	1	62633
125.282	0.25	0	1	62641
125.3	0.25	1	2	62650
125.316	0.25	1	2	62658
125.332	0.25	0	1	62666
125.35	0.25	0	1	62675
125.366	0.25	1	2	62683
125.382	0.25	1	2	62691
125.4	0.25	1	2	62700
125.416	0.25	1	2	62708
125.432	0.25	1	2	62716
125.45	0.25	1	2	62725
125.466	0.25	0	1	62733
125.482	0.25	0	1	62741
125.5	0.25	0	1	62750
125.516	0.25	0	1	62758
125.532	0.25	1	2	62766
125.55	0.25	1	2	62775
125.566	0.25	0	1	62783
125.582	0.25	0	1	62791
125.6	0.25	1	2	62800
125.616	0.25	1	2	62808
125.632	0.25	0	1	62816
125.65	0.25	0	1	62825
125.666	0.25	0	1	62833
125.682	0.25	0	1	62841
125.7	0.25	0	1	62850
125.716	0.25	0	1	62858
125.732	0.25	1	2	62866
125.75	0.25	1	2	62875
125.766	0.25	1	2	62883
125.782	0.25	1	2	62891
125.8	0.25	0	1	62900
125.816	0.25	0	1	62908
125.832	0.25	1	2	62916
125.85	0.25	1	2	62925
125.866	0.25	0	1	62933
125.882	0.25	0	1	62941
125.9	0.25	0	1	62950
125.916	0.25	0	1	62958
125.932	0.25	0	1	62966
125.95	0.25	0	1	62975
125.966	0.25	1	2	62983
125.982	0.25	1	2	62991
126.0	0.25	0	1	63000
126.016	0.25	0	1	63008
126.032	0.25	1	2	63016
126.05	0.25	1	2	63025
126.066	0.25	0	1	63033
126.082	0.25	0	1	63041
126.1	0.25	0	1	63050
126.116	0.25	0	1	63058
126.132	0.25	1	2	63066
127.616	0.25	1	2	63808
127.632	0.25	1	2	63816
127.65	0.25	1	2	63825
127.666	0.25	1	2	63833
127.682	0.25	0	1	63841
127.7	0.25	0	1	63850
127.716	0.25	1	2	63858
127.732	0.25	1	2	63866
127.75	0.25	1	2	63875
127.766	0.25	1	2	63883
127.782	0.25	0	1	63891
127.8	0.25	0	1	63900
127.816	0.25	1	2	63908
127.832	0.25	1	2	63916
127.85	0.25	1	2	63925
127.866	0.25	1	2	63933
127.882	0.25	0	1	63941
127.9	0.25	0	1	63950
127.916	0.25	1	2	63958
127.932	0.25	1	2	63966
127.95	0.25	1	2	63975
127.966	0.25	1	2	63983
127.982	0.25	0	1	63991
128.0	0.25	0	1	64000
128.016	0.25	0	1	64008
128.032	0.25	0	1	64016
128.05	0.25	0	1	64025
128.066	0.25	0	1	64033
128.082	0.25	1	2	64041
128.1	0.25	1	2	64050
128.116	0.25	1	2	64058
128.132	0.25	1	2	64066
128.15	0.25	1	2	64075
128.166	0.25	1	2	64083
128.182	0.25	0	1	64091
128.198	0.25	0	1	64099
128.216	0.25	0	1	64108
128.232	0.25	0	1	64116
128.25	0.25	0	1	64125
128.266	0.25	0	1	64133
128.282	0.25	1	2	64141
128.3	0.25	1	2	64150
128.316	0.25	1	2	64158
128.332	0.25	1	2	64166
128.35	0.25	1	2	64175
128.366	0.25	1	2	64183
128.382	0.25	1	2	64191
128.4	0.25	1	2	64200
128.416	0.25	1	2	64208
128.432	0.25	1	2	64216
128.448	0.25	0	1	64224
128.466	0.25	0	1	64233
128.482	0.25	0	1	64241
128.5	0.25	0	1	64250
128.516	0.25	1	2	64258
128.532	0.25	1	2	64266
128.55	0.25	0	1	64275
128.566	0.25	0	1	64283
128.582	0.25	1	2	64291
128.6	0.25	1	2	64300
128.616	0.25	0	1	64308
128.632	0.25	0	1	64316
128.65	0.25	0	1	64325
128.666	0.25	0	1	64333
128.682	0.25	1	2	64341
128.698	0.25	1	2	64349
128.716	0.25	1	2	64358
128.732	0.25	1	2	64366
128.75	0.25	0	1	64375
128.766	0.25	0	1	64383
128.782	0.25	0	1	64391
128.8	0.25	0	1	64400
128.816	0.25	0	1	64408
128.832	0.25	0	1	64416
128.85	0.25	0	1	64425
128.866	0.25	0	1	64433
128.882	0.25	1	2	64441
128.9	0.25	1	2	64450
128.916	0.25	0	1	64458
128.932	0.25	0	1	64466
128.948	0.25	0	1	64474
128.966	0.25	0	1	64483
128.982	0.25	0	1	64491
129.0	0.25	0	1	64500
129.016	0.25	0	1	64508
129.032	0.25	0	1	64516
129.05	0.25	1	2	64525
129.066	0.25	1	2	64533
129.082	0.25	1	2	64541
129.1	0.25	1	2	64550
129.116	0.25	1	2	64558
129.132	0.25	1	2	64566
129.15	0.25	1	2	64575
129.166	0.25	1	2	64583
129.182	0.25	1	2	64591
129.198	0.25	1	2	64599
129.216	0.25	1	2	64608
129.232	0.25	1	2	64616
129.25	0.25	0	1	64625
129.266	0.25	0	1	64633
129.282	0.25	1	2	64641
129.3	0.25	1	2	64650
129.316	0.25	0	1	64658
129.332	0.25	0	1	64666
129.35	0.25	1	2	64675
129.366	0.25	1	2	64683
129.382	0.25	0	1	64691
129.4	0.25	0	1	64700
129.416	0.25	0	1	64708
129.432	0.25	0	1	64716
129.448	0.25	1	2	64724
129.466	0.25	1	2	64733
129.482	0.25	1	2	64741
129.5	0.25	1	2	64750
129.516	0.25	0	1	64758
129.532	0.25	0	1	64766
129.55	0.25	0	1	64775
131.716	0.25	1	2	65858
131.732	0.25	1	2	65866
131.75	0.25	1	2	65875
131.766	0.25	1	2	65883
131.782	0.25	1	2	65891
131.8	0.25	1	2	65900
131.816	0.25	1	2	65908
131.832	0.25	1	2	65916
131.85	0.25	1	2	65925
131.866	0.25	1	2	65933
131.882	0.25	1	2	65941
131.9	0.25	1	2	65950
131.916	0.25	1	2	65958
131.932	0.25	1	2	65966
131.95	0.25	0	1	65975
131.966	0.25	0	1	65983
131.982	0.25	0	1	65991
132.0	0.25	0	1	66000
132.016	0.25	1	2	66008
132.032	0.25	1	2	66016
132.05	0.25	1	2	66025
132.066	0.25	1	2	66033
132.082	0.25	0	1	66041
132.1	0.25	0	1	66050
132.116	0.25	0	1	66058
132.132	0.25	0	1	66066
132.15	0.25	1	2	66075
132.166	0.25	1	2	66083
132.182	0.25	1	2	66091
132.2	0.25	1	2	66100
132.216	0.25	0	1	66108
132.232	0.25	0	1	66116
132.25	0.25	0	1	66125
132.266	0.25	0	1	66133
132.282	0.25	1	2	66141
132.3	0.25	1	2	66150
132.316	0.25	0	1	66158
132.332	0.25	0	1	66166
132.35	0.25	1	2	66175
132.366	0.25	1	2	66183
132.382	0.25	1	2	66191
132.4	0.25	1	2	66200
132.416	0.25	0	1	66208
132.432	0.25	0	1	66216
132.45	0.25	1	2	66225
132.466	0.25	1	2	66233
132.482	0.25	0	1	66241
132.5	0.25	0	1	66250
132.516	0.25	0	1	66258
132.532	0.25	0	1	66266
132.55	0.25	1	2	66275
132.566	0.25	1	2	66283
132.582	0.25	0	1	66291
132.6	0.25	0	1	66300
132.616	0.25	1	2	66308
132.632	0.25	1	2	66316
132.65	0.25	1	2	66325
132.666	0.25	1	2	66333
132.682	0.25	1	2	66341
132.7	0.25	1	2	66350
132.716	0.25	0	1	66358
132.732	0.25	0	1	66366
132.75	0.25	0	1	66375
132.766	0.25	0	1	66383
132.782	0.25	0	1	66391
132.8	0.25	0	1	66400
132.816	0.25	1	2	66408
132.832	0.25	1	2	66416
132.85	0.25	0	1	66425
132.866	0.25	0	1	66433
132.882	0.25	1	2	66441
132.9	0.25	1	2	66450
132.916	0.25	1	2	66458
132.932	0.25	1	2	66466
132.95	0.25	1	2	66475
132.966	0.25	1	2	66483
132.982	0.25	0	1	66491
133.0	0.25	0	1	66500
133.016	0.25	0	1	66508
133.032	0.25	0	1	66516
133.05	0.25	1	2	66525
133.066	0.25	1	2	66533
133.082	0.25	0	1	66541
133.1	0.25	0	1	66550
133.116	0.25	1	2	66558
133.132	0.25	1	2	66566
133.15	0.25	0	1	66575
133.166	0.25	0	1	66583
133.182	0.25	0	1	66591
133.2	0.25	0	1	66600
133.216	0.25	0	1	66608
133.232	0.25	0	1	66616
133.25	0.25	1	2	66625
133.266	0.25	1	2	66633
133.282	0.25	1	2	66641
133.3	0.25	1	2	66650
133.316	0.25	0	1	66658
133.332	0.25	0	1	66666
133.35	0.25	1	2	66675
133.366	0.25	1	2	66683
133.382	0.25	0	1	66691
133.4	0.25	0	1	66700
133.416	0.25	0	1	66708
133.432	0.25	0	1	66716
133.45	0.25	0	1	66725
133.466	0.25	0	1	66733
133.482	0.25	1	2	66741
133.5	0.25	1	2	66750
133.516	0.25	0	1	66758
133.532	0.25	0	1	66766
133.55	0.25	1	2	66775
133.566	0.25	1	2	66783
133.582	0.25	0	1	66791
133.6	0.25	0	1	66800
133.616	0.25	0	1	66808
133.632	0.25	0	1	66816
133.65	0.25	1	2	66825
135.132	0.25	1	2	67566
135.15	0.25	1	2	67575
135.166	0.25	1	2	67583
135.182	0.25	1	2	67591
135.2	0.25	0	1	67600
135.216	0.25	0	1	67608
135.232	0.25	1	2	67616
135.25	0.25	1	2	67625
135.266	0.25	1	2	67633
135.282	0.25	1	2	67641
135.3	0.25	0	1	67650
135.316	0.25	0	1	67658
135.332	0.25	1	2	67666
135.35	0.25	1	2	67675
135.366	0.25	1	2	67683
135.382	0.25	1	2	67691
135.4	0.25	0	1	67700
135.416	0.25	0	1	67708
135.432	0.25	1	2	67716
135.45	0.25	1	2	67725
135.466	0.25	1	2	67733
135.482	0.25	1	2	67741
135.5	0.25	0	1	67750
135.516	0.25	0	1	67758
135.532	0.25	0	1	67766
135.55	0.25	0	1	67775
135.566	0.25	0	1	67783
135.582	0.25	0	1	67791
135.6	0.25	1	2	67800
135.616	0.25	1	2	67808
135.632	0.25	1	2	67816
135.65	0.25	1	2	67825
135.666	0.25	1	2	67833
135.682	0.25	1	2	67841
135.7	0.25	0	1	67850
135.716	0.25	0	1	67858
135.732	0.25	0	1	67866
135.75	0.25	0	1	67875
135.766	0.25	0	1	67883
135.782	0.25	0	1	67891
135.8	0.25	1	2	67900
135.816	0.25	1	2	67908
135.832	0.25	1	2	67916
135.85	0.25	1	2	67925
135.866	0.25	1	2	67933
135.882	0.25	1	2	67941
135.9	0.25	1	2	67950
135.916	0.25	1	2	67958
135.932	0.25	1	2	67966
135.95	0.25	1	2	67975
135.966	0.25	0	1	67983
135.982	0.25	0	1	67991
136.0	0.25	0	1	68000
136.016	0.25	0	1	68008
136.032	0.25	1	2	68016
136.05	0.25	1	2	68025
136.066	0.25	0	1	68033
136.082	0.25	0	1	68041
136.1	0.25	1	2	68050
136.116	0.25	1	2	68058
136.132	0.25	0	1	68066
136.15	0.25	0	1	68075
136.166	0.25	0	1	68083
136.182	0.25	0	1	68091
136.2	0.25	1	2	68100
136.216	0.25	1	2	68108
136.232	0.25	1	2	68116
136.25	0.25	1	2	68125
136.266	0.25	0	1	68133
136.282	0.25	0	1	68141
136.3	0.25	0	1	68150
136.316	0.25	0	1	68158
136.332	0.25	0	1	68166
136.35	0.25	0	1	68175
136.366	0.25	0	1	68183
136.382	0.25	0	1	68191
136.4	0.25	1	2	68200
136.416	0.25	1	2	68208
136.432	0.25	0	1	68216
136.45	0.25	0	1	68225
136.466	0.25	0	1	68233
136.482	0.25	0	1	68241
136.5	0.25	0	1	68250
136.516	0.25	0	1	68258
136.532	0.25	0	1	68266
136.55	0.25	0	1	68275
136.566	0.25	1	2	68283
136.582	0.25	1	2	68291
136.6	0.25	1	2	68300
136.616	0.25	1	2	68308
136.632	0.25	1	2	68316
136.65	0.25	1	2	68325
136.666	0.25	1	2	68333
136.682	0.25	1	2	68341
136.7	0.25	1	2	68350
136.716	0.25	1	2	68358
136.732	0.25	1	2	68366
136.75	0.25	1	2	68375
136.766	0.25	0	1	68383
136.782	0.25	0	1	68391
136.8	0.25	1	2	68400
136.816	0.25	1	2	68408
136.832	0.25	0	1	68416
136.85	0.25	0	1	68425
136.866	0.25	1	2	68433
136.882	0.25	1	2	68441
136.9	0.25	0	1	68450
136.916	0.25	0	1	68458
136.932	0.25	0	1	68466
136.95	0.25	0	1	68475
136.966	0.25	1	2	68483
136.982	0.25	1	2	68491
137.0	0.25	1	2	68500
137.016	0.25	1	2	68508
137.032	0.25	0	1	68516
137.05	0.25	0	1	68525
137.066	0.25	0	1	68533
138.55	0.25	1	2	69275
138.566	0.25	1	2	69283
138.582	0.25	1	2	69291
138.6	0.25	1	2	69300
138.616	0.25	0	1	69308
138.632	0.25	0	1	69316
138.65	0.25	0	1	69325
138.666	0.25	0	1	69333
138.682	0.25	0	1	69341
138.7	0.25	0	1	69350
138.716	0.25	0	1	69358
138.732	0.25	0	1	69366
138.75	0.25	1	2	69375
138.766	0.25	1	2	69383
138.782	0.25	0	1	69391
138.8	0.25	0	1	69400
138.816	0.25	0	1	69408
138.832	0.25	0	1	69416
138.85	0.25	1	2	69425
138.866	0.25	1	2	69433
138.882	0.25	1	2	69441
138.9	0.25	1	2	69450
138.916	0.25	0	1	69458
138.932	0.25	0	1	69466
138.95	0.25	0	1	69475
138.966	0.25	0	1	69483
138.982	0.25	0	1	69491
139.0	0.25	0	1	69500
139.016	0.25	0	1	69508
139.032	0.25	0	1	69516
139.05	0.25	0	1	69525
139.066	0.25	0	1	69533
139.082	0.25	0	1	69541
139.1	0.25	0	1	69550
139.116	0.25	1	2	69558
139.132	0.25	1	2	69566
139.15	0.25	0	1	69575
139.166	0.25	0	1	69583
139.182	0.25	1	2	69591
139.2	0.25	1	2	69600
139.216	0.25	1	2	69608
139.232	0.25	1	2	69616
139.25	0.25	0	1	69625
139.266	0.25	0	1	69633
139.282	0.25	1	2	69641
139.3	0.25	1	2	69650
139.316	0.25	0	1	69658
139.332	0.25	0	1	69666
139.35	0.25	1	2	69675
139.366	0.25	1	2	69683
139.382	0.25	0	1	69691
139.4	0.25	0	1	69700
139.416	0.25	1	2	69708
139.432	0.25	1	2	69716
139.45	0.25	0	1	69725
139.466	0.25	0	1	69733
139.482	0.25	0	1	69741
139.5	0.25	0	1	69750
139.516	0.25	0	1	69758
139.532	0.25	0	1	69766
139.55	0.25	1	2	69775
139.566	0.25	1	2	69783
139.582	0.25	1	2	69791
139.6	0.25	1	2	69800
139.616	0.25	1	2	69808
139.632	0.25	1	2	69816
139.65	0.25	0	1	69825
139.666	0.25	0	1	69833
139.682	0.25	1	2	69841
139.7	0.25	1	2	69850
139.716	0.25	1	2	69858
139.732	0.25	1	2	69866
139.75	0.25	1	2	69875
139.766	0.25	1	2	69883
139.782	0.25	0	1	69891
139.8	0.25	0	1	69900
139.816	0.25	1	2	69908
139.832	0.25	1	2	69916
139.85	0.25	0	1	69925
139.866	0.25	0	1	69933
139.882	0.25	1	2	69941
139.9	0.25	1	2	69950
139.916	0.25	1	2	69958
139.932	0.25	1	2	69966
139.95	0.25	0	1	69975
139.966	0.25	0	1	69983
139.982	0.25	0	1	69991
140.0	0.25	0	1	70000
140.016	0.25	0	1	70008
140.032	0.25	0	1	70016
140.05	0.25	1	2	70025
140.066	0.25	1	2	70033
140.082	0.25	1	2	70041
140.1	0.25	1	2	70050
140.116	0.25	0	1	70058
140.132	0.25	0	1	70066
140.15	0.25	1	2	70075
140.166	0.25	1	2	70083
140.182	0.25	1	2	70091
140.2	0.25	1	2	70100
140.216	0.25	1	2	70108
140.232	0.25	1	2	70116
140.25	0.25	0	1	70125
140.266	0.25	0	1	70133
140.282	0.25	0	1	70141
140.3	0.25	0	1	70150
140.316	0.25	0	1	70158
140.332	0.25	0	1	70166
140.35	0.25	0	1	70175
140.366	0.25	0	1	70183
140.382	0.25	0	1	70191
140.4	0.25	0	1	70200
140.416	0.25	1	2	70208
140.432	0.25	1	2	70216
140.45	0.25	1	2	70225
140.466	0.25	1	2	70233
140.482	0.25	1	2	70241
141.966	0.25	0	1	70983
141.982	0.25	0	1	70991
142.0	0.25	0	1	71000
142.016	0.25	0	1	71008
142.032	0.25	1	2	71016
142.05	0.25	1	2	71025
142.066	0.25	1	2	71033
142.082	0.25	1	2	71041
142.1	0.25	0	1	71050
142.116	0.25	0	1	71058
142.132	0.25	0	1	71066
142.15	0.25	0	1	71075
142.166	0.25	0	1	71083
142.182	0.25	0	1	71091
142.2	0.25	0	1	71100
142.216	0.25	0	1	71108
142.232	0.25	1	2	71116
142.25	0.25	1	2	71125
142.266	0.25	1	2	71133
142.282	0.25	1	2	71141
142.3	0.25	1	2	71150
142.316	0.25	1	2	71158
142.332	0.25	1	2	71166
142.35	0.25	1	2	71175
142.366	0.25	1	2	71183
142.382	0.25	1	2	71191
142.4	0.25	0	1	71200
142.416	0.25	0	1	71208
142.432	0.25	0	1	71216
142.45	0.25	0	1	71225
142.466	0.25	0	1	71233
142.482	0.25	0	1	71241
142.5	0.25	0	1	71250
142.516	0.25	0	1	71258
142.532	0.25	0	1	71266
142.55	0.25	0	1	71275
142.566	0.25	0	1	71283
142.582	0.25	0	1	71291
142.6	0.25	1	2	71300
142.616	0.25	1	2	71308
142.632	0.25	1	2	71316
142.65	0.25	1	2	71325
142.666	0.25	0	1	71333
142.682	0.25	0	1	71341
142.7	0.25	0	1	71350
142.716	0.25	0	1	71358
142.732	0.25	1	2	71366
142.75	0.25	1	2	71375
142.766	0.25	0	1	71383
142.782	0.25	0	1	71391
142.8	0.25	1	2	71400
142.816	0.25	1	2	71408
142.832	0.25	0	1	71416
142.85	0.25	0	1	71425
142.866	0.25	1	2	71433
142.882	0.25	1	2	71441
142.9	0.25	0	1	71450
142.916	0.25	0	1	71458
142.932	0.25	1	2	71466
142.95	0.25	1	2	71475
142.966	0.25	1	2	71483
142.982	0.25	1	2	71491
143.0	0.25	0	1	71500
143.016	0.25	0	1	71508
143.032	0.25	1	2	71516
143.05	0.25	1	2	71525
143.066	0.25	0	1	71533
143.082	0.25	0	1	71541
143.1	0.25	0	1	71550
143.116	0.25	0	1	71558
143.132	0.25	0	1	71566
143.15	0.25	0	1	71575
143.166	0.25	1	2	71583
143.182	0.25	1	2	71591
143.2	0.25	0	1	71600
143.216	0.25	0	1	71608
143.232	0.25	0	1	71616
143.25	0.25	0	1	71625
143.266	0.25	0	1	71633
143.282	0.25	0	1	71641
143.3	0.25	1	2	71650
143.316	0.25	1	2	71658
143.332	0.25	1	2	71666
143.35	0.25	1	2	71675
143.366	0.25	1	2	71683
143.382	0.25	1	2	71691
143.4	0.25	0	1	71700
143.416	0.25	0	1	71708
143.432	0.25	1	2	71716
143.45	0.25	1	2	71725
143.466	0.25	0	1	71733
143.482	0.25	0	1	71741
143.5	0.25	1	2	71750
143.516	0.25	1	2	71758
143.532	0.25	1	2	71766
143.55	0.25	1	2	71775
143.566	0.25	1	2	71783
143.582	0.25	1	2	71791
143.6	0.25	1	2	71800
143.616	0.25	1	2	71808
143.632	0.25	1	2	71816
143.65	0.25	1	2	71825
143.666	0.25	0	1	71833
143.682	0.25	0	1	71841
143.7	0.25	0	1	71850
143.716	0.25	0	1	71858
143.732	0.25	1	2	71866
143.75	0.25	1	2	71875
143.766	0.25	0	1	71883
143.782	0.25	0	1	71891
143.8	0.25	0	1	71900
143.816	0.25	0	1	71908
143.832	0.25	0	1	71916
143.85	0.25	0	1	71925
143.866	0.25	1	2	71933
143.882	0.25	1	2	71941
143.9	0.25	1	2	71950
146.016	0.25	1	2	73008
146.032	0.25	1	2	73016
146.05	0.25	1	2	73025
146.066	0.25	1	2	73033
146.082	0.25	0	1	73041
146.1	0.25	0	1	73050
146.116	0.25	0	1	73058
146.132	0.25	0	1	73066
146.15	0.25	0	1	73075
146.166	0.25	0	1	73083
146.182	0.25	0	1	73091
146.2	0.25	0	1	73100
146.216	0.25	1	2	73108
146.232	0.25	1	2	73116
146.25	0.25	0	1	73125
146.266	0.25	0	1	73133
146.282	0.25	0	1	73141
146.3	0.25	0	1	73150
146.316	0.25	1	2	73158
146.332	0.25	1	2	73166
146.35	0.25	1	2	73175
146.366	0.25	1	2	73183
146.382	0.25	0	1	73191
146.4	0.25	0	1	73200
146.416	0.25	0	1	73208
146.432	0.25	0	1	73216
146.45	0.25	0	1	73225
146.466	0.25	0	1	73233
146.482	0.25	0	1	73241
146.5	0.25	0	1	73250
146.516	0.25	0	1	73258
146.532	0.25	0	1	73266
146.55	0.25	0	1	73275
146.566	0.25	0	1	73283
146.582	0.25	1	2	73291
146.6	0.25	1	2	73300
146.616	0.25	0	1	73308
146.632	0.25	0	1	73316
146.65	0.25	1	2	73325
146.666	0.25	1	2	73333
146.682	0.25	1	2	73341
146.7	0.25	1	2	73350
146.716	0.25	0	1	73358
146.732	0.25	0	1	73366
146.75	0.25	1	2	73375
146.766	0.25	1	2	73383
146.782	0.25	0	1	73391
146.8	0.25	0	1	73400
146.816	0.25	1	2	73408
146.832	0.25	1	2	73416
146.85	0.25	0	1	73425
146.866	0.25	0	1	73433
146.882	0.25	1	2	73441
146.9	0.25	1	2	73450
146.916	0.25	0	1	73458
146.932	0.25	0	1	73466
146.95	0.25	0	1	73475
146.966	0.25	0	1	73483
146.982	0.25	0	1	73491
147.0	0.25	0	1	73500
147.016	0.25	1	2	73508
147.032	0.25	1	2	73516
147.05	0.25	1	2	73525
147.066	0.25	1	2	73533
147.082	0.25	1	2	73541
147.1	0.25	1	2	73550
147.116	0.25	0	1	73558
147.132	0.25	0	1	73566
147.15	0.25	1	2	73575
147.166	0.25	1	2	73583
147.182	0.25	1	2	73591
147.2	0.25	1	2	73600
147.216	0.25	1	2	73608
147.232	0.25	1	2	73616
147.25	0.25	0	1	73625
147.266	0.25	0	1	73633
147.282	0.25	1	2	73641
147.3	0.25	1	2	73650
147.316	0.25	0	1	73658
147.332	0.25	0	1	73666
147.35	0.25	1	2	73675
147.366	0.25	1	2	73683
147.382	0.25	1	2	73691
147.4	0.25	1	2	73700
147.416	0.25	0	1	73708
147.432	0.25	0	1	73716
147.45	0.25	0	1	73725
147.466	0.25	0	1	73733
147.482	0.25	0	1	73741
147.5	0.25	0	1	73750
147.516	0.25	1	2	73758
147.532	0.25	1	2	73766
147.55	0.25	1	2	73775
147.566	0.25	1	2	73783
147.582	0.25	0	1	73791
147.6	0.25	0	1	73800
147.616	0.25	1	2	73808
147.632	0.25	1	2	73816
147.65	0.25	1	2	73825
147.666	0.25	1	2	73833
147.682	0.25	1	2	73841
147.7	0.25	1	2	73850
147.716	0.25	0	1	73858
147.732	0.25	0	1	73866
147.75	0.25	0	1	73875
147.766	0.25	0	1	73883
147.782	0.25	0	1	73891
147.8	0.25	0	1	73900
147.816	0.25	0	1	73908
147.832	0.25	0	1	73916
147.85	0.25	0	1	73925
147.866	0.25	0	1	73933
147.882	0.25	1	2	73941
147.9	0.25	1	2	73950
147.916	0.25	1	2	73958
147.932	0.25	1	2	73966
147.95	0.25	1	2	73975
149.432	0.25	0	1	74716
149.45	0.25	0	1	74725
149.466	0.25	0	1	74733
149.482	0.25	0	1	74741
149.5	0.25	1	2	74750
149.516	0.25	1	2	74758
149.532	0.25	1	2	74766
149.55	0.25	1	2	74775
149.566	0.25	0	1	74783
149.582	0.25	0	1	74791
149.6	0.25	0	1	74800
149.616	0.25	0	1	74808
149.632	0.25	0	1	74816
149.65	0.25	0	1	74825
149.666	0.25	0	1	74833
149.682	0.25	0	1	74841
149.7	0.25	1	2	74850
149.716	0.25	1	2	74858
149.732	0.25	1	2	74866
149.75	0.25	1	2	74875
149.766	0.25	1	2	74883
149.782	0.25	1	2	74891
149.8	0.25	1	2	74900
149.816	0.25	1	2	74908
149.832	0.25	1	2	74916
149.85	0.25	1	2	74925
149.866	0.25	0	1	74933
149.882	0.25	0	1	74941
149.9	0.25	0	1	74950
149.916	0.25	0	1	74958
149.932	0.25	0	1	74966
149.95	0.25	0	1	74975
149.966	0.25	0	1	74983
149.982	0.25	0	1	74991
150.0	0.25	0	1	75000
150.016	0.25	0	1	75008
150.032	0.25	0	1	75016
150.05	0.25	0	1	75025
150.066	0.25	1	2	75033
150.082	0.25	1	2	75041
150.1	0.25	1	2	75050
150.116	0.25	1	2	75058
150.132	0.25	0	1	75066
150.15	0.25	0	1	75075
150.166	0.25	0	1	75083
150.182	0.25	0	1	75091
150.2	0.25	1	2	75100
150.216	0.25	1	2	75108
150.232	0.25	0	1	75116
150.25	0.25	0	1	75125
150.266	0.25	1	2	75133
150.282	0.25	1	2	75141
150.3	0.25	0	1	75150
150.316	0.25	0	1	75158
150.332	0.25	1	2	75166
150.35	0.25	1	2	75175
150.366	0.25	0	1	75183
150.382	0.25	0	1	75191
150.4	0.25	1	2	75200
150.416	0.25	1	2	75208
150.432	0.25	1	2	75216
150.45	0.25	1	2	75225
150.466	0.25	0	1	75233
150.482	0.25	0	1	75241
150.5	0.25	1	2	75250
150.516	0.25	1	2	75258
150.532	0.25	0	1	75266
150.55	0.25	0	1	75275
150.566	0.25	0	1	75283
150.582	0.25	0	1	75291
150.6	0.25	0	1	75300
150.616	0.25	0	1	75308
150.632	0.25	1	2	75316
150.65	0.25	1	2	75325
150.666	0.25	0	1	75333
150.682	0.25	0	1	75341
150.7	0.25	0	1	75350
150.716	0.25	0	1	75358
150.732	0.25	0	1	75366
150.75	0.25	0	1	75375
150.766	0.25	1	2	75383
150.782	0.25	1	2	75391
150.8	0.25	1	2	75400
150.816	0.25	1	2	75408
150.832	0.25	1	2	75416
150.85	0.25	1	2	75425
150.866	0.25	0	1	75433
150.882	0.25	0	1	75441
150.9	0.25	1	2	75450
150.916	0.25	1	2	75458
150.932	0.25	0	1	75466
150.95	0.25	0	1	75475
150.966	0.25	1	2	75483
150.982	0.25	1	2	75491
151.0	0.25	1	2	75500
151.016	0.25	1	2	75508
151.032	0.25	1	2	75516
151.05	0.25	1	2	75525
151.066	0.25	1	2	75533
151.082	0.25	1	2	75541
151.1	0.25	1	2	75550
151.116	0.25	1	2	75558
151.132	0.25	0	1	75566
151.15	0.25	0	1	75575
151.166	0.25	0	1	75583
151.182	0.25	0	1	75591
151.2	0.25	1	2	75600
151.216	0.25	1	2	75608
151.232	0.25	0	1	75616
151.25	0.25	0	1	75625
151.266	0.25	0	1	75633
151.282	0.25	0	1	75641
151.3	0.25	0	1	75650
151.316	0.25	0	1	75658
151.332	0.25	1	2	75666
151.35	0.25	1	2	75675
151.366	0.25	1	2	75683
152.85	0.25	1	2	76425
152.866	0.25	1	2	76433
152.882	0.25	1	2	76441
152.9	0.25	1	2	76450
152.916	0.25	0	1	76458
152.932	0.25	0	1	76466
152.95	0.25	1	2	76475
152.966	0.25	1	2	76483
152.982	0.25	1	2	76491
153.0	0.25	1	2	76500
153.016	0.25	0	1	76508
153.032	0.25	0	1	76516
153.05	0.25	1	2	76525
153.066	0.25	1	2	76533
153.082	0.25	1	2	76541
153.1	0.25	1	2	76550
153.116	0.25	0	1	76558
153.132	0.25	0	1	76566
153.15	0.25	1	2	76575
153.166	0.25	1	2	76583
153.182	0.25	1	2	76591
153.2	0.25	1	2	76600
153.216	0.25	0	1	76608
153.232	0.25	0	1	76616
153.25	0.25	0	1	76625
153.266	0.25	0	1	76633
153.282	0.25	0	1	76641
153.3	0.25	0	1	76650
153.316	0.25	1	2	76658
153.332	0.25	1	2	76666
153.35	0.25	1	2	76675
153.366	0.25	1	2	76683
153.382	0.25	1	2	76691
153.4	0.25	1	2	76700
153.416	0.25	0	1	76708
153.432	0.25	0	1	76716
153.45	0.25	0	1	76725
153.466	0.25	0	1	76733
153.482	0.25	0	1	76741
153.5	0.25	0	1	76750
153.516	0.25	1	2	76758
153.532	0.25	1	2	76766
153.55	0.25	1	2	76775
153.566	0.25	1	2	76783
153.582	0.25	1	2	76791
153.6	0.25	1	2	76800
153.616	0.25	1	2	76808
153.632	0.25	1	2	76816
153.65	0.25	1	2	76825
153.666	0.25	1	2	76833
153.682	0.25	0	1	76841
153.7	0.25	0	1	76850
153.716	0.25	0	1	76858
153.732	0.25	0	1	76866
153.75	0.25	1	2	76875
153.766	0.25	1	2	76883
153.782	0.25	0	1	76891
153.8	0.25	0	1	76900
153.816	0.25	1	2	76908
153.832	0.25	1	2	76916
153.85	0.25	0	1	76925
153.866	0.25	0	1	76933
153.882	0.25	0	1	76941
153.9	0.25	0	1	76950
153.916	0.25	1	2	76958
153.932	0.25	1	2	76966
153.95	0.25	1	2	76975
153.966	0.25	1	2	76983
153.982	0.25	0	1	76991
154.0	0.25	0	1	77000
154.016	0.25	0	1	77008
154.032	0.25	0	1	77016
154.05	0.25	0	1	77025
154.066	0.25	0	1	77033
154.082	0.25	0	1	77041
154.1	0.25	0	1	77050
154.116	0.25	1	2	77058
154.132	0.25	1	2	77066
154.15	0.25	0	1	77075
154.166	0.25	0	1	77083
154.182	0.25	0	1	77091
154.2	0.25	0	1	77100
154.216	0.25	0	1	77108
154.232	0.25	0	1	77116
154.25	0.25	0	1	77125
154.266	0.25	0	1	77133
154.282	0.25	1	2	77141
154.3	0.25	1	2	77150
154.316	0.25	1	2	77158
154.332	0.25	1	2	77166
154.35	0.25	1	2	77175
154.366	0.25	1	2	77183
154.382	0.25	1	2	77191
154.4	0.25	1	2	77200
154.416	0.25	1	2	77208
154.432	0.25	1	2	77216
154.45	0.25	1	2	77225
154.466	0.25	1	2	77233
154.482	0.25	0	1	77241
154.5	0.25	0	1	77250
154.516	0.25	1	2	77258
154.532	0.25	1	2	77266
154.55	0.25	0	1	77275
154.566	0.25	0	1	77283
154.582	0.25	1	2	77291
154.6	0.25	1	2	77300
154.616	0.25	0	1	77308
154.632	0.25	0	1	77316
154.65	0.25	0	1	77325
154.666	0.25	0	1	77333
154.682	0.25	1	2	77341
154.7	0.25	1	2	77350
154.716	0.25	1	2	77358
154.732	0.25	1	2	77366
154.75	0.25	0	1	77375
154.766	0.25	0	1	77383
154.782	0.25	0	1	77391
156.266	0.25	1	2	78133
156.282	0.25	1	2	78141
156.3	0.25	1	2	78150
156.316	0.25	1	2	78158
156.332	0.25	1	2	78166
156.35	0.25	1	2	78175
156.366	0.25	1	2	78183
156.382	0.25	1	2	78191
156.4	0.25	1	2	78200
156.416	0.25	1	2	78208
156.432	0.25	1	2	78216
156.45	0.25	1	2	78225
156.466	0.25	1	2	78233
156.482	0.25	1	2	78241
156.5	0.25	0	1	78250
156.516	0.25	0	1	78258
156.532	0.25	0	1	78266
156.55	0.25	0	1	78275
156.566	0.25	1	2	78283
156.582	0.25	1	2	78291
156.6	0.25	1	2	78300
156.616	0.25	1	2	78308
156.632	0.25	0	1	78316
156.65	0.25	0	1	78325
156.666	0.25	0	1	78333
156.682	0.25	0	1	78341
156.7	0.25	1	2	78350
156.716	0.25	1	2	78358
156.732	0.25	1	2	78366
156.75	0.25	1	2	78375
156.766	0.25	0	1	78383
156.782	0.25	0	1	78391
156.8	0.25	0	1	78400
156.816	0.25	0	1	78408
156.832	0.25	1	2	78416
156.85	0.25	1	2	78425
156.866	0.25	0	1	78433
156.882	0.25	0	1	78441
156.9	0.25	1	2	78450
156.916	0.25	1	2	78458
156.932	0.25	1	2	78466
156.95	0.25	1	2	78475
156.966	0.25	0	1	78483
156.982	0.25	0	1	78491
157.0	0.25	1	2	78500
157.016	0.25	1	2	78508
157.032	0.25	0	1	78516
157.05	0.25	0	1	78525
157.066	0.25	0	1	78533
157.082	0.25	0	1	78541
157.1	0.25	1	2	78550
157.116	0.25	1	2	78558
157.132	0.25	0	1	78566
157.15	0.25	0	1	78575
157.166	0.25	1	2	78583
157.182	0.25	1	2	78591
157.2	0.25	1	2	78600
157.216	0.25	1	2	78608
157.232	0.25	1	2	78616
157.25	0.25	1	2	78625
157.266	0.25	0	1	78633
157.282	0.25	0	1	78641
157.3	0.25	0	1	78650
157.316	0.25	0	1	78658
157.332	0.25	0	1	78666
157.35	0.25	0	1	78675
157.366	0.25	1	2	78683
157.382	0.25	1	2	78691
157.4	0.25	0	1	78700
157.416	0.25	0	1	78708
157.432	0.25	1	2	78716
157.45	0.25	1	2	78725
157.466	0.25	1	2	78733
157.482	0.25	1	2	78741
157.5	0.25	1	2	78750
157.516	0.25	1	2	78758
157.532	0.25	0	1	78766
157.55	0.25	0	1	78775
157.566	0.25	0	1	78783
157.582	0.25	0	1	78791
157.6	0.25	1	2	78800
157.616	0.25	1	2	78808
157.632	0.25	0	1	78816
157.65	0.25	0	1	78825
157.666	0.25	1	2	78833
157.682	0.25	1	2	78841
157.7	0.25	0	1	78850
157.716	0.25	0	1	78858
157.732	0.25	0	1	78866
157.75	0.25	0	1	78875
157.766	0.25	0	1	78883
157.782	0.25	0	1	78891
157.8	0.25	1	2	78900
157.816	0.25	1	2	78908
157.832	0.25	1	2	78916
157.85	0.25	1	2	78925
157.866	0.25	0	1	78933
157.882	0.25	0	1	78941
157.9	0.25	1	2	78950
157.916	0.25	1	2	78958
157.932	0.25	0	1	78966
157.95	0.25	0	1	78975
157.966	0.25	0	1	78983
157.982	0.25	0	1	78991
158.0	0.25	0	1	79000
158.016	0.25	0	1	79008
158.032	0.25	1	2	79016
158.05	0.25	1	2	79025
158.066	0.25	0	1	79033
158.082	0.25	0	1	79041
158.1	0.25	1	2	79050
158.116	0.25	1	2	79058
158.132	0.25	0	1	79066
158.15	0.25	0	1	79075
158.166	0.25	0	1	79083
158.182	0.25	0	1	79091
158.2	0.25	1	2	79100
160.166	0.25	1	2	80083
160.182	0.25	1	2	80091
160.2	0.25	1	2	80100
160.216	0.25	1	2	80108
160.232	0.25	1	2	80116
160.25	0.25	1	2	80125
160.266	0.25	1	2	80133
160.282	0.25	1	2	80141
160.3	0.25	1	2	80150
160.316	0.25	1	2	80158
160.332	0.25	1	2	80166
160.35	0.25	1	2	80175
160.366	0.25	1	2	80183
160.382	0.25	1	2	80191
160.4	0.25	0	1	80200
160.416	0.25	0	1	80208
160.432	0.25	0	1	80216
160.45	0.25	0	1	80225
160.466	0.25	1	2	80233
160.482	0.25	1	2	80241
160.5	0.25	1	2	80250
160.516	0.25	1	2	80258
160.532	0.25	0	1	80266
160.55	0.25	0	1	80275
160.566	0.25	0	1	80283
160.582	0.25	0	1	80291
160.6	0.25	1	2	80300
160.616	0.25	1	2	80308
160.632	0.25	1	2	80316
160.65	0.25	1	2	80325
160.666	0.25	0	1	80333
160.682	0.25	0	1	80341
160.7	0.25	0	1	80350
160.716	0.25	0	1	80358
160.732	0.25	1	2	80366
160.75	0.25	1	2	80375
160.766	0.25	0	1	80383
160.782	0.25	0	1	80391
160.8	0.25	1	2	80400
160.816	0.25	1	2	80408
160.832	0.25	1	2	80416
160.85	0.25	1	2	80425
160.866	0.25	0	1	80433
160.882	0.25	0	1	80441
160.9	0.25	1	2	80450
160.916	0.25	1	2	80458
160.932	0.25	0	1	80466
160.95	0.25	0	1	80475
160.966	0.25	0	1	80483
160.982	0.25	0	1	80491
161.0	0.25	1	2	80500
161.016	0.25	1	2	80508
161.032	0.25	0	1	80516
161.05	0.25	0	1	80525
161.066	0.25	1	2	80533
161.082	0.25	1	2	80541
161.1	0.25	1	2	80550
161.116	0.25	1	2	80558
161.132	0.25	1	2	80566
161.15	0.25	1	2	80575
161.166	0.25	0	1	80583
161.182	0.25	0	1	80591
161.2	0.25	0	1	80600
161.216	0.25	0	1	80608
161.232	0.25	0	1	80616
161.25	0.25	0	1	80625
161.266	0.25	1	2	80633
161.282	0.25	1	2	80641
161.3	0.25	0	1	80650
161.316	0.25	0	1	80658
161.332	0.25	1	2	80666
161.35	0.25	1	2	80675
161.366	0.25	1	2	80683
161.382	0.25	1	2	80691
161.4	0.25	1	2	80700
161.416	0.25	1	2	80708
161.432	0.25	0	1	80716
161.45	0.25	0	1	80725
161.466	0.25	0	1	80733
161.482	0.25	0	1	80741
161.5	0.25	1	2	80750
161.516	0.25	1	2	80758
161.532	0.25	0	1	80766
161.55	0.25	0	1	80775
161.566	0.25	1	2	80783
161.582	0.25	1	2	80791
161.6	0.25	0	1	80800
161.616	0.25	0	1	80808
161.632	0.25	0	1	80816
161.65	0.25	0	1	80825
161.666	0.25	0	1	80833
161.682	0.25	0	1	80841
161.7	0.25	1	2	80850
161.716	0.25	1	2	80858
161.732	0.25	1	2	80866
161.75	0.25	1	2	80875
161.766	0.25	0	1	80883
161.782	0.25	0	1	80891
161.8	0.25	1	2	80900
161.816	0.25	1	2	80908
161.832	0.25	0	1	80916
161.85	0.25	0	1	80925
161.866	0.25	0	1	80933
161.882	0.25	0	1	80941
161.9	0.25	0	1	80950
161.916	0.25	0	1	80958
161.932	0.25	1	2	80966
161.95	0.25	1	2	80975
161.966	0.25	0	1	80983
161.982	0.25	0	1	80991
162.0	0.25	1	2	81000
162.016	0.25	1	2	81008
162.032	0.25	0	1	81016
162.05	0.25	0	1	81025
162.066	0.25	0	1	81033
162.082	0.25	0	1	81041
162.1	0.25	1	2	81050
163.582	0.25	1	2	81791
163.6	0.25	1	2	81800
163.616	0.25	1	2	81808
163.632	0.25	1	2	81816
163.65	0.25	0	1	81825
163.666	0.25	0	1	81833
163.682	0.25	0	1	81841
163.7	0.25	0	1	81850
163.716	0.25	0	1	81858
163.732	0.25	0	1	81866
163.75	0.25	0	1	81875
163.766	0.25	0	1	81883
163.782	0.25	1	2	81891
163.8	0.25	1	2	81900
163.816	0.25	0	1	81908
163.832	0.25	0	1	81916
163.85	0.25	0	1	81925
163.866	0.25	0	1	81933
163.882	0.25	1	2	81941
163.9	0.25	1	2	81950
163.916	0.25	1	2	81958
163.932	0.25	1	2	81966
163.95	0.25	0	1	81975
163.966	0.25	0	1	81983
163.982	0.25	0	1	81991
164.0	0.25	0	1	82000
164.016	0.25	0	1	82008
164.032	0.25	0	1	82016
164.05	0.25	0	1	82025
164.066	0.25	0	1	82033
164.082	0.25	0	1	82041
164.1	0.25	0	1	82050
164.116	0.25	0	1	82058
164.132	0.25	0	1	82066
164.15	0.25	1	2	82075
164.166	0.25	1	2	82083
164.182	0.25	0	1	82091
164.2	0.25	0	1	82100
164.216	0.25	1	2	82108
164.232	0.25	1	2	82116
164.25	0.25	1	2	82125
164.266	0.25	1	2	82133
164.282	0.25	0	1	82141
164.3	0.25	0	1	82150
164.316	0.25	1	2	82158
164.332	0.25	1	2	82166
164.35	0.25	0	1	82175
164.366	0.25	0	1	82183
164.382	0.25	1	2	82191
164.4	0.25	1	2	82200
164.416	0.25	0	1	82208
164.432	0.25	0	1	82216
164.45	0.25	1	2	82225
164.466	0.25	1	2	82233
164.482	0.25	0	1	82241
164.5	0.25	0	1	82250
164.516	0.25	0	1	82258
164.532	0.25	0	1	82266
164.55	0.25	0	1	82275
164.566	0.25	0	1	82283
164.582	0.25	1	2	82291
164.6	0.25	1	2	82300
164.616	0.25	1	2	82308
164.632	0.25	1	2	82316
164.65	0.25	1	2	82325
164.666	0.25	1	2	82333
164.682	0.25	0	1	82341
164.7	0.25	0	1	82350
164.716	0.25	1	2	82358
164.732	0.25	1	2	82366
164.75	0.25	1	2	82375
164.766	0.25	1	2	82383
164.782	0.25	1	2	82391
164.8	0.25	1	2	82400
164.816	0.25	0	1	82408
164.832	0.25	0	1	82416
164.85	0.25	1	2	82425
164.866	0.25	1	2	82433
164.882	0.25	0	1	82441
164.9	0.25	0	1	82450
164.916	0.25	1	2	82458
164.932	0.25	1	2	82466
164.95	0.25	1	2	82475
164.966	0.25	1	2	82483
164.982	0.25	0	1	82491
165.0	0.25	0	1	82500
165.016	0.25	0	1	82508
165.032	0.25	0	1	82516
165.05	0.25	0	1	82525
165.066	0.25	0	1	82533
165.082	0.25	1	2	82541
165.1	0.25	1	2	82550
165.116	0.25	1	2	82558
165.132	0.25	1	2	82566
165.15	0.25	0	1	82575
165.166	0.25	0	1	82583
165.182	0.25	1	2	82591
165.2	0.25	1	2	82600
165.216	0.25	1	2	82608
165.232	0.25	1	2	82616
165.25	0.25	1	2	82625
165.266	0.25	1	2	82633
165.282	0.25	0	1	82641
165.3	0.25	0	1	82650
165.316	0.25	0	1	82658
165.332	0.25	0	1	82666
165.35	0.25	0	1	82675
165.366	0.25	0	1	82683
165.382	0.25	0	1	82691
165.4	0.25	0	1	82700
165.416	0.25	0	1	82708
165.432	0.25	0	1	82716
165.45	0.25	1	2	82725
165.466	0.25	1	2	82733
165.482	0.25	1	2	82741
165.5	0.25	1	2	82750
165.516	0.25	1	2	82758
167.0	0.25	0	1	83500
167.016	0.25	0	1	83508
167.032	0.25	0	1	83516
167.05	0.25	0	1	83525
167.066	0.25	1	2	83533
167.082	0.25	1	2	83541
167.1	0.25	1	2	83550
167.116	0.25	1	2	83558
167.132	0.25	0	1	83566
167.15	0.25	0	1	83575
167.166	0.25	0	1	83583
167.182	0.25	0	1	83591
167.2	0.25	0	1	83600
167.216	0.25	0	1	83608
167.232	0.25	0	1	83616
167.25	0.25	0	1	83625
167.266	0.25	1	2	83633
167.282	0.25	1	2	83641
167.3	0.25	1	2	83650
167.316	0.25	1	2	83658
167.332	0.25	1	2	83666
167.35	0.25	1	2	83675
167.366	0.25	1	2	83683
167.382	0.25	1	2	83691
167.4	0.25	1	2	83700
167.416	0.25	1	2	83708
167.432	0.25	0	1	83716
167.45	0.25	0	1	83725
167.466	0.25	0	1	83733
167.482	0.25	0	1	83741
167.5	0.25	0	1	83750
167.516	0.25	0	1	83758
167.532	0.25	0	1	83766
167.55	0.25	0	1	83775
167.566	0.25	0	1	83783
167.582	0.25	0	1	83791
167.6	0.25	0	1	83800
167.616	0.25	0	1	83808
167.632	0.25	1	2	83816
167.65	0.25	1	2	83825
167.666	0.25	1	2	83833
167.682	0.25	1	2	83841
167.7	0.25	0	1	83850
167.716	0.25	0	1	83858
167.732	0.25	0	1	83866
167.75	0.25	0	1	83875
167.766	0.25	1	2	83883
167.782	0.25	1	2	83891
167.8	0.25	0	1	83900
167.816	0.25	0	1	83908
167.832	0.25	1	2	83916
167.85	0.25	1	2	83925
167.866	0.25	0	1	83933
167.882	0.25	0	1	83941
167.9	0.25	1	2	83950
167.916	0.25	1	2	83958
167.932	0.25	0	1	83966
167.95	0.25	0	1	83975
167.966	0.25	1	2	83983
167.982	0.25	1	2	83991
168.0	0.25	1	2	84000
168.016	0.25	1	2	84008
168.032	0.25	0	1	84016
168.05	0.25	0	1	84025
168.066	0.25	1	2	84033
168.082	0.25	1	2	84041
168.1	0.25	0	1	84050
168.116	0.25	0	1	84058
168.132	0.25	0	1	84066
168.15	0.25	0	1	84075
168.166	0.25	0	1	84083
168.182	0.25	0	1	84091
168.2	0.25	1	2	84100
168.216	0.25	1	2	84108
168.232	0.25	0	1	84116
168.25	0.25	0	1	84125
168.266	0.25	0	1	84133
168.282	0.25	0	1	84141
168.3	0.25	0	1	84150
168.316	0.25	0	1	84158
168.332	0.25	1	2	84166
168.35	0.25	1	2	84175
168.366	0.25	1	2	84183
168.382	0.25	1	2	84191
168.4	0.25	1	2	84200
168.416	0.25	1	2	84208
168.432	0.25	0	1	84216
168.45	0.25	0	1	84225
168.466	0.25	1	2	84233
168.482	0.25	1	2	84241
168.5	0.25	0	1	84250
168.516	0.25	0	1	84258
168.532	0.25	1	2	84266
168.55	0.25	1	2	84275
168.566	0.25	1	2	84283
168.582	0.25	1	2	84291
168.6	0.25	1	2	84300
168.616	0.25	1	2	84308
168.632	0.25	1	2	84316
168.65	0.25	1	2	84325
168.666	0.25	1	2	84333
168.682	0.25	1	2	84341
168.7	0.25	0	1	84350
168.716	0.25	0	1	84358
168.732	0.25	0	1	84366
168.75	0.25	0	1	84375
168.766	0.25	1	2	84383
168.782	0.25	1	2	84391
168.8	0.25	0	1	84400
168.816	0.25	0	1	84408
168.832	0.25	0	1	84416
168.85	0.25	0	1	84425
168.866	0.25	0	1	84433
168.882	0.25	0	1	84441
168.9	0.25	1	2	84450
168.916	0.25	1	2	84458
168.932	0.25	1	2	84466
170.416	0.25	1	2	85208
170.432	0.25	1	2	85216
170.45	0.25	1	2	85225
170.466	0.25	1	2	85233
170.482	0.25	0	1	85241
170.5	0.25	0	1	85250
170.516	0.25	1	2	85258
170.532	0.25	1	2	85266
170.55	0.25	1	2	85275
170.566	0.25	1	2	85283
170.582	0.25	0	1	85291
170.6	0.25	0	1	85300
170.616	0.25	1	2	85308
170.632	0.25	1	2	85316
170.65	0.25	1	2	85325
170.666	0.25	1	2	85333
170.682	0.25	0	1	85341
170.7	0.25	0	1	85350
170.716	0.25	1	2	85358
170.732	0.25	1	2	85366
170.75	0.25	1	2	85375
170.766	0.25	1	2	85383
170.782	0.25	0	1	85391
170.8	0.25	0	1	85400
170.816	0.25	0	1	85408
170.832	0.25	0	1	85416
170.85	0.25	0	1	85425
170.866	0.25	0	1	85433
170.882	0.25	1	2	85441
170.9	0.25	1	2	85450
170.916	0.25	1	2	85458
170.932	0.25	1	2	85466
170.95	0.25	1	2	85475
170.966	0.25	1	2	85483
170.982	0.25	0	1	85491
171.0	0.25	0	1	85500
171.016	0.25	0	1	85508
171.032	0.25	0	1	85516
171.05	0.25	0	1	85525
171.066	0.25	0	1	85533
171.082	0.25	1	2	85541
171.1	0.25	1	2	85550
171.116	0.25	1	2	85558
171.132	0.25	1	2	85566
171.15	0.25	1	2	85575
171.166	0.25	1	2	85583
171.182	0.25	1	2	85591
171.2	0.25	1	2	85600
171.216	0.25	1	2	85608
171.232	0.25	1	2	85616
171.25	0.25	0	1	85625
171.266	0.25	0	1	85633
171.282	0.25	0	1	85641
171.3	0.25	0	1	85650
171.316	0.25	1	2	85658
171.332	0.25	1	2	85666
171.35	0.25	0	1	85675
171.366	0.25	0	1	85683
171.382	0.25	1	2	85691
171.4	0.25	1	2	85700
171.416	0.25	0	1	85708
171.432	0.25	0	1	85716
171.45	0.25	0	1	85725
171.466	0.25	0	1	85733
171.482	0.25	1	2	85741
171.5	0.25	1	2	85750
171.516	0.25	1	2	85758
171.532	0.25	1	2	85766
171.55	0.25	0	1	85775
171.566	0.25	0	1	85783
171.582	0.25	0	1	85791
171.6	0.25	0	1	85800
171.616	0.25	0	1	85808
171.632	0.25	0	1	85816
171.65	0.25	0	1	85825
171.666	0.25	0	1	85833
171.682	0.25	1	2	85841
171.7	0.25	1	2	85850
171.716	0.25	0	1	85858
171.732	0.25	0	1	85866
171.75	0.25	0	1	85875
171.766	0.25	0	1	85883
171.782	0.25	0	1	85891
171.8	0.25	0	1	85900
171.816	0.25	0	1	85908
171.832	0.25	0	1	85916
171.85	0.25	1	2	85925
171.866	0.25	1	2	85933
171.882	0.25	1	2	85941
171.9	0.25	1	2	85950
171.916	0.25	1	2	85958
171.932	0.25	1	2	85966
171.95	0.25	1	2	85975
171.966	0.25	1	2	85983
171.982	0.25	1	2	85991
172.0	0.25	1	2	86000
172.016	0.25	1	2	86008
172.032	0.25	1	2	86016
172.05	0.25	0	1	86025
172.066	0.25	0	1	86033
172.082	0.25	1	2	86041
172.1	0.25	1	2	86050
172.116	0.25	0	1	86058
172.132	0.25	0	1	86066
172.15	0.25	1	2	86075
172.166	0.25	1	2	86083
172.182	0.25	0	1	86091
172.2	0.25	0	1	86100
172.216	0.25	0	1	86108
172.232	0.25	0	1	86116
172.25	0.25	1	2	86125
172.266	0.25	1	2	86133
172.282	0.25	1	2	86141
172.3	0.25	1	2	86150
172.316	0.25	0	1	86158
172.332	0.25	0	1	86166
172.35	0.25	0	1	86175
174.516	0.25	1	2	87258
174.532	0.25	1	2	87266
174.55	0.25	1	2	87275
174.566	0.25	1	2	87283
174.582	0.25	0	1	87291
174.6	0.25	0	1	87300
174.616	0.25	0	1	87308
174.632	0.25	0	1	87316
174.65	0.25	0	1	87325
174.666	0.25	0	1	87333
174.682	0.25	0	1	87341
174.7	0.25	0	1	87350
174.716	0.25	1	2	87358
174.732	0.25	1	2	87366
174.75	0.25	0	1	87375
174.766	0.25	0	1	87383
174.782	0.25	0	1	87391
174.8	0.25	0	1	87400
174.816	0.25	1	2	87408
174.832	0.25	1	2	87416
174.85	0.25	1	2	87425
174.866	0.25	1	2	87433
174.882	0.25	0	1	87441
174.9	0.25	0	1	87450
174.916	0.25	0	1	87458
174.932	0.25	0	1	87466
174.95	0.25	0	1	87475
174.966	0.25	0	1	87483
174.982	0.25	0	1	87491
175.0	0.25	0	1	87500
175.016	0.25	0	1	87508
175.032	0.25	0	1	87516
175.05	0.25	0	1	87525
175.066	0.25	0	1	87533
175.082	0.25	1	2	87541
175.1	0.25	1	2	87550
175.116	0.25	0	1	87558
175.132	0.25	0	1	87566
175.15	0.25	1	2	87575
175.166	0.25	1	2	87583
175.182	0.25	1	2	87591
175.2	0.25	1	2	87600
175.216	0.25	0	1	87608
175.232	0.25	0	1	87616
175.25	0.25	1	2	87625
175.266	0.25	1	2	87633
175.282	0.25	0	1	87641
175.3	0.25	0	1	87650
175.316	0.25	1	2	87658
175.332	0.25	1	2	87666
175.35	0.25	0	1	87675
175.366	0.25	0	1	87683
175.382	0.25	1	2	87691
175.4	0.25	1	2	87700
175.416	0.25	0	1	87708
175.432	0.25	0	1	87716
175.45	0.25	0	1	87725
175.466	0.25	0	1	87733
175.482	0.25	0	1	87741
175.5	0.25	0	1	87750
175.516	0.25	1	2	87758
175.532	0.25	1	2	87766
175.55	0.25	1	2	87775
175.566	0.25	1	2	87783
175.582	0.25	1	2	87791
175.6	0.25	1	2	87800
175.616	0.25	0	1	87808
175.632	0.25	0	1	87816
175.65	0.25	1	2	87825
175.666	0.25	1	2	87833
175.682	0.25	1	2	87841
175.7	0.25	1	2	87850
175.716	0.25	1	2	87858
175.732	0.25	1	2	87866
175.75	0.25	0	1	87875
175.766	0.25	0	1	87883
175.782	0.25	1	2	87891
175.8	0.25	1	2	87900
175.816	0.25	0	1	87908
175.832	0.25	0	1	87916
175.85	0.25	1	2	87925
175.866	0.25	1	2	87933
175.882	0.25	1	2	87941
175.9	0.25	1	2	87950
175.916	0.25	0	1	87958
175.932	0.25	0	1	87966
175.95	0.25	0	1	87975
175.966	0.25	0	1	87983
175.982	0.25	0	1	87991
176.0	0.25	0	1	88000
176.016	0.25	1	2	88008
176.032	0.25	1	2	88016
176.05	0.25	1	2	88025
176.066	0.25	1	2	88033
176.082	0.25	0	1	88041
176.1	0.25	0	1	88050
176.116	0.25	1	2	88058
176.132	0.25	1	2	88066
176.15	0.25	1	2	88075
176.166	0.25	1	2	88083
176.182	0.25	1	2	88091
176.2	0.25	1	2	88100
176.216	0.25	0	1	88108
176.232	0.25	0	1	88116
176.25	0.25	0	1	88125
176.266	0.25	0	1	88133
176.282	0.25	0	1	88141
176.3	0.25	0	1	88150
176.316	0.25	0	1	88158
176.332	0.25	0	1	88166
176.35	0.25	0	1	88175
176.366	0.25	0	1	88183
176.382	0.25	1	2	88191
176.4	0.25	1	2	88200
176.416	0.25	1	2	88208
176.432	0.25	1	2	88216
176.45	0.25	1	2	88225
177.932	0.25	1	2	88966
177.95	0.25	1	2	88975
177.966	0.25	1	2	88983
177.982	0.25	1	2	88991
178.0	0.25	0	1	89000
178.016	0.25	0	1	89008
178.032	0.25	1	2	89016
178.05	0.25	1	2	89025
178.066	0.25	1	2	89033
178.082	0.25	1	2	89041
178.1	0.25	0	1	89050
178.116	0.25	0	1	89058
178.132	0.25	1	2	89066
178.15	0.25	1	2	89075
178.166	0.25	1	2	89083
178.182	0.25	1	2	89091
178.2	0.25	0	1	89100
178.216	0.25	0	1	89108
178.232	0.25	1	2	89116
178.25	0.25	1	2	89125
178.266	0.25	1	2	89133
178.282	0.25	1	2	89141
178.3	0.25	0	1	89150
178.316	0.25	0	1	89158
178.332	0.25	0	1	89166
178.35	0.25	0	1	89175
178.366	0.25	0	1	89183
178.382	0.25	0	1	89191
178.4	0.25	1	2	89200
178.416	0.25	1	2	89208
178.432	0.25	1	2	89216
178.45	0.25	1	2	89225
178.466	0.25	1	2	89233
178.482	0.25	1	2	89241
178.5	0.25	0	1	89250
178.516	0.25	0	1	89258
178.532	0.25	0	1	89266
178.55	0.25	0	1	89275
178.566	0.25	0	1	89283
178.582	0.25	0	1	89291
178.6	0.25	1	2	89300
178.616	0.25	1	2	89308
178.632	0.25	1	2	89316
178.65	0.25	1	2	89325
178.666	0.25	1	2	89333
178.682	0.25	1	2	89341
178.7	0.25	1	2	89350
178.716	0.25	1	2	89358
178.732	0.25	1	2	89366
178.75	0.25	1	2	89375
178.766	0.25	0	1	89383
178.782	0.25	0	1	89391
178.8	0.25	0	1	89400
178.816	0.25	0	1	89408
178.832	0.25	1	2	89416
178.85	0.25	1	2	89425
178.866	0.25	0	1	89433
178.882	0.25	0	1	89441
178.9	0.25	1	2	89450
178.916	0.25	1	2	89458
178.932	0.25	0	1	89466
178.95	0.25	0	1	89475
178.966	0.25	0	1	89483
178.982	0.25	0	1	89491
179.0	0.25	1	2	89500
179.016	0.25	1	2	89508
179.032	0.25	1	2	89516
179.05	0.25	1	2	89525
179.066	0.25	0	1	89533
179.082	0.25	0	1	89541
179.1	0.25	0	1	89550
179.116	0.25	0	1	89558
179.132	0.25	0	1	89566
179.15	0.25	0	1	89575
179.166	0.25	0	1	89583
179.182	0.25	0	1	89591
179.2	0.25	1	2	89600
179.216	0.25	1	2	89608
179.232	0.25	0	1	89616
179.25	0.25	0	1	89625
179.266	0.25	0	1	89633
179.282	0.25	0	1	89641
179.3	0.25	0	1	89650
179.316	0.25	0	1	89658
179.332	0.25	0	1	89666
179.35	0.25	0	1	89675
179.366	0.25	1	2	89683
179.382	0.25	1	2	89691
179.4	0.25	1	2	89700
179.416	0.25	1	2	89708
179.432	0.25	1	2	89716
179.45	0.25	1	2	89725
179.466	0.25	1	2	89733
179.482	0.25	1	2	89741
179.5	0.25	1	2	89750
179.516	0.25	1	2	89758
179.532	0.25	1	2	89766
179.55	0.25	1	2	89775
179.566	0.25	0	1	89783
179.582	0.25	0	1	89791
179.6	0.25	1	2	89800
179.616	0.25	1	2	89808
179.632	0.25	0	1	89816
179.65	0.25	0	1	89825
179.666	0.25	1	2	89833
179.682	0.25	1	2	89841
179.7	0.25	0	1	89850
179.716	0.25	0	1	89858
179.732	0.25	0	1	89866
179.75	0.25	0	1	89875
179.766	0.25	1	2	89883
179.782	0.25	1	2	89891
179.8	0.25	1	2	89900
179.816	0.25	1	2	89908
179.832	0.25	0	1	89916
179.85	0.25	0	1	89925
179.866	0.25	0	1	89933
181.35	0.25	0	1	90675
181.366	0.25	0	1	90683
181.382	0.25	0	1	90691
181.4	0.25	0	1	90700
181.416	0.25	1	2	90708
181.432	0.25	1	2	90716
181.45	0.25	1	2	90725
181.466	0.25	1	2	90733
181.482	0.25	0	1	90741
181.5	0.25	0	1	90750
181.516	0.25	0	1	90758
181.532	0.25	0	1	90766
181.55	0.25	0	1	90775
181.566	0.25	0	1	90783
181.582	0.25	0	1	90791
181.6	0.25	0	1	90800
181.616	0.25	1	2	90808
181.632	0.25	1	2	90816
181.65	0.25	1	2	90825
181.666	0.25	1	2	90833
181.682	0.25	1	2	90841
181.7	0.25	1	2	90850
181.716	0.25	1	2	90858
181.732	0.25	1	2	90866
181.75	0.25	1	2	90875
181.766	0.25	1	2	90883
181.782	0.25	0	1	90891
181.8	0.25	0	1	90900
181.816	0.25	0	1	90908
181.832	0.25	0	1	90916
181.85	0.25	0	1	90925
181.866	0.25	0	1	90933
181.882	0.25	0	1	90941
181.9	0.25	0	1	90950
181.916	0.25	0	1	90958
181.932	0.25	0	1	90966
181.95	0.25	0	1	90975
181.966	0.25	0	1	90983
181.982	0.25	1	2	90991
182.0	0.25	1	2	91000
182.016	0.25	1	2	91008
182.032	0.25	1	2	91016
182.05	0.25	0	1	91025
182.066	0.25	0	1	91033
182.082	0.25	0	1	91041
182.1	0.25	0	1	91050
182.116	0.25	1	2	91058
182.132	0.25	1	2	91066
182.15	0.25	0	1	91075
182.166	0.25	0	1	91083
182.182	0.25	1	2	91091
182.2	0.25	1	2	91100
182.216	0.25	0	1	91108
182.232	0.25	0	1	91116
182.25	0.25	1	2	91125
182.266	0.25	1	2	91133
182.282	0.25	0	1	91141
182.3	0.25	0	1	91150
182.316	0.25	1	2	91158
182.332	0.25	1	2	91166
182.35	0.25	1	2	91175
182.366	0.25	1	2	91183
182.382	0.25	0	1	91191
182.4	0.25	0	1	91200
182.416	0.25	1	2	91208
182.432	0.25	1	2	91216
182.45	0.25	0	1	91225
182.466	0.25	0	1	91233
182.482	0.25	0	1	91241
182.5	0.25	0	1	91250
182.516	0.25	0	1	91258
182.532	0.25	0	1	91266
182.55	0.25	1	2	91275
182.566	0.25	1	2	91283
182.582	0.25	0	1	91291
182.6	0.25	0	1	91300
182.616	0.25	0	1	91308
182.632	0.25	0	1	91316
182.65	0.25	0	1	91325
182.666	0.25	0	1	91333
182.682	0.25	1	2	91341
182.7	0.25	1	2	91350
182.716	0.25	1	2	91358
182.732	0.25	1	2	91366
182.75	0.25	1	2	91375
182.766	0.25	1	2	91383
182.782	0.25	0	1	91391
182.8	0.25	0	1	91400
182.816	0.25	1	2	91408
182.832	0.25	1	2	91416
182.85	0.25	0	1	91425
182.866	0.25	0	1	91433
182.882	0.25	1	2	91441
182.9	0.25	1	2	91450
182.916	0.25	1	2	91458
182.932	0.25	1	2	91466
182.95	0.25	1	2	91475
182.966	0.25	1	2	91483
182.982	0.25	1	2	91491
183.0	0.25	1	2	91500
183.016	0.25	1	2	91508
183.032	0.25	1	2	91516
183.05	0.25	0	1	91525
183.066	0.25	0	1	91533
183.082	0.25	0	1	91541
183.1	0.25	0	1	91550
183.116	0.25	1	2	91558
183.132	0.25	1	2	91566
183.15	0.25	0	1	91575
183.166	0.25	0	1	91583
183.182	0.25	0	1	91591
183.2	0.25	0	1	91600
183.216	0.25	0	1	91608
183.232	0.25	0	1	91616
183.25	0.25	1	2	91625
183.266	0.25	1	2	91633
183.282	0.25	1	2	91641
184.766	0.25	1	2	92383
184.782	0.25	1	2	92391
184.8	0.25	1	2	92400
184.816	0.25	1	2	92408
184.832	0.25	1	2	92416
184.85	0.25	1	2	92425
184.866	0.25	1	2	92433
184.882	0.25	1	2	92441
184.9	0.25	1	2	92450
184.916	0.25	1	2	92458
184.932	0.25	1	2	92466
184.95	0.25	1	2	92475
184.966	0.25	1	2	92483
184.982	0.25	1	2	92491
185.0	0.25	0	1	92500
185.016	0.25	0	1	92508
185.032	0.25	0	1	92516
185.05	0.25	0	1	92525
185.066	0.25	1	2	92533
185.082	0.25	1	2	92541
185.1	0.25	1	2	92550
185.116	0.25	1	2	92558
185.132	0.25	0	1	92566
185.15	0.25	0	1	92575
185.166	0.25	0	1	92583
185.182	0.25	0	1	92591
185.2	0.25	1	2	92600
185.216	0.25	1	2	92608
185.232	0.25	1	2	92616
185.25	0.25	1	2	92625
185.266	0.25	0	1	92633
185.282	0.25	0	1	92641
185.3	0.25	0	1	92650
185.316	0.25	0	1	92658
185.332	0.25	1	2	92666
185.35	0.25	1	2	92675
185.366	0.25	0	1	92683
185.382	0.25	0	1	92691
185.4	0.25	1	2	92700
185.416	0.25	1	2	92708
185.432	0.25	1	2	92716
185.45	0.25	1	2	92725
185.466	0.25	0	1	92733
185.482	0.25	0	1	92741
185.5	0.25	1	2	92750
185.516	0.25	1	2	92758
185.532	0.25	0	1	92766
185.55	0.25	0	1	92775
185.566	0.25	0	1	92783
185.582	0.25	0	1	92791
185.6	0.25	1	2	92800
185.616	0.25	1	2	92808
185.632	0.25	0	1	92816
185.65	0.25	0	1	92825
185.666	0.25	1	2	92833
185.682	0.25	1	2	92841
185.7	0.25	1	2	92850
185.716	0.25	1	2	92858
185.732	0.25	1	2	92866
185.75	0.25	1	2	92875
185.766	0.25	0	1	92883
185.782	0.25	0	1	92891
185.8	0.25	0	1	92900
185.816	0.25	0	1	92908
185.832	0.25	0	1	92916
185.85	0.25	0	1	92925
185.866	0.25	1	2	92933
185.882	0.25	1	2	92941
185.9	0.25	0	1	92950
185.916	0.25	0	1	92958
185.932	0.25	1	2	92966
185.95	0.25	1	2	92975
185.966	0.25	1	2	92983
185.982	0.25	1	2	92991
186.0	0.25	1	2	93000
186.016	0.25	1	2	93008
186.032	0.25	0	1	93016
186.05	0.25	0	1	93025
186.066	0.25	0	1	93033
186.082	0.25	0	1	93041
186.1	0.25	1	2	93050
186.116	0.25	1	2	93058
186.132	0.25	0	1	93066
186.15	0.25	0	1	93075
186.166	0.25	1	2	93083
186.182	0.25	1	2	93091
186.2	0.25	0	1	93100
186.216	0.25	0	1	93108
186.232	0.25	0	1	93116
186.25	0.25	0	1	93125
186.266	0.25	0	1	93133
186.282	0.25	0	1	93141
186.3	0.25	1	2	93150
186.316	0.25	1	2	93158
186.332	0.25	1	2	93166
186.35	0.25	1	2	93175
186.366	0.25	0	1	93183
186.382	0.25	0	1	93191
186.4	0.25	1	2	93200
186.416	0.25	1	2	93208
186.432	0.25	0	1	93216
186.45	0.25	0	1	93225
186.466	0.25	0	1	93233
186.482	0.25	0	1	93241
186.5	0.25	0	1	93250
186.516	0.25	0	1	93258
186.532	0.25	1	2	93266
186.55	0.25	1	2	93275
186.566	0.25	0	1	93283
186.582	0.25	0	1	93291
186.6	0.25	1	2	93300
186.616	0.25	1	2	93308
186.632	0.25	0	1	93316
186.65	0.25	0	1	93325
186.666	0.25	0	1	93333
186.682	0.25	0	1	93341
186.7	0.25	1	2	93350
188.85	0.25	0	1	94425
188.866	0.25	0	1	94433
188.882	0.25	0	1	94441
188.9	0.25	0	1	94450
188.916	0.25	1	2	94458
188.932	0.25	1	2	94466
188.95	0.25	1	2	94475
188.966	0.25	1	2	94483
188.982	0.25	0	1	94491
189.0	0.25	0	1	94500
189.016	0.25	0	1	94508
189.032	0.25	0	1	94516
189.05	0.25	0	1	94525
189.066	0.25	0	1	94533
189.082	0.25	0	1	94541
189.1	0.25	0	1	94550
189.116	0.25	1	2	94558
189.132	0.25	1	2	94566
189.15	0.25	1	2	94575
189.166	0.25	1	2	94583
189.182	0.25	1	2	94591
189.2	0.25	1	2	94600
189.216	0.25	1	2	94608
189.232	0.25	1	2	94616
189.25	0.25	1	2	94625
189.266	0.25	1	2	94633
189.282	0.25	0	1	94641
189.3	0.25	0	1	94650
189.316	0.25	0	1	94658
189.332	0.25	0	1	94666
189.35	0.25	0	1	94675
189.366	0.25	0	1	94683
189.382	0.25	0	1	94691
189.4	0.25	0	1	94700
189.416	0.25	0	1	94708
189.432	0.25	0	1	94716
189.45	0.25	0	1	94725
189.466	0.25	0	1	94733
189.482	0.25	1	2	94741
189.5	0.25	1	2	94750
189.516	0.25	1	2	94758
189.532	0.25	1	2	94766
189.55	0.25	0	1	94775
189.566	0.25	0	1	94783
189.582	0.25	0	1	94791
189.6	0.25	0	1	94800
189.616	0.25	1	2	94808
189.632	0.25	1	2	94816
189.65	0.25	0	1	94825
189.666	0.25	0	1	94833
189.682	0.25	1	2	94841
189.7	0.25	1	2	94850
189.716	0.25	0	1	94858
189.732	0.25	0	1	94866
189.75	0.25	1	2	94875
189.766	0.25	1	2	94883
189.782	0.25	0	1	94891
189.8	0.25	0	1	94900
189.816	0.25	1	2	94908
189.832	0.25	1	2	94916
189.85	0.25	1	2	94925
189.866	0.25	1	2	94933
189.882	0.25	0	1	94941
189.9	0.25	0	1	94950
189.916	0.25	1	2	94958
189.932	0.25	1	2	94966
189.95	0.25	0	1	94975
189.966	0.25	0	1	94983
189.982	0.25	0	1	94991
190.0	0.25	0	1	95000
190.016	0.25	0	1	95008
190.032	0.25	0	1	95016
190.05	0.25	1	2	95025
190.066	0.25	1	2	95033
190.082	0.25	0	1	95041
190.1	0.25	0	1	95050
190.116	0.25	0	1	95058
190.132	0.25	0	1	95066
190.15	0.25	0	1	95075
190.166	0.25	0	1	95083
190.182	0.25	1	2	95091
190.2	0.25	1	2	95100
190.216	0.25	1	2	95108
190.232	0.25	1	2	95116
190.25	0.25	1	2	95125
190.266	0.25	1	2	95133
190.282	0.25	0	1	95141
190.3	0.25	0	1	95150
190.316	0.25	1	2	95158
190.332	0.25	1	2	95166
190.35	0.25	0	1	95175
190.366	0.25	0	1	95183
190.382	0.25	1	2	95191
190.4	0.25	1	2	95200
190.416	0.25	1	2	95208
190.432	0.25	1	2	95216
190.45	0.25	1	2	95225
190.466	0.25	1	2	95233
190.482	0.25	1	2	95241
190.5	0.25	1	2	95250
190.516	0.25	1	2	95258
190.532	0.25	1	2	95266
190.55	0.25	0	1	95275
190.566	0.25	0	1	95283
190.582	0.25	0	1	95291
190.6	0.25	0	1	95300
190.616	0.25	1	2	95308
190.632	0.25	1	2	95316
190.65	0.25	0	1	95325
190.666	0.25	0	1	95333
190.682	0.25	0	1	95341
190.7	0.25	0	1	95350
190.716	0.25	0	1	95358
190.732	0.25	0	1	95366
190.75	0.25	1	2	95375
190.766	0.25	1	2	95383
190.782	0.25	1	2	95391
192.266	0.25	1	2	96133
192.282	0.25	1	2	96141
192.3	0.25	1	2	96150
192.316	0.25	1	2	96158
192.332	0.25	0	1	96166
192.35	0.25	0	1	96175
192.366	0.25	0	1	96183
192.382	0.25	0	1	96191
192.4	0.25	0	1	96200
192.416	0.25	0	1	96208
192.432	0.25	0	1	96216
192.45	0.25	0	1	96225
192.466	0.25	1	2	96233
192.482	0.25	1	2	96241
192.5	0.25	0	1	96250
192.516	0.25	0	1	96258
192.532	0.25	0	1	96266
192.55	0.25	0	1	96275
192.566	0.25	1	2	96283
192.582	0.25	1	2	96291
192.6	0.25	1	2	96300
192.616	0.25	1	2	96308
192.632	0.25	0	1	96316
192.65	0.25	0	1	96325
192.666	0.25	0	1	96333
192.682	0.25	0	1	96341
192.7	0.25	0	1	96350
192.716	0.25	0	1	96358
192.732	0.25	0	1	96366
192.75	0.25	0	1	96375
192.766	0.25	0	1	96383
192.782	0.25	0	1	96391
192.8	0.25	0	1	96400
192.816	0.25	0	1	96408
192.832	0.25	1	2	96416
192.85	0.25	1	2	96425
192.866	0.25	0	1	96433
192.882	0.25	0	1	96441
192.9	0.25	1	2	96450
192.916	0.25	1	2	96458
192.932	0.25	1	2	96466
192.95	0.25	1	2	96475
192.966	0.25	0	1	96483
192.982	0.25	0	1	96491
193.0	0.25	1	2	96500
193.016	0.25	1	2	96508
193.032	0.25	0	1	96516
193.05	0.25	0	1	96525
193.066	0.25	1	2	96533
193.082	0.25	1	2	96541
193.1	0.25	0	1	96550
193.116	0.25	0	1	96558
193.132	0.25	1	2	96566
193.15	0.25	1	2	96575
193.166	0.25	0	1	96583
193.182	0.25	0	1	96591
193.2	0.25	0	1	96600
193.216	0.25	0	1	96608
193.232	0.25	0	1	96616
193.25	0.25	0	1	96625
193.266	0.25	1	2	96633
193.282	0.25	1	2	96641
193.3	0.25	1	2	96650
193.316	0.25	1	2	96658
193.332	0.25	1	2	96666
193.35	0.25	1	2	96675
193.366	0.25	0	1	96683
193.382	0.25	0	1	96691
193.4	0.25	1	2	96700
193.416	0.25	1	2	96708
193.432	0.25	1	2	96716
193.45	0.25	1	2	96725
193.466	0.25	1	2	96733
193.482	0.25	1	2	96741
193.5	0.25	0	1	96750
193.516	0.25	0	1	96758
193.532	0.25	1	2	96766
193.55	0.25	1	2	96775
193.566	0.25	0	1	96783
193.582	0.25	0	1	96791
193.6	0.25	1	2	96800
193.616	0.25	1	2	96808
193.632	0.25	1	2	96816
193.65	0.25	1	2	96825
193.666	0.25	0	1	96833
193.682	0.25	0	1	96841
193.7	0.25	0	1	96850
193.716	0.25	0	1	96858
193.732	0.25	0	1	96866
193.75	0.25	0	1	96875
193.766	0.25	1	2	96883
193.782	0.25	1	2	96891
193.8	0.25	1	2	96900
193.816	0.25	1	2	96908
193.832	0.25	0	1	96916
193.85	0.25	0	1	96925
193.866	0.25	1	2	96933
193.882	0.25	1	2	96941
193.9	0.25	1	2	96950
193.916	0.25	1	2	96958
193.932	0.25	1	2	96966
193.95	0.25	1	2	96975
193.966	0.25	0	1	96983
193.982	0.25	0	1	96991
194.0	0.25	0	1	97000
194.016	0.25	0	1	97008
194.032	0.25	0	1	97016
194.05	0.25	0	1	97025
194.066	0.25	0	1	97033
194.082	0.25	0	1	97041
194.1	0.25	0	1	97050
194.116	0.25	0	1	97058
194.132	0.25	1	2	97066
194.15	0.25	1	2	97075
194.166	0.25	1	2	97083
194.182	0.25	1	2	97091
194.2	0.25	1	2	97100
195.682	0.25	1	2	97841
195.7	0.25	1	2	97850
195.716	0.25	1	2	97858
195.732	0.25	1	2	97866
195.75	0.25	0	1	97875
195.766	0.25	0	1	97883
195.782	0.25	1	2	97891
195.8	0.25	1	2	97900
195.816	0.25	1	2	97908
195.832	0.25	1	2	97916
195.85	0.25	0	1	97925
195.866	0.25	0	1	97933
195.882	0.25	1	2	97941
195.9	0.25	1	2	97950
195.916	0.25	1	2	97958
195.932	0.25	1	2	97966
195.95	0.25	0	1	97975
195.966	0.25	0	1	97983
195.982	0.25	1	2	97991
196.0	0.25	1	2	98000
196.016	0.25	1	2	98008
196.032	0.25	1	2	98016
196.05	0.25	0	1	98025
196.066	0.25	0	1	98033
196.082	0.25	0	1	98041
196.1	0.25	0	1	98050
196.116	0.25	0	1	98058
196.132	0.25	0	1	98066
196.15	0.25	1	2	98075
196.166	0.25	1	2	98083
196.182	0.25	1	2	98091
196.2	0.25	1	2	98100
196.216	0.25	1	2	98108
196.232	0.25	1	2	98116
196.25	0.25	0	1	98125
196.266	0.25	0	1	98133
196.282	0.25	0	1	98141
196.3	0.25	0	1	98150
196.316	0.25	0	1	98158
196.332	0.25	0	1	98166
196.35	0.25	1	2	98175
196.366	0.25	1	2	98183
196.382	0.25	1	2	98191
196.4	0.25	1	2	98200
196.416	0.25	1	2	98208
196.432	0.25	1	2	98216
196.45	0.25	1	2	98225
196.466	0.25	1	2	98233
196.482	0.25	1	2	98241
196.5	0.25	1	2	98250
196.516	0.25	0	1	98258
196.532	0.25	0	1	98266
196.55	0.25	0	1	98275
196.566	0.25	0	1	98283
196.582	0.25	1	2	98291
196.6	0.25	1	2	98300
196.616	0.25	0	1	98308
196.632	0.25	0	1	98316
196.65	0.25	1	2	98325
196.666	0.25	1	2	98333
196.682	0.25	0	1	98341
196.7	0.25	0	1	98350
196.716	0.25	0	1	98358
196.732	0.25	0	1	98366
196.75	0.25	1	2	98375
196.766	0.25	1	2	98383
196.782	0.25	1	2	98391
196.8	0.25	1	2	98400
196.816	0.25	0	1	98408
196.832	0.25	0	1	98416
196.85	0.25	0	1	98425
196.866	0.25	0	1	98433
196.882	0.25	0	1	98441
196.9	0.25	0	1	98450
196.916	0.25	0	1	98458
196.932	0.25	0	1	98466
196.95	0.25	1	2	98475
196.966	0.25	1	2	98483
196.982	0.25	0	1	98491
197.0	0.25	0	1	98500
197.016	0.25	0	1	98508
197.032	0.25	0	1	98516
197.05	0.25	0	1	98525
197.066	0.25	0	1	98533
197.082	0.25	0	1	98541
197.1	0.25	0	1	98550
197.116	0.25	1	2	98558
197.132	0.25	1	2	98566
197.15	0.25	1	2	98575
197.166	0.25	1	2	98583
197.182	0.25	1	2	98591
197.2	0.25	1	2	98600
197.216	0.25	1	2	98608
197.232	0.25	1	2	98616
197.25	0.25	1	2	98625
197.266	0.25	1	2	98633
197.282	0.25	1	2	98641
197.3	0.25	1	2	98650
197.316	0.25	0	1	98658
197.332	0.25	0	1	98666
197.35	0.25	1	2	98675
197.366	0.25	1	2	98683
197.382	0.25	0	1	98691
197.4	0.25	0	1	98700
197.416	0.25	1	2	98708
197.432	0.25	1	2	98716
197.45	0.25	0	1	98725
197.466	0.25	0	1	98733
197.482	0.25	0	1	98741
197.5	0.25	0	1	98750
197.516	0.25	1	2	98758
197.532	0.25	1	2	98766
197.55	0.25	1	2	98775
197.566	0.25	1	2	98783
197.582	0.25	0	1	98791
197.6	0.25	0	1	98800
197.616	0.25	0	1	98808
199.1	0.25	1	2	99550
199.116	0.25	1	2	99558
199.132	0.25	1	2	99566
199.15	0.25	1	2	99575
199.166	0.25	1	2	99583
199.182	0.25	1	2	99591
199.2	0.25	1	2	99600
199.216	0.25	1	2	99608
199.232	0.25	1	2	99616
199.25	0.25	1	2	99625
199.266	0.25	1	2	99633
199.282	0.25	1	2	99641
199.3	0.25	1	2	99650
199.316	0.25	1	2	99658
199.332	0.25	0	1	99666
199.35	0.25	0	1	99675
199.366	0.25	0	1	99683
199.382	0.25	0	1	99691
199.4	0.25	1	2	99700
199.416	0.25	1	2	99708
199.432	0.25	1	2	99716
199.45	0.25	1	2	99725
199.466	0.25	0	1	99733
199.482	0.25	0	1	99741
199.5	0.25	0	1	99750
199.516	0.25	0	1	99758
199.532	0.25	1	2	99766
199.55	0.25	1	2	99775
199.566	0.25	1	2	99783
199.582	0.25	1	2	99791
199.6	0.25	0	1	99800
199.616	0.25	0	1	99808
199.632	0.25	0	1	99816
199.65	0.25	0	1	99825
199.666	0.25	1	2	99833
199.682	0.25	1	2	99841
199.7	0.25	0	1	99850
199.716	0.25	0	1	99858
199.732	0.25	1	2	99866
199.75	0.25	1	2	99875
199.766	0.25	1	2	99883
199.782	0.25	1	2	99891
199.8	0.25	0	1	99900
199.816	0.25	0	1	99908
199.832	0.25	1	2	99916
199.85	0.25	1	2	99925
199.866	0.25	0	1	99933
199.882	0.25	0	1	99941
199.9	0.25	0	1	99950
199.916	0.25	0	1	99958
199.932	0.25	1	2	99966
199.95	0.25	1	2	99975
199.966	0.25	0	1	99983
199.982	0.25	0	1	99991
200.0	0.25	1	2	100000
200.016	0.25	1	2	100008
200.032	0.25	1	2	100016
200.05	0.25	1	2	100025
200.066	0.25	1	2	100033
200.082	0.25	1	2	100041
200.1	0.25	0	1	100050
200.116	0.25	0	1	100058
200.132	0.25	0	1	100066
200.15	0.25	0	1	100075
200.166	0.25	0	1	100083
200.182	0.25	0	1	100091
200.2	0.25	1	2	100100
200.216	0.25	1	2	100108
200.232	0.25	0	1	100116
200.25	0.25	0	1	100125
200.266	0.25	1	2	100133
200.282	0.25	1	2	100141
200.3	0.25	1	2	100150
200.316	0.25	1	2	100158
200.332	0.25	1	2	100166
200.35	0.25	1	2	100175
200.366	0.25	0	1	100183
200.382	0.25	0	1	100191
200.4	0.25	0	1	100200
200.416	0.25	0	1	100208
200.432	0.25	1	2	100216
200.45	0.25	1	2	100225
200.466	0.25	0	1	100233
200.482	0.25	0	1	100241
200.5	0.25	1	2	100250
200.516	0.25	1	2	100258
200.532	0.25	0	1	100266
200.55	0.25	0	1	100275
200.566	0.25	0	1	100283
200.582	0.25	0	1	100291
200.6	0.25	0	1	100300
200.616	0.25	0	1	100308
200.632	0.25	1	2	100316
200.65	0.25	1	2	100325
200.666	0.25	1	2	100333
200.682	0.25	1	2	100341
200.7	0.25	0	1	100350
200.716	0.25	0	1	100358
200.732	0.25	1	2	100366
200.75	0.25	1	2	100375
200.766	0.25	0	1	100383
200.782	0.25	0	1	100391
200.8	0.25	0	1	100400
200.816	0.25	0	1	100408
200.832	0.25	0	1	100416
200.85	0.25	0	1	100425
200.866	0.25	1	2	100433
200.882	0.25	1	2	100441
200.9	0.25	0	1	100450
200.916	0.25	0	1	100458
200.932	0.25	1	2	100466
200.95	0.25	1	2	100475
200.966	0.25	0	1	100483
200.982	0.25	0	1	100491
201.0	0.25	0	1	100500
201.016	0.25	0	1	100508
201.032	0.25	1	2	100516
203.1	0.25	1	2	101550
203.116	0.25	1	2	101558
203.132	0.25	1	2	101566
203.15	0.25	1	2	101575
203.166	0.25	1	2	101583
203.182	0.25	1	2	101591
203.2	0.25	1	2	101600
203.216	0.25	1	2	101608
203.232	0.25	1	2	101616
203.25	0.25	1	2	101625
203.266	0.25	1	2	101633
203.282	0.25	1	2	101641
203.3	0.25	1	2	101650
203.316	0.25	1	2	101658
203.332	0.25	0	1	101666
203.35	0.25	0	1	101675
203.366	0.25	0	1	101683
203.382	0.25	0	1	101691
203.4	0.25	1	2	101700
203.416	0.25	1	2	101708
203.432	0.25	1	2	101716
203.45	0.25	1	2	101725
203.466	0.25	0	1	101733
203.482	0.25	0	1	101741
203.5	0.25	0	1	101750
203.516	0.25	0	1	101758
203.532	0.25	1	2	101766
203.55	0.25	1	2	101775
203.566	0.25	1	2	101783
203.582	0.25	1	2	101791
203.6	0.25	0	1	101800
203.616	0.25	0	1	101808
203.632	0.25	0	1	101816
203.65	0.25	0	1	101825
203.666	0.25	1	2	101833
203.682	0.25	1	2	101841
203.7	0.25	0	1	101850
203.716	0.25	0	1	101858
203.732	0.25	1	2	101866
203.75	0.25	1	2	101875
203.766	0.25	1	2	101883
203.782	0.25	1	2	101891
203.8	0.25	0	1	101900
203.816	0.25	0	1	101908
203.832	0.25	1	2	101916
203.85	0.25	1	2	101925
203.866	0.25	0	1	101933
203.882	0.25	0	1	101941
203.9	0.25	0	1	101950
203.916	0.25	0	1	101958
203.932	0.25	1	2	101966
203.95	0.25	1	2	101975
203.966	0.25	0	1	101983
203.982	0.25	0	1	101991
204.0	0.25	1	2	102000
204.016	0.25	1	2	102008
204.032	0.25	1	2	102016
204.05	0.25	1	2	102025
204.066	0.25	1	2	102033
204.082	0.25	1	2	102041
204.1	0.25	0	1	102050
204.116	0.25	0	1	102058
204.132	0.25	0	1	102066
204.15	0.25	0	1	102075
204.166	0.25	0	1	102083
204.182	0.25	0	1	102091
204.2	0.25	1	2	102100
204.216	0.25	1	2	102108
204.232	0.25	0	1	102116
204.25	0.25	0	1	102125
204.266	0.25	1	2	102133
204.282	0.25	1	2	102141
204.3	0.25	1	2	102150
204.316	0.25	1	2	102158
204.332	0.25	1	2	102166
204.35	0.25	1	2	102175
204.366	0.25	0	1	102183
204.382	0.25	0	1	102191
204.4	0.25	0	1	102200
204.416	0.25	0	1	102208
204.432	0.25	1	2	102216
204.45	0.25	1	2	102225
204.466	0.25	0	1	102233
204.482	0.25	0	1	102241
204.5	0.25	1	2	102250
204.516	0.25	1	2	102258
204.532	0.25	0	1	102266
204.55	0.25	0	1	102275
204.566	0.25	0	1	102283
204.582	0.25	0	1	102291
204.6	0.25	0	1	102300
204.616	0.25	0	1	102308
204.632	0.25	1	2	102316
204.65	0.25	1	2	102325
204.666	0.25	1	2	102333
204.682	0.25	1	2	102341
204.7	0.25	0	1	102350
204.716	0.25	0	1	102358
204.732	0.25	1	2	102366
204.75	0.25	1	2	102375
204.766	0.25	0	1	102383
204.782	0.25	0	1	102391
204.8	0.25	0	1	102400
204.816	0.25	0	1	102408
204.832	0.25	0	1	102416
204.85	0.25	0	1	102425
204.866	0.25	1	2	102433
204.882	0.25	1	2	102441
204.9	0.25	0	1	102450
204.916	0.25	0	1	102458
204.932	0.25	1	2	102466
204.95	0.25	1	2	102475
204.966	0.25	0	1	102483
204.982	0.25	0	1	102491
205.0	0.25	0	1	102500
205.016	0.25	0	1	102508
205.032	0.25	1	2	102516
206.516	0.25	1	2	103258
206.532	0.25	1	2	103266
206.55	0.25	1	2	103275
206.566	0.25	1	2	103283
206.582	0.25	0	1	103291
206.6	0.25	0	1	103300
206.616	0.25	0	1	103308
206.632	0.25	0	1	103316
206.65	0.25	0	1	103325
206.666	0.25	0	1	103333
206.682	0.25	0	1	103341
206.7	0.25	0	1	103350
206.716	0.25	1	2	103358
206.732	0.25	1	2	103366
206.75	0.25	0	1	103375
206.766	0.25	0	1	103383
206.782	0.25	0	1	103391
206.8	0.25	0	1	103400
206.816	0.25	1	2	103408
206.832	0.25	1	2	103416
206.85	0.25	1	2	103425
206.866	0.25	1	2	103433
206.882	0.25	0	1	103441
206.9	0.25	0	1	103450
206.916	0.25	0	1	103458
206.932	0.25	0	1	103466
206.95	0.25	0	1	103475
206.966	0.25	0	1	103483
206.982	0.25	0	1	103491
207.0	0.25	0	1	103500
207.016	0.25	0	1	103508
207.032	0.25	0	1	103516
207.05	0.25	0	1	103525
207.066	0.25	0	1	103533
207.082	0.25	1	2	103541
207.1	0.25	1	2	103550
207.116	0.25	0	1	103558
207.132	0.25	0	1	103566
207.15	0.25	1	2	103575
207.166	0.25	1	2	103583
207.182	0.25	1	2	103591
207.2	0.25	1	2	103600
207.216	0.25	0	1	103608
207.232	0.25	0	1	103616
207.25	0.25	1	2	103625
207.266	0.25	1	2	103633
207.282	0.25	0	1	103641
207.3	0.25	0	1	103650
207.316	0.25	1	2	103658
207.332	0.25	1	2	103666
207.35	0.25	0	1	103675
207.366	0.25	0	1	103683
207.382	0.25	1	2	103691
207.4	0.25	1	2	103700
207.416	0.25	0	1	103708
207.432	0.25	0	1	103716
207.45	0.25	0	1	103725
207.466	0.25	0	1	103733
207.482	0.25	0	1	103741
207.5	0.25	0	1	103750
207.516	0.25	1	2	103758
207.532	0.25	1	2	103766
207.55	0.25	1	2	103775
207.566	0.25	1	2	103783
207.582	0.25	1	2	103791
207.6	0.25	1	2	103800
207.616	0.25	0	1	103808
207.632	0.25	0	1	103816
207.65	0.25	1	2	103825
207.666	0.25	1	2	103833
207.682	0.25	1	2	103841
207.7	0.25	1	2	103850
207.716	0.25	1	2	103858
207.732	0.25	1	2	103866
207.75	0.25	0	1	103875
207.766	0.25	0	1	103883
207.782	0.25	1	2	103891
207.8	0.25	1	2	103900
207.816	0.25	0	1	103908
207.832	0.25	0	1	103916
207.85	0.25	1	2	103925
207.866	0.25	1	2	103933
207.882	0.25	1	2	103941
207.9	0.25	1	2	103950
207.916	0.25	0	1	103958
207.932	0.25	0	1	103966
207.95	0.25	0	1	103975
207.966	0.25	0	1	103983
207.982	0.25	0	1	103991
208.0	0.25	0	1	104000
208.016	0.25	1	2	104008
208.032	0.25	1	2	104016
208.05	0.25	1	2	104025
208.066	0.25	1	2	104033
208.082	0.25	0	1	104041
208.1	0.25	0	1	104050
208.116	0.25	1	2	104058
208.132	0.25	1	2	104066
208.15	0.25	1	2	104075
208.166	0.25	1	2	104083
208.182	0.25	1	2	104091
208.2	0.25	1	2	104100
208.216	0.25	0	1	104108
208.232	0.25	0	1	104116
208.25	0.25	0	1	104125
208.266	0.25	0	1	104133
208.282	0.25	0	1	104141
208.3	0.25	0	1	104150
208.316	0.25	0	1	104158
208.332	0.25	0	1	104166
208.35	0.25	0	1	104175
208.366	0.25	0	1	104183
208.382	0.25	1	2	104191
208.4	0.25	1	2	104200
208.416	0.25	1	2	104208
208.432	0.25	1	2	104216
208.45	0.25	1	2	104225
209.932	0.25	1	2	104966
209.95	0.25	1	2	104975
209.966	0.25	1	2	104983
209.982	0.25	1	2	104991
210.0	0.25	0	1	105000
210.016	0.25	0	1	105008
210.032	0.25	1	2	105016
210.05	0.25	1	2	105025
210.066	0.25	1	2	105033
210.082	0.25	1	2	105041
210.1	0.25	0	1	105050
210.116	0.25	0	1	105058
210.132	0.25	1	2	105066
210.15	0.25	1	2	105075
210.166	0.25	1	2	105083
210.182	0.25	1	2	105091
210.2	0.25	0	1	105100
210.216	0.25	0	1	105108
210.232	0.25	1	2	105116
210.25	0.25	1	2	105125
210.266	0.25	1	2	105133
210.282	0.25	1	2	105141
210.3	0.25	0	1	105150
210.316	0.25	0	1	105158
210.332	0.25	0	1	105166
210.35	0.25	0	1	105175
210.366	0.25	0	1	105183
210.382	0.25	0	1	105191
210.4	0.25	1	2	105200
210.416	0.25	1	2	105208
210.432	0.25	1	2	105216
210.45	0.25	1	2	105225
210.466	0.25	1	2	105233
210.482	0.25	1	2	105241
210.5	0.25	0	1	105250
210.516	0.25	0	1	105258
210.532	0.25	0	1	105266
210.55	0.25	0	1	105275
210.566	0.25	0	1	105283
210.582	0.25	0	1	105291
210.6	0.25	1	2	105300
210.616	0.25	1	2	105308
210.632	0.25	1	2	105316
210.65	0.25	1	2	105325
210.666	0.25	1	2	105333
210.682	0.25	1	2	105341
210.7	0.25	1	2	105350
210.716	0.25	1	2	105358
210.732	0.25	1	2	105366
210.75	0.25	1	2	105375
210.766	0.25	0	1	105383
210.782	0.25	0	1	105391
210.8	0.25	0	1	105400
210.816	0.25	0	1	105408
210.832	0.25	1	2	105416
210.85	0.25	1	2	105425
210.866	0.25	0	1	105433
210.882	0.25	0	1	105441
210.9	0.25	1	2	105450
210.916	0.25	1	2	105458
210.932	0.25	0	1	105466
210.95	0.25	0	1	105475
210.966	0.25	0	1	105483
210.982	0.25	0	1	105491
211.0	0.25	1	2	105500
211.016	0.25	1	2	105508
211.032	0.25	1	2	105516
211.05	0.25	1	2	105525
211.066	0.25	0	1	105533
211.082	0.25	0	1	105541
211.1	0.25	0	1	105550
211.116	0.25	0	1	105558
211.132	0.25	0	1	105566
211.15	0.25	0	1	105575
211.166	0.25	0	1	105583
211.182	0.25	0	1	105591
211.2	0.25	1	2	105600
211.216	0.25	1	2	105608
211.232	0.25	0	1	105616
211.25	0.25	0	1	105625
211.266	0.25	0	1	105633
211.282	0.25	0	1	105641
211.3	0.25	0	1	105650
211.316	0.25	0	1	105658
211.332	0.25	0	1	105666
211.35	0.25	0	1	105675
211.366	0.25	1	2	105683
211.382	0.25	1	2	105691
211.4	0.25	1	2	105700
211.416	0.25	1	2	105708
211.432	0.25	1	2	105716
211.45	0.25	1	2	105725
211.466	0.25	1	2	105733
211.482	0.25	1	2	105741
211.5	0.25	1	2	105750
211.516	0.25	1	2	105758
211.532	0.25	1	2	105766
211.55	0.25	1	2	105775
211.566	0.25	0	1	105783
211.582	0.25	0	1	105791
211.6	0.25	1	2	105800
211.616	0.25	1	2	105808
211.632	0.25	0	1	105816
211.65	0.25	0	1	105825
211.666	0.25	1	2	105833
211.682	0.25	1	2	105841
211.7	0.25	0	1	105850
211.716	0.25	0	1	105858
211.732	0.25	0	1	105866
211.75	0.25	0	1	105875
211.766	0.25	1	2	105883
211.782	0.25	1	2	105891
211.8	0.25	1	2	105900
211.816	0.25	1	2	105908
211.832	0.25	0	1	105916
211.85	0.25	0	1	105925
211.866	0.25	0	1	105933
213.35	0.25	0	1	106675
213.366	0.25	0	1	106683
213.382	0.25	0	1	106691
213.4	0.25	0	1	106700
213.416	0.25	1	2	106708
213.432	0.25	1	2	106716
213.45	0.25	1	2	106725
213.466	0.25	1	2	106733
213.482	0.25	0	1	106741
213.5	0.25	0	1	106750
213.516	0.25	0	1	106758
213.532	0.25	0	1	106766
213.55	0.25	0	1	106775
213.566	0.25	0	1	106783
213.582	0.25	0	1	106791
213.6	0.25	0	1	106800
213.616	0.25	1	2	106808
213.632	0.25	1	2	106816
213.65	0.25	1	2	106825
213.666	0.25	1	2	106833
213.682	0.25	1	2	106841
213.7	0.25	1	2	106850
213.716	0.25	1	2	106858
213.732	0.25	1	2	106866
213.75	0.25	1	2	106875
213.766	0.25	1	2	106883
213.782	0.25	0	1	106891
213.8	0.25	0	1	106900
213.816	0.25	0	1	106908
213.832	0.25	0	1	106916
213.85	0.25	0	1	106925
213.866	0.25	0	1	106933
213.882	0.25	0	1	106941
213.9	0.25	0	1	106950
213.916	0.25	0	1	106958
213.932	0.25	0	1	106966
213.95	0.25	0	1	106975
213.966	0.25	0	1	106983
213.982	0.25	1	2	106991
214.0	0.25	1	2	107000
214.016	0.25	1	2	107008
214.032	0.25	1	2	107016
214.05	0.25	0	1	107025
214.066	0.25	0	1	107033
214.082	0.25	0	1	107041
214.1	0.25	0	1	107050
214.116	0.25	1	2	107058
214.132	0.25	1	2	107066
214.15	0.25	0	1	107075
214.166	0.25	0	1	107083
214.182	0.25	1	2	107091
214.2	0.25	1	2	107100
214.216	0.25	0	1	107108
214.232	0.25	0	1	107116
214.25	0.25	1	2	107125
214.266	0.25	1	2	107133
214.282	0.25	0	1	107141
214.3	0.25	0	1	107150
214.316	0.25	1	2	107158
214.332	0.25	1	2	107166
214.35	0.25	1	2	107175
214.366	0.25	1	2	107183
214.382	0.25	0	1	107191
214.4	0.25	0	1	107200
214.416	0.25	1	2	107208
214.432	0.25	1	2	107216
214.45	0.25	0	1	107225
214.466	0.25	0	1	107233
214.482	0.25	0	1	107241
214.5	0.25	0	1	107250
214.516	0.25	0	1	107258
214.532	0.25	0	1	107266
214.55	0.25	1	2	107275
214.566	0.25	1	2	107283
214.582	0.25	0	1	107291
214.6	0.25	0	1	107300
214.616	0.25	0	1	107308
214.632	0.25	0	1	107316
214.65	0.25	0	1	107325
214.666	0.25	0	1	107333
214.682	0.25	1	2	107341
214.7	0.25	1	2	107350
214.716	0.25	1	2	107358
214.732	0.25	1	2	107366
214.75	0.25	1	2	107375
214.766	0.25	1	2	107383
214.782	0.25	0	1	107391
214.8	0.25	0	1	107400
214.816	0.25	1	2	107408
214.832	0.25	1	2	107416
214.85	0.25	0	1	107425
214.866	0.25	0	1	107433
214.882	0.25	1	2	107441
214.9	0.25	1	2	107450
214.916	0.25	1	2	107458
214.932	0.25	1	2	107466
214.95	0.25	1	2	107475
214.966	0.25	1	2	107483
214.982	0.25	1	2	107491
215.0	0.25	1	2	107500
215.016	0.25	1	2	107508
215.032	0.25	1	2	107516
215.05	0.25	0	1	107525
215.066	0.25	0	1	107533
215.082	0.25	0	1	107541
215.1	0.25	0	1	107550
215.116	0.25	1	2	107558
215.132	0.25	1	2	107566
215.15	0.25	0	1	107575
215.166	0.25	0	1	107583
215.182	0.25	0	1	107591
215.2	0.25	0	1	107600
215.216	0.25	0	1	107608
215.232	0.25	0	1	107616
215.25	0.25	1	2	107625
215.266	0.25	1	2	107633
215.282	0.25	1	2	107641
217.766	0.25	1	2	108883
217.782	0.25	1	2	108891
217.8	0.25	1	2	108900
217.816	0.25	1	2	108908
217.832	0.25	1	2	108916
217.85	0.25	1	2	108925
217.866	0.25	1	2	108933
217.882	0.25	1	2	108941
217.9	0.25	1	2	108950
217.916	0.25	1	2	108958
217.932	0.25	1	2	108966
217.95	0.25	1	2	108975
217.966	0.25	1	2	108983
217.982	0.25	1	2	108991
218.0	0.25	0	1	109000
218.016	0.25	0	1	109008
218.032	0.25	0	1	109016
218.05	0.25	0	1	109025
218.066	0.25	1	2	109033
218.082	0.25	1	2	109041
218.1	0.25	1	2	109050
218.116	0.25	1	2	109058
218.132	0.25	0	1	109066
218.15	0.25	0	1	109075
218.166	0.25	0	1	109083
218.182	0.25	0	1	109091
218.2	0.25	1	2	109100
218.216	0.25	1	2	109108
218.232	0.25	1	2	109116
218.25	0.25	1	2	109125
218.266	0.25	0	1	109133
218.282	0.25	0	1	109141
218.3	0.25	0	1	109150
218.316	0.25	0	1	109158
218.332	0.25	1	2	109166
218.35	0.25	1	2	109175
218.366	0.25	0	1	109183
218.382	0.25	0	1	109191
218.4	0.25	1	2	109200
218.416	0.25	1	2	109208
218.432	0.25	1	2	109216
218.45	0.25	1	2	109225
218.466	0.25	0	1	109233
218.482	0.25	0	1	109241
218.5	0.25	1	2	109250
218.516	0.25	1	2	109258
218.532	0.25	0	1	109266
218.55	0.25	0	1	109275
218.566	0.25	0	1	109283
218.582	0.25	0	1	109291
218.6	0.25	1	2	109300
218.616	0.25	1	2	109308
218.632	0.25	0	1	109316
218.65	0.25	0	1	109325
218.666	0.25	1	2	109333
218.682	0.25	1	2	109341
218.7	0.25	1	2	109350
218.716	0.25	1	2	109358
218.732	0.25	1	2	109366
218.75	0.25	1	2	109375
218.766	0.25	0	1	109383
218.782	0.25	0	1	109391
218.8	0.25	0	1	109400
218.816	0.25	0	1	109408
218.832	0.25	0	1	109416
218.85	0.25	0	1	109425
218.866	0.25	1	2	109433
218.882	0.25	1	2	109441
218.9	0.25	0	1	109450
218.916	0.25	0	1	109458
218.932	0.25	1	2	109466
218.95	0.25	1	2	109475
218.966	0.25	1	2	109483
218.982	0.25	1	2	109491
219.0	0.25	1	2	109500
219.016	0.25	1	2	109508
219.032	0.25	0	1	109516
219.05	0.25	0	1	109525
219.066	0.25	0	1	109533
219.082	0.25	0	1	109541
219.1	0.25	1	2	109550
219.116	0.25	1	2	109558
219.132	0.25	0	1	109566
219.15	0.25	0	1	109575
219.166	0.25	1	2	109583
219.182	0.25	1	2	109591
219.2	0.25	0	1	109600
219.216	0.25	0	1	109608
219.232	0.25	0	1	109616
219.25	0.25	0	1	109625
219.266	0.25	0	1	109633
219.282	0.25	0	1	109641
219.3	0.25	1	2	109650
219.316	0.25	1	2	109658
219.332	0.25	1	2	109666
219.35	0.25	1	2	109675
219.366	0.25	0	1	109683
219.382	0.25	0	1	109691
219.4	0.25	1	2	109700
219.416	0.25	1	2	109708
219.432	0.25	0	1	109716
219.45	0.25	0	1	109725
219.466	0.25	0	1	109733
219.482	0.25	0	1	109741
219.5	0.25	0	1	109750
219.516	0.25	0	1	109758
219.532	0.25	1	2	109766
219.55	0.25	1	2	109775
219.566	0.25	0	1	109783
219.582	0.25	0	1	109791
219.6	0.25	1	2	109800
219.616	0.25	1	2	109808
219.632	0.25	0	1	109816
219.65	0.25	0	1	109825
219.666	0.25	0	1	109833
219.682	0.25	0	1	109841
219.7	0.25	1	2	109850
221.182	0.25	0	1	110591
221.2	0.25	0	1	110600
221.216	0.25	0	1	110608
221.232	0.25	0	1	110616
221.25	0.25	1	2	110625
221.266	0.25	1	2	110633
221.282	0.25	1	2	110641
221.3	0.25	1	2	110650
221.316	0.25	0	1	110658
221.332	0.25	0	1	110666
221.35	0.25	0	1	110675
221.366	0.25	0	1	110683
221.382	0.25	0	1	110691
221.4	0.25	0	1	110700
221.416	0.25	0	1	110708
221.432	0.25	0	1	110716
221.45	0.25	1	2	110725
221.466	0.25	1	2	110733
221.482	0.25	1	2	110741
221.5	0.25	1	2	110750
221.516	0.25	1	2	110758
221.532	0.25	1	2	110766
221.55	0.25	1	2	110775
221.566	0.25	1	2	110783
221.582	0.25	1	2	110791
221.6	0.25	1	2	110800
221.616	0.25	0	1	110808
221.632	0.25	0	1	110816
221.65	0.25	0	1	110825
221.666	0.25	0	1	110833
221.682	0.25	0	1	110841
221.7	0.25	0	1	110850
221.716	0.25	0	1	110858
221.732	0.25	0	1	110866
221.75	0.25	0	1	110875
221.766	0.25	0	1	110883
221.782	0.25	0	1	110891
221.8	0.25	0	1	110900
221.816	0.25	1	2	110908
221.832	0.25	1	2	110916
221.85	0.25	1	2	110925
221.866	0.25	1	2	110933
221.882	0.25	0	1	110941
221.9	0.25	0	1	110950
221.916	0.25	0	1	110958
221.932	0.25	0	1	110966
221.95	0.25	1	2	110975
221.966	0.25	1	2	110983
221.982	0.25	0	1	110991
222.0	0.25	0	1	111000
222.016	0.25	1	2	111008
222.032	0.25	1	2	111016
222.05	0.25	0	1	111025
222.066	0.25	0	1	111033
222.082	0.25	1	2	111041
222.1	0.25	1	2	111050
222.116	0.25	0	1	111058
222.132	0.25	0	1	111066
222.15	0.25	1	2	111075
222.166	0.25	1	2	111083
222.182	0.25	1	2	111091
222.2	0.25	1	2	111100
222.216	0.25	0	1	111108
222.232	0.25	0	1	111116
222.25	0.25	1	2	111125
222.266	0.25	1	2	111133
222.282	0.25	0	1	111141
222.3	0.25	0	1	111150
222.316	0.25	0	1	111158
222.332	0.25	0	1	111166
222.35	0.25	0	1	111175
222.366	0.25	0	1	111183
222.382	0.25	1	2	111191
222.4	0.25	1	2	111200
222.416	0.25	0	1	111208
222.432	0.25	0	1	111216
222.45	0.25	0	1	111225
222.466	0.25	0	1	111233
222.482	0.25	0	1	111241
222.5	0.25	0	1	111250
222.516	0.25	1	2	111258
222.532	0.25	1	2	111266
222.55	0.25	1	2	111275
222.566	0.25	1	2	111283
222.582	0.25	1	2	111291
222.6	0.25	1	2	111300
222.616	0.25	0	1	111308
222.632	0.25	0	1	111316
222.65	0.25	1	2	111325
222.666	0.25	1	2	111333
222.682	0.25	0	1	111341
222.7	0.25	0	1	111350
222.716	0.25	1	2	111358
222.732	0.25	1	2	111366
222.75	0.25	1	2	111375
222.766	0.25	1	2	111383
222.782	0.25	1	2	111391
222.8	0.25	1	2	111400
222.816	0.25	1	2	111408
222.832	0.25	1	2	111416
222.85	0.25	1	2	111425
222.866	0.25	1	2	111433
222.882	0.25	0	1	111441
222.9	0.25	0	1	111450
222.916	0.25	0	1	111458
222.932	0.25	0	1	111466
222.95	0.25	1	2	111475
222.966	0.25	1	2	111483
222.982	0.25	0	1	111491
223.0	0.25	0	1	111500
223.016	0.25	0	1	111508
223.032	0.25	0	1	111516
223.05	0.25	0	1	111525
223.066	0.25	0	1	111533
223.082	0.25	1	2	111541
223.1	0.25	1	2	111550
223.116	0.25	1	2	111558
224.6	0.25	1	2	112300
224.616	0.25	1	2	112308
224.632	0.25	1	2	112316
224.65	0.25	1	2	112325
224.666	0.25	0	1	112333
224.682	0.25	0	1	112341
224.7	0.25	1	2	112350
224.716	0.25	1	2	112358
224.732	0.25	1	2	112366
224.75	0.25	1	2	112375
224.766	0.25	0	1	112383
224.782	0.25	0	1	112391
224.8	0.25	1	2	112400
224.816	0.25	1	2	112408
224.832	0.25	1	2	112416
224.85	0.25	1	2	112425
224.866	0.25	0	1	112433
224.882	0.25	0	1	112441
224.9	0.25	1	2	112450
224.916	0.25	1	2	112458
224.932	0.25	1	2	112466
224.95	0.25	1	2	112475
224.966	0.25	0	1	112483
224.982	0.25	0	1	112491
225.0	0.25	0	1	112500
225.016	0.25	0	1	112508
225.032	0.25	0	1	112516
225.05	0.25	0	1	112525
225.066	0.25	1	2	112533
225.082	0.25	1	2	112541
225.1	0.25	1	2	112550
225.116	0.25	1	2	112558
225.132	0.25	1	2	112566
225.15	0.25	1	2	112575
225.166	0.25	0	1	112583
225.182	0.25	0	1	112591
225.2	0.25	0	1	112600
225.216	0.25	0	1	112608
225.232	0.25	0	1	112616
225.25	0.25	0	1	112625
225.266	0.25	1	2	112633
225.282	0.25	1	2	112641
225.3	0.25	1	2	112650
225.316	0.25	1	2	112658
225.332	0.25	1	2	112666
225.35	0.25	1	2	112675
225.366	0.25	1	2	112683
225.382	0.25	1	2	112691
225.4	0.25	1	2	112700
225.416	0.25	1	2	112708
225.432	0.25	0	1	112716
225.45	0.25	0	1	112725
225.466	0.25	0	1	112733
225.482	0.25	0	1	112741
225.5	0.25	1	2	112750
225.516	0.25	1	2	112758
225.532	0.25	0	1	112766
225.55	0.25	0	1	112775
225.566	0.25	1	2	112783
225.582	0.25	1	2	112791
225.6	0.25	0	1	112800
225.616	0.25	0	1	112808
225.632	0.25	0	1	112816
225.65	0.25	0	1	112825
225.666	0.25	1	2	112833
225.682	0.25	1	2	112841
225.7	0.25	1	2	112850
225.716	0.25	1	2	112858
225.732	0.25	0	1	112866
225.75	0.25	0	1	112875
225.766	0.25	0	1	112883
225.782	0.25	0	1	112891
225.8	0.25	0	1	112900
225.816	0.25	0	1	112908
225.832	0.25	0	1	112916
225.85	0.25	0	1	112925
225.866	0.25	1	2	112933
225.882	0.25	1	2	112941
225.9	0.25	0	1	112950
225.916	0.25	0	1	112958
225.932	0.25	0	1	112966
225.95	0.25	0	1	112975
225.966	0.25	0	1	112983
225.982	0.25	0	1	112991
226.0	0.25	0	1	113000
226.016	0.25	0	1	113008
226.032	0.25	1	2	113016
226.05	0.25	1	2	113025
226.066	0.25	1	2	113033
226.082	0.25	1	2	113041
226.1	0.25	1	2	113050
226.116	0.25	1	2	113058
226.132	0.25	1	2	113066
226.15	0.25	1	2	113075
226.166	0.25	1	2	113083
226.182	0.25	1	2	113091
226.2	0.25	1	2	113100
226.216	0.25	1	2	113108
226.232	0.25	0	1	113116
226.25	0.25	0	1	113125
226.266	0.25	1	2	113133
226.282	0.25	1	2	113141
226.3	0.25	0	1	113150
226.316	0.25	0	1	113158
226.332	0.25	1	2	113166
226.35	0.25	1	2	113175
226.366	0.25	0	1	113183
226.382	0.25	0	1	113191
226.4	0.25	0	1	113200
226.416	0.25	0	1	113208
226.432	0.25	1	2	113216
226.45	0.25	1	2	113225
226.466	0.25	1	2	113233
226.482	0.25	1	2	113241
226.5	0.25	0	1	113250
226.516	0.25	0	1	113258
226.532	0.25	0	1	113266
228.016	0.25	1	2	114008
228.032	0.25	1	2	114016
228.05	0.25	1	2	114025
228.066	0.25	1	2	114033
228.082	0.25	0	1	114041
228.1	0.25	0	1	114050
228.116	0.25	0	1	114058
228.132	0.25	0	1	114066
228.15	0.25	0	1	114075
228.166	0.25	0	1	114083
228.182	0.25	0	1	114091
228.2	0.25	0	1	114100
228.216	0.25	1	2	114108
228.232	0.25	1	2	114116
228.25	0.25	0	1	114125
228.266	0.25	0	1	114133
228.282	0.25	0	1	114141
228.3	0.25	0	1	114150
228.316	0.25	1	2	114158
228.332	0.25	1	2	114166
228.35	0.25	1	2	114175
228.366	0.25	1	2	114183
228.382	0.25	0	1	114191
228.4	0.25	0	1	114200
228.416	0.25	0	1	114208
228.432	0.25	0	1	114216
228.45	0.25	0	1	114225
228.466	0.25	0	1	114233
228.482	0.25	0	1	114241
228.5	0.25	0	1	114250
228.516	0.25	0	1	114258
228.532	0.25	0	1	114266
228.55	0.25	0	1	114275
228.566	0.25	0	1	114283
228.582	0.25	1	2	114291
228.6	0.25	1	2	114300
228.616	0.25	0	1	114308
228.632	0.25	0	1	114316
228.65	0.25	1	2	114325
228.666	0.25	1	2	114333
228.682	0.25	1	2	114341
228.7	0.25	1	2	114350
228.716	0.25	0	1	114358
228.732	0.25	0	1	114366
228.75	0.25	1	2	114375
228.766	0.25	1	2	114383
228.782	0.25	0	1	114391
228.8	0.25	0	1	114400
228.816	0.25	1	2	114408
228.832	0.25	1	2	114416
228.85	0.25	0	1	114425
228.866	0.25	0	1	114433
228.882	0.25	1	2	114441
228.9	0.25	1	2	114450
228.916	0.25	0	1	114458
228.932	0.25	0	1	114466
228.95	0.25	0	1	114475
228.966	0.25	0	1	114483
228.982	0.25	0	1	114491
229.0	0.25	0	1	114500
229.016	0.25	1	2	114508
229.032	0.25	1	2	114516
229.05	0.25	1	2	114525
229.066	0.25	1	2	114533
229.082	0.25	1	2	114541
229.1	0.25	1	2	114550
229.116	0.25	0	1	114558
229.132	0.25	0	1	114566
229.15	0.25	1	2	114575
229.166	0.25	1	2	114583
229.182	0.25	1	2	114591
229.2	0.25	1	2	114600
229.216	0.25	1	2	114608
229.232	0.25	1	2	114616
229.25	0.25	0	1	114625
229.266	0.25	0	1	114633
229.282	0.25	1	2	114641
229.3	0.25	1	2	114650
229.316	0.25	0	1	114658
229.332	0.25	0	1	114666
229.35	0.25	1	2	114675
229.366	0.25	1	2	114683
229.382	0.25	1	2	114691
229.4	0.25	1	2	114700
229.416	0.25	0	1	114708
229.432	0.25	0	1	114716
229.45	0.25	0	1	114725
229.466	0.25	0	1	114733
229.482	0.25	0	1	114741
229.5	0.25	0	1	114750
229.516	0.25	1	2	114758
229.532	0.25	1	2	114766
229.55	0.25	1	2	114775
229.566	0.25	1	2	114783
229.582	0.25	0	1	114791
229.6	0.25	0	1	114800
229.616	0.25	1	2	114808
229.632	0.25	1	2	114816
229.65	0.25	1	2	114825
229.666	0.25	1	2	114833
229.682	0.25	1	2	114841
229.7	0.25	1	2	114850
229.716	0.25	0	1	114858
229.732	0.25	0	1	114866
229.75	0.25	0	1	114875
229.766	0.25	0	1	114883
229.782	0.25	0	1	114891
229.8	0.25	0	1	114900
229.816	0.25	0	1	114908
229.832	0.25	0	1	114916
229.85	0.25	0	1	114925
229.866	0.25	0	1	114933
229.882	0.25	1	2	114941
229.9	0.25	1	2	114950
229.916	0.25	1	2	114958
229.932	0.25	1	2	114966
229.95	0.25	1	2	114975
