onset	duration	trial_type	value	sample
16.1	0.25	1	2	8050
16.116	0.25	1	2	8058
16.132	0.25	1	2	8066
16.148	0.25	1	2	8074
16.166	0.25	0	1	8083
16.182	0.25	0	1	8091
16.2	0.25	0	1	8100
16.216	0.25	0	1	8108
16.232	0.25	0	1	8116
16.25	0.25	0	1	8125
16.266	0.25	0	1	8133
16.282	0.25	0	1	8141
16.3	0.25	1	2	8150
16.316	0.25	1	2	8158
16.332	0.25	0	1	8166
16.35	0.25	0	1	8175
16.366	0.25	0	1	8183
16.382	0.25	0	1	8191
16.4	0.25	1	2	8200
16.416	0.25	1	2	8208
16.432	0.25	1	2	8216
16.45	0.25	1	2	8225
16.466	0.25	0	1	8233
16.482	0.25	0	1	8241
16.5	0.25	0	1	8250
16.516	0.25	0	1	8258
16.532	0.25	0	1	8266
16.55	0.25	0	1	8275
16.566	0.25	0	1	8283
16.582	0.25	0	1	8291
16.6	0.25	0	1	8300
16.616	0.25	0	1	8308
16.632	0.25	0	1	8316
16.65	0.25	0	1	8325
16.666	0.25	1	2	8333
16.682	0.25	1	2	8341
16.7	0.25	0	1	8350
16.716	0.25	0	1	8358
16.732	0.25	1	2	8366
16.75	0.25	1	2	8375
16.766	0.25	1	2	8383
16.782	0.25	1	2	8391
16.8	0.25	0	1	8400
16.816	0.25	0	1	8408
16.832	0.25	1	2	8416
16.85	0.25	1	2	8425
16.866	0.25	0	1	8433
16.882	0.25	0	1	8441
16.9	0.25	1	2	8450
16.916	0.25	1	2	8458
16.932	0.25	0	1	8466
16.95	0.25	0	1	8475
16.966	0.25	1	2	8483
16.982	0.25	1	2	8491
17.0	0.25	0	1	8500
17.016	0.25	0	1	8508
17.032	0.25	0	1	8516
17.05	0.25	0	1	8525
17.066	0.25	0	1	8533
17.082	0.25	0	1	8541
17.1	0.25	1	2	8550
17.116	0.25	1	2	8558
17.132	0.25	1	2	8566
17.15	0.25	1	2	8575
17.166	0.25	1	2	8583
17.182	0.25	1	2	8591
17.2	0.25	0	1	8600
17.216	0.25	0	1	8608
17.232	0.25	1	2	8616
17.25	0.25	1	2	8625
17.266	0.25	1	2	8633
17.282	0.25	1	2	8641
17.3	0.25	1	2	8650
17.316	0.25	1	2	8658
17.332	0.25	0	1	8666
17.35	0.25	0	1	8675
17.366	0.25	1	2	8683
17.382	0.25	1	2	8691
17.4	0.25	0	1	8700
17.416	0.25	0	1	8708
17.432	0.25	1	2	8716
17.45	0.25	1	2	8725
17.466	0.25	1	2	8733
17.482	0.25	1	2	8741
17.5	0.25	0	1	8750
17.516	0.25	0	1	8758
17.532	0.25	0	1	8766
17.55	0.25	0	1	8775
17.566	0.25	0	1	8783
17.582	0.25	0	1	8791
17.6	0.25	1	2	8800
17.616	0.25	1	2	8808
17.632	0.25	1	2	8816
17.65	0.25	1	2	8825
17.666	0.25	0	1	8833
17.682	0.25	0	1	8841
17.7	0.25	1	2	8850
17.716	0.25	1	2	8858
17.732	0.25	1	2	8866
17.75	0.25	1	2	8875
17.766	0.25	1	2	8883
17.782	0.25	1	2	8891
17.8	0.25	0	1	8900
17.816	0.25	0	1	8908
17.832	0.25	0	1	8916
17.85	0.25	0	1	8925
17.866	0.25	0	1	8933
17.882	0.25	0	1	8941
17.9	0.25	0	1	8950
17.916	0.25	0	1	8958
17.932	0.25	0	1	8966
17.95	0.25	0	1	8975
17.966	0.25	1	2	8983
17.982	0.25	1	2	8991
18.0	0.25	1	2	9000
18.016	0.25	1	2	9008
18.032	0.25	1	2	9016
19.516	0.25	1	2	9758
19.532	0.25	1	2	9766
19.55	0.25	1	2	9775
19.566	0.25	1	2	9783
19.582	0.25	0	1	9791
19.6	0.25	0	1	9800
19.616	0.25	1	2	9808
19.632	0.25	1	2	9816
19.65	0.25	1	2	9825
19.666	0.25	1	2	9833
19.682	0.25	0	1	9841
19.7	0.25	0	1	9850
19.716	0.25	1	2	9858
19.732	0.25	1	2	9866
19.75	0.25	1	2	9875
19.766	0.25	1	2	9883
19.782	0.25	0	1	9891
19.8	0.25	0	1	9900
19.816	0.25	1	2	9908
19.832	0.25	1	2	9916
19.85	0.25	1	2	9925
19.866	0.25	1	2	9933
19.882	0.25	0	1	9941
19.9	0.25	0	1	9950
19.916	0.25	0	1	9958
19.932	0.25	0	1	9966
19.95	0.25	0	1	9975
19.966	0.25	0	1	9983
19.982	0.25	1	2	9991
20.0	0.25	1	2	10000
20.016	0.25	1	2	10008
20.032	0.25	1	2	10016
20.05	0.25	1	2	10025
20.066	0.25	1	2	10033
20.082	0.25	0	1	10041
20.1	0.25	0	1	10050
20.116	0.25	0	1	10058
20.132	0.25	0	1	10066
20.15	0.25	0	1	10075
20.166	0.25	0	1	10083
20.182	0.25	1	2	10091
20.2	0.25	1	2	10100
20.216	0.25	1	2	10108
20.232	0.25	1	2	10116
20.25	0.25	1	2	10125
20.266	0.25	1	2	10133
20.282	0.25	1	2	10141
20.3	0.25	1	2	10150
20.316	0.25	1	2	10158
20.332	0.25	1	2	10166
20.35	0.25	0	1	10175
20.366	0.25	0	1	10183
20.382	0.25	0	1	10191
20.4	0.25	0	1	10200
20.416	0.25	1	2	10208
20.432	0.25	1	2	10216
20.45	0.25	0	1	10225
20.466	0.25	0	1	10233
20.482	0.25	1	2	10241
20.5	0.25	1	2	10250
20.516	0.25	0	1	10258
20.532	0.25	0	1	10266
20.55	0.25	0	1	10275
20.566	0.25	0	1	10283
20.582	0.25	1	2	10291
20.6	0.25	1	2	10300
20.616	0.25	1	2	10308
20.632	0.25	1	2	10316
20.65	0.25	0	1	10325
20.666	0.25	0	1	10333
20.682	0.25	0	1	10341
20.7	0.25	0	1	10350
20.716	0.25	0	1	10358
20.732	0.25	0	1	10366
20.75	0.25	0	1	10375
20.766	0.25	0	1	10383
20.782	0.25	1	2	10391
20.8	0.25	1	2	10400
20.816	0.25	0	1	10408
20.832	0.25	0	1	10416
20.85	0.25	0	1	10425
20.866	0.25	0	1	10433
20.882	0.25	0	1	10441
20.9	0.25	0	1	10450
20.916	0.25	0	1	10458
20.932	0.25	0	1	10466
20.95	0.25	1	2	10475
20.966	0.25	1	2	10483
20.982	0.25	1	2	10491
21.0	0.25	1	2	10500
21.016	0.25	1	2	10508
21.032	0.25	1	2	10516
21.05	0.25	1	2	10525
21.066	0.25	1	2	10533
21.082	0.25	1	2	10541
21.1	0.25	1	2	10550
21.116	0.25	1	2	10558
21.132	0.25	1	2	10566
21.15	0.25	0	1	10575
21.166	0.25	0	1	10583
21.182	0.25	1	2	10591
21.2	0.25	1	2	10600
21.216	0.25	0	1	10608
21.232	0.25	0	1	10616
21.25	0.25	1	2	10625
21.266	0.25	1	2	10633
21.282	0.25	0	1	10641
21.3	0.25	0	1	10650
21.316	0.25	0	1	10658
21.332	0.25	0	1	10666
21.35	0.25	1	2	10675
21.366	0.25	1	2	10683
21.382	0.25	1	2	10691
21.4	0.25	1	2	10700
21.416	0.25	0	1	10708
21.432	0.25	0	1	10716
21.45	0.25	0	1	10725
22.932	0.25	0	1	11466
22.95	0.25	0	1	11475
22.966	0.25	0	1	11483
22.982	0.25	0	1	11491
23.0	0.25	1	2	11500
23.016	0.25	1	2	11508
23.032	0.25	1	2	11516
23.05	0.25	1	2	11525
23.066	0.25	0	1	11533
23.082	0.25	0	1	11541
23.1	0.25	0	1	11550
23.116	0.25	0	1	11558
23.132	0.25	0	1	11566
23.15	0.25	0	1	11575
23.166	0.25	0	1	11583
23.182	0.25	0	1	11591
23.2	0.25	1	2	11600
23.216	0.25	1	2	11608
23.232	0.25	1	2	11616
23.25	0.25	1	2	11625
23.266	0.25	1	2	11633
23.282	0.25	1	2	11641
23.3	0.25	1	2	11650
23.316	0.25	1	2	11658
23.332	0.25	1	2	11666
23.35	0.25	1	2	11675
23.366	0.25	0	1	11683
23.382	0.25	0	1	11691
23.4	0.25	0	1	11700
23.416	0.25	0	1	11708
23.432	0.25	0	1	11716
23.45	0.25	0	1	11725
23.466	0.25	0	1	11733
23.482	0.25	0	1	11741
23.5	0.25	0	1	11750
23.516	0.25	0	1	11758
23.532	0.25	0	1	11766
23.55	0.25	0	1	11775
23.566	0.25	1	2	11783
23.582	0.25	1	2	11791
23.6	0.25	1	2	11800
23.616	0.25	1	2	11808
23.632	0.25	0	1	11816
23.65	0.25	0	1	11825
23.666	0.25	0	1	11833
23.682	0.25	0	1	11841
23.7	0.25	1	2	11850
23.716	0.25	1	2	11858
23.732	0.25	0	1	11866
23.75	0.25	0	1	11875
23.766	0.25	1	2	11883
23.782	0.25	1	2	11891
23.8	0.25	0	1	11900
23.816	0.25	0	1	11908
23.832	0.25	1	2	11916
23.85	0.25	1	2	11925
23.866	0.25	0	1	11933
23.882	0.25	0	1	11941
23.9	0.25	1	2	11950
23.916	0.25	1	2	11958
23.932	0.25	1	2	11966
23.95	0.25	1	2	11975
23.966	0.25	0	1	11983
23.982	0.25	0	1	11991
24.0	0.25	1	2	12000
24.016	0.25	1	2	12008
24.032	0.25	0	1	12016
24.05	0.25	0	1	12025
24.066	0.25	0	1	12033
24.082	0.25	0	1	12041
24.1	0.25	0	1	12050
24.116	0.25	0	1	12058
24.132	0.25	1	2	12066
24.15	0.25	1	2	12075
24.166	0.25	0	1	12083
24.182	0.25	0	1	12091
24.2	0.25	0	1	12100
24.216	0.25	0	1	12108
24.232	0.25	0	1	12116
24.25	0.25	0	1	12125
24.266	0.25	1	2	12133
24.282	0.25	1	2	12141
24.3	0.25	1	2	12150
24.316	0.25	1	2	12158
24.332	0.25	1	2	12166
24.35	0.25	1	2	12175
24.366	0.25	0	1	12183
24.382	0.25	0	1	12191
24.4	0.25	1	2	12200
24.416	0.25	1	2	12208
24.432	0.25	0	1	12216
24.45	0.25	0	1	12225
24.466	0.25	1	2	12233
24.482	0.25	1	2	12241
24.5	0.25	1	2	12250
24.516	0.25	1	2	12258
24.532	0.25	1	2	12266
24.55	0.25	1	2	12275
24.566	0.25	1	2	12283
24.582	0.25	1	2	12291
24.6	0.25	1	2	12300
24.616	0.25	1	2	12308
24.632	0.25	0	1	12316
24.65	0.25	0	1	12325
24.666	0.25	0	1	12333
24.682	0.25	0	1	12341
24.7	0.25	1	2	12350
24.716	0.25	1	2	12358
24.732	0.25	0	1	12366
24.75	0.25	0	1	12375
24.766	0.25	0	1	12383
24.782	0.25	0	1	12391
24.8	0.25	0	1	12400
24.816	0.25	0	1	12408
24.832	0.25	1	2	12416
24.85	0.25	1	2	12425
24.866	0.25	1	2	12433
26.35	0.25	1	2	13175
26.366	0.25	1	2	13183
26.382	0.25	1	2	13191
26.4	0.25	1	2	13200
26.416	0.25	1	2	13208
26.432	0.25	1	2	13216
26.45	0.25	1	2	13225
26.466	0.25	1	2	13233
26.482	0.25	1	2	13241
26.5	0.25	1	2	13250
26.516	0.25	1	2	13258
26.532	0.25	1	2	13266
26.55	0.25	1	2	13275
26.566	0.25	1	2	13283
26.582	0.25	0	1	13291
26.6	0.25	0	1	13300
26.616	0.25	0	1	13308
26.632	0.25	0	1	13316
26.65	0.25	1	2	13325
26.666	0.25	1	2	13333
26.682	0.25	1	2	13341
26.7	0.25	1	2	13350
26.716	0.25	0	1	13358
26.732	0.25	0	1	13366
26.75	0.25	0	1	13375
26.766	0.25	0	1	13383
26.782	0.25	1	2	13391
26.8	0.25	1	2	13400
26.816	0.25	1	2	13408
26.832	0.25	1	2	13416
26.85	0.25	0	1	13425
26.866	0.25	0	1	13433
26.882	0.25	0	1	13441
26.9	0.25	0	1	13450
26.916	0.25	1	2	13458
26.932	0.25	1	2	13466
26.95	0.25	0	1	13475
26.966	0.25	0	1	13483
26.982	0.25	1	2	13491
27.0	0.25	1	2	13500
27.016	0.25	1	2	13508
27.032	0.25	1	2	13516
27.05	0.25	0	1	13525
27.066	0.25	0	1	13533
27.082	0.25	1	2	13541
27.1	0.25	1	2	13550
27.116	0.25	0	1	13558
27.132	0.25	0	1	13566
27.15	0.25	0	1	13575
27.166	0.25	0	1	13583
27.182	0.25	1	2	13591
27.2	0.25	1	2	13600
27.216	0.25	0	1	13608
27.232	0.25	0	1	13616
27.25	0.25	1	2	13625
27.266	0.25	1	2	13633
27.282	0.25	1	2	13641
27.3	0.25	1	2	13650
27.316	0.25	1	2	13658
27.332	0.25	1	2	13666
27.35	0.25	0	1	13675
27.366	0.25	0	1	13683
27.382	0.25	0	1	13691
27.4	0.25	0	1	13700
27.416	0.25	0	1	13708
27.432	0.25	0	1	13716
27.45	0.25	1	2	13725
27.466	0.25	1	2	13733
27.482	0.25	0	1	13741
27.5	0.25	0	1	13750
27.516	0.25	1	2	13758
27.532	0.25	1	2	13766
27.55	0.25	1	2	13775
27.566	0.25	1	2	13783
27.582	0.25	1	2	13791
27.6	0.25	1	2	13800
27.616	0.25	0	1	13808
27.632	0.25	0	1	13816
27.65	0.25	0	1	13825
27.666	0.25	0	1	13833
27.682	0.25	1	2	13841
27.7	0.25	1	2	13850
27.716	0.25	0	1	13858
27.732	0.25	0	1	13866
27.75	0.25	1	2	13875
27.766	0.25	1	2	13883
27.782	0.25	0	1	13891
27.8	0.25	0	1	13900
27.816	0.25	0	1	13908
27.832	0.25	0	1	13916
27.85	0.25	0	1	13925
27.866	0.25	0	1	13933
27.882	0.25	1	2	13941
27.9	0.25	1	2	13950
27.916	0.25	1	2	13958
27.932	0.25	1	2	13966
27.95	0.25	0	1	13975
27.966	0.25	0	1	13983
27.982	0.25	1	2	13991
28.0	0.25	1	2	14000
28.016	0.25	0	1	14008
28.032	0.25	0	1	14016
28.05	0.25	0	1	14025
28.066	0.25	0	1	14033
28.082	0.25	0	1	14041
28.1	0.25	0	1	14050
28.116	0.25	1	2	14058
28.132	0.25	1	2	14066
28.15	0.25	0	1	14075
28.166	0.25	0	1	14083
28.182	0.25	1	2	14091
28.2	0.25	1	2	14100
28.216	0.25	0	1	14108
28.232	0.25	0	1	14116
28.25	0.25	0	1	14125
28.266	0.25	0	1	14133
28.282	0.25	1	2	14141
34.632	0.25	1	2	17316
34.65	0.25	1	2	17325
34.666	0.25	1	2	17333
34.682	0.25	1	2	17341
34.7	0.25	0	1	17350
34.716	0.25	0	1	17358
34.732	0.25	1	2	17366
34.75	0.25	1	2	17375
34.766	0.25	1	2	17383
34.782	0.25	1	2	17391
34.8	0.25	0	1	17400
34.816	0.25	0	1	17408
34.832	0.25	1	2	17416
34.85	0.25	1	2	17425
34.866	0.25	1	2	17433
34.882	0.25	1	2	17441
34.9	0.25	0	1	17450
34.916	0.25	0	1	17458
34.932	0.25	1	2	17466
34.95	0.25	1	2	17475
34.966	0.25	1	2	17483
34.982	0.25	1	2	17491
35.0	0.25	0	1	17500
35.016	0.25	0	1	17508
35.032	0.25	0	1	17516
35.05	0.25	0	1	17525
35.066	0.25	0	1	17533
35.082	0.25	0	1	17541
35.1	0.25	1	2	17550
35.116	0.25	1	2	17558
35.132	0.25	1	2	17566
35.15	0.25	1	2	17575
35.166	0.25	1	2	17583
35.182	0.25	1	2	17591
35.2	0.25	0	1	17600
35.216	0.25	0	1	17608
35.232	0.25	0	1	17616
35.25	0.25	0	1	17625
35.266	0.25	0	1	17633
35.282	0.25	0	1	17641
35.3	0.25	1	2	17650
35.316	0.25	1	2	17658
35.332	0.25	1	2	17666
35.35	0.25	1	2	17675
35.366	0.25	1	2	17683
35.382	0.25	1	2	17691
35.4	0.25	1	2	17700
35.416	0.25	1	2	17708
35.432	0.25	1	2	17716
35.45	0.25	1	2	17725
35.466	0.25	0	1	17733
35.482	0.25	0	1	17741
35.5	0.25	0	1	17750
35.516	0.25	0	1	17758
35.532	0.25	1	2	17766
35.55	0.25	1	2	17775
35.566	0.25	0	1	17783
35.582	0.25	0	1	17791
35.6	0.25	1	2	17800
35.616	0.25	1	2	17808
35.632	0.25	0	1	17816
35.65	0.25	0	1	17825
35.666	0.25	0	1	17833
35.682	0.25	0	1	17841
35.7	0.25	1	2	17850
35.716	0.25	1	2	17858
35.732	0.25	1	2	17866
35.75	0.25	1	2	17875
35.766	0.25	0	1	17883
35.782	0.25	0	1	17891
35.8	0.25	0	1	17900
35.816	0.25	0	1	17908
35.832	0.25	0	1	17916
35.85	0.25	0	1	17925
35.866	0.25	0	1	17933
35.882	0.25	0	1	17941
35.9	0.25	1	2	17950
35.916	0.25	1	2	17958
35.932	0.25	0	1	17966
35.95	0.25	0	1	17975
35.966	0.25	0	1	17983
35.982	0.25	0	1	17991
36.0	0.25	0	1	18000
36.016	0.25	0	1	18008
36.032	0.25	0	1	18016
36.05	0.25	0	1	18025
36.066	0.25	1	2	18033
36.082	0.25	1	2	18041
36.1	0.25	1	2	18050
36.116	0.25	1	2	18058
36.132	0.25	1	2	18066
36.15	0.25	1	2	18075
36.166	0.25	1	2	18083
36.182	0.25	1	2	18091
36.2	0.25	1	2	18100
36.216	0.25	1	2	18108
36.232	0.25	1	2	18116
36.25	0.25	1	2	18125
36.266	0.25	0	1	18133
36.282	0.25	0	1	18141
36.3	0.25	1	2	18150
36.316	0.25	1	2	18158
36.332	0.25	0	1	18166
36.35	0.25	0	1	18175
36.366	0.25	1	2	18183
36.382	0.25	1	2	18191
36.4	0.25	0	1	18200
36.416	0.25	0	1	18208
36.432	0.25	0	1	18216
36.45	0.25	0	1	18225
36.466	0.25	1	2	18233
36.482	0.25	1	2	18241
36.5	0.25	1	2	18250
36.516	0.25	1	2	18258
36.532	0.25	0	1	18266
36.55	0.25	0	1	18275
36.566	0.25	0	1	18283
38.05	0.25	1	2	19025
38.066	0.25	1	2	19033
38.082	0.25	1	2	19041
38.1	0.25	1	2	19050
38.116	0.25	0	1	19058
38.132	0.25	0	1	19066
38.15	0.25	0	1	19075
38.166	0.25	0	1	19083
38.182	0.25	0	1	19091
38.2	0.25	0	1	19100
38.216	0.25	0	1	19108
38.232	0.25	0	1	19116
38.25	0.25	1	2	19125
38.266	0.25	1	2	19133
38.282	0.25	0	1	19141
38.3	0.25	0	1	19150
38.316	0.25	0	1	19158
38.332	0.25	0	1	19166
38.35	0.25	1	2	19175
38.366	0.25	1	2	19183
38.382	0.25	1	2	19191
38.4	0.25	1	2	19200
38.416	0.25	0	1	19208
38.432	0.25	0	1	19216
38.45	0.25	0	1	19225
38.466	0.25	0	1	19233
38.482	0.25	0	1	19241
38.5	0.25	0	1	19250
38.516	0.25	0	1	19258
38.532	0.25	0	1	19266
38.55	0.25	0	1	19275
38.566	0.25	0	1	19283
38.582	0.25	0	1	19291
38.6	0.25	0	1	19300
38.616	0.25	1	2	19308
38.632	0.25	1	2	19316
38.65	0.25	0	1	19325
38.666	0.25	0	1	19333
38.682	0.25	1	2	19341
38.7	0.25	1	2	19350
38.716	0.25	1	2	19358
38.732	0.25	1	2	19366
38.75	0.25	0	1	19375
38.766	0.25	0	1	19383
38.782	0.25	1	2	19391
38.8	0.25	1	2	19400
38.816	0.25	0	1	19408
38.832	0.25	0	1	19416
38.85	0.25	1	2	19425
38.866	0.25	1	2	19433
38.882	0.25	0	1	19441
38.9	0.25	0	1	19450
38.916	0.25	1	2	19458
38.932	0.25	1	2	19466
38.95	0.25	0	1	19475
38.966	0.25	0	1	19483
38.982	0.25	0	1	19491
39.0	0.25	0	1	19500
39.016	0.25	0	1	19508
39.032	0.25	0	1	19516
39.05	0.25	1	2	19525
39.066	0.25	1	2	19533
39.082	0.25	1	2	19541
39.1	0.25	1	2	19550
39.116	0.25	1	2	19558
39.132	0.25	1	2	19566
39.15	0.25	0	1	19575
39.166	0.25	0	1	19583
39.182	0.25	1	2	19591
39.2	0.25	1	2	19600
39.216	0.25	1	2	19608
39.232	0.25	1	2	19616
39.25	0.25	1	2	19625
39.266	0.25	1	2	19633
39.282	0.25	0	1	19641
39.3	0.25	0	1	19650
39.316	0.25	1	2	19658
39.332	0.25	1	2	19666
39.35	0.25	0	1	19675
39.366	0.25	0	1	19683
39.382	0.25	1	2	19691
39.4	0.25	1	2	19700
39.416	0.25	1	2	19708
39.432	0.25	1	2	19716
39.45	0.25	0	1	19725
39.466	0.25	0	1	19733
39.482	0.25	0	1	19741
39.5	0.25	0	1	19750
39.516	0.25	0	1	19758
39.532	0.25	0	1	19766
39.55	0.25	1	2	19775
39.566	0.25	1	2	19783
39.582	0.25	1	2	19791
39.6	0.25	1	2	19800
39.616	0.25	0	1	19808
39.632	0.25	0	1	19816
39.65	0.25	1	2	19825
39.666	0.25	1	2	19833
39.682	0.25	1	2	19841
39.7	0.25	1	2	19850
39.716	0.25	1	2	19858
39.732	0.25	1	2	19866
39.75	0.25	0	1	19875
39.766	0.25	0	1	19883
39.782	0.25	0	1	19891
39.8	0.25	0	1	19900
39.816	0.25	0	1	19908
39.832	0.25	0	1	19916
39.85	0.25	0	1	19925
39.866	0.25	0	1	19933
39.882	0.25	0	1	19941
39.9	0.25	0	1	19950
39.916	0.25	1	2	19958
39.932	0.25	1	2	19966
39.95	0.25	1	2	19975
39.966	0.25	1	2	19983
39.982	0.25	1	2	19991
41.466	0.25	0	1	20733
41.482	0.25	0	1	20741
41.5	0.25	0	1	20750
41.516	0.25	0	1	20758
41.532	0.25	1	2	20766
41.55	0.25	1	2	20775
41.566	0.25	1	2	20783
41.582	0.25	1	2	20791
41.6	0.25	0	1	20800
41.616	0.25	0	1	20808
41.632	0.25	0	1	20816
41.65	0.25	0	1	20825
41.666	0.25	0	1	20833
41.682	0.25	0	1	20841
41.7	0.25	0	1	20850
41.716	0.25	0	1	20858
41.732	0.25	1	2	20866
41.75	0.25	1	2	20875
41.766	0.25	1	2	20883
41.782	0.25	1	2	20891
41.8	0.25	1	2	20900
41.816	0.25	1	2	20908
41.832	0.25	1	2	20916
41.85	0.25	1	2	20925
41.866	0.25	1	2	20933
41.882	0.25	1	2	20941
41.9	0.25	0	1	20950
41.916	0.25	0	1	20958
41.932	0.25	0	1	20966
41.95	0.25	0	1	20975
41.966	0.25	0	1	20983
41.982	0.25	0	1	20991
42.0	0.25	0	1	21000
42.016	0.25	0	1	21008
42.032	0.25	0	1	21016
42.05	0.25	0	1	21025
42.066	0.25	0	1	21033
42.082	0.25	0	1	21041
42.1	0.25	1	2	21050
42.116	0.25	1	2	21058
42.132	0.25	1	2	21066
42.15	0.25	1	2	21075
42.166	0.25	0	1	21083
42.182	0.25	0	1	21091
42.2	0.25	0	1	21100
42.216	0.25	0	1	21108
42.232	0.25	1	2	21116
42.25	0.25	1	2	21125
42.266	0.25	0	1	21133
42.282	0.25	0	1	21141
42.3	0.25	1	2	21150
42.316	0.25	1	2	21158
42.332	0.25	0	1	21166
42.35	0.25	0	1	21175
42.366	0.25	1	2	21183
42.382	0.25	1	2	21191
42.4	0.25	0	1	21200
42.416	0.25	0	1	21208
42.432	0.25	1	2	21216
42.45	0.25	1	2	21225
42.466	0.25	1	2	21233
42.482	0.25	1	2	21241
42.5	0.25	0	1	21250
42.516	0.25	0	1	21258
42.532	0.25	1	2	21266
42.55	0.25	1	2	21275
42.566	0.25	0	1	21283
42.582	0.25	0	1	21291
42.6	0.25	0	1	21300
42.616	0.25	0	1	21308
42.632	0.25	0	1	21316
42.65	0.25	0	1	21325
42.666	0.25	1	2	21333
42.682	0.25	1	2	21341
42.7	0.25	0	1	21350
42.716	0.25	0	1	21358
42.732	0.25	0	1	21366
42.75	0.25	0	1	21375
42.766	0.25	0	1	21383
42.782	0.25	0	1	21391
42.8	0.25	1	2	21400
42.816	0.25	1	2	21408
42.832	0.25	1	2	21416
42.85	0.25	1	2	21425
42.866	0.25	1	2	21433
42.882	0.25	1	2	21441
42.9	0.25	0	1	21450
42.916	0.25	0	1	21458
42.932	0.25	1	2	21466
42.95	0.25	1	2	21475
42.966	0.25	0	1	21483
42.982	0.25	0	1	21491
43.0	0.25	1	2	21500
43.016	0.25	1	2	21508
43.032	0.25	1	2	21516
43.05	0.25	1	2	21525
43.066	0.25	1	2	21533
43.082	0.25	1	2	21541
43.1	0.25	1	2	21550
43.116	0.25	1	2	21558
43.132	0.25	1	2	21566
43.15	0.25	1	2	21575
43.166	0.25	0	1	21583
43.182	0.25	0	1	21591
43.2	0.25	0	1	21600
43.216	0.25	0	1	21608
43.232	0.25	1	2	21616
43.25	0.25	1	2	21625
43.266	0.25	0	1	21633
43.282	0.25	0	1	21641
43.3	0.25	0	1	21650
43.316	0.25	0	1	21658
43.332	0.25	0	1	21666
43.35	0.25	0	1	21675
43.366	0.25	1	2	21683
43.382	0.25	1	2	21691
43.4	0.25	1	2	21700
44.882	0.25	1	2	22441
44.9	0.25	1	2	22450
44.916	0.25	1	2	22458
44.932	0.25	1	2	22466
44.95	0.25	1	2	22475
44.966	0.25	1	2	22483
44.982	0.25	1	2	22491
45.0	0.25	1	2	22500
45.016	0.25	1	2	22508
45.032	0.25	1	2	22516
45.05	0.25	1	2	22525
45.066	0.25	1	2	22533
45.082	0.25	1	2	22541
45.1	0.25	1	2	22550
45.116	0.25	0	1	22558
45.132	0.25	0	1	22566
45.15	0.25	0	1	22575
45.166	0.25	0	1	22583
45.182	0.25	1	2	22591
45.2	0.25	1	2	22600
45.216	0.25	1	2	22608
45.232	0.25	1	2	22616
45.25	0.25	0	1	22625
45.266	0.25	0	1	22633
45.282	0.25	0	1	22641
45.3	0.25	0	1	22650
45.316	0.25	1	2	22658
45.332	0.25	1	2	22666
45.35	0.25	1	2	22675
45.366	0.25	1	2	22683
45.382	0.25	0	1	22691
45.4	0.25	0	1	22700
45.416	0.25	0	1	22708
45.432	0.25	0	1	22716
45.45	0.25	1	2	22725
45.466	0.25	1	2	22733
45.482	0.25	0	1	22741
45.5	0.25	0	1	22750
45.516	0.25	1	2	22758
45.532	0.25	1	2	22766
45.55	0.25	1	2	22775
45.566	0.25	1	2	22783
45.582	0.25	0	1	22791
45.6	0.25	0	1	22800
45.616	0.25	1	2	22808
45.632	0.25	1	2	22816
45.65	0.25	0	1	22825
45.666	0.25	0	1	22833
45.682	0.25	0	1	22841
45.7	0.25	0	1	22850
45.716	0.25	1	2	22858
45.732	0.25	1	2	22866
45.75	0.25	0	1	22875
45.766	0.25	0	1	22883
45.782	0.25	1	2	22891
45.8	0.25	1	2	22900
45.816	0.25	1	2	22908
45.832	0.25	1	2	22916
45.85	0.25	1	2	22925
45.866	0.25	1	2	22933
45.882	0.25	0	1	22941
45.9	0.25	0	1	22950
45.916	0.25	0	1	22958
45.932	0.25	0	1	22966
45.95	0.25	0	1	22975
45.966	0.25	0	1	22983
45.982	0.25	1	2	22991
46.0	0.25	1	2	23000
46.016	0.25	0	1	23008
46.032	0.25	0	1	23016
46.05	0.25	1	2	23025
46.066	0.25	1	2	23033
46.082	0.25	1	2	23041
46.1	0.25	1	2	23050
46.116	0.25	1	2	23058
46.132	0.25	1	2	23066
46.15	0.25	0	1	23075
46.166	0.25	0	1	23083
46.182	0.25	0	1	23091
46.2	0.25	0	1	23100
46.216	0.25	1	2	23108
46.232	0.25	1	2	23116
46.25	0.25	0	1	23125
46.266	0.25	0	1	23133
46.282	0.25	1	2	23141
46.3	0.25	1	2	23150
46.316	0.25	0	1	23158
46.332	0.25	0	1	23166
46.35	0.25	0	1	23175
46.366	0.25	0	1	23183
46.382	0.25	0	1	23191
46.4	0.25	0	1	23200
46.416	0.25	1	2	23208
46.432	0.25	1	2	23216
46.45	0.25	1	2	23225
46.466	0.25	1	2	23233
46.482	0.25	0	1	23241
46.5	0.25	0	1	23250
46.516	0.25	1	2	23258
46.532	0.25	1	2	23266
46.55	0.25	0	1	23275
46.566	0.25	0	1	23283
46.582	0.25	0	1	23291
46.6	0.25	0	1	23300
46.616	0.25	0	1	23308
46.632	0.25	0	1	23316
46.65	0.25	1	2	23325
46.666	0.25	1	2	23333
46.682	0.25	0	1	23341
46.7	0.25	0	1	23350
46.716	0.25	1	2	23358
46.732	0.25	1	2	23366
46.75	0.25	0	1	23375
46.766	0.25	0	1	23383
46.782	0.25	0	1	23391
46.8	0.25	0	1	23400
46.816	0.25	1	2	23408
50.066	0.25	1	2	25033
50.082	0.25	1	2	25041
50.1	0.25	1	2	25050
50.116	0.25	1	2	25058
50.132	0.25	0	1	25066
50.15	0.25	0	1	25075
50.166	0.25	1	2	25083
50.182	0.25	1	2	25091
50.2	0.25	1	2	25100
50.216	0.25	1	2	25108
50.232	0.25	0	1	25116
50.25	0.25	0	1	25125
50.266	0.25	1	2	25133
50.282	0.25	1	2	25141
50.3	0.25	1	2	25150
50.316	0.25	1	2	25158
50.332	0.25	0	1	25166
50.35	0.25	0	1	25175
50.366	0.25	1	2	25183
50.382	0.25	1	2	25191
50.4	0.25	1	2	25200
50.416	0.25	1	2	25208
50.432	0.25	0	1	25216
50.45	0.25	0	1	25225
50.466	0.25	0	1	25233
50.482	0.25	0	1	25241
50.5	0.25	0	1	25250
50.516	0.25	0	1	25258
50.532	0.25	1	2	25266
50.55	0.25	1	2	25275
50.566	0.25	1	2	25283
50.582	0.25	1	2	25291
50.6	0.25	1	2	25300
50.616	0.25	1	2	25308
50.632	0.25	0	1	25316
50.65	0.25	0	1	25325
50.666	0.25	0	1	25333
50.682	0.25	0	1	25341
50.7	0.25	0	1	25350
50.716	0.25	0	1	25358
50.732	0.25	1	2	25366
50.75	0.25	1	2	25375
50.766	0.25	1	2	25383
50.782	0.25	1	2	25391
50.8	0.25	1	2	25400
50.816	0.25	1	2	25408
50.832	0.25	1	2	25416
50.85	0.25	1	2	25425
50.866	0.25	1	2	25433
50.882	0.25	1	2	25441
50.9	0.25	0	1	25450
50.916	0.25	0	1	25458
50.932	0.25	0	1	25466
50.95	0.25	0	1	25475
50.966	0.25	1	2	25483
50.982	0.25	1	2	25491
51.0	0.25	0	1	25500
51.016	0.25	0	1	25508
51.032	0.25	1	2	25516
51.05	0.25	1	2	25525
51.066	0.25	0	1	25533
51.082	0.25	0	1	25541
51.1	0.25	0	1	25550
51.116	0.25	0	1	25558
51.132	0.25	1	2	25566
51.15	0.25	1	2	25575
51.166	0.25	1	2	25583
51.182	0.25	1	2	25591
51.2	0.25	0	1	25600
51.216	0.25	0	1	25608
51.232	0.25	0	1	25616
51.25	0.25	0	1	25625
51.266	0.25	0	1	25633
51.282	0.25	0	1	25641
51.3	0.25	0	1	25650
51.316	0.25	0	1	25658
51.332	0.25	1	2	25666
51.35	0.25	1	2	25675
51.366	0.25	0	1	25683
51.382	0.25	0	1	25691
51.4	0.25	0	1	25700
51.416	0.25	0	1	25708
51.432	0.25	0	1	25716
51.45	0.25	0	1	25725
51.466	0.25	0	1	25733
51.482	0.25	0	1	25741
51.5	0.25	1	2	25750
51.516	0.25	1	2	25758
51.532	0.25	1	2	25766
51.55	0.25	1	2	25775
51.566	0.25	1	2	25783
51.582	0.25	1	2	25791
51.6	0.25	1	2	25800
51.616	0.25	1	2	25808
51.632	0.25	1	2	25816
51.65	0.25	1	2	25825
51.666	0.25	1	2	25833
51.682	0.25	1	2	25841
51.7	0.25	0	1	25850
51.716	0.25	0	1	25858
51.732	0.25	1	2	25866
51.75	0.25	1	2	25875
51.766	0.25	0	1	25883
51.782	0.25	0	1	25891
51.8	0.25	1	2	25900
51.816	0.25	1	2	25908
51.832	0.25	0	1	25916
51.85	0.25	0	1	25925
51.866	0.25	0	1	25933
51.882	0.25	0	1	25941
51.9	0.25	1	2	25950
51.916	0.25	1	2	25958
51.932	0.25	1	2	25966
51.95	0.25	1	2	25975
51.966	0.25	0	1	25983
51.982	0.25	0	1	25991
52.0	0.25	0	1	26000
53.482	0.25	1	2	26741
53.5	0.25	1	2	26750
53.516	0.25	1	2	26758
53.532	0.25	1	2	26766
53.55	0.25	0	1	26775
53.566	0.25	0	1	26783
53.582	0.25	0	1	26791
53.6	0.25	0	1	26800
53.616	0.25	0	1	26808
53.632	0.25	0	1	26816
53.65	0.25	0	1	26825
53.666	0.25	0	1	26833
53.682	0.25	1	2	26841
53.7	0.25	1	2	26850
53.716	0.25	0	1	26858
53.732	0.25	0	1	26866
53.75	0.25	0	1	26875
53.766	0.25	0	1	26883
53.782	0.25	1	2	26891
53.8	0.25	1	2	26900
53.816	0.25	1	2	26908
53.832	0.25	1	2	26916
53.85	0.25	0	1	26925
53.866	0.25	0	1	26933
53.882	0.25	0	1	26941
53.9	0.25	0	1	26950
53.916	0.25	0	1	26958
53.932	0.25	0	1	26966
53.95	0.25	0	1	26975
53.966	0.25	0	1	26983
53.982	0.25	0	1	26991
54.0	0.25	0	1	27000
54.016	0.25	0	1	27008
54.032	0.25	0	1	27016
54.05	0.25	1	2	27025
54.066	0.25	1	2	27033
54.082	0.25	0	1	27041
54.1	0.25	0	1	27050
54.116	0.25	1	2	27058
54.132	0.25	1	2	27066
54.15	0.25	1	2	27075
54.166	0.25	1	2	27083
54.182	0.25	0	1	27091
54.2	0.25	0	1	27100
54.216	0.25	1	2	27108
54.232	0.25	1	2	27116
54.25	0.25	0	1	27125
54.266	0.25	0	1	27133
54.282	0.25	1	2	27141
54.3	0.25	1	2	27150
54.316	0.25	0	1	27158
54.332	0.25	0	1	27166
54.35	0.25	1	2	27175
54.366	0.25	1	2	27183
54.382	0.25	0	1	27191
54.4	0.25	0	1	27200
54.416	0.25	0	1	27208
54.432	0.25	0	1	27216
54.45	0.25	0	1	27225
54.466	0.25	0	1	27233
54.482	0.25	1	2	27241
54.5	0.25	1	2	27250
54.516	0.25	1	2	27258
54.532	0.25	1	2	27266
54.55	0.25	1	2	27275
54.566	0.25	1	2	27283
54.582	0.25	0	1	27291
54.6	0.25	0	1	27300
54.616	0.25	1	2	27308
54.632	0.25	1	2	27316
54.65	0.25	1	2	27325
54.666	0.25	1	2	27333
54.682	0.25	1	2	27341
54.7	0.25	1	2	27350
54.716	0.25	0	1	27358
54.732	0.25	0	1	27366
54.75	0.25	1	2	27375
54.766	0.25	1	2	27383
54.782	0.25	0	1	27391
54.8	0.25	0	1	27400
54.816	0.25	1	2	27408
54.832	0.25	1	2	27416
54.85	0.25	1	2	27425
54.866	0.25	1	2	27433
54.882	0.25	0	1	27441
54.9	0.25	0	1	27450
54.916	0.25	0	1	27458
54.932	0.25	0	1	27466
54.95	0.25	0	1	27475
54.966	0.25	0	1	27483
54.982	0.25	1	2	27491
55.0	0.25	1	2	27500
55.016	0.25	1	2	27508
55.032	0.25	1	2	27516
55.05	0.25	0	1	27525
55.066	0.25	0	1	27533
55.082	0.25	1	2	27541
55.1	0.25	1	2	27550
55.116	0.25	1	2	27558
55.132	0.25	1	2	27566
55.15	0.25	1	2	27575
55.166	0.25	1	2	27583
55.182	0.25	0	1	27591
55.2	0.25	0	1	27600
55.216	0.25	0	1	27608
55.232	0.25	0	1	27616
55.25	0.25	0	1	27625
55.266	0.25	0	1	27633
55.282	0.25	0	1	27641
55.3	0.25	0	1	27650
55.316	0.25	0	1	27658
55.332	0.25	0	1	27666
55.35	0.25	1	2	27675
55.366	0.25	1	2	27683
55.382	0.25	1	2	27691
55.4	0.25	1	2	27700
55.416	0.25	1	2	27708
56.9	0.25	0	1	28450
56.916	0.25	0	1	28458
56.932	0.25	0	1	28466
56.95	0.25	0	1	28475
56.966	0.25	1	2	28483
56.982	0.25	1	2	28491
57.0	0.25	1	2	28500
57.016	0.25	1	2	28508
57.032	0.25	0	1	28516
57.05	0.25	0	1	28525
57.066	0.25	0	1	28533
57.082	0.25	0	1	28541
57.1	0.25	0	1	28550
57.116	0.25	0	1	28558
57.132	0.25	0	1	28566
57.15	0.25	0	1	28575
57.166	0.25	1	2	28583
57.182	0.25	1	2	28591
57.2	0.25	1	2	28600
57.216	0.25	1	2	28608
57.232	0.25	1	2	28616
57.25	0.25	1	2	28625
57.266	0.25	1	2	28633
57.282	0.25	1	2	28641
57.3	0.25	1	2	28650
57.316	0.25	1	2	28658
57.332	0.25	0	1	28666
57.35	0.25	0	1	28675
57.366	0.25	0	1	28683
57.382	0.25	0	1	28691
57.4	0.25	0	1	28700
57.416	0.25	0	1	28708
57.432	0.25	0	1	28716
57.45	0.25	0	1	28725
57.466	0.25	0	1	28733
57.482	0.25	0	1	28741
57.5	0.25	0	1	28750
57.516	0.25	0	1	28758
57.532	0.25	1	2	28766
57.55	0.25	1	2	28775
57.566	0.25	1	2	28783
57.582	0.25	1	2	28791
57.6	0.25	0	1	28800
57.616	0.25	0	1	28808
57.632	0.25	0	1	28816
57.65	0.25	0	1	28825
57.666	0.25	1	2	28833
57.682	0.25	1	2	28841
57.7	0.25	0	1	28850
57.716	0.25	0	1	28858
57.732	0.25	1	2	28866
57.75	0.25	1	2	28875
57.766	0.25	0	1	28883
57.782	0.25	0	1	28891
57.8	0.25	1	2	28900
57.816	0.25	1	2	28908
57.832	0.25	0	1	28916
57.85	0.25	0	1	28925
57.866	0.25	1	2	28933
57.882	0.25	1	2	28941
57.9	0.25	1	2	28950
57.916	0.25	1	2	28958
57.932	0.25	0	1	28966
57.95	0.25	0	1	28975
57.966	0.25	1	2	28983
57.982	0.25	1	2	28991
58.0	0.25	0	1	29000
58.016	0.25	0	1	29008
58.032	0.25	0	1	29016
58.05	0.25	0	1	29025
58.066	0.25	0	1	29033
58.082	0.25	0	1	29041
58.1	0.25	1	2	29050
58.116	0.25	1	2	29058
58.132	0.25	0	1	29066
58.15	0.25	0	1	29075
58.166	0.25	0	1	29083
58.182	0.25	0	1	29091
58.2	0.25	0	1	29100
58.216	0.25	0	1	29108
58.232	0.25	1	2	29116
58.25	0.25	1	2	29125
58.266	0.25	1	2	29133
58.282	0.25	1	2	29141
58.3	0.25	1	2	29150
58.316	0.25	1	2	29158
58.332	0.25	0	1	29166
58.35	0.25	0	1	29175
58.366	0.25	1	2	29183
58.382	0.25	1	2	29191
58.4	0.25	0	1	29200
58.416	0.25	0	1	29208
58.432	0.25	1	2	29216
58.45	0.25	1	2	29225
58.466	0.25	1	2	29233
58.482	0.25	1	2	29241
58.5	0.25	1	2	29250
58.516	0.25	1	2	29258
58.532	0.25	1	2	29266
58.55	0.25	1	2	29275
58.566	0.25	1	2	29283
58.582	0.25	1	2	29291
58.6	0.25	0	1	29300
58.616	0.25	0	1	29308
58.632	0.25	0	1	29316
58.65	0.25	0	1	29325
58.666	0.25	1	2	29333
58.682	0.25	1	2	29341
58.7	0.25	0	1	29350
58.716	0.25	0	1	29358
58.732	0.25	0	1	29366
58.75	0.25	0	1	29375
58.766	0.25	0	1	29383
58.782	0.25	0	1	29391
58.8	0.25	1	2	29400
58.816	0.25	1	2	29408
58.832	0.25	1	2	29416
60.316	0.25	1	2	30158
60.332	0.25	1	2	30166
60.35	0.25	1	2	30175
60.366	0.25	1	2	30183
60.382	0.25	1	2	30191
60.4	0.25	1	2	30200
60.416	0.25	1	2	30208
60.432	0.25	1	2	30216
60.45	0.25	1	2	30225
60.466	0.25	1	2	30233
60.482	0.25	1	2	30241
60.5	0.25	1	2	30250
60.516	0.25	1	2	30258
60.532	0.25	1	2	30266
60.55	0.25	0	1	30275
60.566	0.25	0	1	30283
60.582	0.25	0	1	30291
60.6	0.25	0	1	30300
60.616	0.25	1	2	30308
60.632	0.25	1	2	30316
60.65	0.25	1	2	30325
60.666	0.25	1	2	30333
60.682	0.25	0	1	30341
60.7	0.25	0	1	30350
60.716	0.25	0	1	30358
60.732	0.25	0	1	30366
60.75	0.25	1	2	30375
60.766	0.25	1	2	30383
60.782	0.25	1	2	30391
60.8	0.25	1	2	30400
60.816	0.25	0	1	30408
60.832	0.25	0	1	30416
60.85	0.25	0	1	30425
60.866	0.25	0	1	30433
60.882	0.25	1	2	30441
60.9	0.25	1	2	30450
60.916	0.25	0	1	30458
60.932	0.25	0	1	30466
60.95	0.25	1	2	30475
60.966	0.25	1	2	30483
60.982	0.25	1	2	30491
61.0	0.25	1	2	30500
61.016	0.25	0	1	30508
61.032	0.25	0	1	30516
61.05	0.25	1	2	30525
61.066	0.25	1	2	30533
61.082	0.25	0	1	30541
61.1	0.25	0	1	30550
61.116	0.25	0	1	30558
61.132	0.25	0	1	30566
61.15	0.25	1	2	30575
61.166	0.25	1	2	30583
61.182	0.25	0	1	30591
61.2	0.25	0	1	30600
61.216	0.25	1	2	30608
61.232	0.25	1	2	30616
61.25	0.25	1	2	30625
61.266	0.25	1	2	30633
61.282	0.25	1	2	30641
61.3	0.25	1	2	30650
61.316	0.25	0	1	30658
61.332	0.25	0	1	30666
61.35	0.25	0	1	30675
61.366	0.25	0	1	30683
61.382	0.25	0	1	30691
61.4	0.25	0	1	30700
61.416	0.25	1	2	30708
61.432	0.25	1	2	30716
61.45	0.25	0	1	30725
61.466	0.25	0	1	30733
61.482	0.25	1	2	30741
61.5	0.25	1	2	30750
61.516	0.25	1	2	30758
61.532	0.25	1	2	30766
61.55	0.25	1	2	30775
61.566	0.25	1	2	30783
61.582	0.25	0	1	30791
61.6	0.25	0	1	30800
61.616	0.25	0	1	30808
61.632	0.25	0	1	30816
61.65	0.25	1	2	30825
61.666	0.25	1	2	30833
61.682	0.25	0	1	30841
61.7	0.25	0	1	30850
61.716	0.25	1	2	30858
61.732	0.25	1	2	30866
61.75	0.25	0	1	30875
61.766	0.25	0	1	30883
61.782	0.25	0	1	30891
61.8	0.25	0	1	30900
61.816	0.25	0	1	30908
61.832	0.25	0	1	30916
61.85	0.25	1	2	30925
61.866	0.25	1	2	30933
61.882	0.25	1	2	30941
61.9	0.25	1	2	30950
61.916	0.25	0	1	30958
61.932	0.25	0	1	30966
61.95	0.25	1	2	30975
61.966	0.25	1	2	30983
61.982	0.25	0	1	30991
62.0	0.25	0	1	31000
62.016	0.25	0	1	31008
62.032	0.25	0	1	31016
62.05	0.25	0	1	31025
62.066	0.25	0	1	31033
62.082	0.25	1	2	31041
62.1	0.25	1	2	31050
62.116	0.25	0	1	31058
62.132	0.25	0	1	31066
62.15	0.25	1	2	31075
62.166	0.25	1	2	31083
62.182	0.25	0	1	31091
62.2	0.25	0	1	31100
62.216	0.25	0	1	31108
62.232	0.25	0	1	31116
62.25	0.25	1	2	31125
65.55	0.25	0	1	32775
65.566	0.25	0	1	32783
65.582	0.25	0	1	32791
65.6	0.25	0	1	32800
65.616	0.25	1	2	32808
65.632	0.25	1	2	32816
65.65	0.25	1	2	32825
65.666	0.25	1	2	32833
65.682	0.25	0	1	32841
65.7	0.25	0	1	32850
65.716	0.25	0	1	32858
65.732	0.25	0	1	32866
65.75	0.25	0	1	32875
65.766	0.25	0	1	32883
65.782	0.25	0	1	32891
65.8	0.25	0	1	32900
65.816	0.25	1	2	32908
65.832	0.25	1	2	32916
65.85	0.25	1	2	32925
65.866	0.25	1	2	32933
65.882	0.25	1	2	32941
65.9	0.25	1	2	32950
65.916	0.25	1	2	32958
65.932	0.25	1	2	32966
65.95	0.25	1	2	32975
65.966	0.25	1	2	32983
65.982	0.25	0	1	32991
66.0	0.25	0	1	33000
66.016	0.25	0	1	33008
66.032	0.25	0	1	33016
66.05	0.25	0	1	33025
66.066	0.25	0	1	33033
66.082	0.25	0	1	33041
66.1	0.25	0	1	33050
66.116	0.25	0	1	33058
66.132	0.25	0	1	33066
66.15	0.25	0	1	33075
66.166	0.25	0	1	33083
66.182	0.25	1	2	33091
66.2	0.25	1	2	33100
66.216	0.25	1	2	33108
66.232	0.25	1	2	33116
66.25	0.25	0	1	33125
66.266	0.25	0	1	33133
66.282	0.25	0	1	33141
66.3	0.25	0	1	33150
66.316	0.25	1	2	33158
66.332	0.25	1	2	33166
66.35	0.25	0	1	33175
66.366	0.25	0	1	33183
66.382	0.25	1	2	33191
66.4	0.25	1	2	33200
66.416	0.25	0	1	33208
66.432	0.25	0	1	33216
66.45	0.25	1	2	33225
66.466	0.25	1	2	33233
66.482	0.25	0	1	33241
66.5	0.25	0	1	33250
66.516	0.25	1	2	33258
66.532	0.25	1	2	33266
66.55	0.25	1	2	33275
66.566	0.25	1	2	33283
66.582	0.25	0	1	33291
66.6	0.25	0	1	33300
66.616	0.25	1	2	33308
66.632	0.25	1	2	33316
66.65	0.25	0	1	33325
66.666	0.25	0	1	33333
66.682	0.25	0	1	33341
66.7	0.25	0	1	33350
66.716	0.25	0	1	33358
66.732	0.25	0	1	33366
66.75	0.25	1	2	33375
66.766	0.25	1	2	33383
66.782	0.25	0	1	33391
66.8	0.25	0	1	33400
66.816	0.25	0	1	33408
66.832	0.25	0	1	33416
66.85	0.25	0	1	33425
66.866	0.25	0	1	33433
66.882	0.25	1	2	33441
66.9	0.25	1	2	33450
66.916	0.25	1	2	33458
66.932	0.25	1	2	33466
66.95	0.25	1	2	33475
66.966	0.25	1	2	33483
66.982	0.25	0	1	33491
67.0	0.25	0	1	33500
67.016	0.25	1	2	33508
67.032	0.25	1	2	33516
67.05	0.25	0	1	33525
67.066	0.25	0	1	33533
67.082	0.25	1	2	33541
67.1	0.25	1	2	33550
67.116	0.25	1	2	33558
67.132	0.25	1	2	33566
67.15	0.25	1	2	33575
67.166	0.25	1	2	33583
67.182	0.25	1	2	33591
67.2	0.25	1	2	33600
67.216	0.25	1	2	33608
67.232	0.25	1	2	33616
67.25	0.25	0	1	33625
67.266	0.25	0	1	33633
67.282	0.25	0	1	33641
67.3	0.25	0	1	33650
67.316	0.25	1	2	33658
67.332	0.25	1	2	33666
67.35	0.25	0	1	33675
67.366	0.25	0	1	33683
67.382	0.25	0	1	33691
67.4	0.25	0	1	33700
67.416	0.25	0	1	33708
67.432	0.25	0	1	33716
67.45	0.25	1	2	33725
67.466	0.25	1	2	33733
67.482	0.25	1	2	33741
68.966	0.25	1	2	34483
68.982	0.25	1	2	34491
69.0	0.25	1	2	34500
69.016	0.25	1	2	34508
69.032	0.25	1	2	34516
69.05	0.25	1	2	34525
69.066	0.25	1	2	34533
69.082	0.25	1	2	34541
69.1	0.25	1	2	34550
69.116	0.25	1	2	34558
69.132	0.25	1	2	34566
69.15	0.25	1	2	34575
69.166	0.25	1	2	34583
69.182	0.25	1	2	34591
69.2	0.25	0	1	34600
69.216	0.25	0	1	34608
69.232	0.25	0	1	34616
69.25	0.25	0	1	34625
69.266	0.25	1	2	34633
69.282	0.25	1	2	34641
69.3	0.25	1	2	34650
69.316	0.25	1	2	34658
69.332	0.25	0	1	34666
69.35	0.25	0	1	34675
69.366	0.25	0	1	34683
69.382	0.25	0	1	34691
69.4	0.25	1	2	34700
69.416	0.25	1	2	34708
69.432	0.25	1	2	34716
69.45	0.25	1	2	34725
69.466	0.25	0	1	34733
69.482	0.25	0	1	34741
69.5	0.25	0	1	34750
69.516	0.25	0	1	34758
69.532	0.25	1	2	34766
69.55	0.25	1	2	34775
69.566	0.25	0	1	34783
69.582	0.25	0	1	34791
69.6	0.25	1	2	34800
69.616	0.25	1	2	34808
69.632	0.25	1	2	34816
69.65	0.25	1	2	34825
69.666	0.25	0	1	34833
69.682	0.25	0	1	34841
69.7	0.25	1	2	34850
69.716	0.25	1	2	34858
69.732	0.25	0	1	34866
69.75	0.25	0	1	34875
69.766	0.25	0	1	34883
69.782	0.25	0	1	34891
69.8	0.25	1	2	34900
69.816	0.25	1	2	34908
69.832	0.25	0	1	34916
69.85	0.25	0	1	34925
69.866	0.25	1	2	34933
69.882	0.25	1	2	34941
69.9	0.25	1	2	34950
69.916	0.25	1	2	34958
69.932	0.25	1	2	34966
69.95	0.25	1	2	34975
69.966	0.25	0	1	34983
69.982	0.25	0	1	34991
70.0	0.25	0	1	35000
70.016	0.25	0	1	35008
70.032	0.25	0	1	35016
70.05	0.25	0	1	35025
70.066	0.25	1	2	35033
70.082	0.25	1	2	35041
70.1	0.25	0	1	35050
70.116	0.25	0	1	35058
70.132	0.25	1	2	35066
70.15	0.25	1	2	35075
70.166	0.25	1	2	35083
70.182	0.25	1	2	35091
70.2	0.25	1	2	35100
70.216	0.25	1	2	35108
70.232	0.25	0	1	35116
70.25	0.25	0	1	35125
70.266	0.25	0	1	35133
70.282	0.25	0	1	35141
70.3	0.25	1	2	35150
70.316	0.25	1	2	35158
70.332	0.25	0	1	35166
70.35	0.25	0	1	35175
70.366	0.25	1	2	35183
70.382	0.25	1	2	35191
70.4	0.25	0	1	35200
70.416	0.25	0	1	35208
70.432	0.25	0	1	35216
70.45	0.25	0	1	35225
70.466	0.25	0	1	35233
70.482	0.25	0	1	35241
70.5	0.25	1	2	35250
70.516	0.25	1	2	35258
70.532	0.25	1	2	35266
70.55	0.25	1	2	35275
70.566	0.25	0	1	35283
70.582	0.25	0	1	35291
70.6	0.25	1	2	35300
70.616	0.25	1	2	35308
70.632	0.25	0	1	35316
70.65	0.25	0	1	35325
70.666	0.25	0	1	35333
70.682	0.25	0	1	35341
70.7	0.25	0	1	35350
70.716	0.25	0	1	35358
70.732	0.25	1	2	35366
70.75	0.25	1	2	35375
70.766	0.25	0	1	35383
70.782	0.25	0	1	35391
70.8	0.25	1	2	35400
70.816	0.25	1	2	35408
70.832	0.25	0	1	35416
70.85	0.25	0	1	35425
70.866	0.25	0	1	35433
70.882	0.25	0	1	35441
70.9	0.25	1	2	35450
72.382	0.25	1	2	36191
72.4	0.25	1	2	36200
72.416	0.25	1	2	36208
72.432	0.25	1	2	36216
72.45	0.25	0	1	36225
72.466	0.25	0	1	36233
72.482	0.25	0	1	36241
72.5	0.25	0	1	36250
72.516	0.25	0	1	36258
72.532	0.25	0	1	36266
72.55	0.25	0	1	36275
72.566	0.25	0	1	36283
72.582	0.25	1	2	36291
72.6	0.25	1	2	36300
72.616	0.25	0	1	36308
72.632	0.25	0	1	36316
72.65	0.25	0	1	36325
72.666	0.25	0	1	36333
72.682	0.25	1	2	36341
72.7	0.25	1	2	36350
72.716	0.25	1	2	36358
72.732	0.25	1	2	36366
72.75	0.25	0	1	36375
72.766	0.25	0	1	36383
72.782	0.25	0	1	36391
72.8	0.25	0	1	36400
72.816	0.25	0	1	36408
72.832	0.25	0	1	36416
72.85	0.25	0	1	36425
72.866	0.25	0	1	36433
72.882	0.25	0	1	36441
72.9	0.25	0	1	36450
72.916	0.25	0	1	36458
72.932	0.25	0	1	36466
72.95	0.25	1	2	36475
72.966	0.25	1	2	36483
72.982	0.25	0	1	36491
73.0	0.25	0	1	36500
73.016	0.25	1	2	36508
73.032	0.25	1	2	36516
73.05	0.25	1	2	36525
73.066	0.25	1	2	36533
73.082	0.25	0	1	36541
73.1	0.25	0	1	36550
73.116	0.25	1	2	36558
73.132	0.25	1	2	36566
73.15	0.25	0	1	36575
73.166	0.25	0	1	36583
73.182	0.25	1	2	36591
73.2	0.25	1	2	36600
73.216	0.25	0	1	36608
73.232	0.25	0	1	36616
73.25	0.25	1	2	36625
73.266	0.25	1	2	36633
73.282	0.25	0	1	36641
73.3	0.25	0	1	36650
73.316	0.25	0	1	36658
73.332	0.25	0	1	36666
73.35	0.25	0	1	36675
73.366	0.25	0	1	36683
73.382	0.25	1	2	36691
73.4	0.25	1	2	36700
73.416	0.25	1	2	36708
73.432	0.25	1	2	36716
73.45	0.25	1	2	36725
73.466	0.25	1	2	36733
73.482	0.25	0	1	36741
73.5	0.25	0	1	36750
73.516	0.25	1	2	36758
73.532	0.25	1	2	36766
73.55	0.25	1	2	36775
73.566	0.25	1	2	36783
73.582	0.25	1	2	36791
73.6	0.25	1	2	36800
73.616	0.25	0	1	36808
73.632	0.25	0	1	36816
73.65	0.25	1	2	36825
73.666	0.25	1	2	36833
73.682	0.25	0	1	36841
73.7	0.25	0	1	36850
73.716	0.25	1	2	36858
73.732	0.25	1	2	36866
73.75	0.25	1	2	36875
73.766	0.25	1	2	36883
73.782	0.25	0	1	36891
73.8	0.25	0	1	36900
73.816	0.25	0	1	36908
73.832	0.25	0	1	36916
73.85	0.25	0	1	36925
73.866	0.25	0	1	36933
73.882	0.25	1	2	36941
73.9	0.25	1	2	36950
73.916	0.25	1	2	36958
73.932	0.25	1	2	36966
73.95	0.25	0	1	36975
73.966	0.25	0	1	36983
73.982	0.25	1	2	36991
74.0	0.25	1	2	37000
74.016	0.25	1	2	37008
74.032	0.25	1	2	37016
74.05	0.25	1	2	37025
74.066	0.25	1	2	37033
74.082	0.25	0	1	37041
74.1	0.25	0	1	37050
74.116	0.25	0	1	37058
74.132	0.25	0	1	37066
74.15	0.25	0	1	37075
74.166	0.25	0	1	37083
74.182	0.25	0	1	37091
74.2	0.25	0	1	37100
74.216	0.25	0	1	37108
74.232	0.25	0	1	37116
74.25	0.25	1	2	37125
74.266	0.25	1	2	37133
74.282	0.25	1	2	37141
74.3	0.25	1	2	37150
74.316	0.25	1	2	37158
75.8	0.25	1	2	37900
75.816	0.25	1	2	37908
75.832	0.25	1	2	37916
75.85	0.25	1	2	37925
75.866	0.25	0	1	37933
75.882	0.25	0	1	37941
75.9	0.25	1	2	37950
75.916	0.25	1	2	37958
75.932	0.25	1	2	37966
75.95	0.25	1	2	37975
75.966	0.25	0	1	37983
75.982	0.25	0	1	37991
76.0	0.25	1	2	38000
76.016	0.25	1	2	38008
76.032	0.25	1	2	38016
76.05	0.25	1	2	38025
76.066	0.25	0	1	38033
76.082	0.25	0	1	38041
76.1	0.25	1	2	38050
76.116	0.25	1	2	38058
76.132	0.25	1	2	38066
76.15	0.25	1	2	38075
76.166	0.25	0	1	38083
76.182	0.25	0	1	38091
76.2	0.25	0	1	38100
76.216	0.25	0	1	38108
76.232	0.25	0	1	38116
76.25	0.25	0	1	38125
76.266	0.25	1	2	38133
76.282	0.25	1	2	38141
76.3	0.25	1	2	38150
76.316	0.25	1	2	38158
76.332	0.25	1	2	38166
76.35	0.25	1	2	38175
76.366	0.25	0	1	38183
76.382	0.25	0	1	38191
76.4	0.25	0	1	38200
76.416	0.25	0	1	38208
76.432	0.25	0	1	38216
76.45	0.25	0	1	38225
76.466	0.25	1	2	38233
76.482	0.25	1	2	38241
76.5	0.25	1	2	38250
76.516	0.25	1	2	38258
76.532	0.25	1	2	38266
76.55	0.25	1	2	38275
76.566	0.25	1	2	38283
76.582	0.25	1	2	38291
76.6	0.25	1	2	38300
76.616	0.25	1	2	38308
76.632	0.25	0	1	38316
76.65	0.25	0	1	38325
76.666	0.25	0	1	38333
76.682	0.25	0	1	38341
76.7	0.25	1	2	38350
76.716	0.25	1	2	38358
76.732	0.25	0	1	38366
76.75	0.25	0	1	38375
76.766	0.25	1	2	38383
76.782	0.25	1	2	38391
76.8	0.25	0	1	38400
76.816	0.25	0	1	38408
76.832	0.25	0	1	38416
76.85	0.25	0	1	38425
76.866	0.25	1	2	38433
76.882	0.25	1	2	38441
76.9	0.25	1	2	38450
76.916	0.25	1	2	38458
76.932	0.25	0	1	38466
76.95	0.25	0	1	38475
76.966	0.25	0	1	38483
76.982	0.25	0	1	38491
77.0	0.25	0	1	38500
77.016	0.25	0	1	38508
77.032	0.25	0	1	38516
77.05	0.25	0	1	38525
77.066	0.25	1	2	38533
77.082	0.25	1	2	38541
77.1	0.25	0	1	38550
77.116	0.25	0	1	38558
77.132	0.25	0	1	38566
77.15	0.25	0	1	38575
77.166	0.25	0	1	38583
77.182	0.25	0	1	38591
77.2	0.25	0	1	38600
77.216	0.25	0	1	38608
77.232	0.25	1	2	38616
77.25	0.25	1	2	38625
77.266	0.25	1	2	38633
77.282	0.25	1	2	38641
77.3	0.25	1	2	38650
77.316	0.25	1	2	38658
77.332	0.25	1	2	38666
77.35	0.25	1	2	38675
77.366	0.25	1	2	38683
77.382	0.25	1	2	38691
77.4	0.25	1	2	38700
77.416	0.25	1	2	38708
77.432	0.25	0	1	38716
77.45	0.25	0	1	38725
77.466	0.25	1	2	38733
77.482	0.25	1	2	38741
77.5	0.25	0	1	38750
77.516	0.25	0	1	38758
77.532	0.25	1	2	38766
77.55	0.25	1	2	38775
77.566	0.25	0	1	38783
77.582	0.25	0	1	38791
77.6	0.25	0	1	38800
77.616	0.25	0	1	38808
77.632	0.25	1	2	38816
77.65	0.25	1	2	38825
77.666	0.25	1	2	38833
77.682	0.25	1	2	38841
77.7	0.25	0	1	38850
77.716	0.25	0	1	38858
77.732	0.25	0	1	38866
81.116	0.25	1	2	40558
81.132	0.25	1	2	40566
81.15	0.25	1	2	40575
81.166	0.25	1	2	40583
81.182	0.25	0	1	40591
81.2	0.25	0	1	40600
81.216	0.25	1	2	40608
81.232	0.25	1	2	40616
81.25	0.25	1	2	40625
81.266	0.25	1	2	40633
81.282	0.25	0	1	40641
81.3	0.25	0	1	40650
81.316	0.25	1	2	40658
81.332	0.25	1	2	40666
81.35	0.25	1	2	40675
81.366	0.25	1	2	40683
81.382	0.25	0	1	40691
81.4	0.25	0	1	40700
81.416	0.25	1	2	40708
81.432	0.25	1	2	40716
81.45	0.25	1	2	40725
81.466	0.25	1	2	40733
81.482	0.25	0	1	40741
81.5	0.25	0	1	40750
81.516	0.25	0	1	40758
81.532	0.25	0	1	40766
81.55	0.25	0	1	40775
81.566	0.25	0	1	40783
81.582	0.25	1	2	40791
81.6	0.25	1	2	40800
81.616	0.25	1	2	40808
81.632	0.25	1	2	40816
81.65	0.25	1	2	40825
81.666	0.25	1	2	40833
81.682	0.25	0	1	40841
81.7	0.25	0	1	40850
81.716	0.25	0	1	40858
81.732	0.25	0	1	40866
81.75	0.25	0	1	40875
81.766	0.25	0	1	40883
81.782	0.25	1	2	40891
81.8	0.25	1	2	40900
81.816	0.25	1	2	40908
81.832	0.25	1	2	40916
81.85	0.25	1	2	40925
81.866	0.25	1	2	40933
81.882	0.25	1	2	40941
81.9	0.25	1	2	40950
81.916	0.25	1	2	40958
81.932	0.25	1	2	40966
81.95	0.25	0	1	40975
81.966	0.25	0	1	40983
81.982	0.25	0	1	40991
82.0	0.25	0	1	41000
82.016	0.25	1	2	41008
82.032	0.25	1	2	41016
82.05	0.25	0	1	41025
82.066	0.25	0	1	41033
82.082	0.25	1	2	41041
82.1	0.25	1	2	41050
82.116	0.25	0	1	41058
82.132	0.25	0	1	41066
82.15	0.25	0	1	41075
82.166	0.25	0	1	41083
82.182	0.25	1	2	41091
82.2	0.25	1	2	41100
82.216	0.25	1	2	41108
82.232	0.25	1	2	41116
82.25	0.25	0	1	41125
82.266	0.25	0	1	41133
82.282	0.25	0	1	41141
82.3	0.25	0	1	41150
82.316	0.25	0	1	41158
82.332	0.25	0	1	41166
82.35	0.25	0	1	41175
82.366	0.25	0	1	41183
82.382	0.25	1	2	41191
82.4	0.25	1	2	41200
82.416	0.25	0	1	41208
82.432	0.25	0	1	41216
82.45	0.25	0	1	41225
82.466	0.25	0	1	41233
82.482	0.25	0	1	41241
82.5	0.25	0	1	41250
82.516	0.25	0	1	41258
82.532	0.25	0	1	41266
82.55	0.25	1	2	41275
82.566	0.25	1	2	41283
82.582	0.25	1	2	41291
82.6	0.25	1	2	41300
82.616	0.25	1	2	41308
82.632	0.25	1	2	41316
82.65	0.25	1	2	41325
82.666	0.25	1	2	41333
82.682	0.25	1	2	41341
82.7	0.25	1	2	41350
82.716	0.25	1	2	41358
82.732	0.25	1	2	41366
82.75	0.25	0	1	41375
82.766	0.25	0	1	41383
82.782	0.25	1	2	41391
82.8	0.25	1	2	41400
82.816	0.25	0	1	41408
82.832	0.25	0	1	41416
82.85	0.25	1	2	41425
82.866	0.25	1	2	41433
82.882	0.25	0	1	41441
82.9	0.25	0	1	41450
82.916	0.25	0	1	41458
82.932	0.25	0	1	41466
82.95	0.25	1	2	41475
82.966	0.25	1	2	41483
82.982	0.25	1	2	41491
83.0	0.25	1	2	41500
83.016	0.25	0	1	41508
83.032	0.25	0	1	41516
83.05	0.25	0	1	41525
84.532	0.25	1	2	42266
84.55	0.25	1	2	42275
84.566	0.25	1	2	42283
84.582	0.25	1	2	42291
84.6	0.25	0	1	42300
84.616	0.25	0	1	42308
84.632	0.25	0	1	42316
84.65	0.25	0	1	42325
84.666	0.25	0	1	42333
84.682	0.25	0	1	42341
84.7	0.25	0	1	42350
84.716	0.25	0	1	42358
84.732	0.25	1	2	42366
84.75	0.25	1	2	42375
84.766	0.25	0	1	42383
84.782	0.25	0	1	42391
84.8	0.25	0	1	42400
84.816	0.25	0	1	42408
84.832	0.25	1	2	42416
84.85	0.25	1	2	42425
84.866	0.25	1	2	42433
84.882	0.25	1	2	42441
84.9	0.25	0	1	42450
84.916	0.25	0	1	42458
84.932	0.25	0	1	42466
84.95	0.25	0	1	42475
84.966	0.25	0	1	42483
84.982	0.25	0	1	42491
85.0	0.25	0	1	42500
85.016	0.25	0	1	42508
85.032	0.25	0	1	42516
85.05	0.25	0	1	42525
85.066	0.25	0	1	42533
85.082	0.25	0	1	42541
85.1	0.25	1	2	42550
85.116	0.25	1	2	42558
85.132	0.25	0	1	42566
85.15	0.25	0	1	42575
85.166	0.25	1	2	42583
85.182	0.25	1	2	42591
85.2	0.25	1	2	42600
85.216	0.25	1	2	42608
85.232	0.25	0	1	42616
85.25	0.25	0	1	42625
85.266	0.25	1	2	42633
85.282	0.25	1	2	42641
85.3	0.25	0	1	42650
85.316	0.25	0	1	42658
85.332	0.25	1	2	42666
85.35	0.25	1	2	42675
85.366	0.25	0	1	42683
85.382	0.25	0	1	42691
85.4	0.25	1	2	42700
85.416	0.25	1	2	42708
85.432	0.25	0	1	42716
85.45	0.25	0	1	42725
85.466	0.25	0	1	42733
85.482	0.25	0	1	42741
85.5	0.25	0	1	42750
85.516	0.25	0	1	42758
85.532	0.25	1	2	42766
85.55	0.25	1	2	42775
85.566	0.25	1	2	42783
85.582	0.25	1	2	42791
85.6	0.25	1	2	42800
85.616	0.25	1	2	42808
85.632	0.25	0	1	42816
85.65	0.25	0	1	42825
85.666	0.25	1	2	42833
85.682	0.25	1	2	42841
85.7	0.25	1	2	42850
85.716	0.25	1	2	42858
85.732	0.25	1	2	42866
85.75	0.25	1	2	42875
85.766	0.25	0	1	42883
85.782	0.25	0	1	42891
85.8	0.25	1	2	42900
85.816	0.25	1	2	42908
85.832	0.25	0	1	42916
85.85	0.25	0	1	42925
85.866	0.25	1	2	42933
85.882	0.25	1	2	42941
85.9	0.25	1	2	42950
85.916	0.25	1	2	42958
85.932	0.25	0	1	42966
85.95	0.25	0	1	42975
85.966	0.25	0	1	42983
85.982	0.25	0	1	42991
86.0	0.25	0	1	43000
86.016	0.25	0	1	43008
86.032	0.25	1	2	43016
86.05	0.25	1	2	43025
86.066	0.25	1	2	43033
86.082	0.25	1	2	43041
86.1	0.25	0	1	43050
86.116	0.25	0	1	43058
86.132	0.25	1	2	43066
86.15	0.25	1	2	43075
86.166	0.25	1	2	43083
86.182	0.25	1	2	43091
86.2	0.25	1	2	43100
86.216	0.25	1	2	43108
86.232	0.25	0	1	43116
86.25	0.25	0	1	43125
86.266	0.25	0	1	43133
86.282	0.25	0	1	43141
86.3	0.25	0	1	43150
86.316	0.25	0	1	43158
86.332	0.25	0	1	43166
86.35	0.25	0	1	43175
86.366	0.25	0	1	43183
86.382	0.25	0	1	43191
86.4	0.25	1	2	43200
86.416	0.25	1	2	43208
86.432	0.25	1	2	43216
86.45	0.25	1	2	43225
86.466	0.25	1	2	43233
87.95	0.25	1	2	43975
87.966	0.25	1	2	43983
87.982	0.25	1	2	43991
88.0	0.25	1	2	44000
88.016	0.25	1	2	44008
88.032	0.25	1	2	44016
88.05	0.25	1	2	44025
88.066	0.25	1	2	44033
88.082	0.25	1	2	44041
88.1	0.25	1	2	44050
88.116	0.25	1	2	44058
88.132	0.25	1	2	44066
88.15	0.25	1	2	44075
88.166	0.25	1	2	44083
88.182	0.25	0	1	44091
88.2	0.25	0	1	44100
88.216	0.25	0	1	44108
88.232	0.25	0	1	44116
88.25	0.25	1	2	44125
88.266	0.25	1	2	44133
88.282	0.25	1	2	44141
88.3	0.25	1	2	44150
88.316	0.25	0	1	44158
88.332	0.25	0	1	44166
88.35	0.25	0	1	44175
88.366	0.25	0	1	44183
88.382	0.25	1	2	44191
88.4	0.25	1	2	44200
88.416	0.25	1	2	44208
88.432	0.25	1	2	44216
88.45	0.25	0	1	44225
88.466	0.25	0	1	44233
88.482	0.25	0	1	44241
88.5	0.25	0	1	44250
88.516	0.25	1	2	44258
88.532	0.25	1	2	44266
88.55	0.25	0	1	44275
88.566	0.25	0	1	44283
88.582	0.25	1	2	44291
88.6	0.25	1	2	44300
88.616	0.25	1	2	44308
88.632	0.25	1	2	44316
88.65	0.25	0	1	44325
88.666	0.25	0	1	44333
88.682	0.25	1	2	44341
88.7	0.25	1	2	44350
88.716	0.25	0	1	44358
88.732	0.25	0	1	44366
88.75	0.25	0	1	44375
88.766	0.25	0	1	44383
88.782	0.25	1	2	44391
88.8	0.25	1	2	44400
88.816	0.25	0	1	44408
88.832	0.25	0	1	44416
88.85	0.25	1	2	44425
88.866	0.25	1	2	44433
88.882	0.25	1	2	44441
88.9	0.25	1	2	44450
88.916	0.25	1	2	44458
88.932	0.25	1	2	44466
88.95	0.25	0	1	44475
88.966	0.25	0	1	44483
88.982	0.25	0	1	44491
89.0	0.25	0	1	44500
89.016	0.25	0	1	44508
89.032	0.25	0	1	44516
89.05	0.25	1	2	44525
89.066	0.25	1	2	44533
89.082	0.25	0	1	44541
89.1	0.25	0	1	44550
89.116	0.25	1	2	44558
89.132	0.25	1	2	44566
89.15	0.25	1	2	44575
89.166	0.25	1	2	44583
89.182	0.25	1	2	44591
89.2	0.25	1	2	44600
89.216	0.25	0	1	44608
89.232	0.25	0	1	44616
89.25	0.25	0	1	44625
89.266	0.25	0	1	44633
89.282	0.25	1	2	44641
89.3	0.25	1	2	44650
89.316	0.25	0	1	44658
89.332	0.25	0	1	44666
89.35	0.25	1	2	44675
89.366	0.25	1	2	44683
89.382	0.25	0	1	44691
89.4	0.25	0	1	44700
89.416	0.25	0	1	44708
89.432	0.25	0	1	44716
89.45	0.25	0	1	44725
89.466	0.25	0	1	44733
89.482	0.25	1	2	44741
89.5	0.25	1	2	44750
89.516	0.25	1	2	44758
89.532	0.25	1	2	44766
89.55	0.25	0	1	44775
89.566	0.25	0	1	44783
89.582	0.25	1	2	44791
89.6	0.25	1	2	44800
89.616	0.25	0	1	44808
89.632	0.25	0	1	44816
89.65	0.25	0	1	44825
89.666	0.25	0	1	44833
89.682	0.25	0	1	44841
89.7	0.25	0	1	44850
89.716	0.25	1	2	44858
89.732	0.25	1	2	44866
89.75	0.25	0	1	44875
89.766	0.25	0	1	44883
89.782	0.25	1	2	44891
89.8	0.25	1	2	44900
89.816	0.25	0	1	44908
89.832	0.25	0	1	44916
89.85	0.25	0	1	44925
89.866	0.25	0	1	44933
89.882	0.25	1	2	44941
91.366	0.25	0	1	45683
91.382	0.25	0	1	45691
91.4	0.25	0	1	45700
91.416	0.25	0	1	45708
91.432	0.25	1	2	45716
91.45	0.25	1	2	45725
91.466	0.25	1	2	45733
91.482	0.25	1	2	45741
91.5	0.25	0	1	45750
91.516	0.25	0	1	45758
91.532	0.25	0	1	45766
91.55	0.25	0	1	45775
91.566	0.25	0	1	45783
91.582	0.25	0	1	45791
91.6	0.25	0	1	45800
91.616	0.25	0	1	45808
91.632	0.25	1	2	45816
91.65	0.25	1	2	45825
91.666	0.25	1	2	45833
91.682	0.25	1	2	45841
91.7	0.25	1	2	45850
91.716	0.25	1	2	45858
91.732	0.25	1	2	45866
91.75	0.25	1	2	45875
91.766	0.25	1	2	45883
91.782	0.25	1	2	45891
91.8	0.25	0	1	45900
91.816	0.25	0	1	45908
91.832	0.25	0	1	45916
91.85	0.25	0	1	45925
91.866	0.25	0	1	45933
91.882	0.25	0	1	45941
91.9	0.25	0	1	45950
91.916	0.25	0	1	45958
91.932	0.25	0	1	45966
91.95	0.25	0	1	45975
91.966	0.25	0	1	45983
91.982	0.25	0	1	45991
92.0	0.25	1	2	46000
92.016	0.25	1	2	46008
92.032	0.25	1	2	46016
92.05	0.25	1	2	46025
92.066	0.25	0	1	46033
92.082	0.25	0	1	46041
92.1	0.25	0	1	46050
92.116	0.25	0	1	46058
92.132	0.25	1	2	46066
92.15	0.25	1	2	46075
92.166	0.25	0	1	46083
92.182	0.25	0	1	46091
92.2	0.25	1	2	46100
92.216	0.25	1	2	46108
92.232	0.25	0	1	46116
92.25	0.25	0	1	46125
92.266	0.25	1	2	46133
92.282	0.25	1	2	46141
92.3	0.25	0	1	46150
92.316	0.25	0	1	46158
92.332	0.25	1	2	46166
92.35	0.25	1	2	46175
92.366	0.25	1	2	46183
92.382	0.25	1	2	46191
92.4	0.25	0	1	46200
92.416	0.25	0	1	46208
92.432	0.25	1	2	46216
92.45	0.25	1	2	46225
92.466	0.25	0	1	46233
92.482	0.25	0	1	46241
92.5	0.25	0	1	46250
92.516	0.25	0	1	46258
92.532	0.25	0	1	46266
92.55	0.25	0	1	46275
92.566	0.25	1	2	46283
92.582	0.25	1	2	46291
92.6	0.25	0	1	46300
92.616	0.25	0	1	46308
92.632	0.25	0	1	46316
92.65	0.25	0	1	46325
92.666	0.25	0	1	46333
92.682	0.25	0	1	46341
92.7	0.25	1	2	46350
92.716	0.25	1	2	46358
92.732	0.25	1	2	46366
92.75	0.25	1	2	46375
92.766	0.25	1	2	46383
92.782	0.25	1	2	46391
92.8	0.25	0	1	46400
92.816	0.25	0	1	46408
92.832	0.25	1	2	46416
92.85	0.25	1	2	46425
92.866	0.25	0	1	46433
92.882	0.25	0	1	46441
92.9	0.25	1	2	46450
92.916	0.25	1	2	46458
92.932	0.25	1	2	46466
92.95	0.25	1	2	46475
92.966	0.25	1	2	46483
92.982	0.25	1	2	46491
93.0	0.25	1	2	46500
93.016	0.25	1	2	46508
93.032	0.25	1	2	46516
93.05	0.25	1	2	46525
93.066	0.25	0	1	46533
93.082	0.25	0	1	46541
93.1	0.25	0	1	46550
93.116	0.25	0	1	46558
93.132	0.25	1	2	46566
93.15	0.25	1	2	46575
93.166	0.25	0	1	46583
93.182	0.25	0	1	46591
93.2	0.25	0	1	46600
93.216	0.25	0	1	46608
93.232	0.25	0	1	46616
93.25	0.25	0	1	46625
93.266	0.25	1	2	46633
93.282	0.25	1	2	46641
93.3	0.25	1	2	46650
96.382	0.25	0	1	48191
96.4	0.25	0	1	48200
96.416	0.25	0	1	48208
96.432	0.25	0	1	48216
96.45	0.25	1	2	48225
96.466	0.25	1	2	48233
96.482	0.25	1	2	48241
96.5	0.25	1	2	48250
96.516	0.25	0	1	48258
96.532	0.25	0	1	48266
96.55	0.25	0	1	48275
96.566	0.25	0	1	48283
96.582	0.25	0	1	48291
96.6	0.25	0	1	48300
96.616	0.25	0	1	48308
96.632	0.25	0	1	48316
96.65	0.25	1	2	48325
96.666	0.25	1	2	48333
96.682	0.25	1	2	48341
96.7	0.25	1	2	48350
96.716	0.25	1	2	48358
96.732	0.25	1	2	48366
96.75	0.25	1	2	48375
96.766	0.25	1	2	48383
96.782	0.25	1	2	48391
96.8	0.25	1	2	48400
96.816	0.25	0	1	48408
96.832	0.25	0	1	48416
96.85	0.25	0	1	48425
96.866	0.25	0	1	48433
96.882	0.25	0	1	48441
96.9	0.25	0	1	48450
96.916	0.25	0	1	48458
96.932	0.25	0	1	48466
96.95	0.25	0	1	48475
96.966	0.25	0	1	48483
96.982	0.25	0	1	48491
97.0	0.25	0	1	48500
97.016	0.25	1	2	48508
97.032	0.25	1	2	48516
97.05	0.25	1	2	48525
97.066	0.25	1	2	48533
97.082	0.25	0	1	48541
97.1	0.25	0	1	48550
97.116	0.25	0	1	48558
97.132	0.25	0	1	48566
97.15	0.25	1	2	48575
97.166	0.25	1	2	48583
97.182	0.25	0	1	48591
97.2	0.25	0	1	48600
97.216	0.25	1	2	48608
97.232	0.25	1	2	48616
97.25	0.25	0	1	48625
97.266	0.25	0	1	48633
97.282	0.25	1	2	48641
97.3	0.25	1	2	48650
97.316	0.25	0	1	48658
97.332	0.25	0	1	48666
97.35	0.25	1	2	48675
97.366	0.25	1	2	48683
97.382	0.25	1	2	48691
97.4	0.25	1	2	48700
97.416	0.25	0	1	48708
97.432	0.25	0	1	48716
97.45	0.25	1	2	48725
97.466	0.25	1	2	48733
97.482	0.25	0	1	48741
97.5	0.25	0	1	48750
97.516	0.25	0	1	48758
97.532	0.25	0	1	48766
97.55	0.25	0	1	48775
97.566	0.25	0	1	48783
97.582	0.25	1	2	48791
97.6	0.25	1	2	48800
97.616	0.25	0	1	48808
97.632	0.25	0	1	48816
97.65	0.25	0	1	48825
97.666	0.25	0	1	48833
97.682	0.25	0	1	48841
97.7	0.25	0	1	48850
97.716	0.25	1	2	48858
97.732	0.25	1	2	48866
97.75	0.25	1	2	48875
97.766	0.25	1	2	48883
97.782	0.25	1	2	48891
97.8	0.25	1	2	48900
97.816	0.25	0	1	48908
97.832	0.25	0	1	48916
97.85	0.25	1	2	48925
97.866	0.25	1	2	48933
97.882	0.25	0	1	48941
97.9	0.25	0	1	48950
97.916	0.25	1	2	48958
97.932	0.25	1	2	48966
97.95	0.25	1	2	48975
97.966	0.25	1	2	48983
97.982	0.25	1	2	48991
98.0	0.25	1	2	49000
98.016	0.25	1	2	49008
98.032	0.25	1	2	49016
98.05	0.25	1	2	49025
98.066	0.25	1	2	49033
98.082	0.25	0	1	49041
98.1	0.25	0	1	49050
98.116	0.25	0	1	49058
98.132	0.25	0	1	49066
98.15	0.25	1	2	49075
98.166	0.25	1	2	49083
98.182	0.25	0	1	49091
98.2	0.25	0	1	49100
98.216	0.25	0	1	49108
98.232	0.25	0	1	49116
98.25	0.25	0	1	49125
98.266	0.25	0	1	49133
98.282	0.25	1	2	49141
98.3	0.25	1	2	49150
98.316	0.25	1	2	49158
99.8	0.25	1	2	49900
99.816	0.25	1	2	49908
99.832	0.25	1	2	49916
99.85	0.25	1	2	49925
99.866	0.25	0	1	49933
99.882	0.25	0	1	49941
99.9	0.25	1	2	49950
99.916	0.25	1	2	49958
99.932	0.25	1	2	49966
99.95	0.25	1	2	49975
99.966	0.25	0	1	49983
99.982	0.25	0	1	49991
100.0	0.25	1	2	50000
100.016	0.25	1	2	50008
100.032	0.25	1	2	50016
100.05	0.25	1	2	50025
100.066	0.25	0	1	50033
100.082	0.25	0	1	50041
100.1	0.25	1	2	50050
100.116	0.25	1	2	50058
100.132	0.25	1	2	50066
100.15	0.25	1	2	50075
100.166	0.25	0	1	50083
100.182	0.25	0	1	50091
100.2	0.25	0	1	50100
100.216	0.25	0	1	50108
100.232	0.25	0	1	50116
100.25	0.25	0	1	50125
100.266	0.25	1	2	50133
100.282	0.25	1	2	50141
100.3	0.25	1	2	50150
100.316	0.25	1	2	50158
100.332	0.25	1	2	50166
100.35	0.25	1	2	50175
100.366	0.25	0	1	50183
100.382	0.25	0	1	50191
100.4	0.25	0	1	50200
100.416	0.25	0	1	50208
100.432	0.25	0	1	50216
100.45	0.25	0	1	50225
100.466	0.25	1	2	50233
100.482	0.25	1	2	50241
100.5	0.25	1	2	50250
100.516	0.25	1	2	50258
100.532	0.25	1	2	50266
100.55	0.25	1	2	50275
100.566	0.25	1	2	50283
100.582	0.25	1	2	50291
100.6	0.25	1	2	50300
100.616	0.25	1	2	50308
100.632	0.25	0	1	50316
100.65	0.25	0	1	50325
100.666	0.25	0	1	50333
100.682	0.25	0	1	50341
100.7	0.25	1	2	50350
100.716	0.25	1	2	50358
100.732	0.25	0	1	50366
100.75	0.25	0	1	50375
100.766	0.25	1	2	50383
100.782	0.25	1	2	50391
100.8	0.25	0	1	50400
100.816	0.25	0	1	50408
100.832	0.25	0	1	50416
100.85	0.25	0	1	50425
100.866	0.25	1	2	50433
100.882	0.25	1	2	50441
100.9	0.25	1	2	50450
100.916	0.25	1	2	50458
100.932	0.25	0	1	50466
100.95	0.25	0	1	50475
100.966	0.25	0	1	50483
100.982	0.25	0	1	50491
101.0	0.25	0	1	50500
101.016	0.25	0	1	50508
101.032	0.25	0	1	50516
101.05	0.25	0	1	50525
101.066	0.25	1	2	50533
101.082	0.25	1	2	50541
101.1	0.25	0	1	50550
101.116	0.25	0	1	50558
101.132	0.25	0	1	50566
101.15	0.25	0	1	50575
101.166	0.25	0	1	50583
101.182	0.25	0	1	50591
101.2	0.25	0	1	50600
101.216	0.25	0	1	50608
101.232	0.25	1	2	50616
101.25	0.25	1	2	50625
101.266	0.25	1	2	50633
101.282	0.25	1	2	50641
101.3	0.25	1	2	50650
101.316	0.25	1	2	50658
101.332	0.25	1	2	50666
101.35	0.25	1	2	50675
101.366	0.25	1	2	50683
101.382	0.25	1	2	50691
101.4	0.25	1	2	50700
101.416	0.25	1	2	50708
101.432	0.25	0	1	50716
101.45	0.25	0	1	50725
101.466	0.25	1	2	50733
101.482	0.25	1	2	50741
101.5	0.25	0	1	50750
101.516	0.25	0	1	50758
101.532	0.25	1	2	50766
101.55	0.25	1	2	50775
101.566	0.25	0	1	50783
101.582	0.25	0	1	50791
101.6	0.25	0	1	50800
101.616	0.25	0	1	50808
101.632	0.25	1	2	50816
101.65	0.25	1	2	50825
101.666	0.25	1	2	50833
101.682	0.25	1	2	50841
101.7	0.25	0	1	50850
101.716	0.25	0	1	50858
101.732	0.25	0	1	50866
103.216	0.25	1	2	51608
103.232	0.25	1	2	51616
103.25	0.25	1	2	51625
103.266	0.25	1	2	51633
103.282	0.25	1	2	51641
103.3	0.25	1	2	51650
103.316	0.25	1	2	51658
103.332	0.25	1	2	51666
103.35	0.25	1	2	51675
103.366	0.25	1	2	51683
103.382	0.25	1	2	51691
103.4	0.25	1	2	51700
103.416	0.25	1	2	51708
103.432	0.25	1	2	51716
103.45	0.25	0	1	51725
103.466	0.25	0	1	51733
103.482	0.25	0	1	51741
103.5	0.25	0	1	51750
103.516	0.25	1	2	51758
103.532	0.25	1	2	51766
103.55	0.25	1	2	51775
103.566	0.25	1	2	51783
103.582	0.25	0	1	51791
103.6	0.25	0	1	51800
103.616	0.25	0	1	51808
103.632	0.25	0	1	51816
103.65	0.25	1	2	51825
103.666	0.25	1	2	51833
103.682	0.25	1	2	51841
103.7	0.25	1	2	51850
103.716	0.25	0	1	51858
103.732	0.25	0	1	51866
103.75	0.25	0	1	51875
103.766	0.25	0	1	51883
103.782	0.25	1	2	51891
103.8	0.25	1	2	51900
103.816	0.25	0	1	51908
103.832	0.25	0	1	51916
103.85	0.25	1	2	51925
103.866	0.25	1	2	51933
103.882	0.25	1	2	51941
103.9	0.25	1	2	51950
103.916	0.25	0	1	51958
103.932	0.25	0	1	51966
103.95	0.25	1	2	51975
103.966	0.25	1	2	51983
103.982	0.25	0	1	51991
104.0	0.25	0	1	52000
104.016	0.25	0	1	52008
104.032	0.25	0	1	52016
104.05	0.25	1	2	52025
104.066	0.25	1	2	52033
104.082	0.25	0	1	52041
104.1	0.25	0	1	52050
104.116	0.25	1	2	52058
104.132	0.25	1	2	52066
104.15	0.25	1	2	52075
104.166	0.25	1	2	52083
104.182	0.25	1	2	52091
104.2	0.25	1	2	52100
104.216	0.25	0	1	52108
104.232	0.25	0	1	52116
104.25	0.25	0	1	52125
104.266	0.25	0	1	52133
104.282	0.25	0	1	52141
104.3	0.25	0	1	52150
104.316	0.25	1	2	52158
104.332	0.25	1	2	52166
104.35	0.25	0	1	52175
104.366	0.25	0	1	52183
104.382	0.25	1	2	52191
104.4	0.25	1	2	52200
104.416	0.25	1	2	52208
104.432	0.25	1	2	52216
104.45	0.25	1	2	52225
104.466	0.25	1	2	52233
104.482	0.25	0	1	52241
104.5	0.25	0	1	52250
104.516	0.25	0	1	52258
104.532	0.25	0	1	52266
104.55	0.25	1	2	52275
104.566	0.25	1	2	52283
104.582	0.25	0	1	52291
104.6	0.25	0	1	52300
104.616	0.25	1	2	52308
104.632	0.25	1	2	52316
104.65	0.25	0	1	52325
104.666	0.25	0	1	52333
104.682	0.25	0	1	52341
104.7	0.25	0	1	52350
104.716	0.25	0	1	52358
104.732	0.25	0	1	52366
104.75	0.25	1	2	52375
104.766	0.25	1	2	52383
104.782	0.25	1	2	52391
104.8	0.25	1	2	52400
104.816	0.25	0	1	52408
104.832	0.25	0	1	52416
104.85	0.25	1	2	52425
104.866	0.25	1	2	52433
104.882	0.25	0	1	52441
104.9	0.25	0	1	52450
104.916	0.25	0	1	52458
104.932	0.25	0	1	52466
104.95	0.25	0	1	52475
104.966	0.25	0	1	52483
104.982	0.25	1	2	52491
105.0	0.25	1	2	52500
105.016	0.25	0	1	52508
105.032	0.25	0	1	52516
105.05	0.25	1	2	52525
105.066	0.25	1	2	52533
105.082	0.25	0	1	52541
105.1	0.25	0	1	52550
105.116	0.25	0	1	52558
105.132	0.25	0	1	52566
105.15	0.25	1	2	52575
106.632	0.25	1	2	53316
106.65	0.25	1	2	53325
106.666	0.25	1	2	53333
106.682	0.25	1	2	53341
106.7	0.25	0	1	53350
106.716	0.25	0	1	53358
106.732	0.25	0	1	53366
106.75	0.25	0	1	53375
106.766	0.25	0	1	53383
106.782	0.25	0	1	53391
106.8	0.25	0	1	53400
106.816	0.25	0	1	53408
106.832	0.25	1	2	53416
106.85	0.25	1	2	53425
106.866	0.25	0	1	53433
106.882	0.25	0	1	53441
106.9	0.25	0	1	53450
106.916	0.25	0	1	53458
106.932	0.25	1	2	53466
106.95	0.25	1	2	53475
106.966	0.25	1	2	53483
106.982	0.25	1	2	53491
107.0	0.25	0	1	53500
107.016	0.25	0	1	53508
107.032	0.25	0	1	53516
107.05	0.25	0	1	53525
107.066	0.25	0	1	53533
107.082	0.25	0	1	53541
107.1	0.25	0	1	53550
107.116	0.25	0	1	53558
107.132	0.25	0	1	53566
107.15	0.25	0	1	53575
107.166	0.25	0	1	53583
107.182	0.25	0	1	53591
107.2	0.25	1	2	53600
107.216	0.25	1	2	53608
107.232	0.25	0	1	53616
107.25	0.25	0	1	53625
107.266	0.25	1	2	53633
107.282	0.25	1	2	53641
107.3	0.25	1	2	53650
107.316	0.25	1	2	53658
107.332	0.25	0	1	53666
107.35	0.25	0	1	53675
107.366	0.25	1	2	53683
107.382	0.25	1	2	53691
107.4	0.25	0	1	53700
107.416	0.25	0	1	53708
107.432	0.25	1	2	53716
107.45	0.25	1	2	53725
107.466	0.25	0	1	53733
107.482	0.25	0	1	53741
107.5	0.25	1	2	53750
107.516	0.25	1	2	53758
107.532	0.25	0	1	53766
107.55	0.25	0	1	53775
107.566	0.25	0	1	53783
107.582	0.25	0	1	53791
107.6	0.25	0	1	53800
107.616	0.25	0	1	53808
107.632	0.25	1	2	53816
107.65	0.25	1	2	53825
107.666	0.25	1	2	53833
107.682	0.25	1	2	53841
107.7	0.25	1	2	53850
107.716	0.25	1	2	53858
107.732	0.25	0	1	53866
107.75	0.25	0	1	53875
107.766	0.25	1	2	53883
107.782	0.25	1	2	53891
107.8	0.25	1	2	53900
107.816	0.25	1	2	53908
107.832	0.25	1	2	53916
107.85	0.25	1	2	53925
107.866	0.25	0	1	53933
107.882	0.25	0	1	53941
107.9	0.25	1	2	53950
107.916	0.25	1	2	53958
107.932	0.25	0	1	53966
107.95	0.25	0	1	53975
107.966	0.25	1	2	53983
107.982	0.25	1	2	53991
108.0	0.25	1	2	54000
108.016	0.25	1	2	54008
108.032	0.25	0	1	54016
108.05	0.25	0	1	54025
108.066	0.25	0	1	54033
108.082	0.25	0	1	54041
108.1	0.25	0	1	54050
108.116	0.25	0	1	54058
108.132	0.25	1	2	54066
108.15	0.25	1	2	54075
108.166	0.25	1	2	54083
108.182	0.25	1	2	54091
108.2	0.25	0	1	54100
108.216	0.25	0	1	54108
108.232	0.25	1	2	54116
108.25	0.25	1	2	54125
108.266	0.25	1	2	54133
108.282	0.25	1	2	54141
108.3	0.25	1	2	54150
108.316	0.25	1	2	54158
108.332	0.25	0	1	54166
108.35	0.25	0	1	54175
108.366	0.25	0	1	54183
108.382	0.25	0	1	54191
108.4	0.25	0	1	54200
108.416	0.25	0	1	54208
108.432	0.25	0	1	54216
108.45	0.25	0	1	54225
108.466	0.25	0	1	54233
108.482	0.25	0	1	54241
108.5	0.25	1	2	54250
108.516	0.25	1	2	54258
108.532	0.25	1	2	54266
108.55	0.25	1	2	54275
108.566	0.25	1	2	54283
111.816	0.25	0	1	55908
111.832	0.25	0	1	55916
111.85	0.25	0	1	55925
111.866	0.25	0	1	55933
111.882	0.25	1	2	55941
111.9	0.25	1	2	55950
111.916	0.25	1	2	55958
111.932	0.25	1	2	55966
111.95	0.25	0	1	55975
111.966	0.25	0	1	55983
111.982	0.25	0	1	55991
112.0	0.25	0	1	56000
112.016	0.25	0	1	56008
112.032	0.25	0	1	56016
112.05	0.25	0	1	56025
112.066	0.25	0	1	56033
112.082	0.25	1	2	56041
112.1	0.25	1	2	56050
112.116	0.25	1	2	56058
112.132	0.25	1	2	56066
112.15	0.25	1	2	56075
112.166	0.25	1	2	56083
112.182	0.25	1	2	56091
112.2	0.25	1	2	56100
112.216	0.25	1	2	56108
112.232	0.25	1	2	56116
112.25	0.25	0	1	56125
112.266	0.25	0	1	56133
112.282	0.25	0	1	56141
112.3	0.25	0	1	56150
112.316	0.25	0	1	56158
112.332	0.25	0	1	56166
112.35	0.25	0	1	56175
112.366	0.25	0	1	56183
112.382	0.25	0	1	56191
112.4	0.25	0	1	56200
112.416	0.25	0	1	56208
112.432	0.25	0	1	56216
112.45	0.25	1	2	56225
112.466	0.25	1	2	56233
112.482	0.25	1	2	56241
112.5	0.25	1	2	56250
112.516	0.25	0	1	56258
112.532	0.25	0	1	56266
112.55	0.25	0	1	56275
112.566	0.25	0	1	56283
112.582	0.25	1	2	56291
112.6	0.25	1	2	56300
112.616	0.25	0	1	56308
112.632	0.25	0	1	56316
112.65	0.25	1	2	56325
112.666	0.25	1	2	56333
112.682	0.25	0	1	56341
112.7	0.25	0	1	56350
112.716	0.25	1	2	56358
112.732	0.25	1	2	56366
112.75	0.25	0	1	56375
112.766	0.25	0	1	56383
112.782	0.25	1	2	56391
112.8	0.25	1	2	56400
112.816	0.25	1	2	56408
112.832	0.25	1	2	56416
112.85	0.25	0	1	56425
112.866	0.25	0	1	56433
112.882	0.25	1	2	56441
112.9	0.25	1	2	56450
112.916	0.25	0	1	56458
112.932	0.25	0	1	56466
112.95	0.25	0	1	56475
112.966	0.25	0	1	56483
112.982	0.25	0	1	56491
113.0	0.25	0	1	56500
113.016	0.25	1	2	56508
113.032	0.25	1	2	56516
113.05	0.25	0	1	56525
113.066	0.25	0	1	56533
113.082	0.25	0	1	56541
113.1	0.25	0	1	56550
113.116	0.25	0	1	56558
113.132	0.25	0	1	56566
113.15	0.25	1	2	56575
113.166	0.25	1	2	56583
113.182	0.25	1	2	56591
113.2	0.25	1	2	56600
113.216	0.25	1	2	56608
113.232	0.25	1	2	56616
113.25	0.25	0	1	56625
113.266	0.25	0	1	56633
113.282	0.25	1	2	56641
113.3	0.25	1	2	56650
113.316	0.25	0	1	56658
113.332	0.25	0	1	56666
113.35	0.25	1	2	56675
113.366	0.25	1	2	56683
113.382	0.25	1	2	56691
113.4	0.25	1	2	56700
113.416	0.25	1	2	56708
113.432	0.25	1	2	56716
113.45	0.25	1	2	56725
113.466	0.25	1	2	56733
113.482	0.25	1	2	56741
113.5	0.25	1	2	56750
113.516	0.25	0	1	56758
113.532	0.25	0	1	56766
113.55	0.25	0	1	56775
113.566	0.25	0	1	56783
113.582	0.25	1	2	56791
113.6	0.25	1	2	56800
113.616	0.25	0	1	56808
113.632	0.25	0	1	56816
113.65	0.25	0	1	56825
113.666	0.25	0	1	56833
113.682	0.25	0	1	56841
113.7	0.25	0	1	56850
113.716	0.25	1	2	56858
113.732	0.25	1	2	56866
113.75	0.25	1	2	56875
115.232	0.25	1	2	57616
115.25	0.25	1	2	57625
115.266	0.25	1	2	57633
115.282	0.25	1	2	57641
115.3	0.25	1	2	57650
115.316	0.25	1	2	57658
115.332	0.25	1	2	57666
115.35	0.25	1	2	57675
115.366	0.25	1	2	57683
115.382	0.25	1	2	57691
115.4	0.25	1	2	57700
115.416	0.25	1	2	57708
115.432	0.25	1	2	57716
115.45	0.25	1	2	57725
115.466	0.25	0	1	57733
115.482	0.25	0	1	57741
115.5	0.25	0	1	57750
115.516	0.25	0	1	57758
115.532	0.25	1	2	57766
115.55	0.25	1	2	57775
115.566	0.25	1	2	57783
115.582	0.25	1	2	57791
115.6	0.25	0	1	57800
115.616	0.25	0	1	57808
115.632	0.25	0	1	57816
115.65	0.25	0	1	57825
115.666	0.25	1	2	57833
115.682	0.25	1	2	57841
115.7	0.25	1	2	57850
115.716	0.25	1	2	57858
115.732	0.25	0	1	57866
115.75	0.25	0	1	57875
115.766	0.25	0	1	57883
115.782	0.25	0	1	57891
115.8	0.25	1	2	57900
115.816	0.25	1	2	57908
115.832	0.25	0	1	57916
115.85	0.25	0	1	57925
115.866	0.25	1	2	57933
115.882	0.25	1	2	57941
115.9	0.25	1	2	57950
115.916	0.25	1	2	57958
115.932	0.25	0	1	57966
115.95	0.25	0	1	57975
115.966	0.25	1	2	57983
115.982	0.25	1	2	57991
116.0	0.25	0	1	58000
116.016	0.25	0	1	58008
116.032	0.25	0	1	58016
116.05	0.25	0	1	58025
116.066	0.25	1	2	58033
116.082	0.25	1	2	58041
116.1	0.25	0	1	58050
116.116	0.25	0	1	58058
116.132	0.25	1	2	58066
116.15	0.25	1	2	58075
116.166	0.25	1	2	58083
116.182	0.25	1	2	58091
116.2	0.25	1	2	58100
116.216	0.25	1	2	58108
116.232	0.25	0	1	58116
116.25	0.25	0	1	58125
116.266	0.25	0	1	58133
116.282	0.25	0	1	58141
116.3	0.25	0	1	58150
116.316	0.25	0	1	58158
116.332	0.25	1	2	58166
116.35	0.25	1	2	58175
116.366	0.25	0	1	58183
116.382	0.25	0	1	58191
116.4	0.25	1	2	58200
116.416	0.25	1	2	58208
116.432	0.25	1	2	58216
116.45	0.25	1	2	58225
116.466	0.25	1	2	58233
116.482	0.25	1	2	58241
116.5	0.25	0	1	58250
116.516	0.25	0	1	58258
116.532	0.25	0	1	58266
116.55	0.25	0	1	58275
116.566	0.25	1	2	58283
116.582	0.25	1	2	58291
116.6	0.25	0	1	58300
116.616	0.25	0	1	58308
116.632	0.25	1	2	58316
116.65	0.25	1	2	58325
116.666	0.25	0	1	58333
116.682	0.25	0	1	58341
116.7	0.25	0	1	58350
116.716	0.25	0	1	58358
116.732	0.25	0	1	58366
116.75	0.25	0	1	58375
116.766	0.25	1	2	58383
116.782	0.25	1	2	58391
116.8	0.25	1	2	58400
116.816	0.25	1	2	58408
116.832	0.25	0	1	58416
116.85	0.25	0	1	58425
116.866	0.25	1	2	58433
116.882	0.25	1	2	58441
116.9	0.25	0	1	58450
116.916	0.25	0	1	58458
116.932	0.25	0	1	58466
116.95	0.25	0	1	58475
116.966	0.25	0	1	58483
116.982	0.25	0	1	58491
117.0	0.25	1	2	58500
117.016	0.25	1	2	58508
117.032	0.25	0	1	58516
117.05	0.25	0	1	58525
117.066	0.25	1	2	58533
117.082	0.25	1	2	58541
117.1	0.25	0	1	58550
117.116	0.25	0	1	58558
117.132	0.25	0	1	58566
117.15	0.25	0	1	58575
117.166	0.25	1	2	58583
118.65	0.25	1	2	59325
118.666	0.25	1	2	59333
118.682	0.25	1	2	59341
118.7	0.25	1	2	59350
118.716	0.25	0	1	59358
118.732	0.25	0	1	59366
118.75	0.25	1	2	59375
118.766	0.25	1	2	59383
118.782	0.25	1	2	59391
118.8	0.25	1	2	59400
118.816	0.25	0	1	59408
118.832	0.25	0	1	59416
118.85	0.25	1	2	59425
118.866	0.25	1	2	59433
118.882	0.25	1	2	59441
118.9	0.25	1	2	59450
118.916	0.25	0	1	59458
118.932	0.25	0	1	59466
118.95	0.25	1	2	59475
118.966	0.25	1	2	59483
118.982	0.25	1	2	59491
119.0	0.25	1	2	59500
119.016	0.25	0	1	59508
119.032	0.25	0	1	59516
119.05	0.25	0	1	59525
119.066	0.25	0	1	59533
119.082	0.25	0	1	59541
119.1	0.25	0	1	59550
119.116	0.25	1	2	59558
119.132	0.25	1	2	59566
119.15	0.25	1	2	59575
119.166	0.25	1	2	59583
119.182	0.25	1	2	59591
119.2	0.25	1	2	59600
119.216	0.25	0	1	59608
119.232	0.25	0	1	59616
119.25	0.25	0	1	59625
119.266	0.25	0	1	59633
119.282	0.25	0	1	59641
119.3	0.25	0	1	59650
119.316	0.25	1	2	59658
119.332	0.25	1	2	59666
119.35	0.25	1	2	59675
119.366	0.25	1	2	59683
119.382	0.25	1	2	59691
119.4	0.25	1	2	59700
119.416	0.25	1	2	59708
119.432	0.25	1	2	59716
119.45	0.25	1	2	59725
119.466	0.25	1	2	59733
119.482	0.25	0	1	59741
119.5	0.25	0	1	59750
119.516	0.25	0	1	59758
119.532	0.25	0	1	59766
119.55	0.25	1	2	59775
119.566	0.25	1	2	59783
119.582	0.25	0	1	59791
119.6	0.25	0	1	59800
119.616	0.25	1	2	59808
119.632	0.25	1	2	59816
119.65	0.25	0	1	59825
119.666	0.25	0	1	59833
119.682	0.25	0	1	59841
119.7	0.25	0	1	59850
119.716	0.25	1	2	59858
119.732	0.25	1	2	59866
119.75	0.25	1	2	59875
119.766	0.25	1	2	59883
119.782	0.25	0	1	59891
119.8	0.25	0	1	59900
119.816	0.25	0	1	59908
119.832	0.25	0	1	59916
119.85	0.25	0	1	59925
119.866	0.25	0	1	59933
119.882	0.25	0	1	59941
119.9	0.25	0	1	59950
119.916	0.25	1	2	59958
119.932	0.25	1	2	59966
119.95	0.25	0	1	59975
119.966	0.25	0	1	59983
119.982	0.25	0	1	59991
120.0	0.25	0	1	60000
120.016	0.25	0	1	60008
120.032	0.25	0	1	60016
120.05	0.25	0	1	60025
120.066	0.25	0	1	60033
120.082	0.25	1	2	60041
120.1	0.25	1	2	60050
120.116	0.25	1	2	60058
120.132	0.25	1	2	60066
120.15	0.25	1	2	60075
120.166	0.25	1	2	60083
120.182	0.25	1	2	60091
120.2	0.25	1	2	60100
120.216	0.25	1	2	60108
120.232	0.25	1	2	60116
120.25	0.25	1	2	60125
120.266	0.25	1	2	60133
120.282	0.25	0	1	60141
120.3	0.25	0	1	60150
120.316	0.25	1	2	60158
120.332	0.25	1	2	60166
120.35	0.25	0	1	60175
120.366	0.25	0	1	60183
120.382	0.25	1	2	60191
120.4	0.25	1	2	60200
120.416	0.25	0	1	60208
120.432	0.25	0	1	60216
120.45	0.25	0	1	60225
120.466	0.25	0	1	60233
120.482	0.25	1	2	60241
120.5	0.25	1	2	60250
120.516	0.25	1	2	60258
120.532	0.25	1	2	60266
120.55	0.25	0	1	60275
120.566	0.25	0	1	60283
120.582	0.25	0	1	60291
122.066	0.25	1	2	61033
122.082	0.25	1	2	61041
122.1	0.25	1	2	61050
122.116	0.25	1	2	61058
122.132	0.25	0	1	61066
122.15	0.25	0	1	61075
122.166	0.25	0	1	61083
122.182	0.25	0	1	61091
122.2	0.25	0	1	61100
122.216	0.25	0	1	61108
122.232	0.25	0	1	61116
122.25	0.25	0	1	61125
122.266	0.25	1	2	61133
122.282	0.25	1	2	61141
122.3	0.25	0	1	61150
122.316	0.25	0	1	61158
122.332	0.25	0	1	61166
122.35	0.25	0	1	61175
122.366	0.25	1	2	61183
122.382	0.25	1	2	61191
122.4	0.25	1	2	61200
122.416	0.25	1	2	61208
122.432	0.25	0	1	61216
122.45	0.25	0	1	61225
122.466	0.25	0	1	61233
122.482	0.25	0	1	61241
122.5	0.25	0	1	61250
122.516	0.25	0	1	61258
122.532	0.25	0	1	61266
122.55	0.25	0	1	61275
122.566	0.25	0	1	61283
122.582	0.25	0	1	61291
122.6	0.25	0	1	61300
122.616	0.25	0	1	61308
122.632	0.25	1	2	61316
122.65	0.25	1	2	61325
122.666	0.25	0	1	61333
122.682	0.25	0	1	61341
122.7	0.25	1	2	61350
122.716	0.25	1	2	61358
122.732	0.25	1	2	61366
122.75	0.25	1	2	61375
122.766	0.25	0	1	61383
122.782	0.25	0	1	61391
122.8	0.25	1	2	61400
122.816	0.25	1	2	61408
122.832	0.25	0	1	61416
122.85	0.25	0	1	61425
122.866	0.25	1	2	61433
122.882	0.25	1	2	61441
122.9	0.25	0	1	61450
122.916	0.25	0	1	61458
122.932	0.25	1	2	61466
122.95	0.25	1	2	61475
122.966	0.25	0	1	61483
122.982	0.25	0	1	61491
123.0	0.25	0	1	61500
123.016	0.25	0	1	61508
123.032	0.25	0	1	61516
123.05	0.25	0	1	61525
123.066	0.25	1	2	61533
123.082	0.25	1	2	61541
123.1	0.25	1	2	61550
123.116	0.25	1	2	61558
123.132	0.25	1	2	61566
123.15	0.25	1	2	61575
123.166	0.25	0	1	61583
123.182	0.25	0	1	61591
123.2	0.25	1	2	61600
123.216	0.25	1	2	61608
123.232	0.25	1	2	61616
123.25	0.25	1	2	61625
123.266	0.25	1	2	61633
123.282	0.25	1	2	61641
123.3	0.25	0	1	61650
123.316	0.25	0	1	61658
123.332	0.25	1	2	61666
123.35	0.25	1	2	61675
123.366	0.25	0	1	61683
123.382	0.25	0	1	61691
123.4	0.25	1	2	61700
123.416	0.25	1	2	61708
123.432	0.25	1	2	61716
123.45	0.25	1	2	61725
123.466	0.25	0	1	61733
123.482	0.25	0	1	61741
123.5	0.25	0	1	61750
123.516	0.25	0	1	61758
123.532	0.25	0	1	61766
123.55	0.25	0	1	61775
123.566	0.25	1	2	61783
123.582	0.25	1	2	61791
123.6	0.25	1	2	61800
123.616	0.25	1	2	61808
123.632	0.25	0	1	61816
123.65	0.25	0	1	61825
123.666	0.25	1	2	61833
123.682	0.25	1	2	61841
123.7	0.25	1	2	61850
123.716	0.25	1	2	61858
123.732	0.25	1	2	61866
123.75	0.25	1	2	61875
123.766	0.25	0	1	61883
123.782	0.25	0	1	61891
123.8	0.25	0	1	61900
123.816	0.25	0	1	61908
123.832	0.25	0	1	61916
123.85	0.25	0	1	61925
123.866	0.25	0	1	61933
123.882	0.25	0	1	61941
123.9	0.25	0	1	61950
123.916	0.25	0	1	61958
123.932	0.25	1	2	61966
123.95	0.25	1	2	61975
123.966	0.25	1	2	61983
123.982	0.25	1	2	61991
124.0	0.25	1	2	62000
127.05	0.25	0	1	63525
127.066	0.25	0	1	63533
127.082	0.25	0	1	63541
127.1	0.25	0	1	63550
127.116	0.25	1	2	63558
127.132	0.25	1	2	63566
127.15	0.25	1	2	63575
127.166	0.25	1	2	63583
127.182	0.25	0	1	63591
127.2	0.25	0	1	63600
127.216	0.25	0	1	63608
127.232	0.25	0	1	63616
127.25	0.25	0	1	63625
127.266	0.25	0	1	63633
127.282	0.25	0	1	63641
127.3	0.25	0	1	63650
127.316	0.25	1	2	63658
127.332	0.25	1	2	63666
127.35	0.25	1	2	63675
127.366	0.25	1	2	63683
127.382	0.25	1	2	63691
127.4	0.25	1	2	63700
127.416	0.25	1	2	63708
127.432	0.25	1	2	63716
127.45	0.25	1	2	63725
127.466	0.25	1	2	63733
127.482	0.25	0	1	63741
127.5	0.25	0	1	63750
127.516	0.25	0	1	63758
127.532	0.25	0	1	63766
127.55	0.25	0	1	63775
127.566	0.25	0	1	63783
127.582	0.25	0	1	63791
127.6	0.25	0	1	63800
127.616	0.25	0	1	63808
127.632	0.25	0	1	63816
127.65	0.25	0	1	63825
127.666	0.25	0	1	63833
127.682	0.25	1	2	63841
127.7	0.25	1	2	63850
127.716	0.25	1	2	63858
127.732	0.25	1	2	63866
127.75	0.25	0	1	63875
127.766	0.25	0	1	63883
127.782	0.25	0	1	63891
127.8	0.25	0	1	63900
127.816	0.25	1	2	63908
127.832	0.25	1	2	63916
127.85	0.25	0	1	63925
127.866	0.25	0	1	63933
127.882	0.25	1	2	63941
127.9	0.25	1	2	63950
127.916	0.25	0	1	63958
127.932	0.25	0	1	63966
127.95	0.25	1	2	63975
127.966	0.25	1	2	63983
127.982	0.25	0	1	63991
128.0	0.25	0	1	64000
128.016	0.25	1	2	64008
128.032	0.25	1	2	64016
128.05	0.25	1	2	64025
128.066	0.25	1	2	64033
128.082	0.25	0	1	64041
128.1	0.25	0	1	64050
128.116	0.25	1	2	64058
128.132	0.25	1	2	64066
128.15	0.25	0	1	64075
128.166	0.25	0	1	64083
128.182	0.25	0	1	64091
128.198	0.25	0	1	64099
128.216	0.25	0	1	64108
128.232	0.25	0	1	64116
128.25	0.25	1	2	64125
128.266	0.25	1	2	64133
128.282	0.25	0	1	64141
128.3	0.25	0	1	64150
128.316	0.25	0	1	64158
128.332	0.25	0	1	64166
128.35	0.25	0	1	64175
128.366	0.25	0	1	64183
128.382	0.25	1	2	64191
128.4	0.25	1	2	64200
128.416	0.25	1	2	64208
128.432	0.25	1	2	64216
128.448	0.25	1	2	64224
128.466	0.25	1	2	64233
128.482	0.25	0	1	64241
128.5	0.25	0	1	64250
128.516	0.25	1	2	64258
128.532	0.25	1	2	64266
128.55	0.25	0	1	64275
128.566	0.25	0	1	64283
128.582	0.25	1	2	64291
128.6	0.25	1	2	64300
128.616	0.25	1	2	64308
128.632	0.25	1	2	64316
128.65	0.25	1	2	64325
128.666	0.25	1	2	64333
128.682	0.25	1	2	64341
128.698	0.25	1	2	64349
128.716	0.25	1	2	64358
128.732	0.25	1	2	64366
128.75	0.25	0	1	64375
128.766	0.25	0	1	64383
128.782	0.25	0	1	64391
128.8	0.25	0	1	64400
128.816	0.25	1	2	64408
128.832	0.25	1	2	64416
128.85	0.25	0	1	64425
128.866	0.25	0	1	64433
128.882	0.25	0	1	64441
128.9	0.25	0	1	64450
128.916	0.25	0	1	64458
128.932	0.25	0	1	64466
128.948	0.25	1	2	64474
128.966	0.25	1	2	64483
128.982	0.25	1	2	64491
130.466	0.25	1	2	65233
130.482	0.25	1	2	65241
130.5	0.25	1	2	65250
130.516	0.25	1	2	65258
130.532	0.25	0	1	65266
130.55	0.25	0	1	65275
130.566	0.25	1	2	65283
130.582	0.25	1	2	65291
130.6	0.25	1	2	65300
130.616	0.25	1	2	65308
130.632	0.25	0	1	65316
130.65	0.25	0	1	65325
130.666	0.25	1	2	65333
130.682	0.25	1	2	65341
130.698	0.25	1	2	65349
130.716	0.25	1	2	65358
130.732	0.25	0	1	65366
130.75	0.25	0	1	65375
130.766	0.25	1	2	65383
130.782	0.25	1	2	65391
130.8	0.25	1	2	65400
130.816	0.25	1	2	65408
130.832	0.25	0	1	65416
130.85	0.25	0	1	65425
130.866	0.25	0	1	65433
130.882	0.25	0	1	65441
130.9	0.25	0	1	65450
130.916	0.25	0	1	65458
130.932	0.25	1	2	65466
130.948	0.25	1	2	65474
130.966	0.25	1	2	65483
130.982	0.25	1	2	65491
131.0	0.25	1	2	65500
131.016	0.25	1	2	65508
131.032	0.25	0	1	65516
131.05	0.25	0	1	65525
131.066	0.25	0	1	65533
131.082	0.25	0	1	65541
131.1	0.25	0	1	65550
131.116	0.25	0	1	65558
131.132	0.25	1	2	65566
131.15	0.25	1	2	65575
131.166	0.25	1	2	65583
131.182	0.25	1	2	65591
131.2	0.25	1	2	65600
131.216	0.25	1	2	65608
131.232	0.25	1	2	65616
131.25	0.25	1	2	65625
131.266	0.25	1	2	65633
131.282	0.25	1	2	65641
131.3	0.25	0	1	65650
131.316	0.25	0	1	65658
131.332	0.25	0	1	65666
131.35	0.25	0	1	65675
131.366	0.25	1	2	65683
131.382	0.25	1	2	65691
131.4	0.25	0	1	65700
131.416	0.25	0	1	65708
131.432	0.25	1	2	65716
131.45	0.25	1	2	65725
131.466	0.25	0	1	65733
131.482	0.25	0	1	65741
131.5	0.25	0	1	65750
131.516	0.25	0	1	65758
131.532	0.25	1	2	65766
131.55	0.25	1	2	65775
131.566	0.25	1	2	65783
131.582	0.25	1	2	65791
131.6	0.25	0	1	65800
131.616	0.25	0	1	65808
131.632	0.25	0	1	65816
131.65	0.25	0	1	65825
131.666	0.25	0	1	65833
131.682	0.25	0	1	65841
131.7	0.25	0	1	65850
131.716	0.25	0	1	65858
131.732	0.25	1	2	65866
131.75	0.25	1	2	65875
131.766	0.25	0	1	65883
131.782	0.25	0	1	65891
131.8	0.25	0	1	65900
131.816	0.25	0	1	65908
131.832	0.25	0	1	65916
131.85	0.25	0	1	65925
131.866	0.25	0	1	65933
131.882	0.25	0	1	65941
131.9	0.25	1	2	65950
131.916	0.25	1	2	65958
131.932	0.25	1	2	65966
131.95	0.25	1	2	65975
131.966	0.25	1	2	65983
131.982	0.25	1	2	65991
132.0	0.25	1	2	66000
132.016	0.25	1	2	66008
132.032	0.25	1	2	66016
132.05	0.25	1	2	66025
132.066	0.25	1	2	66033
132.082	0.25	1	2	66041
132.1	0.25	0	1	66050
132.116	0.25	0	1	66058
132.132	0.25	1	2	66066
132.15	0.25	1	2	66075
132.166	0.25	0	1	66083
132.182	0.25	0	1	66091
132.2	0.25	1	2	66100
132.216	0.25	1	2	66108
132.232	0.25	0	1	66116
132.25	0.25	0	1	66125
132.266	0.25	0	1	66133
132.282	0.25	0	1	66141
132.3	0.25	1	2	66150
132.316	0.25	1	2	66158
132.332	0.25	1	2	66166
132.35	0.25	1	2	66175
132.366	0.25	0	1	66183
132.382	0.25	0	1	66191
132.4	0.25	0	1	66200
133.882	0.25	1	2	66941
133.9	0.25	1	2	66950
133.916	0.25	1	2	66958
133.932	0.25	1	2	66966
133.95	0.25	1	2	66975
133.966	0.25	1	2	66983
133.982	0.25	1	2	66991
134.0	0.25	1	2	67000
134.016	0.25	1	2	67008
134.032	0.25	1	2	67016
134.05	0.25	1	2	67025
134.066	0.25	1	2	67033
134.082	0.25	1	2	67041
134.1	0.25	1	2	67050
134.116	0.25	0	1	67058
134.132	0.25	0	1	67066
134.15	0.25	0	1	67075
134.166	0.25	0	1	67083
134.182	0.25	1	2	67091
134.2	0.25	1	2	67100
134.216	0.25	1	2	67108
134.232	0.25	1	2	67116
134.25	0.25	0	1	67125
134.266	0.25	0	1	67133
134.282	0.25	0	1	67141
134.3	0.25	0	1	67150
134.316	0.25	1	2	67158
134.332	0.25	1	2	67166
134.35	0.25	1	2	67175
134.366	0.25	1	2	67183
134.382	0.25	0	1	67191
134.4	0.25	0	1	67200
134.416	0.25	0	1	67208
134.432	0.25	0	1	67216
134.45	0.25	1	2	67225
134.466	0.25	1	2	67233
134.482	0.25	0	1	67241
134.5	0.25	0	1	67250
134.516	0.25	1	2	67258
134.532	0.25	1	2	67266
134.55	0.25	1	2	67275
134.566	0.25	1	2	67283
134.582	0.25	0	1	67291
134.6	0.25	0	1	67300
134.616	0.25	1	2	67308
134.632	0.25	1	2	67316
134.65	0.25	0	1	67325
134.666	0.25	0	1	67333
134.682	0.25	0	1	67341
134.7	0.25	0	1	67350
134.716	0.25	1	2	67358
134.732	0.25	1	2	67366
134.75	0.25	0	1	67375
134.766	0.25	0	1	67383
134.782	0.25	1	2	67391
134.8	0.25	1	2	67400
134.816	0.25	1	2	67408
134.832	0.25	1	2	67416
134.85	0.25	1	2	67425
134.866	0.25	1	2	67433
134.882	0.25	0	1	67441
134.9	0.25	0	1	67450
134.916	0.25	0	1	67458
134.932	0.25	0	1	67466
134.95	0.25	0	1	67475
134.966	0.25	0	1	67483
134.982	0.25	1	2	67491
135.0	0.25	1	2	67500
135.016	0.25	0	1	67508
135.032	0.25	0	1	67516
135.05	0.25	1	2	67525
135.066	0.25	1	2	67533
135.082	0.25	1	2	67541
135.1	0.25	1	2	67550
135.116	0.25	1	2	67558
135.132	0.25	1	2	67566
135.15	0.25	0	1	67575
135.166	0.25	0	1	67583
135.182	0.25	0	1	67591
135.2	0.25	0	1	67600
135.216	0.25	1	2	67608
135.232	0.25	1	2	67616
135.25	0.25	0	1	67625
135.266	0.25	0	1	67633
135.282	0.25	1	2	67641
135.3	0.25	1	2	67650
135.316	0.25	0	1	67658
135.332	0.25	0	1	67666
135.35	0.25	0	1	67675
135.366	0.25	0	1	67683
135.382	0.25	0	1	67691
135.4	0.25	0	1	67700
135.416	0.25	1	2	67708
135.432	0.25	1	2	67716
135.45	0.25	1	2	67725
135.466	0.25	1	2	67733
135.482	0.25	0	1	67741
135.5	0.25	0	1	67750
135.516	0.25	1	2	67758
135.532	0.25	1	2	67766
135.55	0.25	0	1	67775
135.566	0.25	0	1	67783
135.582	0.25	0	1	67791
135.6	0.25	0	1	67800
135.616	0.25	0	1	67808
135.632	0.25	0	1	67816
135.65	0.25	1	2	67825
135.666	0.25	1	2	67833
135.682	0.25	0	1	67841
135.7	0.25	0	1	67850
135.716	0.25	1	2	67858
135.732	0.25	1	2	67866
135.75	0.25	0	1	67875
135.766	0.25	0	1	67883
135.782	0.25	0	1	67891
135.8	0.25	0	1	67900
135.816	0.25	1	2	67908
137.3	0.25	1	2	68650
137.316	0.25	1	2	68658
137.332	0.25	1	2	68666
137.35	0.25	1	2	68675
137.366	0.25	0	1	68683
137.382	0.25	0	1	68691
137.4	0.25	0	1	68700
137.416	0.25	0	1	68708
137.432	0.25	0	1	68716
137.45	0.25	0	1	68725
137.466	0.25	0	1	68733
137.482	0.25	0	1	68741
137.5	0.25	1	2	68750
137.516	0.25	1	2	68758
137.532	0.25	0	1	68766
137.55	0.25	0	1	68775
137.566	0.25	0	1	68783
137.582	0.25	0	1	68791
137.6	0.25	1	2	68800
137.616	0.25	1	2	68808
137.632	0.25	1	2	68816
137.65	0.25	1	2	68825
137.666	0.25	0	1	68833
137.682	0.25	0	1	68841
137.7	0.25	0	1	68850
137.716	0.25	0	1	68858
137.732	0.25	0	1	68866
137.75	0.25	0	1	68875
137.766	0.25	0	1	68883
137.782	0.25	0	1	68891
137.8	0.25	0	1	68900
137.816	0.25	0	1	68908
137.832	0.25	0	1	68916
137.85	0.25	0	1	68925
137.866	0.25	1	2	68933
137.882	0.25	1	2	68941
137.9	0.25	0	1	68950
137.916	0.25	0	1	68958
137.932	0.25	1	2	68966
137.95	0.25	1	2	68975
137.966	0.25	1	2	68983
137.982	0.25	1	2	68991
138.0	0.25	0	1	69000
138.016	0.25	0	1	69008
138.032	0.25	1	2	69016
138.05	0.25	1	2	69025
138.066	0.25	0	1	69033
138.082	0.25	0	1	69041
138.1	0.25	1	2	69050
138.116	0.25	1	2	69058
138.132	0.25	0	1	69066
138.15	0.25	0	1	69075
138.166	0.25	1	2	69083
138.182	0.25	1	2	69091
138.2	0.25	0	1	69100
138.216	0.25	0	1	69108
138.232	0.25	0	1	69116
138.25	0.25	0	1	69125
138.266	0.25	0	1	69133
138.282	0.25	0	1	69141
138.3	0.25	1	2	69150
138.316	0.25	1	2	69158
138.332	0.25	1	2	69166
138.35	0.25	1	2	69175
138.366	0.25	1	2	69183
138.382	0.25	1	2	69191
138.4	0.25	0	1	69200
138.416	0.25	0	1	69208
138.432	0.25	1	2	69216
138.45	0.25	1	2	69225
138.466	0.25	1	2	69233
138.482	0.25	1	2	69241
138.5	0.25	1	2	69250
138.516	0.25	1	2	69258
138.532	0.25	0	1	69266
138.55	0.25	0	1	69275
138.566	0.25	1	2	69283
138.582	0.25	1	2	69291
138.6	0.25	0	1	69300
138.616	0.25	0	1	69308
138.632	0.25	1	2	69316
138.65	0.25	1	2	69325
138.666	0.25	1	2	69333
138.682	0.25	1	2	69341
138.7	0.25	0	1	69350
138.716	0.25	0	1	69358
138.732	0.25	0	1	69366
138.75	0.25	0	1	69375
138.766	0.25	0	1	69383
138.782	0.25	0	1	69391
138.8	0.25	1	2	69400
138.816	0.25	1	2	69408
138.832	0.25	1	2	69416
138.85	0.25	1	2	69425
138.866	0.25	0	1	69433
138.882	0.25	0	1	69441
138.9	0.25	1	2	69450
138.916	0.25	1	2	69458
138.932	0.25	1	2	69466
138.95	0.25	1	2	69475
138.966	0.25	1	2	69483
138.982	0.25	1	2	69491
139.0	0.25	0	1	69500
139.016	0.25	0	1	69508
139.032	0.25	0	1	69516
139.05	0.25	0	1	69525
139.066	0.25	0	1	69533
139.082	0.25	0	1	69541
139.1	0.25	0	1	69550
139.116	0.25	0	1	69558
139.132	0.25	0	1	69566
139.15	0.25	0	1	69575
139.166	0.25	1	2	69583
139.182	0.25	1	2	69591
139.2	0.25	1	2	69600
139.216	0.25	1	2	69608
139.232	0.25	1	2	69616
142.516	0.25	1	2	71258
142.532	0.25	1	2	71266
142.55	0.25	1	2	71275
142.566	0.25	1	2	71283
142.582	0.25	1	2	71291
142.6	0.25	1	2	71300
142.616	0.25	1	2	71308
142.632	0.25	1	2	71316
142.65	0.25	1	2	71325
142.666	0.25	1	2	71333
142.682	0.25	1	2	71341
142.7	0.25	1	2	71350
142.716	0.25	1	2	71358
142.732	0.25	1	2	71366
142.75	0.25	0	1	71375
142.766	0.25	0	1	71383
142.782	0.25	0	1	71391
142.8	0.25	0	1	71400
142.816	0.25	1	2	71408
142.832	0.25	1	2	71416
142.85	0.25	1	2	71425
142.866	0.25	1	2	71433
142.882	0.25	0	1	71441
142.9	0.25	0	1	71450
142.916	0.25	0	1	71458
142.932	0.25	0	1	71466
142.95	0.25	1	2	71475
142.966	0.25	1	2	71483
142.982	0.25	1	2	71491
143.0	0.25	1	2	71500
143.016	0.25	0	1	71508
143.032	0.25	0	1	71516
143.05	0.25	0	1	71525
143.066	0.25	0	1	71533
143.082	0.25	1	2	71541
143.1	0.25	1	2	71550
143.116	0.25	0	1	71558
143.132	0.25	0	1	71566
143.15	0.25	1	2	71575
143.166	0.25	1	2	71583
143.182	0.25	1	2	71591
143.2	0.25	1	2	71600
143.216	0.25	0	1	71608
143.232	0.25	0	1	71616
143.25	0.25	1	2	71625
143.266	0.25	1	2	71633
143.282	0.25	0	1	71641
143.3	0.25	0	1	71650
143.316	0.25	0	1	71658
143.332	0.25	0	1	71666
143.35	0.25	1	2	71675
143.366	0.25	1	2	71683
143.382	0.25	0	1	71691
143.4	0.25	0	1	71700
143.416	0.25	1	2	71708
143.432	0.25	1	2	71716
143.45	0.25	1	2	71725
143.466	0.25	1	2	71733
143.482	0.25	1	2	71741
143.5	0.25	1	2	71750
143.516	0.25	0	1	71758
143.532	0.25	0	1	71766
143.55	0.25	0	1	71775
143.566	0.25	0	1	71783
143.582	0.25	0	1	71791
143.6	0.25	0	1	71800
143.616	0.25	1	2	71808
143.632	0.25	1	2	71816
143.65	0.25	0	1	71825
143.666	0.25	0	1	71833
143.682	0.25	1	2	71841
143.7	0.25	1	2	71850
143.716	0.25	1	2	71858
143.732	0.25	1	2	71866
143.75	0.25	1	2	71875
143.766	0.25	1	2	71883
143.782	0.25	0	1	71891
143.8	0.25	0	1	71900
143.816	0.25	0	1	71908
143.832	0.25	0	1	71916
143.85	0.25	1	2	71925
143.866	0.25	1	2	71933
143.882	0.25	0	1	71941
143.9	0.25	0	1	71950
143.916	0.25	1	2	71958
143.932	0.25	1	2	71966
143.95	0.25	0	1	71975
143.966	0.25	0	1	71983
143.982	0.25	0	1	71991
144.0	0.25	0	1	72000
144.016	0.25	0	1	72008
144.032	0.25	0	1	72016
144.05	0.25	1	2	72025
144.066	0.25	1	2	72033
144.082	0.25	1	2	72041
144.1	0.25	1	2	72050
144.116	0.25	0	1	72058
144.132	0.25	0	1	72066
144.15	0.25	1	2	72075
144.166	0.25	1	2	72083
144.182	0.25	0	1	72091
144.2	0.25	0	1	72100
144.216	0.25	0	1	72108
144.232	0.25	0	1	72116
144.25	0.25	0	1	72125
144.266	0.25	0	1	72133
144.282	0.25	1	2	72141
144.3	0.25	1	2	72150
144.316	0.25	0	1	72158
144.332	0.25	0	1	72166
144.35	0.25	1	2	72175
144.366	0.25	1	2	72183
144.382	0.25	0	1	72191
144.4	0.25	0	1	72200
144.416	0.25	0	1	72208
144.432	0.25	0	1	72216
144.45	0.25	1	2	72225
145.932	0.25	1	2	72966
145.95	0.25	1	2	72975
145.966	0.25	1	2	72983
145.982	0.25	1	2	72991
146.0	0.25	0	1	73000
146.016	0.25	0	1	73008
146.032	0.25	0	1	73016
146.05	0.25	0	1	73025
146.066	0.25	0	1	73033
146.082	0.25	0	1	73041
146.1	0.25	0	1	73050
146.116	0.25	0	1	73058
146.132	0.25	1	2	73066
146.15	0.25	1	2	73075
146.166	0.25	0	1	73083
146.182	0.25	0	1	73091
146.2	0.25	0	1	73100
146.216	0.25	0	1	73108
146.232	0.25	1	2	73116
146.25	0.25	1	2	73125
146.266	0.25	1	2	73133
146.282	0.25	1	2	73141
146.3	0.25	0	1	73150
146.316	0.25	0	1	73158
146.332	0.25	0	1	73166
146.35	0.25	0	1	73175
146.366	0.25	0	1	73183
146.382	0.25	0	1	73191
146.4	0.25	0	1	73200
146.416	0.25	0	1	73208
146.432	0.25	0	1	73216
146.45	0.25	0	1	73225
146.466	0.25	0	1	73233
146.482	0.25	0	1	73241
146.5	0.25	1	2	73250
146.516	0.25	1	2	73258
146.532	0.25	0	1	73266
146.55	0.25	0	1	73275
146.566	0.25	1	2	73283
146.582	0.25	1	2	73291
146.6	0.25	1	2	73300
146.616	0.25	1	2	73308
146.632	0.25	0	1	73316
146.65	0.25	0	1	73325
146.666	0.25	1	2	73333
146.682	0.25	1	2	73341
146.7	0.25	0	1	73350
146.716	0.25	0	1	73358
146.732	0.25	1	2	73366
146.75	0.25	1	2	73375
146.766	0.25	0	1	73383
146.782	0.25	0	1	73391
146.8	0.25	1	2	73400
146.816	0.25	1	2	73408
146.832	0.25	0	1	73416
146.85	0.25	0	1	73425
146.866	0.25	0	1	73433
146.882	0.25	0	1	73441
146.9	0.25	0	1	73450
146.916	0.25	0	1	73458
146.932	0.25	1	2	73466
146.95	0.25	1	2	73475
146.966	0.25	1	2	73483
146.982	0.25	1	2	73491
147.0	0.25	1	2	73500
147.016	0.25	1	2	73508
147.032	0.25	0	1	73516
147.05	0.25	0	1	73525
147.066	0.25	1	2	73533
147.082	0.25	1	2	73541
147.1	0.25	1	2	73550
147.116	0.25	1	2	73558
147.132	0.25	1	2	73566
147.15	0.25	1	2	73575
147.166	0.25	0	1	73583
147.182	0.25	0	1	73591
147.2	0.25	1	2	73600
147.216	0.25	1	2	73608
147.232	0.25	0	1	73616
147.25	0.25	0	1	73625
147.266	0.25	1	2	73633
147.282	0.25	1	2	73641
147.3	0.25	1	2	73650
147.316	0.25	1	2	73658
147.332	0.25	0	1	73666
147.35	0.25	0	1	73675
147.366	0.25	0	1	73683
147.382	0.25	0	1	73691
147.4	0.25	0	1	73700
147.416	0.25	0	1	73708
147.432	0.25	1	2	73716
147.45	0.25	1	2	73725
147.466	0.25	1	2	73733
147.482	0.25	1	2	73741
147.5	0.25	0	1	73750
147.516	0.25	0	1	73758
147.532	0.25	1	2	73766
147.55	0.25	1	2	73775
147.566	0.25	1	2	73783
147.582	0.25	1	2	73791
147.6	0.25	1	2	73800
147.616	0.25	1	2	73808
147.632	0.25	0	1	73816
147.65	0.25	0	1	73825
147.666	0.25	0	1	73833
147.682	0.25	0	1	73841
147.7	0.25	0	1	73850
147.716	0.25	0	1	73858
147.732	0.25	0	1	73866
147.75	0.25	0	1	73875
147.766	0.25	0	1	73883
147.782	0.25	0	1	73891
147.8	0.25	1	2	73900
147.816	0.25	1	2	73908
147.832	0.25	1	2	73916
147.85	0.25	1	2	73925
147.866	0.25	1	2	73933
149.35	0.25	1	2	74675
149.366	0.25	1	2	74683
149.382	0.25	1	2	74691
149.4	0.25	1	2	74700
149.416	0.25	0	1	74708
149.432	0.25	0	1	74716
149.45	0.25	1	2	74725
149.466	0.25	1	2	74733
149.482	0.25	1	2	74741
149.5	0.25	1	2	74750
149.516	0.25	0	1	74758
149.532	0.25	0	1	74766
149.55	0.25	1	2	74775
149.566	0.25	1	2	74783
149.582	0.25	1	2	74791
149.6	0.25	1	2	74800
149.616	0.25	0	1	74808
149.632	0.25	0	1	74816
149.65	0.25	1	2	74825
149.666	0.25	1	2	74833
149.682	0.25	1	2	74841
149.7	0.25	1	2	74850
149.716	0.25	0	1	74858
149.732	0.25	0	1	74866
149.75	0.25	0	1	74875
149.766	0.25	0	1	74883
149.782	0.25	0	1	74891
149.8	0.25	0	1	74900
149.816	0.25	1	2	74908
149.832	0.25	1	2	74916
149.85	0.25	1	2	74925
149.866	0.25	1	2	74933
149.882	0.25	1	2	74941
149.9	0.25	1	2	74950
149.916	0.25	0	1	74958
149.932	0.25	0	1	74966
149.95	0.25	0	1	74975
149.966	0.25	0	1	74983
149.982	0.25	0	1	74991
150.0	0.25	0	1	75000
150.016	0.25	1	2	75008
150.032	0.25	1	2	75016
150.05	0.25	1	2	75025
150.066	0.25	1	2	75033
150.082	0.25	1	2	75041
150.1	0.25	1	2	75050
150.116	0.25	1	2	75058
150.132	0.25	1	2	75066
150.15	0.25	1	2	75075
150.166	0.25	1	2	75083
150.182	0.25	0	1	75091
150.2	0.25	0	1	75100
150.216	0.25	0	1	75108
150.232	0.25	0	1	75116
150.25	0.25	1	2	75125
150.266	0.25	1	2	75133
150.282	0.25	0	1	75141
150.3	0.25	0	1	75150
150.316	0.25	1	2	75158
150.332	0.25	1	2	75166
150.35	0.25	0	1	75175
150.366	0.25	0	1	75183
150.382	0.25	0	1	75191
150.4	0.25	0	1	75200
150.416	0.25	1	2	75208
150.432	0.25	1	2	75216
150.45	0.25	1	2	75225
150.466	0.25	1	2	75233
150.482	0.25	0	1	75241
150.5	0.25	0	1	75250
150.516	0.25	0	1	75258
150.532	0.25	0	1	75266
150.55	0.25	0	1	75275
150.566	0.25	0	1	75283
150.582	0.25	0	1	75291
150.6	0.25	0	1	75300
150.616	0.25	1	2	75308
150.632	0.25	1	2	75316
150.65	0.25	0	1	75325
150.666	0.25	0	1	75333
150.682	0.25	0	1	75341
150.7	0.25	0	1	75350
150.716	0.25	0	1	75358
150.732	0.25	0	1	75366
150.75	0.25	0	1	75375
150.766	0.25	0	1	75383
150.782	0.25	1	2	75391
150.8	0.25	1	2	75400
150.816	0.25	1	2	75408
150.832	0.25	1	2	75416
150.85	0.25	1	2	75425
150.866	0.25	1	2	75433
150.882	0.25	1	2	75441
150.9	0.25	1	2	75450
150.916	0.25	1	2	75458
150.932	0.25	1	2	75466
150.95	0.25	1	2	75475
150.966	0.25	1	2	75483
150.982	0.25	0	1	75491
151.0	0.25	0	1	75500
151.016	0.25	1	2	75508
151.032	0.25	1	2	75516
151.05	0.25	0	1	75525
151.066	0.25	0	1	75533
151.082	0.25	1	2	75541
151.1	0.25	1	2	75550
151.116	0.25	0	1	75558
151.132	0.25	0	1	75566
151.15	0.25	0	1	75575
151.166	0.25	0	1	75583
151.182	0.25	1	2	75591
151.2	0.25	1	2	75600
151.216	0.25	1	2	75608
151.232	0.25	1	2	75616
151.25	0.25	0	1	75625
151.266	0.25	0	1	75633
151.282	0.25	0	1	75641
152.75	0.25	0	1	76375
152.766	0.25	0	1	76383
152.782	0.25	0	1	76391
152.8	0.25	0	1	76400
152.816	0.25	1	2	76408
152.832	0.25	1	2	76416
152.85	0.25	1	2	76425
152.866	0.25	1	2	76433
152.882	0.25	0	1	76441
152.9	0.25	0	1	76450
152.916	0.25	0	1	76458
152.932	0.25	0	1	76466
152.95	0.25	0	1	76475
152.966	0.25	0	1	76483
152.982	0.25	0	1	76491
153.0	0.25	0	1	76500
153.016	0.25	1	2	76508
153.032	0.25	1	2	76516
153.05	0.25	1	2	76525
153.066	0.25	1	2	76533
153.082	0.25	1	2	76541
153.1	0.25	1	2	76550
153.116	0.25	1	2	76558
153.132	0.25	1	2	76566
153.15	0.25	1	2	76575
153.166	0.25	1	2	76583
153.182	0.25	0	1	76591
153.2	0.25	0	1	76600
153.216	0.25	0	1	76608
153.232	0.25	0	1	76616
153.25	0.25	0	1	76625
153.266	0.25	0	1	76633
153.282	0.25	0	1	76641
153.3	0.25	0	1	76650
153.316	0.25	0	1	76658
153.332	0.25	0	1	76666
153.35	0.25	0	1	76675
153.366	0.25	0	1	76683
153.382	0.25	1	2	76691
153.4	0.25	1	2	76700
153.416	0.25	1	2	76708
153.432	0.25	1	2	76716
153.45	0.25	0	1	76725
153.466	0.25	0	1	76733
153.482	0.25	0	1	76741
153.5	0.25	0	1	76750
153.516	0.25	1	2	76758
153.532	0.25	1	2	76766
153.55	0.25	0	1	76775
153.566	0.25	0	1	76783
153.582	0.25	1	2	76791
153.6	0.25	1	2	76800
153.616	0.25	0	1	76808
153.632	0.25	0	1	76816
153.65	0.25	1	2	76825
153.666	0.25	1	2	76833
153.682	0.25	0	1	76841
153.7	0.25	0	1	76850
153.716	0.25	1	2	76858
153.732	0.25	1	2	76866
153.75	0.25	1	2	76875
153.766	0.25	1	2	76883
153.782	0.25	0	1	76891
153.8	0.25	0	1	76900
153.816	0.25	1	2	76908
153.832	0.25	1	2	76916
153.85	0.25	0	1	76925
153.866	0.25	0	1	76933
153.882	0.25	0	1	76941
153.9	0.25	0	1	76950
153.916	0.25	0	1	76958
153.932	0.25	0	1	76966
153.95	0.25	1	2	76975
153.966	0.25	1	2	76983
153.982	0.25	0	1	76991
154.0	0.25	0	1	77000
154.016	0.25	0	1	77008
154.032	0.25	0	1	77016
154.05	0.25	0	1	77025
154.066	0.25	0	1	77033
154.082	0.25	1	2	77041
154.1	0.25	1	2	77050
154.116	0.25	1	2	77058
154.132	0.25	1	2	77066
154.15	0.25	1	2	77075
154.166	0.25	1	2	77083
154.182	0.25	0	1	77091
154.2	0.25	0	1	77100
154.216	0.25	1	2	77108
154.232	0.25	1	2	77116
154.25	0.25	0	1	77125
154.266	0.25	0	1	77133
154.282	0.25	1	2	77141
154.3	0.25	1	2	77150
154.316	0.25	1	2	77158
154.332	0.25	1	2	77166
154.35	0.25	1	2	77175
154.366	0.25	1	2	77183
154.382	0.25	1	2	77191
154.4	0.25	1	2	77200
154.416	0.25	1	2	77208
154.432	0.25	1	2	77216
154.45	0.25	0	1	77225
154.466	0.25	0	1	77233
154.482	0.25	0	1	77241
154.5	0.25	0	1	77250
154.516	0.25	1	2	77258
154.532	0.25	1	2	77266
154.55	0.25	0	1	77275
154.566	0.25	0	1	77283
154.582	0.25	0	1	77291
154.6	0.25	0	1	77300
154.616	0.25	0	1	77308
154.632	0.25	0	1	77316
154.65	0.25	1	2	77325
154.666	0.25	1	2	77333
154.682	0.25	1	2	77341
158.15	0.25	0	1	79075
158.166	0.25	0	1	79083
158.182	0.25	0	1	79091
158.2	0.25	0	1	79100
158.216	0.25	1	2	79108
158.232	0.25	1	2	79116
158.25	0.25	1	2	79125
158.266	0.25	1	2	79133
158.282	0.25	0	1	79141
158.3	0.25	0	1	79150
158.316	0.25	0	1	79158
158.332	0.25	0	1	79166
158.35	0.25	0	1	79175
158.366	0.25	0	1	79183
158.382	0.25	0	1	79191
158.4	0.25	0	1	79200
158.416	0.25	1	2	79208
158.432	0.25	1	2	79216
158.45	0.25	1	2	79225
158.466	0.25	1	2	79233
158.482	0.25	1	2	79241
158.5	0.25	1	2	79250
158.516	0.25	1	2	79258
158.532	0.25	1	2	79266
158.55	0.25	1	2	79275
158.566	0.25	1	2	79283
158.582	0.25	0	1	79291
158.6	0.25	0	1	79300
158.616	0.25	0	1	79308
158.632	0.25	0	1	79316
158.65	0.25	0	1	79325
158.666	0.25	0	1	79333
158.682	0.25	0	1	79341
158.7	0.25	0	1	79350
158.716	0.25	0	1	79358
158.732	0.25	0	1	79366
158.75	0.25	0	1	79375
158.766	0.25	0	1	79383
158.782	0.25	1	2	79391
158.8	0.25	1	2	79400
158.816	0.25	1	2	79408
158.832	0.25	1	2	79416
158.85	0.25	0	1	79425
158.866	0.25	0	1	79433
158.882	0.25	0	1	79441
158.9	0.25	0	1	79450
158.916	0.25	1	2	79458
158.932	0.25	1	2	79466
158.95	0.25	0	1	79475
158.966	0.25	0	1	79483
158.982	0.25	1	2	79491
159.0	0.25	1	2	79500
159.016	0.25	0	1	79508
159.032	0.25	0	1	79516
159.05	0.25	1	2	79525
159.066	0.25	1	2	79533
159.082	0.25	0	1	79541
159.1	0.25	0	1	79550
159.116	0.25	1	2	79558
159.132	0.25	1	2	79566
159.15	0.25	1	2	79575
159.166	0.25	1	2	79583
159.182	0.25	0	1	79591
159.2	0.25	0	1	79600
159.216	0.25	1	2	79608
159.232	0.25	1	2	79616
159.25	0.25	0	1	79625
159.266	0.25	0	1	79633
159.282	0.25	0	1	79641
159.3	0.25	0	1	79650
159.316	0.25	0	1	79658
159.332	0.25	0	1	79666
159.35	0.25	1	2	79675
159.366	0.25	1	2	79683
159.382	0.25	0	1	79691
159.4	0.25	0	1	79700
159.416	0.25	0	1	79708
159.432	0.25	0	1	79716
159.45	0.25	0	1	79725
159.466	0.25	0	1	79733
159.482	0.25	1	2	79741
159.5	0.25	1	2	79750
159.516	0.25	1	2	79758
159.532	0.25	1	2	79766
159.55	0.25	1	2	79775
159.566	0.25	1	2	79783
159.582	0.25	0	1	79791
159.6	0.25	0	1	79800
159.616	0.25	1	2	79808
159.632	0.25	1	2	79816
159.65	0.25	0	1	79825
159.666	0.25	0	1	79833
159.682	0.25	1	2	79841
159.7	0.25	1	2	79850
159.716	0.25	1	2	79858
159.732	0.25	1	2	79866
159.75	0.25	1	2	79875
159.766	0.25	1	2	79883
159.782	0.25	1	2	79891
159.8	0.25	1	2	79900
159.816	0.25	1	2	79908
159.832	0.25	1	2	79916
159.85	0.25	0	1	79925
159.866	0.25	0	1	79933
159.882	0.25	0	1	79941
159.9	0.25	0	1	79950
159.916	0.25	1	2	79958
159.932	0.25	1	2	79966
159.95	0.25	0	1	79975
159.966	0.25	0	1	79983
159.982	0.25	0	1	79991
160.0	0.25	0	1	80000
160.016	0.25	0	1	80008
160.032	0.25	0	1	80016
160.05	0.25	1	2	80025
160.066	0.25	1	2	80033
160.082	0.25	1	2	80041
161.55	0.25	1	2	80775
161.566	0.25	1	2	80783
161.582	0.25	1	2	80791
161.6	0.25	1	2	80800
161.616	0.25	0	1	80808
161.632	0.25	0	1	80816
161.65	0.25	1	2	80825
161.666	0.25	1	2	80833
161.682	0.25	1	2	80841
161.7	0.25	1	2	80850
161.716	0.25	0	1	80858
161.732	0.25	0	1	80866
161.75	0.25	1	2	80875
161.766	0.25	1	2	80883
161.782	0.25	1	2	80891
161.8	0.25	1	2	80900
161.816	0.25	0	1	80908
161.832	0.25	0	1	80916
161.85	0.25	1	2	80925
161.866	0.25	1	2	80933
161.882	0.25	1	2	80941
161.9	0.25	1	2	80950
161.916	0.25	0	1	80958
161.932	0.25	0	1	80966
161.95	0.25	0	1	80975
161.966	0.25	0	1	80983
161.982	0.25	0	1	80991
162.0	0.25	0	1	81000
162.016	0.25	1	2	81008
162.032	0.25	1	2	81016
162.05	0.25	1	2	81025
162.066	0.25	1	2	81033
162.082	0.25	1	2	81041
162.1	0.25	1	2	81050
162.116	0.25	0	1	81058
162.132	0.25	0	1	81066
162.15	0.25	0	1	81075
162.166	0.25	0	1	81083
162.182	0.25	0	1	81091
162.2	0.25	0	1	81100
162.216	0.25	1	2	81108
162.232	0.25	1	2	81116
162.25	0.25	1	2	81125
162.266	0.25	1	2	81133
162.282	0.25	1	2	81141
162.3	0.25	1	2	81150
162.316	0.25	1	2	81158
162.332	0.25	1	2	81166
162.35	0.25	1	2	81175
162.366	0.25	1	2	81183
162.382	0.25	0	1	81191
162.4	0.25	0	1	81200
162.416	0.25	0	1	81208
162.432	0.25	0	1	81216
162.45	0.25	1	2	81225
162.466	0.25	1	2	81233
162.482	0.25	0	1	81241
162.5	0.25	0	1	81250
162.516	0.25	1	2	81258
162.532	0.25	1	2	81266
162.55	0.25	0	1	81275
162.566	0.25	0	1	81283
162.582	0.25	0	1	81291
162.6	0.25	0	1	81300
162.616	0.25	1	2	81308
162.632	0.25	1	2	81316
162.65	0.25	1	2	81325
162.666	0.25	1	2	81333
162.682	0.25	0	1	81341
162.7	0.25	0	1	81350
162.716	0.25	0	1	81358
162.732	0.25	0	1	81366
162.75	0.25	0	1	81375
162.766	0.25	0	1	81383
162.782	0.25	0	1	81391
162.8	0.25	0	1	81400
162.816	0.25	1	2	81408
162.832	0.25	1	2	81416
162.85	0.25	0	1	81425
162.866	0.25	0	1	81433
162.882	0.25	0	1	81441
162.9	0.25	0	1	81450
162.916	0.25	0	1	81458
162.932	0.25	0	1	81466
162.95	0.25	0	1	81475
162.966	0.25	0	1	81483
162.982	0.25	1	2	81491
163.0	0.25	1	2	81500
163.016	0.25	1	2	81508
163.032	0.25	1	2	81516
163.05	0.25	1	2	81525
163.066	0.25	1	2	81533
163.082	0.25	1	2	81541
163.1	0.25	1	2	81550
163.116	0.25	1	2	81558
163.132	0.25	1	2	81566
163.15	0.25	1	2	81575
163.166	0.25	1	2	81583
163.182	0.25	0	1	81591
163.2	0.25	0	1	81600
163.216	0.25	1	2	81608
163.232	0.25	1	2	81616
163.25	0.25	0	1	81625
163.266	0.25	0	1	81633
163.282	0.25	1	2	81641
163.3	0.25	1	2	81650
163.316	0.25	0	1	81658
163.332	0.25	0	1	81666
163.35	0.25	0	1	81675
163.366	0.25	0	1	81683
163.382	0.25	1	2	81691
163.4	0.25	1	2	81700
163.416	0.25	1	2	81708
163.432	0.25	1	2	81716
163.45	0.25	0	1	81725
163.466	0.25	0	1	81733
163.482	0.25	0	1	81741
164.982	0.25	1	2	82491
165.0	0.25	1	2	82500
165.016	0.25	1	2	82508
165.032	0.25	1	2	82516
165.05	0.25	1	2	82525
165.066	0.25	1	2	82533
165.082	0.25	1	2	82541
165.1	0.25	1	2	82550
165.116	0.25	1	2	82558
165.132	0.25	1	2	82566
165.15	0.25	1	2	82575
165.166	0.25	1	2	82583
165.182	0.25	1	2	82591
165.2	0.25	1	2	82600
165.216	0.25	0	1	82608
165.232	0.25	0	1	82616
165.25	0.25	0	1	82625
165.266	0.25	0	1	82633
165.282	0.25	1	2	82641
165.3	0.25	1	2	82650
165.316	0.25	1	2	82658
165.332	0.25	1	2	82666
165.35	0.25	0	1	82675
165.366	0.25	0	1	82683
165.382	0.25	0	1	82691
165.4	0.25	0	1	82700
165.416	0.25	1	2	82708
165.432	0.25	1	2	82716
165.45	0.25	1	2	82725
165.466	0.25	1	2	82733
165.482	0.25	0	1	82741
165.5	0.25	0	1	82750
165.516	0.25	0	1	82758
165.532	0.25	0	1	82766
165.55	0.25	1	2	82775
165.566	0.25	1	2	82783
165.582	0.25	0	1	82791
165.6	0.25	0	1	82800
165.616	0.25	1	2	82808
165.632	0.25	1	2	82816
165.65	0.25	1	2	82825
165.666	0.25	1	2	82833
165.682	0.25	0	1	82841
165.7	0.25	0	1	82850
165.716	0.25	1	2	82858
165.732	0.25	1	2	82866
165.75	0.25	0	1	82875
165.766	0.25	0	1	82883
165.782	0.25	0	1	82891
165.8	0.25	0	1	82900
165.816	0.25	1	2	82908
165.832	0.25	1	2	82916
165.85	0.25	0	1	82925
165.866	0.25	0	1	82933
165.882	0.25	1	2	82941
165.9	0.25	1	2	82950
165.916	0.25	1	2	82958
165.932	0.25	1	2	82966
165.95	0.25	1	2	82975
165.966	0.25	1	2	82983
165.982	0.25	0	1	82991
166.0	0.25	0	1	83000
166.016	0.25	0	1	83008
166.032	0.25	0	1	83016
166.05	0.25	0	1	83025
166.066	0.25	0	1	83033
166.082	0.25	1	2	83041
166.1	0.25	1	2	83050
166.116	0.25	0	1	83058
166.132	0.25	0	1	83066
166.15	0.25	1	2	83075
166.166	0.25	1	2	83083
166.182	0.25	1	2	83091
166.2	0.25	1	2	83100
166.216	0.25	1	2	83108
166.232	0.25	1	2	83116
166.25	0.25	0	1	83125
166.266	0.25	0	1	83133
166.282	0.25	0	1	83141
166.3	0.25	0	1	83150
166.316	0.25	1	2	83158
166.332	0.25	1	2	83166
166.35	0.25	0	1	83175
166.366	0.25	0	1	83183
166.382	0.25	1	2	83191
166.4	0.25	1	2	83200
166.416	0.25	0	1	83208
166.432	0.25	0	1	83216
166.45	0.25	0	1	83225
166.466	0.25	0	1	83233
166.482	0.25	0	1	83241
166.5	0.25	0	1	83250
166.516	0.25	1	2	83258
166.532	0.25	1	2	83266
166.55	0.25	1	2	83275
166.566	0.25	1	2	83283
166.582	0.25	0	1	83291
166.6	0.25	0	1	83300
166.616	0.25	1	2	83308
166.632	0.25	1	2	83316
166.65	0.25	0	1	83325
166.666	0.25	0	1	83333
166.682	0.25	0	1	83341
166.7	0.25	0	1	83350
166.716	0.25	0	1	83358
166.732	0.25	0	1	83366
166.75	0.25	1	2	83375
166.766	0.25	1	2	83383
166.782	0.25	0	1	83391
166.8	0.25	0	1	83400
166.816	0.25	1	2	83408
166.832	0.25	1	2	83416
166.85	0.25	0	1	83425
166.866	0.25	0	1	83433
166.882	0.25	0	1	83441
166.9	0.25	0	1	83450
166.916	0.25	1	2	83458
168.4	0.25	1	2	84200
168.416	0.25	1	2	84208
168.432	0.25	1	2	84216
168.45	0.25	1	2	84225
168.466	0.25	0	1	84233
168.482	0.25	0	1	84241
168.5	0.25	0	1	84250
168.516	0.25	0	1	84258
168.532	0.25	0	1	84266
168.55	0.25	0	1	84275
168.566	0.25	0	1	84283
168.582	0.25	0	1	84291
168.6	0.25	1	2	84300
168.616	0.25	1	2	84308
168.632	0.25	0	1	84316
168.65	0.25	0	1	84325
168.666	0.25	0	1	84333
168.682	0.25	0	1	84341
168.7	0.25	1	2	84350
168.716	0.25	1	2	84358
168.732	0.25	1	2	84366
168.75	0.25	1	2	84375
168.766	0.25	0	1	84383
168.782	0.25	0	1	84391
168.8	0.25	0	1	84400
168.816	0.25	0	1	84408
168.832	0.25	0	1	84416
168.85	0.25	0	1	84425
168.866	0.25	0	1	84433
168.882	0.25	0	1	84441
168.9	0.25	0	1	84450
168.916	0.25	0	1	84458
168.932	0.25	0	1	84466
168.95	0.25	0	1	84475
168.966	0.25	1	2	84483
168.982	0.25	1	2	84491
169.0	0.25	0	1	84500
169.016	0.25	0	1	84508
169.032	0.25	1	2	84516
169.05	0.25	1	2	84525
169.066	0.25	1	2	84533
169.082	0.25	1	2	84541
169.1	0.25	0	1	84550
169.116	0.25	0	1	84558
169.132	0.25	1	2	84566
169.15	0.25	1	2	84575
169.166	0.25	0	1	84583
169.182	0.25	0	1	84591
169.2	0.25	1	2	84600
169.216	0.25	1	2	84608
169.232	0.25	0	1	84616
169.25	0.25	0	1	84625
169.266	0.25	1	2	84633
169.282	0.25	1	2	84641
169.3	0.25	0	1	84650
169.316	0.25	0	1	84658
169.332	0.25	0	1	84666
169.35	0.25	0	1	84675
169.366	0.25	0	1	84683
169.382	0.25	0	1	84691
169.4	0.25	1	2	84700
169.416	0.25	1	2	84708
169.432	0.25	1	2	84716
169.45	0.25	1	2	84725
169.466	0.25	1	2	84733
169.482	0.25	1	2	84741
169.5	0.25	0	1	84750
169.516	0.25	0	1	84758
169.532	0.25	1	2	84766
169.55	0.25	1	2	84775
169.566	0.25	1	2	84783
169.582	0.25	1	2	84791
169.6	0.25	1	2	84800
169.616	0.25	1	2	84808
169.632	0.25	0	1	84816
169.65	0.25	0	1	84825
169.666	0.25	1	2	84833
169.682	0.25	1	2	84841
169.7	0.25	0	1	84850
169.716	0.25	0	1	84858
169.732	0.25	1	2	84866
169.75	0.25	1	2	84875
169.766	0.25	1	2	84883
169.782	0.25	1	2	84891
169.8	0.25	0	1	84900
169.816	0.25	0	1	84908
169.832	0.25	0	1	84916
169.85	0.25	0	1	84925
169.866	0.25	0	1	84933
169.882	0.25	0	1	84941
169.9	0.25	1	2	84950
169.916	0.25	1	2	84958
169.932	0.25	1	2	84966
169.95	0.25	1	2	84975
169.966	0.25	0	1	84983
169.982	0.25	0	1	84991
170.0	0.25	1	2	85000
170.016	0.25	1	2	85008
170.032	0.25	1	2	85016
170.05	0.25	1	2	85025
170.066	0.25	1	2	85033
170.082	0.25	1	2	85041
170.1	0.25	0	1	85050
170.116	0.25	0	1	85058
170.132	0.25	0	1	85066
170.15	0.25	0	1	85075
170.166	0.25	0	1	85083
170.182	0.25	0	1	85091
170.2	0.25	0	1	85100
170.216	0.25	0	1	85108
170.232	0.25	0	1	85116
170.25	0.25	0	1	85125
170.266	0.25	1	2	85133
170.282	0.25	1	2	85141
170.3	0.25	1	2	85150
170.316	0.25	1	2	85158
170.332	0.25	1	2	85166
173.5	0.25	1	2	86750
173.516	0.25	1	2	86758
173.532	0.25	1	2	86766
173.55	0.25	1	2	86775
173.566	0.25	1	2	86783
173.582	0.25	1	2	86791
173.6	0.25	1	2	86800
173.616	0.25	1	2	86808
173.632	0.25	1	2	86816
173.65	0.25	1	2	86825
173.666	0.25	1	2	86833
173.682	0.25	1	2	86841
173.7	0.25	1	2	86850
173.716	0.25	1	2	86858
173.732	0.25	0	1	86866
173.75	0.25	0	1	86875
173.766	0.25	0	1	86883
173.782	0.25	0	1	86891
173.8	0.25	1	2	86900
173.816	0.25	1	2	86908
173.832	0.25	1	2	86916
173.85	0.25	1	2	86925
173.866	0.25	0	1	86933
173.882	0.25	0	1	86941
173.9	0.25	0	1	86950
173.916	0.25	0	1	86958
173.932	0.25	1	2	86966
173.95	0.25	1	2	86975
173.966	0.25	1	2	86983
173.982	0.25	1	2	86991
174.0	0.25	0	1	87000
174.016	0.25	0	1	87008
174.032	0.25	0	1	87016
174.05	0.25	0	1	87025
174.066	0.25	1	2	87033
174.082	0.25	1	2	87041
174.1	0.25	0	1	87050
174.116	0.25	0	1	87058
174.132	0.25	1	2	87066
174.15	0.25	1	2	87075
174.166	0.25	1	2	87083
174.182	0.25	1	2	87091
174.2	0.25	0	1	87100
174.216	0.25	0	1	87108
174.232	0.25	1	2	87116
174.25	0.25	1	2	87125
174.266	0.25	0	1	87133
174.282	0.25	0	1	87141
174.3	0.25	0	1	87150
174.316	0.25	0	1	87158
174.332	0.25	1	2	87166
174.35	0.25	1	2	87175
174.366	0.25	0	1	87183
174.382	0.25	0	1	87191
174.4	0.25	1	2	87200
174.416	0.25	1	2	87208
174.432	0.25	1	2	87216
174.45	0.25	1	2	87225
174.466	0.25	1	2	87233
174.482	0.25	1	2	87241
174.5	0.25	0	1	87250
174.516	0.25	0	1	87258
174.532	0.25	0	1	87266
174.55	0.25	0	1	87275
174.566	0.25	0	1	87283
174.582	0.25	0	1	87291
174.6	0.25	1	2	87300
174.616	0.25	1	2	87308
174.632	0.25	0	1	87316
174.65	0.25	0	1	87325
174.666	0.25	1	2	87333
174.682	0.25	1	2	87341
174.7	0.25	1	2	87350
174.716	0.25	1	2	87358
174.732	0.25	1	2	87366
174.75	0.25	1	2	87375
174.766	0.25	0	1	87383
174.782	0.25	0	1	87391
174.8	0.25	0	1	87400
174.816	0.25	0	1	87408
174.832	0.25	1	2	87416
174.85	0.25	1	2	87425
174.866	0.25	0	1	87433
174.882	0.25	0	1	87441
174.9	0.25	1	2	87450
174.916	0.25	1	2	87458
174.932	0.25	0	1	87466
174.95	0.25	0	1	87475
174.966	0.25	0	1	87483
174.982	0.25	0	1	87491
175.0	0.25	0	1	87500
175.016	0.25	0	1	87508
175.032	0.25	1	2	87516
175.05	0.25	1	2	87525
175.066	0.25	1	2	87533
175.082	0.25	1	2	87541
175.1	0.25	0	1	87550
175.116	0.25	0	1	87558
175.132	0.25	1	2	87566
175.15	0.25	1	2	87575
175.166	0.25	0	1	87583
175.182	0.25	0	1	87591
175.2	0.25	0	1	87600
175.216	0.25	0	1	87608
175.232	0.25	0	1	87616
175.25	0.25	0	1	87625
175.266	0.25	1	2	87633
175.282	0.25	1	2	87641
175.3	0.25	0	1	87650
175.316	0.25	0	1	87658
175.332	0.25	1	2	87666
175.35	0.25	1	2	87675
175.366	0.25	0	1	87683
175.382	0.25	0	1	87691
175.4	0.25	0	1	87700
175.416	0.25	0	1	87708
175.432	0.25	1	2	87716
176.9	0.25	1	2	88450
176.916	0.25	1	2	88458
176.932	0.25	1	2	88466
176.95	0.25	1	2	88475
176.966	0.25	0	1	88483
176.982	0.25	0	1	88491
177.0	0.25	1	2	88500
177.016	0.25	1	2	88508
177.032	0.25	1	2	88516
177.05	0.25	1	2	88525
177.066	0.25	0	1	88533
177.082	0.25	0	1	88541
177.1	0.25	1	2	88550
177.116	0.25	1	2	88558
177.132	0.25	1	2	88566
177.15	0.25	1	2	88575
177.166	0.25	0	1	88583
177.182	0.25	0	1	88591
177.2	0.25	1	2	88600
177.216	0.25	1	2	88608
177.232	0.25	1	2	88616
177.25	0.25	1	2	88625
177.266	0.25	0	1	88633
177.282	0.25	0	1	88641
177.3	0.25	0	1	88650
177.316	0.25	0	1	88658
177.332	0.25	0	1	88666
177.35	0.25	0	1	88675
177.366	0.25	1	2	88683
177.382	0.25	1	2	88691
177.4	0.25	1	2	88700
177.416	0.25	1	2	88708
177.432	0.25	1	2	88716
177.45	0.25	1	2	88725
177.466	0.25	0	1	88733
177.482	0.25	0	1	88741
177.5	0.25	0	1	88750
177.516	0.25	0	1	88758
177.532	0.25	0	1	88766
177.55	0.25	0	1	88775
177.566	0.25	1	2	88783
177.582	0.25	1	2	88791
177.6	0.25	1	2	88800
177.616	0.25	1	2	88808
177.632	0.25	1	2	88816
177.65	0.25	1	2	88825
177.666	0.25	1	2	88833
177.682	0.25	1	2	88841
177.7	0.25	1	2	88850
177.716	0.25	1	2	88858
177.732	0.25	0	1	88866
177.75	0.25	0	1	88875
177.766	0.25	0	1	88883
177.782	0.25	0	1	88891
177.8	0.25	1	2	88900
177.816	0.25	1	2	88908
177.832	0.25	0	1	88916
177.85	0.25	0	1	88925
177.866	0.25	1	2	88933
177.882	0.25	1	2	88941
177.9	0.25	0	1	88950
177.916	0.25	0	1	88958
177.932	0.25	0	1	88966
177.95	0.25	0	1	88975
177.966	0.25	1	2	88983
177.982	0.25	1	2	88991
178.0	0.25	1	2	89000
178.016	0.25	1	2	89008
178.032	0.25	0	1	89016
178.05	0.25	0	1	89025
178.066	0.25	0	1	89033
178.082	0.25	0	1	89041
178.1	0.25	0	1	89050
178.116	0.25	0	1	89058
178.132	0.25	0	1	89066
178.15	0.25	0	1	89075
178.166	0.25	1	2	89083
178.182	0.25	1	2	89091
178.2	0.25	0	1	89100
178.216	0.25	0	1	89108
178.232	0.25	0	1	89116
178.25	0.25	0	1	89125
178.266	0.25	0	1	89133
178.282	0.25	0	1	89141
178.3	0.25	0	1	89150
178.316	0.25	0	1	89158
178.332	0.25	1	2	89166
178.35	0.25	1	2	89175
178.366	0.25	1	2	89183
178.382	0.25	1	2	89191
178.4	0.25	1	2	89200
178.416	0.25	1	2	89208
178.432	0.25	1	2	89216
178.45	0.25	1	2	89225
178.466	0.25	1	2	89233
178.482	0.25	1	2	89241
178.5	0.25	1	2	89250
178.516	0.25	1	2	89258
178.532	0.25	0	1	89266
178.55	0.25	0	1	89275
178.566	0.25	1	2	89283
178.582	0.25	1	2	89291
178.6	0.25	0	1	89300
178.616	0.25	0	1	89308
178.632	0.25	1	2	89316
178.65	0.25	1	2	89325
178.666	0.25	0	1	89333
178.682	0.25	0	1	89341
178.7	0.25	0	1	89350
178.716	0.25	0	1	89358
178.732	0.25	1	2	89366
178.75	0.25	1	2	89375
178.766	0.25	1	2	89383
178.782	0.25	1	2	89391
178.8	0.25	0	1	89400
178.816	0.25	0	1	89408
178.832	0.25	0	1	89416
180.332	0.25	0	1	90166
180.35	0.25	0	1	90175
180.366	0.25	0	1	90183
180.382	0.25	0	1	90191
180.4	0.25	1	2	90200
180.416	0.25	1	2	90208
180.432	0.25	1	2	90216
180.45	0.25	1	2	90225
180.466	0.25	0	1	90233
180.482	0.25	0	1	90241
180.5	0.25	0	1	90250
180.516	0.25	0	1	90258
180.532	0.25	0	1	90266
180.55	0.25	0	1	90275
180.566	0.25	0	1	90283
180.582	0.25	0	1	90291
180.6	0.25	1	2	90300
180.616	0.25	1	2	90308
180.632	0.25	1	2	90316
180.65	0.25	1	2	90325
180.666	0.25	1	2	90333
180.682	0.25	1	2	90341
180.7	0.25	1	2	90350
180.716	0.25	1	2	90358
180.732	0.25	1	2	90366
180.75	0.25	1	2	90375
180.766	0.25	0	1	90383
180.782	0.25	0	1	90391
180.8	0.25	0	1	90400
180.816	0.25	0	1	90408
180.832	0.25	0	1	90416
180.85	0.25	0	1	90425
180.866	0.25	0	1	90433
180.882	0.25	0	1	90441
180.9	0.25	0	1	90450
180.916	0.25	0	1	90458
180.932	0.25	0	1	90466
180.95	0.25	0	1	90475
180.966	0.25	1	2	90483
180.982	0.25	1	2	90491
181.0	0.25	1	2	90500
181.016	0.25	1	2	90508
181.032	0.25	0	1	90516
181.05	0.25	0	1	90525
181.066	0.25	0	1	90533
181.082	0.25	0	1	90541
181.1	0.25	1	2	90550
181.116	0.25	1	2	90558
181.132	0.25	0	1	90566
181.15	0.25	0	1	90575
181.166	0.25	1	2	90583
181.182	0.25	1	2	90591
181.2	0.25	0	1	90600
181.216	0.25	0	1	90608
181.232	0.25	1	2	90616
181.25	0.25	1	2	90625
181.266	0.25	0	1	90633
181.282	0.25	0	1	90641
181.3	0.25	1	2	90650
181.316	0.25	1	2	90658
181.332	0.25	1	2	90666
181.35	0.25	1	2	90675
181.366	0.25	0	1	90683
181.382	0.25	0	1	90691
181.4	0.25	1	2	90700
181.416	0.25	1	2	90708
181.432	0.25	0	1	90716
181.45	0.25	0	1	90725
181.466	0.25	0	1	90733
181.482	0.25	0	1	90741
181.5	0.25	0	1	90750
181.516	0.25	0	1	90758
181.532	0.25	1	2	90766
181.55	0.25	1	2	90775
181.566	0.25	0	1	90783
181.582	0.25	0	1	90791
181.6	0.25	0	1	90800
181.616	0.25	0	1	90808
181.632	0.25	0	1	90816
181.65	0.25	0	1	90825
181.666	0.25	1	2	90833
181.682	0.25	1	2	90841
181.7	0.25	1	2	90850
181.716	0.25	1	2	90858
181.732	0.25	1	2	90866
181.75	0.25	1	2	90875
181.766	0.25	0	1	90883
181.782	0.25	0	1	90891
181.8	0.25	1	2	90900
181.816	0.25	1	2	90908
181.832	0.25	0	1	90916
181.85	0.25	0	1	90925
181.866	0.25	1	2	90933
181.882	0.25	1	2	90941
181.9	0.25	1	2	90950
181.916	0.25	1	2	90958
181.932	0.25	1	2	90966
181.95	0.25	1	2	90975
181.966	0.25	1	2	90983
181.982	0.25	1	2	90991
182.0	0.25	1	2	91000
182.016	0.25	1	2	91008
182.032	0.25	0	1	91016
182.05	0.25	0	1	91025
182.066	0.25	0	1	91033
182.082	0.25	0	1	91041
182.1	0.25	1	2	91050
182.116	0.25	1	2	91058
182.132	0.25	0	1	91066
182.15	0.25	0	1	91075
182.166	0.25	0	1	91083
182.182	0.25	0	1	91091
182.2	0.25	0	1	91100
182.216	0.25	0	1	91108
182.232	0.25	1	2	91116
182.25	0.25	1	2	91125
182.266	0.25	1	2	91133
183.75	0.25	1	2	91875
183.766	0.25	1	2	91883
183.782	0.25	1	2	91891
183.8	0.25	1	2	91900
183.816	0.25	0	1	91908
183.832	0.25	0	1	91916
183.85	0.25	0	1	91925
183.866	0.25	0	1	91933
183.882	0.25	0	1	91941
183.9	0.25	0	1	91950
183.916	0.25	0	1	91958
183.932	0.25	0	1	91966
183.95	0.25	1	2	91975
183.966	0.25	1	2	91983
183.982	0.25	0	1	91991
184.0	0.25	0	1	92000
184.016	0.25	0	1	92008
184.032	0.25	0	1	92016
184.05	0.25	1	2	92025
184.066	0.25	1	2	92033
184.082	0.25	1	2	92041
184.1	0.25	1	2	92050
184.116	0.25	0	1	92058
184.132	0.25	0	1	92066
184.15	0.25	0	1	92075
184.166	0.25	0	1	92083
184.182	0.25	0	1	92091
184.2	0.25	0	1	92100
184.216	0.25	0	1	92108
184.232	0.25	0	1	92116
184.25	0.25	0	1	92125
184.266	0.25	0	1	92133
184.282	0.25	0	1	92141
184.3	0.25	0	1	92150
184.316	0.25	1	2	92158
184.332	0.25	1	2	92166
184.35	0.25	0	1	92175
184.366	0.25	0	1	92183
184.382	0.25	1	2	92191
184.4	0.25	1	2	92200
184.416	0.25	1	2	92208
184.432	0.25	1	2	92216
184.45	0.25	0	1	92225
184.466	0.25	0	1	92233
184.482	0.25	1	2	92241
184.5	0.25	1	2	92250
184.516	0.25	0	1	92258
184.532	0.25	0	1	92266
184.55	0.25	1	2	92275
184.566	0.25	1	2	92283
184.582	0.25	0	1	92291
184.6	0.25	0	1	92300
184.616	0.25	1	2	92308
184.632	0.25	1	2	92316
184.65	0.25	0	1	92325
184.666	0.25	0	1	92333
184.682	0.25	0	1	92341
184.7	0.25	0	1	92350
184.716	0.25	0	1	92358
184.732	0.25	0	1	92366
184.75	0.25	1	2	92375
184.766	0.25	1	2	92383
184.782	0.25	1	2	92391
184.8	0.25	1	2	92400
184.816	0.25	1	2	92408
184.832	0.25	1	2	92416
184.85	0.25	0	1	92425
184.866	0.25	0	1	92433
184.882	0.25	1	2	92441
184.9	0.25	1	2	92450
184.916	0.25	1	2	92458
184.932	0.25	1	2	92466
184.95	0.25	1	2	92475
184.966	0.25	1	2	92483
184.982	0.25	0	1	92491
185.0	0.25	0	1	92500
185.016	0.25	1	2	92508
185.032	0.25	1	2	92516
185.05	0.25	0	1	92525
185.066	0.25	0	1	92533
185.082	0.25	1	2	92541
185.1	0.25	1	2	92550
185.116	0.25	1	2	92558
185.132	0.25	1	2	92566
185.15	0.25	0	1	92575
185.166	0.25	0	1	92583
185.182	0.25	0	1	92591
185.2	0.25	0	1	92600
185.216	0.25	0	1	92608
185.232	0.25	0	1	92616
185.25	0.25	1	2	92625
185.266	0.25	1	2	92633
185.282	0.25	1	2	92641
185.3	0.25	1	2	92650
185.316	0.25	0	1	92658
185.332	0.25	0	1	92666
185.35	0.25	1	2	92675
185.366	0.25	1	2	92683
185.382	0.25	1	2	92691
185.4	0.25	1	2	92700
185.416	0.25	1	2	92708
185.432	0.25	1	2	92716
185.45	0.25	0	1	92725
185.466	0.25	0	1	92733
185.482	0.25	0	1	92741
185.5	0.25	0	1	92750
185.516	0.25	0	1	92758
185.532	0.25	0	1	92766
185.55	0.25	0	1	92775
185.566	0.25	0	1	92783
185.582	0.25	0	1	92791
185.6	0.25	0	1	92800
185.616	0.25	1	2	92808
185.632	0.25	1	2	92816
185.65	0.25	1	2	92825
185.666	0.25	1	2	92833
185.682	0.25	1	2	92841
188.6	0.25	1	2	94300
188.616	0.25	1	2	94308
188.632	0.25	1	2	94316
188.65	0.25	1	2	94325
188.666	0.25	0	1	94333
188.682	0.25	0	1	94341
188.7	0.25	0	1	94350
188.716	0.25	0	1	94358
188.732	0.25	0	1	94366
188.75	0.25	0	1	94375
188.766	0.25	0	1	94383
188.782	0.25	0	1	94391
188.8	0.25	1	2	94400
188.816	0.25	1	2	94408
188.832	0.25	0	1	94416
188.85	0.25	0	1	94425
188.866	0.25	0	1	94433
188.882	0.25	0	1	94441
188.9	0.25	1	2	94450
188.916	0.25	1	2	94458
188.932	0.25	1	2	94466
188.95	0.25	1	2	94475
188.966	0.25	0	1	94483
188.982	0.25	0	1	94491
189.0	0.25	0	1	94500
189.016	0.25	0	1	94508
189.032	0.25	0	1	94516
189.05	0.25	0	1	94525
189.066	0.25	0	1	94533
189.082	0.25	0	1	94541
189.1	0.25	0	1	94550
189.116	0.25	0	1	94558
189.132	0.25	0	1	94566
189.15	0.25	0	1	94575
189.166	0.25	1	2	94583
189.182	0.25	1	2	94591
189.2	0.25	0	1	94600
189.216	0.25	0	1	94608
189.232	0.25	1	2	94616
189.25	0.25	1	2	94625
189.266	0.25	1	2	94633
189.282	0.25	1	2	94641
189.3	0.25	0	1	94650
189.316	0.25	0	1	94658
189.332	0.25	1	2	94666
189.35	0.25	1	2	94675
189.366	0.25	0	1	94683
189.382	0.25	0	1	94691
189.4	0.25	1	2	94700
189.416	0.25	1	2	94708
189.432	0.25	0	1	94716
189.45	0.25	0	1	94725
189.466	0.25	1	2	94733
189.482	0.25	1	2	94741
189.5	0.25	0	1	94750
189.516	0.25	0	1	94758
189.532	0.25	0	1	94766
189.55	0.25	0	1	94775
189.566	0.25	0	1	94783
189.582	0.25	0	1	94791
189.6	0.25	1	2	94800
189.616	0.25	1	2	94808
189.632	0.25	1	2	94816
189.65	0.25	1	2	94825
189.666	0.25	1	2	94833
189.682	0.25	1	2	94841
189.7	0.25	0	1	94850
189.716	0.25	0	1	94858
189.732	0.25	1	2	94866
189.75	0.25	1	2	94875
189.766	0.25	1	2	94883
189.782	0.25	1	2	94891
189.8	0.25	1	2	94900
189.816	0.25	1	2	94908
189.832	0.25	0	1	94916
189.85	0.25	0	1	94925
189.866	0.25	1	2	94933
189.882	0.25	1	2	94941
189.9	0.25	0	1	94950
189.916	0.25	0	1	94958
189.932	0.25	1	2	94966
189.95	0.25	1	2	94975
189.966	0.25	1	2	94983
189.982	0.25	1	2	94991
190.0	0.25	0	1	95000
190.016	0.25	0	1	95008
190.032	0.25	0	1	95016
190.05	0.25	0	1	95025
190.066	0.25	0	1	95033
190.082	0.25	0	1	95041
190.1	0.25	1	2	95050
190.116	0.25	1	2	95058
190.132	0.25	1	2	95066
190.15	0.25	1	2	95075
190.166	0.25	0	1	95083
190.182	0.25	0	1	95091
190.2	0.25	1	2	95100
190.216	0.25	1	2	95108
190.232	0.25	1	2	95116
190.25	0.25	1	2	95125
190.266	0.25	1	2	95133
190.282	0.25	1	2	95141
190.3	0.25	0	1	95150
190.316	0.25	0	1	95158
190.332	0.25	0	1	95166
190.35	0.25	0	1	95175
190.366	0.25	0	1	95183
190.382	0.25	0	1	95191
190.4	0.25	0	1	95200
190.416	0.25	0	1	95208
190.432	0.25	0	1	95216
190.45	0.25	0	1	95225
190.466	0.25	1	2	95233
190.482	0.25	1	2	95241
190.5	0.25	1	2	95250
190.516	0.25	1	2	95258
190.532	0.25	1	2	95266
192.032	0.25	1	2	96016
192.05	0.25	1	2	96025
192.066	0.25	1	2	96033
192.082	0.25	1	2	96041
192.1	0.25	0	1	96050
192.116	0.25	0	1	96058
192.132	0.25	1	2	96066
192.15	0.25	1	2	96075
192.166	0.25	1	2	96083
192.182	0.25	1	2	96091
192.2	0.25	0	1	96100
192.216	0.25	0	1	96108
192.232	0.25	1	2	96116
192.25	0.25	1	2	96125
192.266	0.25	1	2	96133
192.282	0.25	1	2	96141
192.3	0.25	0	1	96150
192.316	0.25	0	1	96158
192.332	0.25	1	2	96166
192.35	0.25	1	2	96175
192.366	0.25	1	2	96183
192.382	0.25	1	2	96191
192.4	0.25	0	1	96200
192.416	0.25	0	1	96208
192.432	0.25	0	1	96216
192.45	0.25	0	1	96225
192.466	0.25	0	1	96233
192.482	0.25	0	1	96241
192.5	0.25	1	2	96250
192.516	0.25	1	2	96258
192.532	0.25	1	2	96266
192.55	0.25	1	2	96275
192.566	0.25	1	2	96283
192.582	0.25	1	2	96291
192.6	0.25	0	1	96300
192.616	0.25	0	1	96308
192.632	0.25	0	1	96316
192.65	0.25	0	1	96325
192.666	0.25	0	1	96333
192.682	0.25	0	1	96341
192.7	0.25	1	2	96350
192.716	0.25	1	2	96358
192.732	0.25	1	2	96366
192.75	0.25	1	2	96375
192.766	0.25	1	2	96383
192.782	0.25	1	2	96391
192.8	0.25	1	2	96400
192.816	0.25	1	2	96408
192.832	0.25	1	2	96416
192.85	0.25	1	2	96425
192.866	0.25	0	1	96433
192.882	0.25	0	1	96441
192.9	0.25	0	1	96450
192.916	0.25	0	1	96458
192.932	0.25	1	2	96466
192.95	0.25	1	2	96475
192.966	0.25	0	1	96483
192.982	0.25	0	1	96491
193.0	0.25	1	2	96500
193.016	0.25	1	2	96508
193.032	0.25	0	1	96516
193.05	0.25	0	1	96525
193.066	0.25	0	1	96533
193.082	0.25	0	1	96541
193.1	0.25	1	2	96550
193.116	0.25	1	2	96558
193.132	0.25	1	2	96566
193.15	0.25	1	2	96575
193.166	0.25	0	1	96583
193.182	0.25	0	1	96591
193.2	0.25	0	1	96600
193.216	0.25	0	1	96608
193.232	0.25	0	1	96616
193.25	0.25	0	1	96625
193.266	0.25	0	1	96633
193.282	0.25	0	1	96641
193.3	0.25	1	2	96650
193.316	0.25	1	2	96658
193.332	0.25	0	1	96666
193.35	0.25	0	1	96675
193.366	0.25	0	1	96683
193.382	0.25	0	1	96691
193.4	0.25	0	1	96700
193.416	0.25	0	1	96708
193.432	0.25	0	1	96716
193.45	0.25	0	1	96725
193.466	0.25	1	2	96733
193.482	0.25	1	2	96741
193.5	0.25	1	2	96750
193.516	0.25	1	2	96758
193.532	0.25	1	2	96766
193.55	0.25	1	2	96775
193.566	0.25	1	2	96783
193.582	0.25	1	2	96791
193.6	0.25	1	2	96800
193.616	0.25	1	2	96808
193.632	0.25	1	2	96816
193.65	0.25	1	2	96825
193.666	0.25	0	1	96833
193.682	0.25	0	1	96841
193.7	0.25	1	2	96850
193.716	0.25	1	2	96858
193.732	0.25	0	1	96866
193.75	0.25	0	1	96875
193.766	0.25	1	2	96883
193.782	0.25	1	2	96891
193.8	0.25	0	1	96900
193.816	0.25	0	1	96908
193.832	0.25	0	1	96916
193.85	0.25	0	1	96925
193.866	0.25	1	2	96933
193.882	0.25	1	2	96941
193.9	0.25	1	2	96950
193.916	0.25	1	2	96958
193.932	0.25	0	1	96966
193.95	0.25	0	1	96975
193.966	0.25	0	1	96983
195.45	0.25	1	2	97725
195.466	0.25	1	2	97733
195.482	0.25	1	2	97741
195.5	0.25	1	2	97750
195.516	0.25	1	2	97758
195.532	0.25	1	2	97766
195.55	0.25	1	2	97775
195.566	0.25	1	2	97783
195.582	0.25	1	2	97791
195.6	0.25	1	2	97800
195.616	0.25	1	2	97808
195.632	0.25	1	2	97816
195.65	0.25	1	2	97825
195.666	0.25	1	2	97833
195.682	0.25	0	1	97841
195.7	0.25	0	1	97850
195.716	0.25	0	1	97858
195.732	0.25	0	1	97866
195.75	0.25	1	2	97875
195.766	0.25	1	2	97883
195.782	0.25	1	2	97891
195.8	0.25	1	2	97900
195.816	0.25	0	1	97908
195.832	0.25	0	1	97916
195.85	0.25	0	1	97925
195.866	0.25	0	1	97933
195.882	0.25	1	2	97941
195.9	0.25	1	2	97950
195.916	0.25	1	2	97958
195.932	0.25	1	2	97966
195.95	0.25	0	1	97975
195.966	0.25	0	1	97983
195.982	0.25	0	1	97991
196.0	0.25	0	1	98000
196.016	0.25	1	2	98008
196.032	0.25	1	2	98016
196.05	0.25	0	1	98025
196.066	0.25	0	1	98033
196.082	0.25	1	2	98041
196.1	0.25	1	2	98050
196.116	0.25	1	2	98058
196.132	0.25	1	2	98066
196.15	0.25	0	1	98075
196.166	0.25	0	1	98083
196.182	0.25	1	2	98091
196.2	0.25	1	2	98100
196.216	0.25	0	1	98108
196.232	0.25	0	1	98116
196.25	0.25	0	1	98125
196.266	0.25	0	1	98133
196.282	0.25	1	2	98141
196.3	0.25	1	2	98150
196.316	0.25	0	1	98158
196.332	0.25	0	1	98166
196.35	0.25	1	2	98175
196.366	0.25	1	2	98183
196.382	0.25	1	2	98191
196.4	0.25	1	2	98200
196.416	0.25	1	2	98208
196.432	0.25	1	2	98216
196.45	0.25	0	1	98225
196.466	0.25	0	1	98233
196.482	0.25	0	1	98241
196.5	0.25	0	1	98250
196.516	0.25	0	1	98258
196.532	0.25	0	1	98266
196.55	0.25	1	2	98275
196.566	0.25	1	2	98283
196.582	0.25	0	1	98291
196.6	0.25	0	1	98300
196.616	0.25	1	2	98308
196.632	0.25	1	2	98316
196.65	0.25	1	2	98325
196.666	0.25	1	2	98333
196.682	0.25	1	2	98341
196.7	0.25	1	2	98350
196.716	0.25	0	1	98358
196.732	0.25	0	1	98366
196.75	0.25	0	1	98375
196.766	0.25	0	1	98383
196.782	0.25	1	2	98391
196.8	0.25	1	2	98400
196.816	0.25	0	1	98408
196.832	0.25	0	1	98416
196.85	0.25	1	2	98425
196.866	0.25	1	2	98433
196.882	0.25	0	1	98441
196.9	0.25	0	1	98450
196.916	0.25	0	1	98458
196.932	0.25	0	1	98466
196.95	0.25	0	1	98475
196.966	0.25	0	1	98483
196.982	0.25	1	2	98491
197.0	0.25	1	2	98500
197.016	0.25	1	2	98508
197.032	0.25	1	2	98516
197.05	0.25	0	1	98525
197.066	0.25	0	1	98533
197.082	0.25	1	2	98541
197.1	0.25	1	2	98550
197.116	0.25	0	1	98558
197.132	0.25	0	1	98566
197.15	0.25	0	1	98575
197.166	0.25	0	1	98583
197.182	0.25	0	1	98591
197.2	0.25	0	1	98600
197.216	0.25	1	2	98608
197.232	0.25	1	2	98616
197.25	0.25	0	1	98625
197.266	0.25	0	1	98633
197.282	0.25	1	2	98641
197.3	0.25	1	2	98650
197.316	0.25	0	1	98658
197.332	0.25	0	1	98666
197.35	0.25	0	1	98675
197.366	0.25	0	1	98683
197.382	0.25	1	2	98691
198.85	0.25	0	1	99425
198.866	0.25	0	1	99433
198.882	0.25	0	1	99441
198.9	0.25	0	1	99450
198.916	0.25	1	2	99458
198.932	0.25	1	2	99466
198.95	0.25	1	2	99475
198.966	0.25	1	2	99483
198.982	0.25	0	1	99491
199.0	0.25	0	1	99500
199.016	0.25	0	1	99508
199.032	0.25	0	1	99516
199.05	0.25	0	1	99525
199.066	0.25	0	1	99533
199.082	0.25	0	1	99541
199.1	0.25	0	1	99550
199.116	0.25	1	2	99558
199.132	0.25	1	2	99566
199.15	0.25	1	2	99575
199.166	0.25	1	2	99583
199.182	0.25	1	2	99591
199.2	0.25	1	2	99600
199.216	0.25	1	2	99608
199.232	0.25	1	2	99616
199.25	0.25	1	2	99625
199.266	0.25	1	2	99633
199.282	0.25	0	1	99641
199.3	0.25	0	1	99650
199.316	0.25	0	1	99658
199.332	0.25	0	1	99666
199.35	0.25	0	1	99675
199.366	0.25	0	1	99683
199.382	0.25	0	1	99691
199.4	0.25	0	1	99700
199.416	0.25	0	1	99708
199.432	0.25	0	1	99716
199.45	0.25	0	1	99725
199.466	0.25	0	1	99733
199.482	0.25	1	2	99741
199.5	0.25	1	2	99750
199.516	0.25	1	2	99758
199.532	0.25	1	2	99766
199.55	0.25	0	1	99775
199.566	0.25	0	1	99783
199.582	0.25	0	1	99791
199.6	0.25	0	1	99800
199.616	0.25	1	2	99808
199.632	0.25	1	2	99816
199.65	0.25	0	1	99825
199.666	0.25	0	1	99833
199.682	0.25	1	2	99841
199.7	0.25	1	2	99850
199.716	0.25	0	1	99858
199.732	0.25	0	1	99866
199.75	0.25	1	2	99875
199.766	0.25	1	2	99883
199.782	0.25	0	1	99891
199.8	0.25	0	1	99900
199.816	0.25	1	2	99908
199.832	0.25	1	2	99916
199.85	0.25	1	2	99925
199.866	0.25	1	2	99933
199.882	0.25	0	1	99941
199.9	0.25	0	1	99950
199.916	0.25	1	2	99958
199.932	0.25	1	2	99966
199.95	0.25	0	1	99975
199.966	0.25	0	1	99983
199.982	0.25	0	1	99991
200.0	0.25	0	1	100000
200.016	0.25	0	1	100008
200.032	0.25	0	1	100016
200.05	0.25	1	2	100025
200.066	0.25	1	2	100033
200.082	0.25	0	1	100041
200.1	0.25	0	1	100050
200.116	0.25	0	1	100058
200.132	0.25	0	1	100066
200.15	0.25	0	1	100075
200.166	0.25	0	1	100083
200.182	0.25	1	2	100091
200.2	0.25	1	2	100100
200.216	0.25	1	2	100108
200.232	0.25	1	2	100116
200.25	0.25	1	2	100125
200.266	0.25	1	2	100133
200.282	0.25	0	1	100141
200.3	0.25	0	1	100150
200.316	0.25	1	2	100158
200.332	0.25	1	2	100166
200.35	0.25	0	1	100175
200.366	0.25	0	1	100183
200.382	0.25	1	2	100191
200.4	0.25	1	2	100200
200.416	0.25	1	2	100208
200.432	0.25	1	2	100216
200.45	0.25	1	2	100225
200.466	0.25	1	2	100233
200.482	0.25	1	2	100241
200.5	0.25	1	2	100250
200.516	0.25	1	2	100258
200.532	0.25	1	2	100266
200.55	0.25	0	1	100275
200.566	0.25	0	1	100283
200.582	0.25	0	1	100291
200.6	0.25	0	1	100300
200.616	0.25	1	2	100308
200.632	0.25	1	2	100316
200.65	0.25	0	1	100325
200.666	0.25	0	1	100333
200.682	0.25	0	1	100341
200.7	0.25	0	1	100350
200.716	0.25	0	1	100358
200.732	0.25	0	1	100366
200.75	0.25	1	2	100375
200.766	0.25	1	2	100383
200.782	0.25	1	2	100391
203.832	0.25	1	2	101916
203.85	0.25	1	2	101925
203.866	0.25	1	2	101933
203.882	0.25	1	2	101941
203.9	0.25	0	1	101950
203.916	0.25	0	1	101958
203.932	0.25	0	1	101966
203.95	0.25	0	1	101975
203.966	0.25	0	1	101983
203.982	0.25	0	1	101991
204.0	0.25	0	1	102000
204.016	0.25	0	1	102008
204.032	0.25	1	2	102016
204.05	0.25	1	2	102025
204.066	0.25	0	1	102033
204.082	0.25	0	1	102041
204.1	0.25	0	1	102050
204.116	0.25	0	1	102058
204.132	0.25	1	2	102066
204.15	0.25	1	2	102075
204.166	0.25	1	2	102083
204.182	0.25	1	2	102091
204.2	0.25	0	1	102100
204.216	0.25	0	1	102108
204.232	0.25	0	1	102116
204.25	0.25	0	1	102125
204.266	0.25	0	1	102133
204.282	0.25	0	1	102141
204.3	0.25	0	1	102150
204.316	0.25	0	1	102158
204.332	0.25	0	1	102166
204.35	0.25	0	1	102175
204.366	0.25	0	1	102183
204.382	0.25	0	1	102191
204.4	0.25	1	2	102200
204.416	0.25	1	2	102208
204.432	0.25	0	1	102216
204.45	0.25	0	1	102225
204.466	0.25	1	2	102233
204.482	0.25	1	2	102241
204.5	0.25	1	2	102250
204.516	0.25	1	2	102258
204.532	0.25	0	1	102266
204.55	0.25	0	1	102275
204.566	0.25	1	2	102283
204.582	0.25	1	2	102291
204.6	0.25	0	1	102300
204.616	0.25	0	1	102308
204.632	0.25	1	2	102316
204.65	0.25	1	2	102325
204.666	0.25	0	1	102333
204.682	0.25	0	1	102341
204.7	0.25	1	2	102350
204.716	0.25	1	2	102358
204.732	0.25	0	1	102366
204.75	0.25	0	1	102375
204.766	0.25	0	1	102383
204.782	0.25	0	1	102391
204.8	0.25	0	1	102400
204.816	0.25	0	1	102408
204.832	0.25	1	2	102416
204.85	0.25	1	2	102425
204.866	0.25	1	2	102433
204.882	0.25	1	2	102441
204.9	0.25	1	2	102450
204.916	0.25	1	2	102458
204.932	0.25	0	1	102466
204.95	0.25	0	1	102475
204.966	0.25	1	2	102483
204.982	0.25	1	2	102491
205.0	0.25	1	2	102500
205.016	0.25	1	2	102508
205.032	0.25	1	2	102516
205.05	0.25	1	2	102525
205.066	0.25	0	1	102533
205.082	0.25	0	1	102541
205.1	0.25	1	2	102550
205.116	0.25	1	2	102558
205.132	0.25	0	1	102566
205.15	0.25	0	1	102575
205.166	0.25	1	2	102583
205.182	0.25	1	2	102591
205.2	0.25	1	2	102600
205.216	0.25	1	2	102608
205.232	0.25	0	1	102616
205.25	0.25	0	1	102625
205.266	0.25	0	1	102633
205.282	0.25	0	1	102641
205.3	0.25	0	1	102650
205.316	0.25	0	1	102658
205.332	0.25	1	2	102666
205.35	0.25	1	2	102675
205.366	0.25	1	2	102683
205.382	0.25	1	2	102691
205.4	0.25	0	1	102700
205.416	0.25	0	1	102708
205.432	0.25	1	2	102716
205.45	0.25	1	2	102725
205.466	0.25	1	2	102733
205.482	0.25	1	2	102741
205.5	0.25	1	2	102750
205.516	0.25	1	2	102758
205.532	0.25	0	1	102766
205.55	0.25	0	1	102775
205.566	0.25	0	1	102783
205.582	0.25	0	1	102791
205.6	0.25	0	1	102800
205.616	0.25	0	1	102808
205.632	0.25	0	1	102816
205.65	0.25	0	1	102825
205.666	0.25	0	1	102833
205.682	0.25	0	1	102841
205.7	0.25	1	2	102850
205.716	0.25	1	2	102858
205.732	0.25	1	2	102866
205.75	0.25	1	2	102875
205.766	0.25	1	2	102883
207.25	0.25	1	2	103625
207.266	0.25	1	2	103633
207.282	0.25	1	2	103641
207.3	0.25	1	2	103650
207.316	0.25	0	1	103658
207.332	0.25	0	1	103666
207.35	0.25	1	2	103675
207.366	0.25	1	2	103683
207.382	0.25	1	2	103691
207.4	0.25	1	2	103700
207.416	0.25	0	1	103708
207.432	0.25	0	1	103716
207.45	0.25	1	2	103725
207.466	0.25	1	2	103733
207.482	0.25	1	2	103741
207.5	0.25	1	2	103750
207.516	0.25	0	1	103758
207.532	0.25	0	1	103766
207.55	0.25	1	2	103775
207.566	0.25	1	2	103783
207.582	0.25	1	2	103791
207.6	0.25	1	2	103800
207.616	0.25	0	1	103808
207.632	0.25	0	1	103816
207.65	0.25	0	1	103825
207.666	0.25	0	1	103833
207.682	0.25	0	1	103841
207.7	0.25	0	1	103850
207.716	0.25	1	2	103858
207.732	0.25	1	2	103866
207.75	0.25	1	2	103875
207.766	0.25	1	2	103883
207.782	0.25	1	2	103891
207.8	0.25	1	2	103900
207.816	0.25	0	1	103908
207.832	0.25	0	1	103916
207.85	0.25	0	1	103925
207.866	0.25	0	1	103933
207.882	0.25	0	1	103941
207.9	0.25	0	1	103950
207.916	0.25	1	2	103958
207.932	0.25	1	2	103966
207.95	0.25	1	2	103975
207.966	0.25	1	2	103983
207.982	0.25	1	2	103991
208.0	0.25	1	2	104000
208.016	0.25	1	2	104008
208.032	0.25	1	2	104016
208.05	0.25	1	2	104025
208.066	0.25	1	2	104033
208.082	0.25	0	1	104041
208.1	0.25	0	1	104050
208.116	0.25	0	1	104058
208.132	0.25	0	1	104066
208.15	0.25	1	2	104075
208.166	0.25	1	2	104083
208.182	0.25	0	1	104091
208.2	0.25	0	1	104100
208.216	0.25	1	2	104108
208.232	0.25	1	2	104116
208.25	0.25	0	1	104125
208.266	0.25	0	1	104133
208.282	0.25	0	1	104141
208.3	0.25	0	1	104150
208.316	0.25	1	2	104158
208.332	0.25	1	2	104166
208.35	0.25	1	2	104175
208.366	0.25	1	2	104183
208.382	0.25	0	1	104191
208.4	0.25	0	1	104200
208.416	0.25	0	1	104208
208.432	0.25	0	1	104216
208.45	0.25	0	1	104225
208.466	0.25	0	1	104233
208.482	0.25	0	1	104241
208.5	0.25	0	1	104250
208.516	0.25	1	2	104258
208.532	0.25	1	2	104266
208.55	0.25	0	1	104275
208.566	0.25	0	1	104283
208.582	0.25	0	1	104291
208.6	0.25	0	1	104300
208.616	0.25	0	1	104308
208.632	0.25	0	1	104316
208.65	0.25	0	1	104325
208.666	0.25	0	1	104333
208.682	0.25	1	2	104341
208.7	0.25	1	2	104350
208.716	0.25	1	2	104358
208.732	0.25	1	2	104366
208.75	0.25	1	2	104375
208.766	0.25	1	2	104383
208.782	0.25	1	2	104391
208.8	0.25	1	2	104400
208.816	0.25	1	2	104408
208.832	0.25	1	2	104416
208.85	0.25	1	2	104425
208.866	0.25	1	2	104433
208.882	0.25	0	1	104441
208.9	0.25	0	1	104450
208.916	0.25	1	2	104458
208.932	0.25	1	2	104466
208.95	0.25	0	1	104475
208.966	0.25	0	1	104483
208.982	0.25	1	2	104491
209.0	0.25	1	2	104500
209.016	0.25	0	1	104508
209.032	0.25	0	1	104516
209.05	0.25	0	1	104525
209.066	0.25	0	1	104533
209.082	0.25	1	2	104541
209.1	0.25	1	2	104550
209.116	0.25	1	2	104558
209.132	0.25	1	2	104566
209.15	0.25	0	1	104575
209.166	0.25	0	1	104583
209.182	0.25	0	1	104591
210.65	0.25	0	1	105325
210.666	0.25	0	1	105333
210.682	0.25	0	1	105341
210.7	0.25	0	1	105350
210.716	0.25	1	2	105358
210.732	0.25	1	2	105366
210.75	0.25	1	2	105375
210.766	0.25	1	2	105383
210.782	0.25	0	1	105391
210.8	0.25	0	1	105400
210.816	0.25	0	1	105408
210.832	0.25	0	1	105416
210.85	0.25	0	1	105425
210.866	0.25	0	1	105433
210.882	0.25	0	1	105441
210.9	0.25	0	1	105450
210.916	0.25	1	2	105458
210.932	0.25	1	2	105466
210.95	0.25	1	2	105475
210.966	0.25	1	2	105483
210.982	0.25	1	2	105491
211.0	0.25	1	2	105500
211.016	0.25	1	2	105508
211.032	0.25	1	2	105516
211.05	0.25	1	2	105525
211.066	0.25	1	2	105533
211.082	0.25	0	1	105541
211.1	0.25	0	1	105550
211.116	0.25	0	1	105558
211.132	0.25	0	1	105566
211.15	0.25	0	1	105575
211.166	0.25	0	1	105583
211.182	0.25	0	1	105591
211.2	0.25	0	1	105600
211.216	0.25	0	1	105608
211.232	0.25	0	1	105616
211.25	0.25	0	1	105625
211.266	0.25	0	1	105633
211.282	0.25	1	2	105641
211.3	0.25	1	2	105650
211.316	0.25	1	2	105658
211.332	0.25	1	2	105666
211.35	0.25	0	1	105675
211.366	0.25	0	1	105683
211.382	0.25	0	1	105691
211.4	0.25	0	1	105700
211.416	0.25	1	2	105708
211.432	0.25	1	2	105716
211.45	0.25	0	1	105725
211.466	0.25	0	1	105733
211.482	0.25	1	2	105741
211.5	0.25	1	2	105750
211.516	0.25	0	1	105758
211.532	0.25	0	1	105766
211.55	0.25	1	2	105775
211.566	0.25	1	2	105783
211.582	0.25	0	1	105791
211.6	0.25	0	1	105800
211.616	0.25	1	2	105808
211.632	0.25	1	2	105816
211.65	0.25	1	2	105825
211.666	0.25	1	2	105833
211.682	0.25	0	1	105841
211.7	0.25	0	1	105850
211.716	0.25	1	2	105858
211.732	0.25	1	2	105866
211.75	0.25	0	1	105875
211.766	0.25	0	1	105883
211.782	0.25	0	1	105891
211.8	0.25	0	1	105900
211.816	0.25	0	1	105908
211.832	0.25	0	1	105916
211.85	0.25	1	2	105925
211.866	0.25	1	2	105933
211.882	0.25	0	1	105941
211.9	0.25	0	1	105950
211.916	0.25	0	1	105958
211.932	0.25	0	1	105966
211.95	0.25	0	1	105975
211.966	0.25	0	1	105983
211.982	0.25	1	2	105991
212.0	0.25	1	2	106000
212.016	0.25	1	2	106008
212.032	0.25	1	2	106016
212.05	0.25	1	2	106025
212.066	0.25	1	2	106033
212.082	0.25	0	1	106041
212.1	0.25	0	1	106050
212.116	0.25	1	2	106058
212.132	0.25	1	2	106066
212.15	0.25	0	1	106075
212.166	0.25	0	1	106083
212.182	0.25	1	2	106091
212.2	0.25	1	2	106100
212.216	0.25	1	2	106108
212.232	0.25	1	2	106116
212.25	0.25	1	2	106125
212.266	0.25	1	2	106133
212.282	0.25	1	2	106141
212.3	0.25	1	2	106150
212.316	0.25	1	2	106158
212.332	0.25	1	2	106166
212.35	0.25	0	1	106175
212.366	0.25	0	1	106183
212.382	0.25	0	1	106191
212.4	0.25	0	1	106200
212.416	0.25	1	2	106208
212.432	0.25	1	2	106216
212.45	0.25	0	1	106225
212.466	0.25	0	1	106233
212.482	0.25	0	1	106241
212.5	0.25	0	1	106250
212.516	0.25	0	1	106258
212.532	0.25	0	1	106266
212.55	0.25	1	2	106275
212.566	0.25	1	2	106283
212.582	0.25	1	2	106291
214.082	0.25	1	2	107041
214.1	0.25	1	2	107050
214.116	0.25	1	2	107058
214.132	0.25	1	2	107066
214.15	0.25	1	2	107075
214.166	0.25	1	2	107083
214.182	0.25	1	2	107091
214.2	0.25	1	2	107100
214.216	0.25	1	2	107108
214.232	0.25	1	2	107116
214.25	0.25	1	2	107125
214.266	0.25	1	2	107133
214.282	0.25	1	2	107141
214.3	0.25	1	2	107150
214.316	0.25	0	1	107158
214.332	0.25	0	1	107166
214.35	0.25	0	1	107175
214.366	0.25	0	1	107183
214.382	0.25	1	2	107191
214.4	0.25	1	2	107200
214.416	0.25	1	2	107208
214.432	0.25	1	2	107216
214.45	0.25	0	1	107225
214.466	0.25	0	1	107233
214.482	0.25	0	1	107241
214.5	0.25	0	1	107250
214.516	0.25	1	2	107258
214.532	0.25	1	2	107266
214.55	0.25	1	2	107275
214.566	0.25	1	2	107283
214.582	0.25	0	1	107291
214.6	0.25	0	1	107300
214.616	0.25	0	1	107308
214.632	0.25	0	1	107316
214.65	0.25	1	2	107325
214.666	0.25	1	2	107333
214.682	0.25	0	1	107341
214.7	0.25	0	1	107350
214.716	0.25	1	2	107358
214.732	0.25	1	2	107366
214.75	0.25	1	2	107375
214.766	0.25	1	2	107383
214.782	0.25	0	1	107391
214.8	0.25	0	1	107400
214.816	0.25	1	2	107408
214.832	0.25	1	2	107416
214.85	0.25	0	1	107425
214.866	0.25	0	1	107433
214.882	0.25	0	1	107441
214.9	0.25	0	1	107450
214.916	0.25	1	2	107458
214.932	0.25	1	2	107466
214.95	0.25	0	1	107475
214.966	0.25	0	1	107483
214.982	0.25	1	2	107491
215.0	0.25	1	2	107500
215.016	0.25	1	2	107508
215.032	0.25	1	2	107516
215.05	0.25	1	2	107525
215.066	0.25	1	2	107533
215.082	0.25	0	1	107541
215.1	0.25	0	1	107550
215.116	0.25	0	1	107558
215.132	0.25	0	1	107566
215.15	0.25	0	1	107575
215.166	0.25	0	1	107583
215.182	0.25	1	2	107591
215.2	0.25	1	2	107600
215.216	0.25	0	1	107608
215.232	0.25	0	1	107616
215.25	0.25	1	2	107625
215.266	0.25	1	2	107633
215.282	0.25	1	2	107641
215.3	0.25	1	2	107650
215.316	0.25	1	2	107658
215.332	0.25	1	2	107666
215.35	0.25	0	1	107675
215.366	0.25	0	1	107683
215.382	0.25	0	1	107691
215.4	0.25	0	1	107700
215.416	0.25	1	2	107708
215.432	0.25	1	2	107716
215.45	0.25	0	1	107725
215.466	0.25	0	1	107733
215.482	0.25	1	2	107741
215.5	0.25	1	2	107750
215.516	0.25	0	1	107758
215.532	0.25	0	1	107766
215.55	0.25	0	1	107775
215.566	0.25	0	1	107783
215.582	0.25	0	1	107791
215.6	0.25	0	1	107800
215.616	0.25	1	2	107808
215.632	0.25	1	2	107816
215.65	0.25	1	2	107825
215.666	0.25	1	2	107833
215.682	0.25	0	1	107841
215.7	0.25	0	1	107850
215.716	0.25	1	2	107858
215.732	0.25	1	2	107866
215.75	0.25	0	1	107875
215.766	0.25	0	1	107883
215.782	0.25	0	1	107891
215.8	0.25	0	1	107900
215.816	0.25	0	1	107908
215.832	0.25	0	1	107916
215.85	0.25	1	2	107925
215.866	0.25	1	2	107933
215.882	0.25	0	1	107941
215.9	0.25	0	1	107950
215.916	0.25	1	2	107958
215.932	0.25	1	2	107966
215.95	0.25	0	1	107975
215.966	0.25	0	1	107983
215.982	0.25	0	1	107991
216.0	0.25	0	1	108000
216.016	0.25	1	2	108008
218.882	0.25	1	2	109441
218.9	0.25	1	2	109450
218.916	0.25	1	2	109458
218.932	0.25	1	2	109466
218.95	0.25	0	1	109475
218.966	0.25	0	1	109483
218.982	0.25	0	1	109491
219.0	0.25	0	1	109500
219.016	0.25	0	1	109508
219.032	0.25	0	1	109516
219.05	0.25	0	1	109525
219.066	0.25	0	1	109533
219.082	0.25	1	2	109541
219.1	0.25	1	2	109550
219.116	0.25	0	1	109558
219.132	0.25	0	1	109566
219.15	0.25	0	1	109575
219.166	0.25	0	1	109583
219.182	0.25	1	2	109591
219.2	0.25	1	2	109600
219.216	0.25	1	2	109608
219.232	0.25	1	2	109616
219.25	0.25	0	1	109625
219.266	0.25	0	1	109633
219.282	0.25	0	1	109641
219.3	0.25	0	1	109650
219.316	0.25	0	1	109658
219.332	0.25	0	1	109666
219.35	0.25	0	1	109675
219.366	0.25	0	1	109683
219.382	0.25	0	1	109691
219.4	0.25	0	1	109700
219.416	0.25	0	1	109708
219.432	0.25	0	1	109716
219.45	0.25	1	2	109725
219.466	0.25	1	2	109733
219.482	0.25	0	1	109741
219.5	0.25	0	1	109750
219.516	0.25	1	2	109758
219.532	0.25	1	2	109766
219.55	0.25	1	2	109775
219.566	0.25	1	2	109783
219.582	0.25	0	1	109791
219.6	0.25	0	1	109800
219.616	0.25	1	2	109808
219.632	0.25	1	2	109816
219.65	0.25	0	1	109825
219.666	0.25	0	1	109833
219.682	0.25	1	2	109841
219.7	0.25	1	2	109850
219.716	0.25	0	1	109858
219.732	0.25	0	1	109866
219.75	0.25	1	2	109875
219.766	0.25	1	2	109883
219.782	0.25	0	1	109891
219.8	0.25	0	1	109900
219.816	0.25	0	1	109908
219.832	0.25	0	1	109916
219.85	0.25	0	1	109925
219.866	0.25	0	1	109933
219.882	0.25	1	2	109941
219.9	0.25	1	2	109950
219.916	0.25	1	2	109958
219.932	0.25	1	2	109966
219.95	0.25	1	2	109975
219.966	0.25	1	2	109983
219.982	0.25	0	1	109991
220.0	0.25	0	1	110000
220.016	0.25	1	2	110008
220.032	0.25	1	2	110016
220.05	0.25	1	2	110025
220.066	0.25	1	2	110033
220.082	0.25	1	2	110041
220.1	0.25	1	2	110050
220.116	0.25	0	1	110058
220.132	0.25	0	1	110066
220.15	0.25	1	2	110075
220.166	0.25	1	2	110083
220.182	0.25	0	1	110091
220.2	0.25	0	1	110100
220.216	0.25	1	2	110108
220.232	0.25	1	2	110116
220.25	0.25	1	2	110125
220.266	0.25	1	2	110133
220.282	0.25	0	1	110141
220.3	0.25	0	1	110150
220.316	0.25	0	1	110158
220.332	0.25	0	1	110166
220.35	0.25	0	1	110175
220.366	0.25	0	1	110183
220.382	0.25	1	2	110191
220.4	0.25	1	2	110200
220.416	0.25	1	2	110208
220.432	0.25	1	2	110216
220.45	0.25	0	1	110225
220.466	0.25	0	1	110233
220.482	0.25	1	2	110241
220.5	0.25	1	2	110250
220.516	0.25	1	2	110258
220.532	0.25	1	2	110266
220.55	0.25	1	2	110275
220.566	0.25	1	2	110283
220.582	0.25	0	1	110291
220.6	0.25	0	1	110300
220.616	0.25	0	1	110308
220.632	0.25	0	1	110316
220.65	0.25	0	1	110325
220.666	0.25	0	1	110333
220.682	0.25	0	1	110341
220.7	0.25	0	1	110350
220.716	0.25	0	1	110358
220.732	0.25	0	1	110366
220.75	0.25	1	2	110375
220.766	0.25	1	2	110383
220.782	0.25	1	2	110391
220.8	0.25	1	2	110400
220.816	0.25	1	2	110408
222.3	0.25	1	2	111150
222.316	0.25	1	2	111158
222.332	0.25	1	2	111166
222.35	0.25	1	2	111175
222.366	0.25	1	2	111183
222.382	0.25	1	2	111191
222.4	0.25	1	2	111200
222.416	0.25	1	2	111208
222.432	0.25	1	2	111216
222.45	0.25	1	2	111225
222.466	0.25	1	2	111233
222.482	0.25	1	2	111241
222.5	0.25	1	2	111250
222.516	0.25	1	2	111258
222.532	0.25	0	1	111266
222.55	0.25	0	1	111275
222.566	0.25	0	1	111283
222.582	0.25	0	1	111291
222.6	0.25	1	2	111300
222.616	0.25	1	2	111308
222.632	0.25	1	2	111316
222.65	0.25	1	2	111325
222.666	0.25	0	1	111333
222.682	0.25	0	1	111341
222.7	0.25	0	1	111350
222.716	0.25	0	1	111358
222.732	0.25	1	2	111366
222.75	0.25	1	2	111375
222.766	0.25	1	2	111383
222.782	0.25	1	2	111391
222.8	0.25	0	1	111400
222.816	0.25	0	1	111408
222.832	0.25	0	1	111416
222.85	0.25	0	1	111425
222.866	0.25	1	2	111433
222.882	0.25	1	2	111441
222.9	0.25	0	1	111450
222.916	0.25	0	1	111458
222.932	0.25	1	2	111466
222.95	0.25	1	2	111475
222.966	0.25	1	2	111483
222.982	0.25	1	2	111491
223.0	0.25	0	1	111500
223.016	0.25	0	1	111508
223.032	0.25	1	2	111516
223.05	0.25	1	2	111525
223.066	0.25	0	1	111533
223.082	0.25	0	1	111541
223.1	0.25	0	1	111550
223.116	0.25	0	1	111558
223.132	0.25	1	2	111566
223.15	0.25	1	2	111575
223.166	0.25	0	1	111583
223.182	0.25	0	1	111591
223.2	0.25	1	2	111600
223.216	0.25	1	2	111608
223.232	0.25	1	2	111616
223.25	0.25	1	2	111625
223.266	0.25	1	2	111633
223.282	0.25	1	2	111641
223.3	0.25	0	1	111650
223.316	0.25	0	1	111658
223.332	0.25	0	1	111666
223.35	0.25	0	1	111675
223.366	0.25	0	1	111683
223.382	0.25	0	1	111691
223.4	0.25	1	2	111700
223.416	0.25	1	2	111708
223.432	0.25	0	1	111716
223.45	0.25	0	1	111725
223.466	0.25	1	2	111733
223.482	0.25	1	2	111741
223.5	0.25	1	2	111750
223.516	0.25	1	2	111758
223.532	0.25	1	2	111766
223.55	0.25	1	2	111775
223.566	0.25	0	1	111783
223.582	0.25	0	1	111791
223.6	0.25	0	1	111800
223.616	0.25	0	1	111808
223.632	0.25	1	2	111816
223.65	0.25	1	2	111825
223.666	0.25	0	1	111833
223.682	0.25	0	1	111841
223.7	0.25	1	2	111850
223.716	0.25	1	2	111858
223.732	0.25	0	1	111866
223.75	0.25	0	1	111875
223.766	0.25	0	1	111883
223.782	0.25	0	1	111891
223.8	0.25	0	1	111900
223.816	0.25	0	1	111908
223.832	0.25	1	2	111916
223.85	0.25	1	2	111925
223.866	0.25	1	2	111933
223.882	0.25	1	2	111941
223.9	0.25	0	1	111950
223.916	0.25	0	1	111958
223.932	0.25	1	2	111966
223.95	0.25	1	2	111975
223.966	0.25	0	1	111983
223.982	0.25	0	1	111991
224.0	0.25	0	1	112000
224.016	0.25	0	1	112008
224.032	0.25	0	1	112016
224.05	0.25	0	1	112025
224.066	0.25	1	2	112033
224.082	0.25	1	2	112041
224.1	0.25	0	1	112050
224.116	0.25	0	1	112058
224.132	0.25	1	2	112066
224.15	0.25	1	2	112075
224.166	0.25	0	1	112083
224.182	0.25	0	1	112091
224.2	0.25	0	1	112100
224.216	0.25	0	1	112108
224.232	0.25	1	2	112116
225.7	0.25	0	1	112850
225.716	0.25	0	1	112858
225.732	0.25	0	1	112866
225.75	0.25	0	1	112875
225.766	0.25	1	2	112883
225.782	0.25	1	2	112891
225.8	0.25	1	2	112900
225.816	0.25	1	2	112908
225.832	0.25	0	1	112916
225.85	0.25	0	1	112925
225.866	0.25	0	1	112933
225.882	0.25	0	1	112941
225.9	0.25	0	1	112950
225.916	0.25	0	1	112958
225.932	0.25	0	1	112966
225.95	0.25	0	1	112975
225.966	0.25	1	2	112983
225.982	0.25	1	2	112991
226.0	0.25	1	2	113000
226.016	0.25	1	2	113008
226.032	0.25	1	2	113016
226.05	0.25	1	2	113025
226.066	0.25	1	2	113033
226.082	0.25	1	2	113041
226.1	0.25	1	2	113050
226.116	0.25	1	2	113058
226.132	0.25	0	1	113066
226.15	0.25	0	1	113075
226.166	0.25	0	1	113083
226.182	0.25	0	1	113091
226.2	0.25	0	1	113100
226.216	0.25	0	1	113108
226.232	0.25	0	1	113116
226.25	0.25	0	1	113125
226.266	0.25	0	1	113133
226.282	0.25	0	1	113141
226.3	0.25	0	1	113150
226.316	0.25	0	1	113158
226.332	0.25	1	2	113166
226.35	0.25	1	2	113175
226.366	0.25	1	2	113183
226.382	0.25	1	2	113191
226.4	0.25	0	1	113200
226.416	0.25	0	1	113208
226.432	0.25	0	1	113216
226.45	0.25	0	1	113225
226.466	0.25	1	2	113233
226.482	0.25	1	2	113241
226.5	0.25	0	1	113250
226.516	0.25	0	1	113258
226.532	0.25	1	2	113266
226.55	0.25	1	2	113275
226.566	0.25	0	1	113283
226.582	0.25	0	1	113291
226.6	0.25	1	2	113300
226.616	0.25	1	2	113308
226.632	0.25	0	1	113316
226.65	0.25	0	1	113325
226.666	0.25	1	2	113333
226.682	0.25	1	2	113341
226.7	0.25	1	2	113350
226.716	0.25	1	2	113358
226.732	0.25	0	1	113366
226.75	0.25	0	1	113375
226.766	0.25	1	2	113383
226.782	0.25	1	2	113391
226.8	0.25	0	1	113400
226.816	0.25	0	1	113408
226.832	0.25	0	1	113416
226.85	0.25	0	1	113425
226.866	0.25	0	1	113433
226.882	0.25	0	1	113441
226.9	0.25	1	2	113450
226.916	0.25	1	2	113458
226.932	0.25	0	1	113466
226.95	0.25	0	1	113475
226.966	0.25	0	1	113483
226.982	0.25	0	1	113491
227.0	0.25	0	1	113500
227.016	0.25	0	1	113508
227.032	0.25	1	2	113516
227.05	0.25	1	2	113525
227.066	0.25	1	2	113533
227.082	0.25	1	2	113541
227.1	0.25	1	2	113550
227.116	0.25	1	2	113558
227.132	0.25	0	1	113566
227.15	0.25	0	1	113575
227.166	0.25	1	2	113583
227.182	0.25	1	2	113591
227.2	0.25	0	1	113600
227.216	0.25	0	1	113608
227.232	0.25	1	2	113616
227.25	0.25	1	2	113625
227.266	0.25	1	2	113633
227.282	0.25	1	2	113641
227.3	0.25	1	2	113650
227.316	0.25	1	2	113658
227.332	0.25	1	2	113666
227.35	0.25	1	2	113675
227.366	0.25	1	2	113683
227.382	0.25	1	2	113691
227.4	0.25	0	1	113700
227.416	0.25	0	1	113708
227.432	0.25	0	1	113716
227.45	0.25	0	1	113725
227.466	0.25	1	2	113733
227.482	0.25	1	2	113741
227.5	0.25	0	1	113750
227.516	0.25	0	1	113758
227.532	0.25	0	1	113766
227.55	0.25	0	1	113775
227.566	0.25	0	1	113783
227.582	0.25	0	1	113791
227.6	0.25	1	2	113800
227.616	0.25	1	2	113808
227.632	0.25	1	2	113816
229.116	0.25	1	2	114558
229.132	0.25	1	2	114566
229.15	0.25	1	2	114575
229.166	0.25	1	2	114583
229.182	0.25	0	1	114591
229.2	0.25	0	1	114600
229.216	0.25	1	2	114608
229.232	0.25	1	2	114616
229.25	0.25	1	2	114625
229.266	0.25	1	2	114633
229.282	0.25	0	1	114641
229.3	0.25	0	1	114650
229.316	0.25	1	2	114658
229.332	0.25	1	2	114666
229.35	0.25	1	2	114675
229.366	0.25	1	2	114683
229.382	0.25	0	1	114691
229.4	0.25	0	1	114700
229.416	0.25	1	2	114708
229.432	0.25	1	2	114716
229.45	0.25	1	2	114725
229.466	0.25	1	2	114733
229.482	0.25	0	1	114741
229.5	0.25	0	1	114750
229.516	0.25	0	1	114758
229.532	0.25	0	1	114766
229.55	0.25	0	1	114775
229.566	0.25	0	1	114783
229.582	0.25	1	2	114791
229.6	0.25	1	2	114800
229.616	0.25	1	2	114808
229.632	0.25	1	2	114816
229.65	0.25	1	2	114825
229.666	0.25	1	2	114833
229.682	0.25	0	1	114841
229.7	0.25	0	1	114850
229.716	0.25	0	1	114858
229.732	0.25	0	1	114866
229.75	0.25	0	1	114875
229.766	0.25	0	1	114883
229.782	0.25	1	2	114891
229.8	0.25	1	2	114900
229.816	0.25	1	2	114908
229.832	0.25	1	2	114916
229.85	0.25	1	2	114925
229.866	0.25	1	2	114933
229.882	0.25	1	2	114941
229.9	0.25	1	2	114950
229.916	0.25	1	2	114958
229.932	0.25	1	2	114966
229.95	0.25	0	1	114975
229.966	0.25	0	1	114983
229.982	0.25	0	1	114991
230.0	0.25	0	1	115000
230.016	0.25	1	2	115008
230.032	0.25	1	2	115016
230.05	0.25	0	1	115025
230.066	0.25	0	1	115033
230.082	0.25	1	2	115041
230.1	0.25	1	2	115050
230.116	0.25	0	1	115058
230.132	0.25	0	1	115066
230.15	0.25	0	1	115075
230.166	0.25	0	1	115083
230.182	0.25	1	2	115091
230.2	0.25	1	2	115100
230.216	0.25	1	2	115108
230.232	0.25	1	2	115116
230.25	0.25	0	1	115125
230.266	0.25	0	1	115133
230.282	0.25	0	1	115141
230.3	0.25	0	1	115150
230.316	0.25	0	1	115158
230.332	0.25	0	1	115166
230.35	0.25	0	1	115175
230.366	0.25	0	1	115183
230.382	0.25	1	2	115191
230.4	0.25	1	2	115200
230.416	0.25	0	1	115208
230.432	0.25	0	1	115216
230.45	0.25	0	1	115225
230.466	0.25	0	1	115233
230.482	0.25	0	1	115241
230.5	0.25	0	1	115250
230.516	0.25	0	1	115258
230.532	0.25	0	1	115266
230.55	0.25	1	2	115275
230.566	0.25	1	2	115283
230.582	0.25	1	2	115291
230.6	0.25	1	2	115300
230.616	0.25	1	2	115308
230.632	0.25	1	2	115316
230.65	0.25	1	2	115325
230.666	0.25	1	2	115333
230.682	0.25	1	2	115341
230.7	0.25	1	2	115350
230.716	0.25	1	2	115358
230.732	0.25	1	2	115366
230.75	0.25	0	1	115375
230.766	0.25	0	1	115383
230.782	0.25	1	2	115391
230.8	0.25	1	2	115400
230.816	0.25	0	1	115408
230.832	0.25	0	1	115416
230.85	0.25	1	2	115425
230.866	0.25	1	2	115433
230.882	0.25	0	1	115441
230.9	0.25	0	1	115450
230.916	0.25	0	1	115458
230.932	0.25	0	1	115466
230.95	0.25	1	2	115475
230.966	0.25	1	2	115483
230.982	0.25	1	2	115491
231.0	0.25	1	2	115500
231.016	0.25	0	1	115508
231.032	0.25	0	1	115516
231.05	0.25	0	1	115525
234.25	0.25	1	2	117125
234.266	0.25	1	2	117133
234.282	0.25	1	2	117141
234.3	0.25	1	2	117150
234.316	0.25	0	1	117158
234.332	0.25	0	1	117166
234.35	0.25	1	2	117175
234.366	0.25	1	2	117183
234.382	0.25	1	2	117191
234.4	0.25	1	2	117200
234.416	0.25	0	1	117208
234.432	0.25	0	1	117216
234.45	0.25	1	2	117225
234.466	0.25	1	2	117233
234.482	0.25	1	2	117241
234.5	0.25	1	2	117250
234.516	0.25	0	1	117258
234.532	0.25	0	1	117266
234.55	0.25	1	2	117275
234.566	0.25	1	2	117283
234.582	0.25	1	2	117291
234.6	0.25	1	2	117300
234.616	0.25	0	1	117308
234.632	0.25	0	1	117316
234.65	0.25	0	1	117325
234.666	0.25	0	1	117333
234.682	0.25	0	1	117341
234.7	0.25	0	1	117350
234.716	0.25	1	2	117358
234.732	0.25	1	2	117366
234.75	0.25	1	2	117375
234.766	0.25	1	2	117383
234.782	0.25	1	2	117391
234.8	0.25	1	2	117400
234.816	0.25	0	1	117408
234.832	0.25	0	1	117416
234.85	0.25	0	1	117425
234.866	0.25	0	1	117433
234.882	0.25	0	1	117441
234.9	0.25	0	1	117450
234.916	0.25	1	2	117458
234.932	0.25	1	2	117466
234.95	0.25	1	2	117475
234.966	0.25	1	2	117483
234.982	0.25	1	2	117491
235.0	0.25	1	2	117500
235.016	0.25	1	2	117508
235.032	0.25	1	2	117516
235.05	0.25	1	2	117525
235.066	0.25	1	2	117533
235.082	0.25	0	1	117541
235.1	0.25	0	1	117550
235.116	0.25	0	1	117558
235.132	0.25	0	1	117566
235.15	0.25	1	2	117575
235.166	0.25	1	2	117583
235.182	0.25	0	1	117591
235.2	0.25	0	1	117600
235.216	0.25	1	2	117608
235.232	0.25	1	2	117616
235.25	0.25	0	1	117625
235.266	0.25	0	1	117633
235.282	0.25	0	1	117641
235.3	0.25	0	1	117650
235.316	0.25	1	2	117658
235.332	0.25	1	2	117666
235.35	0.25	1	2	117675
235.366	0.25	1	2	117683
235.382	0.25	0	1	117691
235.4	0.25	0	1	117700
235.416	0.25	0	1	117708
235.432	0.25	0	1	117716
235.45	0.25	0	1	117725
235.466	0.25	0	1	117733
235.482	0.25	0	1	117741
235.5	0.25	0	1	117750
235.516	0.25	1	2	117758
235.532	0.25	1	2	117766
235.55	0.25	0	1	117775
235.566	0.25	0	1	117783
235.582	0.25	0	1	117791
235.6	0.25	0	1	117800
235.616	0.25	0	1	117808
235.632	0.25	0	1	117816
235.65	0.25	0	1	117825
235.666	0.25	0	1	117833
235.682	0.25	1	2	117841
235.7	0.25	1	2	117850
235.716	0.25	1	2	117858
235.732	0.25	1	2	117866
235.75	0.25	1	2	117875
235.766	0.25	1	2	117883
235.782	0.25	1	2	117891
235.8	0.25	1	2	117900
235.816	0.25	1	2	117908
235.832	0.25	1	2	117916
235.85	0.25	1	2	117925
235.866	0.25	1	2	117933
235.882	0.25	0	1	117941
235.9	0.25	0	1	117950
235.916	0.25	1	2	117958
235.932	0.25	1	2	117966
235.95	0.25	0	1	117975
235.966	0.25	0	1	117983
235.982	0.25	1	2	117991
236.0	0.25	1	2	118000
236.016	0.25	0	1	118008
236.032	0.25	0	1	118016
236.05	0.25	0	1	118025
236.066	0.25	0	1	118033
236.082	0.25	1	2	118041
236.1	0.25	1	2	118050
236.116	0.25	1	2	118058
236.132	0.25	1	2	118066
236.15	0.25	0	1	118075
236.166	0.25	0	1	118083
236.182	0.25	0	1	118091
237.666	0.25	1	2	118833
237.682	0.25	1	2	118841
237.7	0.25	1	2	118850
237.716	0.25	1	2	118858
237.732	0.25	1	2	118866
237.75	0.25	1	2	118875
237.766	0.25	1	2	118883
237.782	0.25	1	2	118891
237.8	0.25	1	2	118900
237.816	0.25	1	2	118908
237.832	0.25	1	2	118916
237.85	0.25	1	2	118925
237.866	0.25	1	2	118933
237.882	0.25	1	2	118941
237.9	0.25	0	1	118950
237.916	0.25	0	1	118958
237.932	0.25	0	1	118966
237.95	0.25	0	1	118975
237.966	0.25	1	2	118983
237.982	0.25	1	2	118991
238.0	0.25	1	2	119000
238.016	0.25	1	2	119008
238.032	0.25	0	1	119016
238.05	0.25	0	1	119025
238.066	0.25	0	1	119033
238.082	0.25	0	1	119041
238.1	0.25	1	2	119050
238.116	0.25	1	2	119058
238.132	0.25	1	2	119066
238.15	0.25	1	2	119075
238.166	0.25	0	1	119083
238.182	0.25	0	1	119091
238.2	0.25	0	1	119100
238.216	0.25	0	1	119108
238.232	0.25	1	2	119116
238.25	0.25	1	2	119125
238.266	0.25	0	1	119133
238.282	0.25	0	1	119141
238.3	0.25	1	2	119150
238.316	0.25	1	2	119158
238.332	0.25	1	2	119166
238.35	0.25	1	2	119175
238.366	0.25	0	1	119183
238.382	0.25	0	1	119191
238.4	0.25	1	2	119200
238.416	0.25	1	2	119208
238.432	0.25	0	1	119216
238.45	0.25	0	1	119225
238.466	0.25	0	1	119233
238.482	0.25	0	1	119241
238.5	0.25	1	2	119250
238.516	0.25	1	2	119258
238.532	0.25	0	1	119266
238.55	0.25	0	1	119275
238.566	0.25	1	2	119283
238.582	0.25	1	2	119291
238.6	0.25	1	2	119300
238.616	0.25	1	2	119308
238.632	0.25	1	2	119316
238.65	0.25	1	2	119325
238.666	0.25	0	1	119333
238.682	0.25	0	1	119341
238.7	0.25	0	1	119350
238.716	0.25	0	1	119358
238.732	0.25	0	1	119366
238.75	0.25	0	1	119375
238.766	0.25	1	2	119383
238.782	0.25	1	2	119391
238.8	0.25	0	1	119400
238.816	0.25	0	1	119408
238.832	0.25	1	2	119416
238.85	0.25	1	2	119425
238.866	0.25	1	2	119433
238.882	0.25	1	2	119441
238.9	0.25	1	2	119450
238.916	0.25	1	2	119458
238.932	0.25	0	1	119466
238.95	0.25	0	1	119475
238.966	0.25	0	1	119483
238.982	0.25	0	1	119491
239.0	0.25	1	2	119500
239.016	0.25	1	2	119508
239.032	0.25	0	1	119516
239.05	0.25	0	1	119525
239.066	0.25	1	2	119533
239.082	0.25	1	2	119541
239.1	0.25	0	1	119550
239.116	0.25	0	1	119558
239.132	0.25	0	1	119566
239.15	0.25	0	1	119575
239.166	0.25	0	1	119583
239.182	0.25	0	1	119591
239.2	0.25	1	2	119600
239.216	0.25	1	2	119608
239.232	0.25	1	2	119616
239.25	0.25	1	2	119625
239.266	0.25	0	1	119633
239.282	0.25	0	1	119641
239.3	0.25	1	2	119650
239.316	0.25	1	2	119658
239.332	0.25	0	1	119666
239.35	0.25	0	1	119675
239.366	0.25	0	1	119683
239.382	0.25	0	1	119691
239.4	0.25	0	1	119700
239.416	0.25	0	1	119708
239.432	0.25	1	2	119716
239.45	0.25	1	2	119725
239.466	0.25	0	1	119733
239.482	0.25	0	1	119741
239.5	0.25	1	2	119750
239.516	0.25	1	2	119758
239.532	0.25	0	1	119766
239.55	0.25	0	1	119775
239.566	0.25	0	1	119783
239.582	0.25	0	1	119791
239.6	0.25	1	2	119800
241.1	0.25	0	1	120550
241.116	0.25	0	1	120558
241.132	0.25	0	1	120566
241.15	0.25	0	1	120575
241.166	0.25	1	2	120583
241.182	0.25	1	2	120591
241.2	0.25	1	2	120600
241.216	0.25	1	2	120608
241.232	0.25	0	1	120616
241.25	0.25	0	1	120625
241.266	0.25	0	1	120633
241.282	0.25	0	1	120641
241.3	0.25	0	1	120650
241.316	0.25	0	1	120658
241.332	0.25	0	1	120666
241.35	0.25	0	1	120675
241.366	0.25	1	2	120683
241.382	0.25	1	2	120691
241.4	0.25	1	2	120700
241.416	0.25	1	2	120708
241.432	0.25	1	2	120716
241.45	0.25	1	2	120725
241.466	0.25	1	2	120733
241.482	0.25	1	2	120741
241.5	0.25	1	2	120750
241.516	0.25	1	2	120758
241.532	0.25	0	1	120766
241.55	0.25	0	1	120775
241.566	0.25	0	1	120783
241.582	0.25	0	1	120791
241.6	0.25	0	1	120800
241.616	0.25	0	1	120808
241.632	0.25	0	1	120816
241.65	0.25	0	1	120825
241.666	0.25	0	1	120833
241.682	0.25	0	1	120841
241.7	0.25	0	1	120850
241.716	0.25	0	1	120858
241.732	0.25	1	2	120866
241.75	0.25	1	2	120875
241.766	0.25	1	2	120883
241.782	0.25	1	2	120891
241.8	0.25	0	1	120900
241.816	0.25	0	1	120908
241.832	0.25	0	1	120916
241.85	0.25	0	1	120925
241.866	0.25	1	2	120933
241.882	0.25	1	2	120941
241.9	0.25	0	1	120950
241.916	0.25	0	1	120958
241.932	0.25	1	2	120966
241.95	0.25	1	2	120975
241.966	0.25	0	1	120983
241.982	0.25	0	1	120991
242.0	0.25	1	2	121000
242.016	0.25	1	2	121008
242.032	0.25	0	1	121016
242.05	0.25	0	1	121025
242.066	0.25	1	2	121033
242.082	0.25	1	2	121041
242.1	0.25	1	2	121050
242.116	0.25	1	2	121058
242.132	0.25	0	1	121066
242.15	0.25	0	1	121075
242.166	0.25	1	2	121083
242.182	0.25	1	2	121091
242.2	0.25	0	1	121100
242.216	0.25	0	1	121108
242.232	0.25	0	1	121116
242.25	0.25	0	1	121125
242.266	0.25	0	1	121133
242.282	0.25	0	1	121141
242.3	0.25	1	2	121150
242.316	0.25	1	2	121158
242.332	0.25	0	1	121166
242.35	0.25	0	1	121175
242.366	0.25	0	1	121183
242.382	0.25	0	1	121191
242.4	0.25	0	1	121200
242.416	0.25	0	1	121208
242.432	0.25	1	2	121216
242.45	0.25	1	2	121225
242.466	0.25	1	2	121233
242.482	0.25	1	2	121241
242.5	0.25	1	2	121250
242.516	0.25	1	2	121258
242.532	0.25	0	1	121266
242.55	0.25	0	1	121275
242.566	0.25	1	2	121283
242.582	0.25	1	2	121291
242.6	0.25	0	1	121300
242.616	0.25	0	1	121308
242.632	0.25	1	2	121316
242.65	0.25	1	2	121325
242.666	0.25	1	2	121333
242.682	0.25	1	2	121341
242.7	0.25	1	2	121350
242.716	0.25	1	2	121358
242.732	0.25	1	2	121366
242.75	0.25	1	2	121375
242.766	0.25	1	2	121383
242.782	0.25	1	2	121391
242.8	0.25	0	1	121400
242.816	0.25	0	1	121408
242.832	0.25	0	1	121416
242.85	0.25	0	1	121425
242.866	0.25	1	2	121433
242.882	0.25	1	2	121441
242.9	0.25	0	1	121450
242.916	0.25	0	1	121458
242.932	0.25	0	1	121466
242.95	0.25	0	1	121475
242.966	0.25	0	1	121483
242.982	0.25	0	1	121491
243.0	0.25	1	2	121500
243.016	0.25	1	2	121508
243.032	0.25	1	2	121516
244.5	0.25	1	2	122250
244.516	0.25	1	2	122258
244.532	0.25	1	2	122266
244.55	0.25	1	2	122275
244.566	0.25	0	1	122283
244.582	0.25	0	1	122291
244.6	0.25	0	1	122300
244.616	0.25	0	1	122308
244.632	0.25	0	1	122316
244.65	0.25	0	1	122325
244.666	0.25	0	1	122333
244.682	0.25	0	1	122341
244.7	0.25	1	2	122350
244.716	0.25	1	2	122358
244.732	0.25	0	1	122366
244.75	0.25	0	1	122375
244.766	0.25	0	1	122383
244.782	0.25	0	1	122391
244.8	0.25	1	2	122400
244.816	0.25	1	2	122408
244.832	0.25	1	2	122416
244.85	0.25	1	2	122425
244.866	0.25	0	1	122433
244.882	0.25	0	1	122441
244.9	0.25	0	1	122450
244.916	0.25	0	1	122458
244.932	0.25	0	1	122466
244.95	0.25	0	1	122475
244.966	0.25	0	1	122483
244.982	0.25	0	1	122491
245.0	0.25	0	1	122500
245.016	0.25	0	1	122508
245.032	0.25	0	1	122516
245.05	0.25	0	1	122525
245.066	0.25	1	2	122533
245.082	0.25	1	2	122541
245.1	0.25	0	1	122550
245.116	0.25	0	1	122558
245.132	0.25	1	2	122566
245.15	0.25	1	2	122575
245.166	0.25	1	2	122583
245.182	0.25	1	2	122591
245.2	0.25	0	1	122600
245.216	0.25	0	1	122608
245.232	0.25	1	2	122616
245.25	0.25	1	2	122625
245.266	0.25	0	1	122633
245.282	0.25	0	1	122641
245.3	0.25	1	2	122650
245.316	0.25	1	2	122658
245.332	0.25	0	1	122666
245.35	0.25	0	1	122675
245.366	0.25	1	2	122683
245.382	0.25	1	2	122691
245.4	0.25	0	1	122700
245.416	0.25	0	1	122708
245.432	0.25	0	1	122716
245.45	0.25	0	1	122725
245.466	0.25	0	1	122733
245.482	0.25	0	1	122741
245.5	0.25	1	2	122750
245.516	0.25	1	2	122758
245.532	0.25	1	2	122766
245.55	0.25	1	2	122775
245.566	0.25	1	2	122783
245.582	0.25	1	2	122791
245.6	0.25	0	1	122800
245.616	0.25	0	1	122808
245.632	0.25	1	2	122816
245.65	0.25	1	2	122825
245.666	0.25	1	2	122833
245.682	0.25	1	2	122841
245.7	0.25	1	2	122850
245.716	0.25	1	2	122858
245.732	0.25	0	1	122866
245.75	0.25	0	1	122875
245.766	0.25	1	2	122883
245.782	0.25	1	2	122891
245.8	0.25	0	1	122900
245.816	0.25	0	1	122908
245.832	0.25	1	2	122916
245.85	0.25	1	2	122925
245.866	0.25	1	2	122933
245.882	0.25	1	2	122941
245.9	0.25	0	1	122950
245.916	0.25	0	1	122958
245.932	0.25	0	1	122966
245.95	0.25	0	1	122975
245.966	0.25	0	1	122983
245.982	0.25	0	1	122991
246.0	0.25	1	2	123000
246.016	0.25	1	2	123008
246.032	0.25	1	2	123016
246.05	0.25	1	2	123025
246.066	0.25	0	1	123033
246.082	0.25	0	1	123041
246.1	0.25	1	2	123050
246.116	0.25	1	2	123058
246.132	0.25	1	2	123066
246.15	0.25	1	2	123075
246.166	0.25	1	2	123083
246.182	0.25	1	2	123091
246.2	0.25	0	1	123100
246.216	0.25	0	1	123108
246.232	0.25	0	1	123116
246.25	0.25	0	1	123125
246.266	0.25	0	1	123133
246.282	0.25	0	1	123141
246.3	0.25	0	1	123150
246.316	0.25	0	1	123158
246.332	0.25	0	1	123166
246.35	0.25	0	1	123175
246.366	0.25	1	2	123183
246.382	0.25	1	2	123191
246.4	0.25	1	2	123200
246.416	0.25	1	2	123208
246.432	0.25	1	2	123216
