onset	duration	trial_type	value	sample
9.2	n/a	1	2	4600
9.216	n/a	1	2	4608
9.232	n/a	1	2	4616
9.25	n/a	1	2	4625
9.266	n/a	0	1	4633
9.282	n/a	0	1	4641
9.3	n/a	0	1	4650
9.316	n/a	0	1	4658
9.332	n/a	0	1	4666
9.35	n/a	0	1	4675
9.366	n/a	0	1	4683
9.382	n/a	0	1	4691
9.4	n/a	1	2	4700
9.416	n/a	1	2	4708
9.432	n/a	0	1	4716
9.45	n/a	0	1	4725
9.466	n/a	0	1	4733
9.482	n/a	0	1	4741
9.5	n/a	1	2	4750
9.516	n/a	1	2	4758
9.532	n/a	1	2	4766
9.55	n/a	1	2	4775
9.566	n/a	0	1	4783
9.582	n/a	0	1	4791
9.6	n/a	0	1	4800
9.616	n/a	0	1	4808
9.632	n/a	0	1	4816
9.65	n/a	0	1	4825
9.666	n/a	0	1	4833
9.682	n/a	0	1	4841
9.7	n/a	0	1	4850
9.716	n/a	0	1	4858
9.732	n/a	0	1	4866
9.75	n/a	0	1	4875
9.766	n/a	1	2	4883
9.782	n/a	1	2	4891
9.8	n/a	0	1	4900
9.816	n/a	0	1	4908
9.832	n/a	1	2	4916
9.85	n/a	1	2	4925
9.866	n/a	1	2	4933
9.882	n/a	1	2	4941
9.9	n/a	0	1	4950
9.916	n/a	0	1	4958
9.932	n/a	1	2	4966
9.95	n/a	1	2	4975
9.966	n/a	0	1	4983
9.982	n/a	0	1	4991
10.0	n/a	1	2	5000
10.016	n/a	1	2	5008
10.032	n/a	0	1	5016
10.05	n/a	0	1	5025
10.066	n/a	1	2	5033
10.082	n/a	1	2	5041
10.1	n/a	0	1	5050
10.116	n/a	0	1	5058
10.132	n/a	0	1	5066
10.15	n/a	0	1	5075
10.166	n/a	0	1	5083
10.182	n/a	0	1	5091
10.2	n/a	1	2	5100
10.216	n/a	1	2	5108
10.232	n/a	1	2	5116
10.25	n/a	1	2	5125
10.266	n/a	1	2	5133
10.282	n/a	1	2	5141
10.3	n/a	0	1	5150
10.316	n/a	0	1	5158
10.332	n/a	1	2	5166
10.35	n/a	1	2	5175
10.366	n/a	1	2	5183
10.382	n/a	1	2	5191
10.4	n/a	1	2	5200
10.416	n/a	1	2	5208
10.432	n/a	0	1	5216
10.45	n/a	0	1	5225
10.466	n/a	1	2	5233
10.482	n/a	1	2	5241
10.5	n/a	0	1	5250
10.516	n/a	0	1	5258
10.532	n/a	1	2	5266
10.55	n/a	1	2	5275
10.566	n/a	1	2	5283
10.582	n/a	1	2	5291
10.6	n/a	0	1	5300
10.616	n/a	0	1	5308
10.632	n/a	0	1	5316
10.65	n/a	0	1	5325
10.666	n/a	0	1	5333
10.682	n/a	0	1	5341
10.7	n/a	1	2	5350
10.716	n/a	1	2	5358
10.732	n/a	1	2	5366
10.75	n/a	1	2	5375
10.766	n/a	0	1	5383
10.782	n/a	0	1	5391
10.8	n/a	1	2	5400
10.816	n/a	1	2	5408
10.832	n/a	1	2	5416
10.85	n/a	1	2	5425
10.866	n/a	1	2	5433
10.882	n/a	1	2	5441
10.9	n/a	0	1	5450
10.916	n/a	0	1	5458
10.932	n/a	0	1	5466
10.95	n/a	0	1	5475
10.966	n/a	0	1	5483
10.982	n/a	0	1	5491
11.0	n/a	0	1	5500
11.016	n/a	0	1	5508
11.032	n/a	0	1	5516
11.05	n/a	0	1	5525
11.066	n/a	1	2	5533
11.082	n/a	1	2	5541
11.1	n/a	1	2	5550
11.116	n/a	1	2	5558
11.132	n/a	1	2	5566
12.616	n/a	1	2	6308
12.632	n/a	1	2	6316
12.65	n/a	1	2	6325
12.666	n/a	1	2	6333
12.682	n/a	1	2	6341
12.7	n/a	1	2	6350
12.716	n/a	1	2	6358
12.732	n/a	1	2	6366
12.75	n/a	1	2	6375
12.766	n/a	1	2	6383
12.782	n/a	1	2	6391
12.8	n/a	1	2	6400
12.816	n/a	1	2	6408
12.832	n/a	1	2	6416
12.85	n/a	0	1	6425
12.866	n/a	0	1	6433
12.882	n/a	0	1	6441
12.9	n/a	0	1	6450
12.916	n/a	1	2	6458
12.932	n/a	1	2	6466
12.95	n/a	1	2	6475
12.966	n/a	1	2	6483
12.982	n/a	0	1	6491
13.0	n/a	0	1	6500
13.016	n/a	0	1	6508
13.032	n/a	0	1	6516
13.05	n/a	1	2	6525
13.066	n/a	1	2	6533
13.082	n/a	1	2	6541
13.1	n/a	1	2	6550
13.116	n/a	0	1	6558
13.132	n/a	0	1	6566
13.15	n/a	0	1	6575
13.166	n/a	0	1	6583
13.182	n/a	1	2	6591
13.2	n/a	1	2	6600
13.216	n/a	0	1	6608
13.232	n/a	0	1	6616
13.25	n/a	1	2	6625
13.266	n/a	1	2	6633
13.282	n/a	1	2	6641
13.3	n/a	1	2	6650
13.316	n/a	0	1	6658
13.332	n/a	0	1	6666
13.35	n/a	1	2	6675
13.366	n/a	1	2	6683
13.382	n/a	0	1	6691
13.4	n/a	0	1	6700
13.416	n/a	0	1	6708
13.432	n/a	0	1	6716
13.45	n/a	1	2	6725
13.466	n/a	1	2	6733
13.482	n/a	0	1	6741
13.5	n/a	0	1	6750
13.516	n/a	1	2	6758
13.532	n/a	1	2	6766
13.55	n/a	1	2	6775
13.566	n/a	1	2	6783
13.582	n/a	1	2	6791
13.6	n/a	1	2	6800
13.616	n/a	0	1	6808
13.632	n/a	0	1	6816
13.65	n/a	0	1	6825
13.666	n/a	0	1	6833
13.682	n/a	0	1	6841
13.7	n/a	0	1	6850
13.716	n/a	1	2	6858
13.732	n/a	1	2	6866
13.75	n/a	0	1	6875
13.766	n/a	0	1	6883
13.782	n/a	1	2	6891
13.8	n/a	1	2	6900
13.816	n/a	1	2	6908
13.832	n/a	1	2	6916
13.85	n/a	1	2	6925
13.866	n/a	1	2	6933
13.882	n/a	0	1	6941
13.9	n/a	0	1	6950
13.916	n/a	0	1	6958
13.932	n/a	0	1	6966
13.95	n/a	1	2	6975
13.966	n/a	1	2	6983
13.982	n/a	0	1	6991
14.0	n/a	0	1	7000
14.016	n/a	1	2	7008
14.032	n/a	1	2	7016
14.05	n/a	0	1	7025
14.066	n/a	0	1	7033
14.082	n/a	0	1	7041
14.1	n/a	0	1	7050
14.116	n/a	0	1	7058
14.132	n/a	0	1	7066
14.15	n/a	1	2	7075
14.166	n/a	1	2	7083
14.182	n/a	1	2	7091
14.2	n/a	1	2	7100
14.216	n/a	0	1	7108
14.232	n/a	0	1	7116
14.25	n/a	1	2	7125
14.266	n/a	1	2	7133
14.282	n/a	0	1	7141
14.3	n/a	0	1	7150
14.316	n/a	0	1	7158
14.332	n/a	0	1	7166
14.35	n/a	0	1	7175
14.366	n/a	0	1	7183
14.382	n/a	1	2	7191
14.4	n/a	1	2	7200
14.416	n/a	0	1	7208
14.432	n/a	0	1	7216
14.45	n/a	1	2	7225
14.466	n/a	1	2	7233
14.482	n/a	0	1	7241
14.5	n/a	0	1	7250
14.516	n/a	0	1	7258
14.532	n/a	0	1	7266
14.55	n/a	1	2	7275
16.032	n/a	0	1	8016
16.05	n/a	0	1	8025
16.066	n/a	0	1	8033
16.082	n/a	0	1	8041
16.1	n/a	1	2	8050
16.116	n/a	1	2	8058
16.132	n/a	1	2	8066
16.148	n/a	1	2	8074
16.166	n/a	0	1	8083
16.182	n/a	0	1	8091
16.2	n/a	0	1	8100
16.216	n/a	0	1	8108
16.232	n/a	0	1	8116
16.25	n/a	0	1	8125
16.266	n/a	0	1	8133
16.282	n/a	0	1	8141
16.3	n/a	1	2	8150
16.316	n/a	1	2	8158
16.332	n/a	1	2	8166
16.35	n/a	1	2	8175
16.366	n/a	1	2	8183
16.382	n/a	1	2	8191
16.4	n/a	1	2	8200
16.416	n/a	1	2	8208
16.432	n/a	1	2	8216
16.45	n/a	1	2	8225
16.466	n/a	0	1	8233
16.482	n/a	0	1	8241
16.5	n/a	0	1	8250
16.516	n/a	0	1	8258
16.532	n/a	0	1	8266
16.55	n/a	0	1	8275
16.566	n/a	0	1	8283
16.582	n/a	0	1	8291
16.6	n/a	0	1	8300
16.616	n/a	0	1	8308
16.632	n/a	0	1	8316
16.65	n/a	0	1	8325
16.666	n/a	1	2	8333
16.682	n/a	1	2	8341
16.7	n/a	1	2	8350
16.716	n/a	1	2	8358
16.732	n/a	0	1	8366
16.75	n/a	0	1	8375
16.766	n/a	0	1	8383
16.782	n/a	0	1	8391
16.8	n/a	1	2	8400
16.816	n/a	1	2	8408
16.832	n/a	0	1	8416
16.85	n/a	0	1	8425
16.866	n/a	1	2	8433
16.882	n/a	1	2	8441
16.9	n/a	0	1	8450
16.916	n/a	0	1	8458
16.932	n/a	1	2	8466
16.95	n/a	1	2	8475
16.966	n/a	0	1	8483
16.982	n/a	0	1	8491
17.0	n/a	1	2	8500
17.016	n/a	1	2	8508
17.032	n/a	1	2	8516
17.05	n/a	1	2	8525
17.066	n/a	0	1	8533
17.082	n/a	0	1	8541
17.1	n/a	1	2	8550
17.116	n/a	1	2	8558
17.132	n/a	0	1	8566
17.15	n/a	0	1	8575
17.166	n/a	0	1	8583
17.182	n/a	0	1	8591
17.2	n/a	0	1	8600
17.216	n/a	0	1	8608
17.232	n/a	1	2	8616
17.25	n/a	1	2	8625
17.266	n/a	0	1	8633
17.282	n/a	0	1	8641
17.3	n/a	0	1	8650
17.316	n/a	0	1	8658
17.332	n/a	0	1	8666
17.35	n/a	0	1	8675
17.366	n/a	1	2	8683
17.382	n/a	1	2	8691
17.4	n/a	1	2	8700
17.416	n/a	1	2	8708
17.432	n/a	1	2	8716
17.45	n/a	1	2	8725
17.466	n/a	0	1	8733
17.482	n/a	0	1	8741
17.5	n/a	1	2	8750
17.516	n/a	1	2	8758
17.532	n/a	0	1	8766
17.55	n/a	0	1	8775
17.566	n/a	1	2	8783
17.582	n/a	1	2	8791
17.6	n/a	1	2	8800
17.616	n/a	1	2	8808
17.632	n/a	1	2	8816
17.65	n/a	1	2	8825
17.666	n/a	1	2	8833
17.682	n/a	1	2	8841
17.7	n/a	1	2	8850
17.716	n/a	1	2	8858
17.732	n/a	0	1	8866
17.75	n/a	0	1	8875
17.766	n/a	0	1	8883
17.782	n/a	0	1	8891
17.8	n/a	1	2	8900
17.816	n/a	1	2	8908
17.832	n/a	0	1	8916
17.85	n/a	0	1	8925
17.866	n/a	0	1	8933
17.882	n/a	0	1	8941
17.9	n/a	0	1	8950
17.916	n/a	0	1	8958
17.932	n/a	1	2	8966
17.95	n/a	1	2	8975
17.966	n/a	1	2	8983
19.45	n/a	1	2	9725
19.466	n/a	1	2	9733
19.482	n/a	1	2	9741
19.5	n/a	1	2	9750
19.516	n/a	0	1	9758
19.532	n/a	0	1	9766
19.55	n/a	1	2	9775
19.566	n/a	1	2	9783
19.582	n/a	1	2	9791
19.6	n/a	1	2	9800
19.616	n/a	0	1	9808
19.632	n/a	0	1	9816
19.65	n/a	1	2	9825
19.666	n/a	1	2	9833
19.682	n/a	1	2	9841
19.7	n/a	1	2	9850
19.716	n/a	0	1	9858
19.732	n/a	0	1	9866
19.75	n/a	1	2	9875
19.766	n/a	1	2	9883
19.782	n/a	1	2	9891
19.8	n/a	1	2	9900
19.816	n/a	0	1	9908
19.832	n/a	0	1	9916
19.85	n/a	0	1	9925
19.866	n/a	0	1	9933
19.882	n/a	0	1	9941
19.9	n/a	0	1	9950
19.916	n/a	1	2	9958
19.932	n/a	1	2	9966
19.95	n/a	1	2	9975
19.966	n/a	1	2	9983
19.982	n/a	1	2	9991
20.0	n/a	1	2	10000
20.016	n/a	0	1	10008
20.032	n/a	0	1	10016
20.05	n/a	0	1	10025
20.066	n/a	0	1	10033
20.082	n/a	0	1	10041
20.1	n/a	0	1	10050
20.116	n/a	1	2	10058
20.132	n/a	1	2	10066
20.15	n/a	1	2	10075
20.166	n/a	1	2	10083
20.182	n/a	1	2	10091
20.2	n/a	1	2	10100
20.216	n/a	1	2	10108
20.232	n/a	1	2	10116
20.25	n/a	1	2	10125
20.266	n/a	1	2	10133
20.282	n/a	0	1	10141
20.3	n/a	0	1	10150
20.316	n/a	0	1	10158
20.332	n/a	0	1	10166
20.35	n/a	1	2	10175
20.366	n/a	1	2	10183
20.382	n/a	0	1	10191
20.4	n/a	0	1	10200
20.416	n/a	1	2	10208
20.432	n/a	1	2	10216
20.45	n/a	0	1	10225
20.466	n/a	0	1	10233
20.482	n/a	0	1	10241
20.5	n/a	0	1	10250
20.516	n/a	1	2	10258
20.532	n/a	1	2	10266
20.55	n/a	1	2	10275
20.566	n/a	1	2	10283
20.582	n/a	0	1	10291
20.6	n/a	0	1	10300
20.616	n/a	0	1	10308
20.632	n/a	0	1	10316
20.65	n/a	0	1	10325
20.666	n/a	0	1	10333
20.682	n/a	0	1	10341
20.7	n/a	0	1	10350
20.716	n/a	1	2	10358
20.732	n/a	1	2	10366
20.75	n/a	0	1	10375
20.766	n/a	0	1	10383
20.782	n/a	0	1	10391
20.8	n/a	0	1	10400
20.816	n/a	0	1	10408
20.832	n/a	0	1	10416
20.85	n/a	0	1	10425
20.866	n/a	0	1	10433
20.882	n/a	1	2	10441
20.9	n/a	1	2	10450
20.916	n/a	1	2	10458
20.932	n/a	1	2	10466
20.95	n/a	1	2	10475
20.966	n/a	1	2	10483
20.982	n/a	1	2	10491
21.0	n/a	1	2	10500
21.016	n/a	1	2	10508
21.032	n/a	1	2	10516
21.05	n/a	1	2	10525
21.066	n/a	1	2	10533
21.082	n/a	0	1	10541
21.1	n/a	0	1	10550
21.116	n/a	1	2	10558
21.132	n/a	1	2	10566
21.15	n/a	0	1	10575
21.166	n/a	0	1	10583
21.182	n/a	1	2	10591
21.2	n/a	1	2	10600
21.216	n/a	0	1	10608
21.232	n/a	0	1	10616
21.25	n/a	0	1	10625
21.266	n/a	0	1	10633
21.282	n/a	1	2	10641
21.3	n/a	1	2	10650
21.316	n/a	1	2	10658
21.332	n/a	1	2	10666
21.35	n/a	0	1	10675
21.366	n/a	0	1	10683
21.382	n/a	0	1	10691
25.2	n/a	1	2	12600
25.216	n/a	1	2	12608
25.232	n/a	1	2	12616
25.25	n/a	1	2	12625
25.266	n/a	1	2	12633
25.282	n/a	1	2	12641
25.3	n/a	1	2	12650
25.316	n/a	1	2	12658
25.332	n/a	1	2	12666
25.35	n/a	1	2	12675
25.366	n/a	1	2	12683
25.382	n/a	1	2	12691
25.4	n/a	1	2	12700
25.416	n/a	1	2	12708
25.432	n/a	0	1	12716
25.45	n/a	0	1	12725
25.466	n/a	0	1	12733
25.482	n/a	0	1	12741
25.5	n/a	1	2	12750
25.516	n/a	1	2	12758
25.532	n/a	1	2	12766
25.55	n/a	1	2	12775
25.566	n/a	0	1	12783
25.582	n/a	0	1	12791
25.6	n/a	0	1	12800
25.616	n/a	0	1	12808
25.632	n/a	1	2	12816
25.65	n/a	1	2	12825
25.666	n/a	1	2	12833
25.682	n/a	1	2	12841
25.7	n/a	0	1	12850
25.716	n/a	0	1	12858
25.732	n/a	0	1	12866
25.75	n/a	0	1	12875
25.766	n/a	1	2	12883
25.782	n/a	1	2	12891
25.8	n/a	0	1	12900
25.816	n/a	0	1	12908
25.832	n/a	1	2	12916
25.85	n/a	1	2	12925
25.866	n/a	1	2	12933
25.882	n/a	1	2	12941
25.9	n/a	0	1	12950
25.916	n/a	0	1	12958
25.932	n/a	1	2	12966
25.95	n/a	1	2	12975
25.966	n/a	0	1	12983
25.982	n/a	0	1	12991
26.0	n/a	0	1	13000
26.016	n/a	0	1	13008
26.032	n/a	1	2	13016
26.05	n/a	1	2	13025
26.066	n/a	0	1	13033
26.082	n/a	0	1	13041
26.1	n/a	1	2	13050
26.116	n/a	1	2	13058
26.132	n/a	1	2	13066
26.15	n/a	1	2	13075
26.166	n/a	1	2	13083
26.182	n/a	1	2	13091
26.2	n/a	0	1	13100
26.216	n/a	0	1	13108
26.232	n/a	0	1	13116
26.25	n/a	0	1	13125
26.266	n/a	0	1	13133
26.282	n/a	0	1	13141
26.3	n/a	1	2	13150
26.316	n/a	1	2	13158
26.332	n/a	0	1	13166
26.35	n/a	0	1	13175
26.366	n/a	1	2	13183
26.382	n/a	1	2	13191
26.4	n/a	1	2	13200
26.416	n/a	1	2	13208
26.432	n/a	1	2	13216
26.45	n/a	1	2	13225
26.466	n/a	0	1	13233
26.482	n/a	0	1	13241
26.5	n/a	0	1	13250
26.516	n/a	0	1	13258
26.532	n/a	1	2	13266
26.55	n/a	1	2	13275
26.566	n/a	0	1	13283
26.582	n/a	0	1	13291
26.6	n/a	1	2	13300
26.616	n/a	1	2	13308
26.632	n/a	0	1	13316
26.65	n/a	0	1	13325
26.666	n/a	0	1	13333
26.682	n/a	0	1	13341
26.7	n/a	0	1	13350
26.716	n/a	0	1	13358
26.732	n/a	1	2	13366
26.75	n/a	1	2	13375
26.766	n/a	1	2	13383
26.782	n/a	1	2	13391
26.8	n/a	0	1	13400
26.816	n/a	0	1	13408
26.832	n/a	1	2	13416
26.85	n/a	1	2	13425
26.866	n/a	0	1	13433
26.882	n/a	0	1	13441
26.9	n/a	0	1	13450
26.916	n/a	0	1	13458
26.932	n/a	0	1	13466
26.95	n/a	0	1	13475
26.966	n/a	1	2	13483
26.982	n/a	1	2	13491
27.0	n/a	0	1	13500
27.016	n/a	0	1	13508
27.032	n/a	1	2	13516
27.05	n/a	1	2	13525
27.066	n/a	0	1	13533
27.082	n/a	0	1	13541
27.1	n/a	0	1	13550
27.116	n/a	0	1	13558
27.132	n/a	1	2	13566
28.616	n/a	0	1	14308
28.632	n/a	0	1	14316
28.65	n/a	0	1	14325
28.666	n/a	0	1	14333
28.682	n/a	1	2	14341
28.7	n/a	1	2	14350
28.716	n/a	1	2	14358
28.732	n/a	1	2	14366
28.75	n/a	0	1	14375
28.766	n/a	0	1	14383
28.782	n/a	0	1	14391
28.8	n/a	0	1	14400
28.816	n/a	0	1	14408
28.832	n/a	0	1	14416
28.85	n/a	0	1	14425
28.866	n/a	0	1	14433
28.882	n/a	1	2	14441
28.9	n/a	1	2	14450
28.916	n/a	1	2	14458
28.932	n/a	1	2	14466
28.95	n/a	1	2	14475
28.966	n/a	1	2	14483
28.982	n/a	1	2	14491
29.0	n/a	1	2	14500
29.016	n/a	1	2	14508
29.032	n/a	1	2	14516
29.05	n/a	0	1	14525
29.066	n/a	0	1	14533
29.082	n/a	0	1	14541
29.1	n/a	0	1	14550
29.116	n/a	0	1	14558
29.132	n/a	0	1	14566
29.15	n/a	0	1	14575
29.166	n/a	0	1	14583
29.182	n/a	0	1	14591
29.2	n/a	0	1	14600
29.216	n/a	0	1	14608
29.232	n/a	0	1	14616
29.25	n/a	1	2	14625
29.266	n/a	1	2	14633
29.282	n/a	1	2	14641
29.3	n/a	1	2	14650
29.316	n/a	0	1	14658
29.332	n/a	0	1	14666
29.35	n/a	0	1	14675
29.366	n/a	0	1	14683
29.382	n/a	1	2	14691
29.4	n/a	1	2	14700
29.416	n/a	0	1	14708
29.432	n/a	0	1	14716
29.45	n/a	1	2	14725
29.466	n/a	1	2	14733
29.482	n/a	0	1	14741
29.5	n/a	0	1	14750
29.516	n/a	1	2	14758
29.532	n/a	1	2	14766
29.55	n/a	0	1	14775
29.566	n/a	0	1	14783
29.582	n/a	1	2	14791
29.6	n/a	1	2	14800
29.616	n/a	1	2	14808
29.632	n/a	1	2	14816
29.65	n/a	0	1	14825
29.666	n/a	0	1	14833
29.682	n/a	1	2	14841
29.7	n/a	1	2	14850
29.716	n/a	0	1	14858
29.732	n/a	0	1	14866
29.75	n/a	0	1	14875
29.766	n/a	0	1	14883
29.782	n/a	0	1	14891
29.8	n/a	0	1	14900
29.816	n/a	1	2	14908
29.832	n/a	1	2	14916
29.85	n/a	0	1	14925
29.866	n/a	0	1	14933
29.882	n/a	0	1	14941
29.9	n/a	0	1	14950
29.916	n/a	0	1	14958
29.932	n/a	0	1	14966
29.95	n/a	1	2	14975
29.966	n/a	1	2	14983
29.982	n/a	1	2	14991
30.0	n/a	1	2	15000
30.016	n/a	1	2	15008
30.032	n/a	1	2	15016
30.05	n/a	0	1	15025
30.066	n/a	0	1	15033
30.082	n/a	1	2	15041
30.1	n/a	1	2	15050
30.116	n/a	0	1	15058
30.132	n/a	0	1	15066
30.15	n/a	1	2	15075
30.166	n/a	1	2	15083
30.182	n/a	1	2	15091
30.2	n/a	1	2	15100
30.216	n/a	1	2	15108
30.232	n/a	1	2	15116
30.25	n/a	1	2	15125
30.266	n/a	1	2	15133
30.282	n/a	1	2	15141
30.3	n/a	1	2	15150
30.316	n/a	0	1	15158
30.332	n/a	0	1	15166
30.35	n/a	0	1	15175
30.366	n/a	0	1	15183
30.382	n/a	1	2	15191
30.4	n/a	1	2	15200
30.416	n/a	0	1	15208
30.432	n/a	0	1	15216
30.45	n/a	0	1	15225
30.466	n/a	0	1	15233
30.482	n/a	0	1	15241
30.5	n/a	0	1	15250
30.516	n/a	1	2	15258
30.532	n/a	1	2	15266
30.55	n/a	1	2	15275
32.032	n/a	1	2	16016
32.048	n/a	1	2	16024
32.066	n/a	1	2	16033
32.082	n/a	1	2	16041
32.1	n/a	0	1	16050
32.116	n/a	0	1	16058
32.132	n/a	1	2	16066
32.15	n/a	1	2	16075
32.166	n/a	1	2	16083
32.182	n/a	1	2	16091
32.2	n/a	0	1	16100
32.216	n/a	0	1	16108
32.232	n/a	1	2	16116
32.25	n/a	1	2	16125
32.266	n/a	1	2	16133
32.282	n/a	1	2	16141
32.298	n/a	0	1	16149
32.316	n/a	0	1	16158
32.332	n/a	1	2	16166
32.35	n/a	1	2	16175
32.366	n/a	1	2	16183
32.382	n/a	1	2	16191
32.4	n/a	0	1	16200
32.416	n/a	0	1	16208
32.432	n/a	0	1	16216
32.45	n/a	0	1	16225
32.466	n/a	0	1	16233
32.482	n/a	0	1	16241
32.5	n/a	1	2	16250
32.516	n/a	1	2	16258
32.532	n/a	1	2	16266
32.548	n/a	1	2	16274
32.566	n/a	1	2	16283
32.582	n/a	1	2	16291
32.6	n/a	0	1	16300
32.616	n/a	0	1	16308
32.632	n/a	0	1	16316
32.65	n/a	0	1	16325
32.666	n/a	0	1	16333
32.682	n/a	0	1	16341
32.7	n/a	1	2	16350
32.716	n/a	1	2	16358
32.732	n/a	1	2	16366
32.75	n/a	1	2	16375
32.766	n/a	1	2	16383
32.782	n/a	1	2	16391
32.8	n/a	1	2	16400
32.816	n/a	1	2	16408
32.832	n/a	1	2	16416
32.85	n/a	1	2	16425
32.866	n/a	0	1	16433
32.882	n/a	0	1	16441
32.9	n/a	0	1	16450
32.916	n/a	0	1	16458
32.932	n/a	1	2	16466
32.95	n/a	1	2	16475
32.966	n/a	0	1	16483
32.982	n/a	0	1	16491
33.0	n/a	1	2	16500
33.016	n/a	1	2	16508
33.032	n/a	0	1	16516
33.05	n/a	0	1	16525
33.066	n/a	0	1	16533
33.082	n/a	0	1	16541
33.1	n/a	1	2	16550
33.116	n/a	1	2	16558
33.132	n/a	1	2	16566
33.15	n/a	1	2	16575
33.166	n/a	0	1	16583
33.182	n/a	0	1	16591
33.2	n/a	0	1	16600
33.216	n/a	0	1	16608
33.232	n/a	0	1	16616
33.25	n/a	0	1	16625
33.266	n/a	0	1	16633
33.282	n/a	0	1	16641
33.3	n/a	1	2	16650
33.316	n/a	1	2	16658
33.332	n/a	0	1	16666
33.35	n/a	0	1	16675
33.366	n/a	0	1	16683
33.382	n/a	0	1	16691
33.4	n/a	0	1	16700
33.416	n/a	0	1	16708
33.432	n/a	0	1	16716
33.45	n/a	0	1	16725
33.466	n/a	1	2	16733
33.482	n/a	1	2	16741
33.5	n/a	1	2	16750
33.516	n/a	1	2	16758
33.532	n/a	1	2	16766
33.55	n/a	1	2	16775
33.566	n/a	1	2	16783
33.582	n/a	1	2	16791
33.6	n/a	1	2	16800
33.616	n/a	1	2	16808
33.632	n/a	1	2	16816
33.65	n/a	1	2	16825
33.666	n/a	0	1	16833
33.682	n/a	0	1	16841
33.7	n/a	1	2	16850
33.716	n/a	1	2	16858
33.732	n/a	0	1	16866
33.75	n/a	0	1	16875
33.766	n/a	1	2	16883
33.782	n/a	1	2	16891
33.8	n/a	0	1	16900
33.816	n/a	0	1	16908
33.832	n/a	0	1	16916
33.85	n/a	0	1	16925
33.866	n/a	1	2	16933
33.882	n/a	1	2	16941
33.9	n/a	1	2	16950
33.916	n/a	1	2	16958
33.932	n/a	0	1	16966
33.95	n/a	0	1	16975
33.966	n/a	0	1	16983
35.45	n/a	1	2	17725
35.466	n/a	1	2	17733
35.482	n/a	1	2	17741
35.5	n/a	1	2	17750
35.516	n/a	0	1	17758
35.532	n/a	0	1	17766
35.55	n/a	0	1	17775
35.566	n/a	0	1	17783
35.582	n/a	0	1	17791
35.6	n/a	0	1	17800
35.616	n/a	0	1	17808
35.632	n/a	0	1	17816
35.65	n/a	1	2	17825
35.666	n/a	1	2	17833
35.682	n/a	0	1	17841
35.7	n/a	0	1	17850
35.716	n/a	0	1	17858
35.732	n/a	0	1	17866
35.75	n/a	1	2	17875
35.766	n/a	1	2	17883
35.782	n/a	1	2	17891
35.8	n/a	1	2	17900
35.816	n/a	0	1	17908
35.832	n/a	0	1	17916
35.85	n/a	0	1	17925
35.866	n/a	0	1	17933
35.882	n/a	0	1	17941
35.9	n/a	0	1	17950
35.916	n/a	0	1	17958
35.932	n/a	0	1	17966
35.95	n/a	0	1	17975
35.966	n/a	0	1	17983
35.982	n/a	0	1	17991
36.0	n/a	0	1	18000
36.016	n/a	1	2	18008
36.032	n/a	1	2	18016
36.05	n/a	0	1	18025
36.066	n/a	0	1	18033
36.082	n/a	1	2	18041
36.1	n/a	1	2	18050
36.116	n/a	1	2	18058
36.132	n/a	1	2	18066
36.15	n/a	0	1	18075
36.166	n/a	0	1	18083
36.182	n/a	1	2	18091
36.2	n/a	1	2	18100
36.216	n/a	0	1	18108
36.232	n/a	0	1	18116
36.25	n/a	1	2	18125
36.266	n/a	1	2	18133
36.282	n/a	0	1	18141
36.3	n/a	0	1	18150
36.316	n/a	1	2	18158
36.332	n/a	1	2	18166
36.35	n/a	0	1	18175
36.366	n/a	0	1	18183
36.382	n/a	0	1	18191
36.4	n/a	0	1	18200
36.416	n/a	0	1	18208
36.432	n/a	0	1	18216
36.45	n/a	1	2	18225
36.466	n/a	1	2	18233
36.482	n/a	1	2	18241
36.5	n/a	1	2	18250
36.516	n/a	1	2	18258
36.532	n/a	1	2	18266
36.55	n/a	0	1	18275
36.566	n/a	0	1	18283
36.582	n/a	1	2	18291
36.6	n/a	1	2	18300
36.616	n/a	1	2	18308
36.632	n/a	1	2	18316
36.65	n/a	1	2	18325
36.666	n/a	1	2	18333
36.682	n/a	0	1	18341
36.7	n/a	0	1	18350
36.716	n/a	1	2	18358
36.732	n/a	1	2	18366
36.75	n/a	0	1	18375
36.766	n/a	0	1	18383
36.782	n/a	1	2	18391
36.8	n/a	1	2	18400
36.816	n/a	1	2	18408
36.832	n/a	1	2	18416
36.85	n/a	0	1	18425
36.866	n/a	0	1	18433
36.882	n/a	0	1	18441
36.9	n/a	0	1	18450
36.916	n/a	0	1	18458
36.932	n/a	0	1	18466
36.95	n/a	1	2	18475
36.966	n/a	1	2	18483
36.982	n/a	1	2	18491
37.0	n/a	1	2	18500
37.016	n/a	0	1	18508
37.032	n/a	0	1	18516
37.05	n/a	1	2	18525
37.066	n/a	1	2	18533
37.082	n/a	1	2	18541
37.1	n/a	1	2	18550
37.116	n/a	1	2	18558
37.132	n/a	1	2	18566
37.15	n/a	0	1	18575
37.166	n/a	0	1	18583
37.182	n/a	0	1	18591
37.2	n/a	0	1	18600
37.216	n/a	0	1	18608
37.232	n/a	0	1	18616
37.25	n/a	0	1	18625
37.266	n/a	0	1	18633
37.282	n/a	0	1	18641
37.3	n/a	0	1	18650
37.316	n/a	1	2	18658
37.332	n/a	1	2	18666
37.35	n/a	1	2	18675
37.366	n/a	1	2	18683
37.382	n/a	1	2	18691
39.766	n/a	1	2	19883
39.782	n/a	1	2	19891
39.8	n/a	1	2	19900
39.816	n/a	1	2	19908
39.832	n/a	0	1	19916
39.85	n/a	0	1	19925
39.866	n/a	1	2	19933
39.882	n/a	1	2	19941
39.9	n/a	1	2	19950
39.916	n/a	1	2	19958
39.932	n/a	0	1	19966
39.95	n/a	0	1	19975
39.966	n/a	1	2	19983
39.982	n/a	1	2	19991
40.0	n/a	1	2	20000
40.016	n/a	1	2	20008
40.032	n/a	0	1	20016
40.05	n/a	0	1	20025
40.066	n/a	1	2	20033
40.082	n/a	1	2	20041
40.1	n/a	1	2	20050
40.116	n/a	1	2	20058
40.132	n/a	0	1	20066
40.15	n/a	0	1	20075
40.166	n/a	0	1	20083
40.182	n/a	0	1	20091
40.2	n/a	0	1	20100
40.216	n/a	0	1	20108
40.232	n/a	1	2	20116
40.25	n/a	1	2	20125
40.266	n/a	1	2	20133
40.282	n/a	1	2	20141
40.3	n/a	1	2	20150
40.316	n/a	1	2	20158
40.332	n/a	0	1	20166
40.35	n/a	0	1	20175
40.366	n/a	0	1	20183
40.382	n/a	0	1	20191
40.4	n/a	0	1	20200
40.416	n/a	0	1	20208
40.432	n/a	1	2	20216
40.45	n/a	1	2	20225
40.466	n/a	1	2	20233
40.482	n/a	1	2	20241
40.5	n/a	1	2	20250
40.516	n/a	1	2	20258
40.532	n/a	1	2	20266
40.55	n/a	1	2	20275
40.566	n/a	1	2	20283
40.582	n/a	1	2	20291
40.6	n/a	0	1	20300
40.616	n/a	0	1	20308
40.632	n/a	0	1	20316
40.65	n/a	0	1	20325
40.666	n/a	1	2	20333
40.682	n/a	1	2	20341
40.7	n/a	0	1	20350
40.716	n/a	0	1	20358
40.732	n/a	1	2	20366
40.75	n/a	1	2	20375
40.766	n/a	0	1	20383
40.782	n/a	0	1	20391
40.8	n/a	0	1	20400
40.816	n/a	0	1	20408
40.832	n/a	1	2	20416
40.85	n/a	1	2	20425
40.866	n/a	1	2	20433
40.882	n/a	1	2	20441
40.9	n/a	0	1	20450
40.916	n/a	0	1	20458
40.932	n/a	0	1	20466
40.95	n/a	0	1	20475
40.966	n/a	0	1	20483
40.982	n/a	0	1	20491
41.0	n/a	0	1	20500
41.016	n/a	0	1	20508
41.032	n/a	1	2	20516
41.05	n/a	1	2	20525
41.066	n/a	0	1	20533
41.082	n/a	0	1	20541
41.1	n/a	0	1	20550
41.116	n/a	0	1	20558
41.132	n/a	0	1	20566
41.15	n/a	0	1	20575
41.166	n/a	0	1	20583
41.182	n/a	0	1	20591
41.2	n/a	1	2	20600
41.216	n/a	1	2	20608
41.232	n/a	1	2	20616
41.25	n/a	1	2	20625
41.266	n/a	1	2	20633
41.282	n/a	1	2	20641
41.3	n/a	1	2	20650
41.316	n/a	1	2	20658
41.332	n/a	1	2	20666
41.35	n/a	1	2	20675
41.366	n/a	1	2	20683
41.382	n/a	1	2	20691
41.4	n/a	0	1	20700
41.416	n/a	0	1	20708
41.432	n/a	1	2	20716
41.45	n/a	1	2	20725
41.466	n/a	0	1	20733
41.482	n/a	0	1	20741
41.5	n/a	1	2	20750
41.516	n/a	1	2	20758
41.532	n/a	0	1	20766
41.55	n/a	0	1	20775
41.566	n/a	0	1	20783
41.582	n/a	0	1	20791
41.6	n/a	1	2	20800
41.616	n/a	1	2	20808
41.632	n/a	1	2	20816
41.65	n/a	1	2	20825
41.666	n/a	0	1	20833
41.682	n/a	0	1	20841
41.7	n/a	0	1	20850
43.182	n/a	0	1	21591
43.2	n/a	0	1	21600
43.216	n/a	0	1	21608
43.232	n/a	0	1	21616
43.25	n/a	1	2	21625
43.266	n/a	1	2	21633
43.282	n/a	1	2	21641
43.3	n/a	1	2	21650
43.316	n/a	0	1	21658
43.332	n/a	0	1	21666
43.35	n/a	0	1	21675
43.366	n/a	0	1	21683
43.382	n/a	0	1	21691
43.4	n/a	0	1	21700
43.416	n/a	0	1	21708
43.432	n/a	0	1	21716
43.45	n/a	1	2	21725
43.466	n/a	1	2	21733
43.482	n/a	1	2	21741
43.5	n/a	1	2	21750
43.516	n/a	1	2	21758
43.532	n/a	1	2	21766
43.55	n/a	1	2	21775
43.566	n/a	1	2	21783
43.582	n/a	1	2	21791
43.6	n/a	1	2	21800
43.616	n/a	0	1	21808
43.632	n/a	0	1	21816
43.65	n/a	0	1	21825
43.666	n/a	0	1	21833
43.682	n/a	0	1	21841
43.7	n/a	0	1	21850
43.716	n/a	0	1	21858
43.732	n/a	0	1	21866
43.75	n/a	0	1	21875
43.766	n/a	0	1	21883
43.782	n/a	0	1	21891
43.8	n/a	0	1	21900
43.816	n/a	1	2	21908
43.832	n/a	1	2	21916
43.85	n/a	1	2	21925
43.866	n/a	1	2	21933
43.882	n/a	0	1	21941
43.9	n/a	0	1	21950
43.916	n/a	0	1	21958
43.932	n/a	0	1	21966
43.95	n/a	1	2	21975
43.966	n/a	1	2	21983
43.982	n/a	0	1	21991
44.0	n/a	0	1	22000
44.016	n/a	1	2	22008
44.032	n/a	1	2	22016
44.05	n/a	0	1	22025
44.066	n/a	0	1	22033
44.082	n/a	1	2	22041
44.1	n/a	1	2	22050
44.116	n/a	0	1	22058
44.132	n/a	0	1	22066
44.15	n/a	1	2	22075
44.166	n/a	1	2	22083
44.182	n/a	1	2	22091
44.2	n/a	1	2	22100
44.216	n/a	0	1	22108
44.232	n/a	0	1	22116
44.25	n/a	1	2	22125
44.266	n/a	1	2	22133
44.282	n/a	0	1	22141
44.3	n/a	0	1	22150
44.316	n/a	0	1	22158
44.332	n/a	0	1	22166
44.35	n/a	0	1	22175
44.366	n/a	0	1	22183
44.382	n/a	1	2	22191
44.4	n/a	1	2	22200
44.416	n/a	0	1	22208
44.432	n/a	0	1	22216
44.45	n/a	0	1	22225
44.466	n/a	0	1	22233
44.482	n/a	0	1	22241
44.5	n/a	0	1	22250
44.516	n/a	1	2	22258
44.532	n/a	1	2	22266
44.55	n/a	1	2	22275
44.566	n/a	1	2	22283
44.582	n/a	1	2	22291
44.6	n/a	1	2	22300
44.616	n/a	0	1	22308
44.632	n/a	0	1	22316
44.65	n/a	1	2	22325
44.666	n/a	1	2	22333
44.682	n/a	0	1	22341
44.7	n/a	0	1	22350
44.716	n/a	1	2	22358
44.732	n/a	1	2	22366
44.75	n/a	1	2	22375
44.766	n/a	1	2	22383
44.782	n/a	1	2	22391
44.8	n/a	1	2	22400
44.816	n/a	1	2	22408
44.832	n/a	1	2	22416
44.85	n/a	1	2	22425
44.866	n/a	1	2	22433
44.882	n/a	0	1	22441
44.9	n/a	0	1	22450
44.916	n/a	0	1	22458
44.932	n/a	0	1	22466
44.95	n/a	1	2	22475
44.966	n/a	1	2	22483
44.982	n/a	0	1	22491
45.0	n/a	0	1	22500
45.016	n/a	0	1	22508
45.032	n/a	0	1	22516
45.05	n/a	0	1	22525
45.066	n/a	0	1	22533
45.082	n/a	1	2	22541
45.1	n/a	1	2	22550
45.116	n/a	1	2	22558
46.6	n/a	1	2	23300
46.616	n/a	1	2	23308
46.632	n/a	1	2	23316
46.65	n/a	1	2	23325
46.666	n/a	0	1	23333
46.682	n/a	0	1	23341
46.7	n/a	0	1	23350
46.716	n/a	0	1	23358
46.732	n/a	0	1	23366
46.75	n/a	0	1	23375
46.766	n/a	0	1	23383
46.782	n/a	0	1	23391
46.8	n/a	1	2	23400
46.816	n/a	1	2	23408
46.832	n/a	0	1	23416
46.85	n/a	0	1	23425
46.866	n/a	0	1	23433
46.882	n/a	0	1	23441
46.9	n/a	1	2	23450
46.916	n/a	1	2	23458
46.932	n/a	1	2	23466
46.95	n/a	1	2	23475
46.966	n/a	0	1	23483
46.982	n/a	0	1	23491
47.0	n/a	0	1	23500
47.016	n/a	0	1	23508
47.032	n/a	0	1	23516
47.05	n/a	0	1	23525
47.066	n/a	0	1	23533
47.082	n/a	0	1	23541
47.1	n/a	0	1	23550
47.116	n/a	0	1	23558
47.132	n/a	0	1	23566
47.15	n/a	0	1	23575
47.166	n/a	1	2	23583
47.182	n/a	1	2	23591
47.2	n/a	0	1	23600
47.216	n/a	0	1	23608
47.232	n/a	1	2	23616
47.25	n/a	1	2	23625
47.266	n/a	1	2	23633
47.282	n/a	1	2	23641
47.3	n/a	0	1	23650
47.316	n/a	0	1	23658
47.332	n/a	1	2	23666
47.35	n/a	1	2	23675
47.366	n/a	0	1	23683
47.382	n/a	0	1	23691
47.4	n/a	1	2	23700
47.416	n/a	1	2	23708
47.432	n/a	0	1	23716
47.45	n/a	0	1	23725
47.466	n/a	1	2	23733
47.482	n/a	1	2	23741
47.5	n/a	0	1	23750
47.516	n/a	0	1	23758
47.532	n/a	0	1	23766
47.55	n/a	0	1	23775
47.566	n/a	0	1	23783
47.582	n/a	0	1	23791
47.6	n/a	1	2	23800
47.616	n/a	1	2	23808
47.632	n/a	1	2	23816
47.65	n/a	1	2	23825
47.666	n/a	1	2	23833
47.682	n/a	1	2	23841
47.7	n/a	0	1	23850
47.716	n/a	0	1	23858
47.732	n/a	1	2	23866
47.75	n/a	1	2	23875
47.766	n/a	1	2	23883
47.782	n/a	1	2	23891
47.8	n/a	1	2	23900
47.816	n/a	1	2	23908
47.832	n/a	0	1	23916
47.85	n/a	0	1	23925
47.866	n/a	1	2	23933
47.882	n/a	1	2	23941
47.9	n/a	0	1	23950
47.916	n/a	0	1	23958
47.932	n/a	1	2	23966
47.95	n/a	1	2	23975
47.966	n/a	1	2	23983
47.982	n/a	1	2	23991
48.0	n/a	0	1	24000
48.016	n/a	0	1	24008
48.032	n/a	0	1	24016
48.05	n/a	0	1	24025
48.066	n/a	0	1	24033
48.082	n/a	0	1	24041
48.1	n/a	1	2	24050
48.116	n/a	1	2	24058
48.132	n/a	1	2	24066
48.15	n/a	1	2	24075
48.166	n/a	0	1	24083
48.182	n/a	0	1	24091
48.2	n/a	1	2	24100
48.216	n/a	1	2	24108
48.232	n/a	1	2	24116
48.25	n/a	1	2	24125
48.266	n/a	1	2	24133
48.282	n/a	1	2	24141
48.3	n/a	0	1	24150
48.316	n/a	0	1	24158
48.332	n/a	0	1	24166
48.35	n/a	0	1	24175
48.366	n/a	0	1	24183
48.382	n/a	0	1	24191
48.4	n/a	0	1	24200
48.416	n/a	0	1	24208
48.432	n/a	0	1	24216
48.45	n/a	0	1	24225
48.466	n/a	1	2	24233
48.482	n/a	1	2	24241
48.5	n/a	1	2	24250
48.516	n/a	1	2	24258
48.532	n/a	1	2	24266
50.016	n/a	1	2	25008
50.032	n/a	1	2	25016
50.05	n/a	1	2	25025
50.066	n/a	1	2	25033
50.082	n/a	1	2	25041
50.1	n/a	1	2	25050
50.116	n/a	1	2	25058
50.132	n/a	1	2	25066
50.15	n/a	1	2	25075
50.166	n/a	1	2	25083
50.182	n/a	1	2	25091
50.2	n/a	1	2	25100
50.216	n/a	1	2	25108
50.232	n/a	1	2	25116
50.25	n/a	0	1	25125
50.266	n/a	0	1	25133
50.282	n/a	0	1	25141
50.3	n/a	0	1	25150
50.316	n/a	1	2	25158
50.332	n/a	1	2	25166
50.35	n/a	1	2	25175
50.366	n/a	1	2	25183
50.382	n/a	0	1	25191
50.4	n/a	0	1	25200
50.416	n/a	0	1	25208
50.432	n/a	0	1	25216
50.45	n/a	1	2	25225
50.466	n/a	1	2	25233
50.482	n/a	1	2	25241
50.5	n/a	1	2	25250
50.516	n/a	0	1	25258
50.532	n/a	0	1	25266
50.55	n/a	0	1	25275
50.566	n/a	0	1	25283
50.582	n/a	1	2	25291
50.6	n/a	1	2	25300
50.616	n/a	0	1	25308
50.632	n/a	0	1	25316
50.65	n/a	1	2	25325
50.666	n/a	1	2	25333
50.682	n/a	1	2	25341
50.7	n/a	1	2	25350
50.716	n/a	0	1	25358
50.732	n/a	0	1	25366
50.75	n/a	1	2	25375
50.766	n/a	1	2	25383
50.782	n/a	0	1	25391
50.8	n/a	0	1	25400
50.816	n/a	0	1	25408
50.832	n/a	0	1	25416
50.85	n/a	1	2	25425
50.866	n/a	1	2	25433
50.882	n/a	0	1	25441
50.9	n/a	0	1	25450
50.916	n/a	1	2	25458
50.932	n/a	1	2	25466
50.95	n/a	1	2	25475
50.966	n/a	1	2	25483
50.982	n/a	1	2	25491
51.0	n/a	1	2	25500
51.016	n/a	0	1	25508
51.032	n/a	0	1	25516
51.05	n/a	0	1	25525
51.066	n/a	0	1	25533
51.082	n/a	0	1	25541
51.1	n/a	0	1	25550
51.116	n/a	1	2	25558
51.132	n/a	1	2	25566
51.15	n/a	0	1	25575
51.166	n/a	0	1	25583
51.182	n/a	1	2	25591
51.2	n/a	1	2	25600
51.216	n/a	1	2	25608
51.232	n/a	1	2	25616
51.25	n/a	1	2	25625
51.266	n/a	1	2	25633
51.282	n/a	0	1	25641
51.3	n/a	0	1	25650
51.316	n/a	0	1	25658
51.332	n/a	0	1	25666
51.35	n/a	1	2	25675
51.366	n/a	1	2	25683
51.382	n/a	0	1	25691
51.4	n/a	0	1	25700
51.416	n/a	1	2	25708
51.432	n/a	1	2	25716
51.45	n/a	0	1	25725
51.466	n/a	0	1	25733
51.482	n/a	0	1	25741
51.5	n/a	0	1	25750
51.516	n/a	0	1	25758
51.532	n/a	0	1	25766
51.55	n/a	1	2	25775
51.566	n/a	1	2	25783
51.582	n/a	1	2	25791
51.6	n/a	1	2	25800
51.616	n/a	0	1	25808
51.632	n/a	0	1	25816
51.65	n/a	1	2	25825
51.666	n/a	1	2	25833
51.682	n/a	0	1	25841
51.7	n/a	0	1	25850
51.716	n/a	0	1	25858
51.732	n/a	0	1	25866
51.75	n/a	0	1	25875
51.766	n/a	0	1	25883
51.782	n/a	1	2	25891
51.8	n/a	1	2	25900
51.816	n/a	0	1	25908
51.832	n/a	0	1	25916
51.85	n/a	1	2	25925
51.866	n/a	1	2	25933
51.882	n/a	0	1	25941
51.9	n/a	0	1	25950
51.916	n/a	0	1	25958
51.932	n/a	0	1	25966
51.95	n/a	1	2	25975
55.516	n/a	1	2	27758
55.532	n/a	1	2	27766
55.55	n/a	1	2	27775
55.566	n/a	1	2	27783
55.582	n/a	0	1	27791
55.6	n/a	0	1	27800
55.616	n/a	0	1	27808
55.632	n/a	0	1	27816
55.65	n/a	0	1	27825
55.666	n/a	0	1	27833
55.682	n/a	0	1	27841
55.7	n/a	0	1	27850
55.716	n/a	1	2	27858
55.732	n/a	1	2	27866
55.75	n/a	0	1	27875
55.766	n/a	0	1	27883
55.782	n/a	0	1	27891
55.8	n/a	0	1	27900
55.816	n/a	1	2	27908
55.832	n/a	1	2	27916
55.85	n/a	1	2	27925
55.866	n/a	1	2	27933
55.882	n/a	0	1	27941
55.9	n/a	0	1	27950
55.916	n/a	0	1	27958
55.932	n/a	0	1	27966
55.95	n/a	0	1	27975
55.966	n/a	0	1	27983
55.982	n/a	0	1	27991
56.0	n/a	0	1	28000
56.016	n/a	0	1	28008
56.032	n/a	0	1	28016
56.05	n/a	0	1	28025
56.066	n/a	0	1	28033
56.082	n/a	1	2	28041
56.1	n/a	1	2	28050
56.116	n/a	0	1	28058
56.132	n/a	0	1	28066
56.15	n/a	1	2	28075
56.166	n/a	1	2	28083
56.182	n/a	1	2	28091
56.2	n/a	1	2	28100
56.216	n/a	0	1	28108
56.232	n/a	0	1	28116
56.25	n/a	1	2	28125
56.266	n/a	1	2	28133
56.282	n/a	0	1	28141
56.3	n/a	0	1	28150
56.316	n/a	1	2	28158
56.332	n/a	1	2	28166
56.35	n/a	0	1	28175
56.366	n/a	0	1	28183
56.382	n/a	1	2	28191
56.4	n/a	1	2	28200
56.416	n/a	0	1	28208
56.432	n/a	0	1	28216
56.45	n/a	0	1	28225
56.466	n/a	0	1	28233
56.482	n/a	0	1	28241
56.5	n/a	0	1	28250
56.516	n/a	1	2	28258
56.532	n/a	1	2	28266
56.55	n/a	1	2	28275
56.566	n/a	1	2	28283
56.582	n/a	1	2	28291
56.6	n/a	1	2	28300
56.616	n/a	0	1	28308
56.632	n/a	0	1	28316
56.65	n/a	1	2	28325
56.666	n/a	1	2	28333
56.682	n/a	1	2	28341
56.7	n/a	1	2	28350
56.716	n/a	1	2	28358
56.732	n/a	1	2	28366
56.75	n/a	0	1	28375
56.766	n/a	0	1	28383
56.782	n/a	1	2	28391
56.8	n/a	1	2	28400
56.816	n/a	0	1	28408
56.832	n/a	0	1	28416
56.85	n/a	1	2	28425
56.866	n/a	1	2	28433
56.882	n/a	1	2	28441
56.9	n/a	1	2	28450
56.916	n/a	0	1	28458
56.932	n/a	0	1	28466
56.95	n/a	0	1	28475
56.966	n/a	0	1	28483
56.982	n/a	0	1	28491
57.0	n/a	0	1	28500
57.016	n/a	1	2	28508
57.032	n/a	1	2	28516
57.05	n/a	1	2	28525
57.066	n/a	1	2	28533
57.082	n/a	0	1	28541
57.1	n/a	0	1	28550
57.116	n/a	1	2	28558
57.132	n/a	1	2	28566
57.15	n/a	1	2	28575
57.166	n/a	1	2	28583
57.182	n/a	1	2	28591
57.2	n/a	1	2	28600
57.216	n/a	0	1	28608
57.232	n/a	0	1	28616
57.25	n/a	0	1	28625
57.266	n/a	0	1	28633
57.282	n/a	0	1	28641
57.3	n/a	0	1	28650
57.316	n/a	0	1	28658
57.332	n/a	0	1	28666
57.35	n/a	0	1	28675
57.366	n/a	0	1	28683
57.382	n/a	1	2	28691
57.4	n/a	1	2	28700
57.416	n/a	1	2	28708
57.432	n/a	1	2	28716
57.45	n/a	1	2	28725
58.932	n/a	0	1	29466
58.95	n/a	0	1	29475
58.966	n/a	0	1	29483
58.982	n/a	0	1	29491
59.0	n/a	1	2	29500
59.016	n/a	1	2	29508
59.032	n/a	1	2	29516
59.05	n/a	1	2	29525
59.066	n/a	0	1	29533
59.082	n/a	0	1	29541
59.1	n/a	0	1	29550
59.116	n/a	0	1	29558
59.132	n/a	0	1	29566
59.15	n/a	0	1	29575
59.166	n/a	0	1	29583
59.182	n/a	0	1	29591
59.2	n/a	1	2	29600
59.216	n/a	1	2	29608
59.232	n/a	1	2	29616
59.25	n/a	1	2	29625
59.266	n/a	1	2	29633
59.282	n/a	1	2	29641
59.3	n/a	1	2	29650
59.316	n/a	1	2	29658
59.332	n/a	1	2	29666
59.35	n/a	1	2	29675
59.366	n/a	0	1	29683
59.382	n/a	0	1	29691
59.4	n/a	0	1	29700
59.416	n/a	0	1	29708
59.432	n/a	0	1	29716
59.45	n/a	0	1	29725
59.466	n/a	0	1	29733
59.482	n/a	0	1	29741
59.5	n/a	0	1	29750
59.516	n/a	0	1	29758
59.532	n/a	0	1	29766
59.55	n/a	0	1	29775
59.566	n/a	1	2	29783
59.582	n/a	1	2	29791
59.6	n/a	1	2	29800
59.616	n/a	1	2	29808
59.632	n/a	0	1	29816
59.65	n/a	0	1	29825
59.666	n/a	0	1	29833
59.682	n/a	0	1	29841
59.7	n/a	1	2	29850
59.716	n/a	1	2	29858
59.732	n/a	0	1	29866
59.75	n/a	0	1	29875
59.766	n/a	1	2	29883
59.782	n/a	1	2	29891
59.8	n/a	0	1	29900
59.816	n/a	0	1	29908
59.832	n/a	1	2	29916
59.85	n/a	1	2	29925
59.866	n/a	0	1	29933
59.882	n/a	0	1	29941
59.9	n/a	1	2	29950
59.916	n/a	1	2	29958
59.932	n/a	1	2	29966
59.95	n/a	1	2	29975
59.966	n/a	0	1	29983
59.982	n/a	0	1	29991
60.0	n/a	1	2	30000
60.016	n/a	1	2	30008
60.032	n/a	0	1	30016
60.05	n/a	0	1	30025
60.066	n/a	0	1	30033
60.082	n/a	0	1	30041
60.1	n/a	0	1	30050
60.116	n/a	0	1	30058
60.132	n/a	1	2	30066
60.15	n/a	1	2	30075
60.166	n/a	0	1	30083
60.182	n/a	0	1	30091
60.2	n/a	0	1	30100
60.216	n/a	0	1	30108
60.232	n/a	0	1	30116
60.25	n/a	0	1	30125
60.266	n/a	1	2	30133
60.282	n/a	1	2	30141
60.3	n/a	1	2	30150
60.316	n/a	1	2	30158
60.332	n/a	1	2	30166
60.35	n/a	1	2	30175
60.366	n/a	0	1	30183
60.382	n/a	0	1	30191
60.4	n/a	1	2	30200
60.416	n/a	1	2	30208
60.432	n/a	0	1	30216
60.45	n/a	0	1	30225
60.466	n/a	1	2	30233
60.482	n/a	1	2	30241
60.5	n/a	1	2	30250
60.516	n/a	1	2	30258
60.532	n/a	1	2	30266
60.55	n/a	1	2	30275
60.566	n/a	1	2	30283
60.582	n/a	1	2	30291
60.6	n/a	1	2	30300
60.616	n/a	1	2	30308
60.632	n/a	0	1	30316
60.65	n/a	0	1	30325
60.666	n/a	0	1	30333
60.682	n/a	0	1	30341
60.7	n/a	1	2	30350
60.716	n/a	1	2	30358
60.732	n/a	0	1	30366
60.75	n/a	0	1	30375
60.766	n/a	0	1	30383
60.782	n/a	0	1	30391
60.8	n/a	0	1	30400
60.816	n/a	0	1	30408
60.832	n/a	1	2	30416
60.85	n/a	1	2	30425
60.866	n/a	1	2	30433
62.35	n/a	1	2	31175
62.366	n/a	1	2	31183
62.382	n/a	1	2	31191
62.4	n/a	1	2	31200
62.416	n/a	0	1	31208
62.432	n/a	0	1	31216
62.45	n/a	1	2	31225
62.466	n/a	1	2	31233
62.482	n/a	1	2	31241
62.5	n/a	1	2	31250
62.516	n/a	0	1	31258
62.532	n/a	0	1	31266
62.55	n/a	1	2	31275
62.566	n/a	1	2	31283
62.582	n/a	1	2	31291
62.6	n/a	1	2	31300
62.616	n/a	0	1	31308
62.632	n/a	0	1	31316
62.65	n/a	1	2	31325
62.666	n/a	1	2	31333
62.682	n/a	1	2	31341
62.7	n/a	1	2	31350
62.716	n/a	0	1	31358
62.732	n/a	0	1	31366
62.75	n/a	0	1	31375
62.766	n/a	0	1	31383
62.782	n/a	0	1	31391
62.8	n/a	0	1	31400
62.816	n/a	1	2	31408
62.832	n/a	1	2	31416
62.85	n/a	1	2	31425
62.866	n/a	1	2	31433
62.882	n/a	1	2	31441
62.9	n/a	1	2	31450
62.916	n/a	0	1	31458
62.932	n/a	0	1	31466
62.95	n/a	0	1	31475
62.966	n/a	0	1	31483
62.982	n/a	0	1	31491
63.0	n/a	0	1	31500
63.016	n/a	1	2	31508
63.032	n/a	1	2	31516
63.05	n/a	1	2	31525
63.066	n/a	1	2	31533
63.082	n/a	1	2	31541
63.1	n/a	1	2	31550
63.116	n/a	1	2	31558
63.132	n/a	1	2	31566
63.15	n/a	1	2	31575
63.166	n/a	1	2	31583
63.182	n/a	0	1	31591
63.2	n/a	0	1	31600
63.216	n/a	0	1	31608
63.232	n/a	0	1	31616
63.25	n/a	1	2	31625
63.266	n/a	1	2	31633
63.282	n/a	0	1	31641
63.3	n/a	0	1	31650
63.316	n/a	1	2	31658
63.332	n/a	1	2	31666
63.35	n/a	0	1	31675
63.366	n/a	0	1	31683
63.382	n/a	0	1	31691
63.4	n/a	0	1	31700
63.416	n/a	1	2	31708
63.432	n/a	1	2	31716
63.45	n/a	1	2	31725
63.466	n/a	1	2	31733
63.482	n/a	0	1	31741
63.5	n/a	0	1	31750
63.516	n/a	0	1	31758
63.532	n/a	0	1	31766
63.55	n/a	0	1	31775
63.566	n/a	0	1	31783
63.582	n/a	0	1	31791
63.6	n/a	0	1	31800
63.616	n/a	1	2	31808
63.632	n/a	1	2	31816
63.65	n/a	0	1	31825
63.666	n/a	0	1	31833
63.682	n/a	0	1	31841
63.7	n/a	0	1	31850
63.716	n/a	0	1	31858
63.732	n/a	0	1	31866
63.75	n/a	0	1	31875
63.766	n/a	0	1	31883
63.782	n/a	1	2	31891
63.8	n/a	1	2	31900
63.816	n/a	1	2	31908
63.832	n/a	1	2	31916
63.85	n/a	1	2	31925
63.866	n/a	1	2	31933
63.882	n/a	1	2	31941
63.9	n/a	1	2	31950
63.916	n/a	1	2	31958
63.932	n/a	1	2	31966
63.95	n/a	1	2	31975
63.966	n/a	1	2	31983
63.982	n/a	0	1	31991
64.0	n/a	0	1	32000
64.016	n/a	1	2	32008
64.032	n/a	1	2	32016
64.05	n/a	0	1	32025
64.066	n/a	0	1	32033
64.082	n/a	1	2	32041
64.098	n/a	1	2	32049
64.116	n/a	0	1	32058
64.132	n/a	0	1	32066
64.15	n/a	0	1	32075
64.166	n/a	0	1	32083
64.182	n/a	1	2	32091
64.2	n/a	1	2	32100
64.216	n/a	1	2	32108
64.232	n/a	1	2	32116
64.25	n/a	0	1	32125
64.266	n/a	0	1	32133
64.282	n/a	0	1	32141
65.766	n/a	1	2	32883
65.782	n/a	1	2	32891
65.8	n/a	1	2	32900
65.816	n/a	1	2	32908
65.832	n/a	1	2	32916
65.85	n/a	1	2	32925
65.866	n/a	1	2	32933
65.882	n/a	1	2	32941
65.9	n/a	1	2	32950
65.916	n/a	1	2	32958
65.932	n/a	1	2	32966
65.95	n/a	1	2	32975
65.966	n/a	1	2	32983
65.982	n/a	1	2	32991
66.0	n/a	0	1	33000
66.016	n/a	0	1	33008
66.032	n/a	0	1	33016
66.05	n/a	0	1	33025
66.066	n/a	1	2	33033
66.082	n/a	1	2	33041
66.1	n/a	1	2	33050
66.116	n/a	1	2	33058
66.132	n/a	0	1	33066
66.15	n/a	0	1	33075
66.166	n/a	0	1	33083
66.182	n/a	0	1	33091
66.2	n/a	1	2	33100
66.216	n/a	1	2	33108
66.232	n/a	1	2	33116
66.25	n/a	1	2	33125
66.266	n/a	0	1	33133
66.282	n/a	0	1	33141
66.3	n/a	0	1	33150
66.316	n/a	0	1	33158
66.332	n/a	1	2	33166
66.35	n/a	1	2	33175
66.366	n/a	0	1	33183
66.382	n/a	0	1	33191
66.4	n/a	1	2	33200
66.416	n/a	1	2	33208
66.432	n/a	1	2	33216
66.45	n/a	1	2	33225
66.466	n/a	0	1	33233
66.482	n/a	0	1	33241
66.5	n/a	1	2	33250
66.516	n/a	1	2	33258
66.532	n/a	0	1	33266
66.55	n/a	0	1	33275
66.566	n/a	0	1	33283
66.582	n/a	0	1	33291
66.6	n/a	1	2	33300
66.616	n/a	1	2	33308
66.632	n/a	0	1	33316
66.65	n/a	0	1	33325
66.666	n/a	1	2	33333
66.682	n/a	1	2	33341
66.7	n/a	1	2	33350
66.716	n/a	1	2	33358
66.732	n/a	1	2	33366
66.75	n/a	1	2	33375
66.766	n/a	0	1	33383
66.782	n/a	0	1	33391
66.8	n/a	0	1	33400
66.816	n/a	0	1	33408
66.832	n/a	0	1	33416
66.85	n/a	0	1	33425
66.866	n/a	1	2	33433
66.882	n/a	1	2	33441
66.9	n/a	0	1	33450
66.916	n/a	0	1	33458
66.932	n/a	1	2	33466
66.95	n/a	1	2	33475
66.966	n/a	1	2	33483
66.982	n/a	1	2	33491
67.0	n/a	1	2	33500
67.016	n/a	1	2	33508
67.032	n/a	0	1	33516
67.05	n/a	0	1	33525
67.066	n/a	0	1	33533
67.082	n/a	0	1	33541
67.1	n/a	1	2	33550
67.116	n/a	1	2	33558
67.132	n/a	0	1	33566
67.15	n/a	0	1	33575
67.166	n/a	1	2	33583
67.182	n/a	1	2	33591
67.2	n/a	0	1	33600
67.216	n/a	0	1	33608
67.232	n/a	0	1	33616
67.25	n/a	0	1	33625
67.266	n/a	0	1	33633
67.282	n/a	0	1	33641
67.3	n/a	1	2	33650
67.316	n/a	1	2	33658
67.332	n/a	1	2	33666
67.35	n/a	1	2	33675
67.366	n/a	0	1	33683
67.382	n/a	0	1	33691
67.4	n/a	1	2	33700
67.416	n/a	1	2	33708
67.432	n/a	0	1	33716
67.45	n/a	0	1	33725
67.466	n/a	0	1	33733
67.482	n/a	0	1	33741
67.5	n/a	0	1	33750
67.516	n/a	0	1	33758
67.532	n/a	1	2	33766
67.55	n/a	1	2	33775
67.566	n/a	0	1	33783
67.582	n/a	0	1	33791
67.6	n/a	1	2	33800
67.616	n/a	1	2	33808
67.632	n/a	0	1	33816
67.65	n/a	0	1	33825
67.666	n/a	0	1	33833
67.682	n/a	0	1	33841
67.7	n/a	1	2	33850
70.166	n/a	1	2	35083
70.182	n/a	1	2	35091
70.2	n/a	1	2	35100
70.216	n/a	1	2	35108
70.232	n/a	0	1	35116
70.25	n/a	0	1	35125
70.266	n/a	0	1	35133
70.282	n/a	0	1	35141
70.3	n/a	0	1	35150
70.316	n/a	0	1	35158
70.332	n/a	0	1	35166
70.35	n/a	0	1	35175
70.366	n/a	1	2	35183
70.382	n/a	1	2	35191
70.4	n/a	0	1	35200
70.416	n/a	0	1	35208
70.432	n/a	0	1	35216
70.45	n/a	0	1	35225
70.466	n/a	1	2	35233
70.482	n/a	1	2	35241
70.5	n/a	1	2	35250
70.516	n/a	1	2	35258
70.532	n/a	0	1	35266
70.55	n/a	0	1	35275
70.566	n/a	0	1	35283
70.582	n/a	0	1	35291
70.6	n/a	0	1	35300
70.616	n/a	0	1	35308
70.632	n/a	0	1	35316
70.65	n/a	0	1	35325
70.666	n/a	0	1	35333
70.682	n/a	0	1	35341
70.7	n/a	0	1	35350
70.716	n/a	0	1	35358
70.732	n/a	1	2	35366
70.75	n/a	1	2	35375
70.766	n/a	0	1	35383
70.782	n/a	0	1	35391
70.8	n/a	1	2	35400
70.816	n/a	1	2	35408
70.832	n/a	1	2	35416
70.85	n/a	1	2	35425
70.866	n/a	0	1	35433
70.882	n/a	0	1	35441
70.9	n/a	1	2	35450
70.916	n/a	1	2	35458
70.932	n/a	0	1	35466
70.95	n/a	0	1	35475
70.966	n/a	1	2	35483
70.982	n/a	1	2	35491
71.0	n/a	0	1	35500
71.016	n/a	0	1	35508
71.032	n/a	1	2	35516
71.05	n/a	1	2	35525
71.066	n/a	0	1	35533
71.082	n/a	0	1	35541
71.1	n/a	0	1	35550
71.116	n/a	0	1	35558
71.132	n/a	0	1	35566
71.15	n/a	0	1	35575
71.166	n/a	1	2	35583
71.182	n/a	1	2	35591
71.2	n/a	1	2	35600
71.216	n/a	1	2	35608
71.232	n/a	1	2	35616
71.25	n/a	1	2	35625
71.266	n/a	0	1	35633
71.282	n/a	0	1	35641
71.3	n/a	1	2	35650
71.316	n/a	1	2	35658
71.332	n/a	1	2	35666
71.35	n/a	1	2	35675
71.366	n/a	1	2	35683
71.382	n/a	1	2	35691
71.4	n/a	0	1	35700
71.416	n/a	0	1	35708
71.432	n/a	1	2	35716
71.45	n/a	1	2	35725
71.466	n/a	0	1	35733
71.482	n/a	0	1	35741
71.5	n/a	1	2	35750
71.516	n/a	1	2	35758
71.532	n/a	1	2	35766
71.55	n/a	1	2	35775
71.566	n/a	0	1	35783
71.582	n/a	0	1	35791
71.6	n/a	0	1	35800
71.616	n/a	0	1	35808
71.632	n/a	0	1	35816
71.65	n/a	0	1	35825
71.666	n/a	1	2	35833
71.682	n/a	1	2	35841
71.7	n/a	1	2	35850
71.716	n/a	1	2	35858
71.732	n/a	0	1	35866
71.75	n/a	0	1	35875
71.766	n/a	1	2	35883
71.782	n/a	1	2	35891
71.8	n/a	1	2	35900
71.816	n/a	1	2	35908
71.832	n/a	1	2	35916
71.85	n/a	1	2	35925
71.866	n/a	0	1	35933
71.882	n/a	0	1	35941
71.9	n/a	0	1	35950
71.916	n/a	0	1	35958
71.932	n/a	0	1	35966
71.95	n/a	0	1	35975
71.966	n/a	0	1	35983
71.982	n/a	0	1	35991
72.0	n/a	0	1	36000
72.016	n/a	0	1	36008
72.032	n/a	1	2	36016
72.05	n/a	1	2	36025
72.066	n/a	1	2	36033
72.082	n/a	1	2	36041
72.1	n/a	1	2	36050
73.582	n/a	1	2	36791
73.6	n/a	1	2	36800
73.616	n/a	1	2	36808
73.632	n/a	1	2	36816
73.65	n/a	0	1	36825
73.666	n/a	0	1	36833
73.682	n/a	1	2	36841
73.7	n/a	1	2	36850
73.716	n/a	1	2	36858
73.732	n/a	1	2	36866
73.75	n/a	0	1	36875
73.766	n/a	0	1	36883
73.782	n/a	1	2	36891
73.8	n/a	1	2	36900
73.816	n/a	1	2	36908
73.832	n/a	1	2	36916
73.85	n/a	0	1	36925
73.866	n/a	0	1	36933
73.882	n/a	1	2	36941
73.9	n/a	1	2	36950
73.916	n/a	1	2	36958
73.932	n/a	1	2	36966
73.95	n/a	0	1	36975
73.966	n/a	0	1	36983
73.982	n/a	0	1	36991
74.0	n/a	0	1	37000
74.016	n/a	0	1	37008
74.032	n/a	0	1	37016
74.05	n/a	1	2	37025
74.066	n/a	1	2	37033
74.082	n/a	1	2	37041
74.1	n/a	1	2	37050
74.116	n/a	1	2	37058
74.132	n/a	1	2	37066
74.15	n/a	0	1	37075
74.166	n/a	0	1	37083
74.182	n/a	0	1	37091
74.2	n/a	0	1	37100
74.216	n/a	0	1	37108
74.232	n/a	0	1	37116
74.25	n/a	1	2	37125
74.266	n/a	1	2	37133
74.282	n/a	1	2	37141
74.3	n/a	1	2	37150
74.316	n/a	1	2	37158
74.332	n/a	1	2	37166
74.35	n/a	1	2	37175
74.366	n/a	1	2	37183
74.382	n/a	1	2	37191
74.4	n/a	1	2	37200
74.416	n/a	0	1	37208
74.432	n/a	0	1	37216
74.45	n/a	0	1	37225
74.466	n/a	0	1	37233
74.482	n/a	1	2	37241
74.5	n/a	1	2	37250
74.516	n/a	0	1	37258
74.532	n/a	0	1	37266
74.55	n/a	1	2	37275
74.566	n/a	1	2	37283
74.582	n/a	0	1	37291
74.6	n/a	0	1	37300
74.616	n/a	0	1	37308
74.632	n/a	0	1	37316
74.65	n/a	1	2	37325
74.666	n/a	1	2	37333
74.682	n/a	1	2	37341
74.7	n/a	1	2	37350
74.716	n/a	0	1	37358
74.732	n/a	0	1	37366
74.75	n/a	0	1	37375
74.766	n/a	0	1	37383
74.782	n/a	0	1	37391
74.8	n/a	0	1	37400
74.816	n/a	0	1	37408
74.832	n/a	0	1	37416
74.85	n/a	1	2	37425
74.866	n/a	1	2	37433
74.882	n/a	0	1	37441
74.9	n/a	0	1	37450
74.916	n/a	0	1	37458
74.932	n/a	0	1	37466
74.95	n/a	0	1	37475
74.966	n/a	0	1	37483
74.982	n/a	0	1	37491
75.0	n/a	0	1	37500
75.016	n/a	1	2	37508
75.032	n/a	1	2	37516
75.05	n/a	1	2	37525
75.066	n/a	1	2	37533
75.082	n/a	1	2	37541
75.1	n/a	1	2	37550
75.116	n/a	1	2	37558
75.132	n/a	1	2	37566
75.15	n/a	1	2	37575
75.166	n/a	1	2	37583
75.182	n/a	1	2	37591
75.2	n/a	1	2	37600
75.216	n/a	0	1	37608
75.232	n/a	0	1	37616
75.25	n/a	1	2	37625
75.266	n/a	1	2	37633
75.282	n/a	0	1	37641
75.3	n/a	0	1	37650
75.316	n/a	1	2	37658
75.332	n/a	1	2	37666
75.35	n/a	0	1	37675
75.366	n/a	0	1	37683
75.382	n/a	0	1	37691
75.4	n/a	0	1	37700
75.416	n/a	1	2	37708
75.432	n/a	1	2	37716
75.45	n/a	1	2	37725
75.466	n/a	1	2	37733
75.482	n/a	0	1	37741
75.5	n/a	0	1	37750
75.516	n/a	0	1	37758
77.0	n/a	1	2	38500
77.016	n/a	1	2	38508
77.032	n/a	1	2	38516
77.05	n/a	1	2	38525
77.066	n/a	1	2	38533
77.082	n/a	1	2	38541
77.1	n/a	1	2	38550
77.116	n/a	1	2	38558
77.132	n/a	1	2	38566
77.15	n/a	1	2	38575
77.166	n/a	1	2	38583
77.182	n/a	1	2	38591
77.2	n/a	1	2	38600
77.216	n/a	1	2	38608
77.232	n/a	0	1	38616
77.25	n/a	0	1	38625
77.266	n/a	0	1	38633
77.282	n/a	0	1	38641
77.3	n/a	1	2	38650
77.316	n/a	1	2	38658
77.332	n/a	1	2	38666
77.35	n/a	1	2	38675
77.366	n/a	0	1	38683
77.382	n/a	0	1	38691
77.4	n/a	0	1	38700
77.416	n/a	0	1	38708
77.432	n/a	1	2	38716
77.45	n/a	1	2	38725
77.466	n/a	1	2	38733
77.482	n/a	1	2	38741
77.5	n/a	0	1	38750
77.516	n/a	0	1	38758
77.532	n/a	0	1	38766
77.55	n/a	0	1	38775
77.566	n/a	1	2	38783
77.582	n/a	1	2	38791
77.6	n/a	0	1	38800
77.616	n/a	0	1	38808
77.632	n/a	1	2	38816
77.65	n/a	1	2	38825
77.666	n/a	1	2	38833
77.682	n/a	1	2	38841
77.7	n/a	0	1	38850
77.716	n/a	0	1	38858
77.732	n/a	1	2	38866
77.75	n/a	1	2	38875
77.766	n/a	0	1	38883
77.782	n/a	0	1	38891
77.8	n/a	0	1	38900
77.816	n/a	0	1	38908
77.832	n/a	1	2	38916
77.85	n/a	1	2	38925
77.866	n/a	0	1	38933
77.882	n/a	0	1	38941
77.9	n/a	1	2	38950
77.916	n/a	1	2	38958
77.932	n/a	1	2	38966
77.95	n/a	1	2	38975
77.966	n/a	1	2	38983
77.982	n/a	1	2	38991
78.0	n/a	0	1	39000
78.016	n/a	0	1	39008
78.032	n/a	0	1	39016
78.05	n/a	0	1	39025
78.066	n/a	0	1	39033
78.082	n/a	0	1	39041
78.1	n/a	1	2	39050
78.116	n/a	1	2	39058
78.132	n/a	0	1	39066
78.15	n/a	0	1	39075
78.166	n/a	1	2	39083
78.182	n/a	1	2	39091
78.2	n/a	1	2	39100
78.216	n/a	1	2	39108
78.232	n/a	1	2	39116
78.25	n/a	1	2	39125
78.266	n/a	0	1	39133
78.282	n/a	0	1	39141
78.3	n/a	0	1	39150
78.316	n/a	0	1	39158
78.332	n/a	1	2	39166
78.35	n/a	1	2	39175
78.366	n/a	0	1	39183
78.382	n/a	0	1	39191
78.4	n/a	1	2	39200
78.416	n/a	1	2	39208
78.432	n/a	0	1	39216
78.45	n/a	0	1	39225
78.466	n/a	0	1	39233
78.482	n/a	0	1	39241
78.5	n/a	0	1	39250
78.516	n/a	0	1	39258
78.532	n/a	1	2	39266
78.55	n/a	1	2	39275
78.566	n/a	1	2	39283
78.582	n/a	1	2	39291
78.6	n/a	0	1	39300
78.616	n/a	0	1	39308
78.632	n/a	1	2	39316
78.65	n/a	1	2	39325
78.666	n/a	0	1	39333
78.682	n/a	0	1	39341
78.7	n/a	0	1	39350
78.716	n/a	0	1	39358
78.732	n/a	0	1	39366
78.75	n/a	0	1	39375
78.766	n/a	1	2	39383
78.782	n/a	1	2	39391
78.8	n/a	0	1	39400
78.816	n/a	0	1	39408
78.832	n/a	1	2	39416
78.85	n/a	1	2	39425
78.866	n/a	0	1	39433
78.882	n/a	0	1	39441
78.9	n/a	0	1	39450
78.916	n/a	0	1	39458
78.932	n/a	1	2	39466
80.416	n/a	0	1	40208
80.432	n/a	0	1	40216
80.45	n/a	0	1	40225
80.466	n/a	0	1	40233
80.482	n/a	1	2	40241
80.5	n/a	1	2	40250
80.516	n/a	1	2	40258
80.532	n/a	1	2	40266
80.55	n/a	0	1	40275
80.566	n/a	0	1	40283
80.582	n/a	0	1	40291
80.6	n/a	0	1	40300
80.616	n/a	0	1	40308
80.632	n/a	0	1	40316
80.65	n/a	0	1	40325
80.666	n/a	0	1	40333
80.682	n/a	1	2	40341
80.7	n/a	1	2	40350
80.716	n/a	1	2	40358
80.732	n/a	1	2	40366
80.75	n/a	1	2	40375
80.766	n/a	1	2	40383
80.782	n/a	1	2	40391
80.8	n/a	1	2	40400
80.816	n/a	1	2	40408
80.832	n/a	1	2	40416
80.85	n/a	0	1	40425
80.866	n/a	0	1	40433
80.882	n/a	0	1	40441
80.9	n/a	0	1	40450
80.916	n/a	0	1	40458
80.932	n/a	0	1	40466
80.95	n/a	0	1	40475
80.966	n/a	0	1	40483
80.982	n/a	0	1	40491
81.0	n/a	0	1	40500
81.016	n/a	0	1	40508
81.032	n/a	0	1	40516
81.05	n/a	1	2	40525
81.066	n/a	1	2	40533
81.082	n/a	1	2	40541
81.1	n/a	1	2	40550
81.116	n/a	0	1	40558
81.132	n/a	0	1	40566
81.15	n/a	0	1	40575
81.166	n/a	0	1	40583
81.182	n/a	1	2	40591
81.2	n/a	1	2	40600
81.216	n/a	0	1	40608
81.232	n/a	0	1	40616
81.25	n/a	1	2	40625
81.266	n/a	1	2	40633
81.282	n/a	0	1	40641
81.3	n/a	0	1	40650
81.316	n/a	1	2	40658
81.332	n/a	1	2	40666
81.35	n/a	0	1	40675
81.366	n/a	0	1	40683
81.382	n/a	1	2	40691
81.4	n/a	1	2	40700
81.416	n/a	1	2	40708
81.432	n/a	1	2	40716
81.45	n/a	0	1	40725
81.466	n/a	0	1	40733
81.482	n/a	1	2	40741
81.5	n/a	1	2	40750
81.516	n/a	0	1	40758
81.532	n/a	0	1	40766
81.55	n/a	0	1	40775
81.566	n/a	0	1	40783
81.582	n/a	0	1	40791
81.6	n/a	0	1	40800
81.616	n/a	1	2	40808
81.632	n/a	1	2	40816
81.65	n/a	0	1	40825
81.666	n/a	0	1	40833
81.682	n/a	0	1	40841
81.7	n/a	0	1	40850
81.716	n/a	0	1	40858
81.732	n/a	0	1	40866
81.75	n/a	1	2	40875
81.766	n/a	1	2	40883
81.782	n/a	1	2	40891
81.8	n/a	1	2	40900
81.816	n/a	1	2	40908
81.832	n/a	1	2	40916
81.85	n/a	0	1	40925
81.866	n/a	0	1	40933
81.882	n/a	1	2	40941
81.9	n/a	1	2	40950
81.916	n/a	0	1	40958
81.932	n/a	0	1	40966
81.95	n/a	1	2	40975
81.966	n/a	1	2	40983
81.982	n/a	1	2	40991
82.0	n/a	1	2	41000
82.016	n/a	1	2	41008
82.032	n/a	1	2	41016
82.05	n/a	1	2	41025
82.066	n/a	1	2	41033
82.082	n/a	1	2	41041
82.1	n/a	1	2	41050
82.116	n/a	0	1	41058
82.132	n/a	0	1	41066
82.15	n/a	0	1	41075
82.166	n/a	0	1	41083
82.182	n/a	1	2	41091
82.2	n/a	1	2	41100
82.216	n/a	0	1	41108
82.232	n/a	0	1	41116
82.25	n/a	0	1	41125
82.266	n/a	0	1	41133
82.282	n/a	0	1	41141
82.3	n/a	0	1	41150
82.316	n/a	1	2	41158
82.332	n/a	1	2	41166
82.35	n/a	1	2	41175
85.05	n/a	1	2	42525
85.066	n/a	1	2	42533
85.082	n/a	1	2	42541
85.1	n/a	1	2	42550
85.116	n/a	1	2	42558
85.132	n/a	1	2	42566
85.15	n/a	1	2	42575
85.166	n/a	1	2	42583
85.182	n/a	1	2	42591
85.2	n/a	1	2	42600
85.216	n/a	1	2	42608
85.232	n/a	1	2	42616
85.25	n/a	1	2	42625
85.266	n/a	1	2	42633
85.282	n/a	0	1	42641
85.3	n/a	0	1	42650
85.316	n/a	0	1	42658
85.332	n/a	0	1	42666
85.35	n/a	1	2	42675
85.366	n/a	1	2	42683
85.382	n/a	1	2	42691
85.4	n/a	1	2	42700
85.416	n/a	0	1	42708
85.432	n/a	0	1	42716
85.45	n/a	0	1	42725
85.466	n/a	0	1	42733
85.482	n/a	1	2	42741
85.5	n/a	1	2	42750
85.516	n/a	1	2	42758
85.532	n/a	1	2	42766
85.55	n/a	0	1	42775
85.566	n/a	0	1	42783
85.582	n/a	0	1	42791
85.6	n/a	0	1	42800
85.616	n/a	1	2	42808
85.632	n/a	1	2	42816
85.65	n/a	0	1	42825
85.666	n/a	0	1	42833
85.682	n/a	1	2	42841
85.7	n/a	1	2	42850
85.716	n/a	1	2	42858
85.732	n/a	1	2	42866
85.75	n/a	0	1	42875
85.766	n/a	0	1	42883
85.782	n/a	1	2	42891
85.8	n/a	1	2	42900
85.816	n/a	0	1	42908
85.832	n/a	0	1	42916
85.85	n/a	0	1	42925
85.866	n/a	0	1	42933
85.882	n/a	1	2	42941
85.9	n/a	1	2	42950
85.916	n/a	0	1	42958
85.932	n/a	0	1	42966
85.95	n/a	1	2	42975
85.966	n/a	1	2	42983
85.982	n/a	1	2	42991
86.0	n/a	1	2	43000
86.016	n/a	1	2	43008
86.032	n/a	1	2	43016
86.05	n/a	0	1	43025
86.066	n/a	0	1	43033
86.082	n/a	0	1	43041
86.1	n/a	0	1	43050
86.116	n/a	0	1	43058
86.132	n/a	0	1	43066
86.15	n/a	1	2	43075
86.166	n/a	1	2	43083
86.182	n/a	0	1	43091
86.2	n/a	0	1	43100
86.216	n/a	1	2	43108
86.232	n/a	1	2	43116
86.25	n/a	1	2	43125
86.266	n/a	1	2	43133
86.282	n/a	1	2	43141
86.3	n/a	1	2	43150
86.316	n/a	0	1	43158
86.332	n/a	0	1	43166
86.35	n/a	0	1	43175
86.366	n/a	0	1	43183
86.382	n/a	1	2	43191
86.4	n/a	1	2	43200
86.416	n/a	0	1	43208
86.432	n/a	0	1	43216
86.45	n/a	1	2	43225
86.466	n/a	1	2	43233
86.482	n/a	0	1	43241
86.5	n/a	0	1	43250
86.516	n/a	0	1	43258
86.532	n/a	0	1	43266
86.55	n/a	0	1	43275
86.566	n/a	0	1	43283
86.582	n/a	1	2	43291
86.6	n/a	1	2	43300
86.616	n/a	1	2	43308
86.632	n/a	1	2	43316
86.65	n/a	0	1	43325
86.666	n/a	0	1	43333
86.682	n/a	1	2	43341
86.7	n/a	1	2	43350
86.716	n/a	0	1	43358
86.732	n/a	0	1	43366
86.75	n/a	0	1	43375
86.766	n/a	0	1	43383
86.782	n/a	0	1	43391
86.8	n/a	0	1	43400
86.816	n/a	1	2	43408
86.832	n/a	1	2	43416
86.85	n/a	0	1	43425
86.866	n/a	0	1	43433
86.882	n/a	1	2	43441
86.9	n/a	1	2	43450
86.916	n/a	0	1	43458
86.932	n/a	0	1	43466
86.95	n/a	0	1	43475
86.966	n/a	0	1	43483
86.982	n/a	1	2	43491
88.466	n/a	1	2	44233
88.482	n/a	1	2	44241
88.5	n/a	1	2	44250
88.516	n/a	1	2	44258
88.532	n/a	0	1	44266
88.55	n/a	0	1	44275
88.566	n/a	0	1	44283
88.582	n/a	0	1	44291
88.6	n/a	0	1	44300
88.616	n/a	0	1	44308
88.632	n/a	0	1	44316
88.65	n/a	0	1	44325
88.666	n/a	1	2	44333
88.682	n/a	1	2	44341
88.7	n/a	0	1	44350
88.716	n/a	0	1	44358
88.732	n/a	0	1	44366
88.75	n/a	0	1	44375
88.766	n/a	1	2	44383
88.782	n/a	1	2	44391
88.8	n/a	1	2	44400
88.816	n/a	1	2	44408
88.832	n/a	0	1	44416
88.85	n/a	0	1	44425
88.866	n/a	0	1	44433
88.882	n/a	0	1	44441
88.9	n/a	0	1	44450
88.916	n/a	0	1	44458
88.932	n/a	0	1	44466
88.95	n/a	0	1	44475
88.966	n/a	0	1	44483
88.982	n/a	0	1	44491
89.0	n/a	0	1	44500
89.016	n/a	0	1	44508
89.032	n/a	1	2	44516
89.05	n/a	1	2	44525
89.066	n/a	0	1	44533
89.082	n/a	0	1	44541
89.1	n/a	1	2	44550
89.116	n/a	1	2	44558
89.132	n/a	1	2	44566
89.15	n/a	1	2	44575
89.166	n/a	0	1	44583
89.182	n/a	0	1	44591
89.2	n/a	1	2	44600
89.216	n/a	1	2	44608
89.232	n/a	0	1	44616
89.25	n/a	0	1	44625
89.266	n/a	1	2	44633
89.282	n/a	1	2	44641
89.3	n/a	0	1	44650
89.316	n/a	0	1	44658
89.332	n/a	1	2	44666
89.35	n/a	1	2	44675
89.366	n/a	0	1	44683
89.382	n/a	0	1	44691
89.4	n/a	0	1	44700
89.416	n/a	0	1	44708
89.432	n/a	0	1	44716
89.45	n/a	0	1	44725
89.466	n/a	1	2	44733
89.482	n/a	1	2	44741
89.5	n/a	1	2	44750
89.516	n/a	1	2	44758
89.532	n/a	1	2	44766
89.55	n/a	1	2	44775
89.566	n/a	0	1	44783
89.582	n/a	0	1	44791
89.6	n/a	1	2	44800
89.616	n/a	1	2	44808
89.632	n/a	1	2	44816
89.65	n/a	1	2	44825
89.666	n/a	1	2	44833
89.682	n/a	1	2	44841
89.7	n/a	0	1	44850
89.716	n/a	0	1	44858
89.732	n/a	1	2	44866
89.75	n/a	1	2	44875
89.766	n/a	0	1	44883
89.782	n/a	0	1	44891
89.8	n/a	1	2	44900
89.816	n/a	1	2	44908
89.832	n/a	1	2	44916
89.85	n/a	1	2	44925
89.866	n/a	0	1	44933
89.882	n/a	0	1	44941
89.9	n/a	0	1	44950
89.916	n/a	0	1	44958
89.932	n/a	0	1	44966
89.95	n/a	0	1	44975
89.966	n/a	1	2	44983
89.982	n/a	1	2	44991
90.0	n/a	1	2	45000
90.016	n/a	1	2	45008
90.032	n/a	0	1	45016
90.05	n/a	0	1	45025
90.066	n/a	1	2	45033
90.082	n/a	1	2	45041
90.1	n/a	1	2	45050
90.116	n/a	1	2	45058
90.132	n/a	1	2	45066
90.15	n/a	1	2	45075
90.166	n/a	0	1	45083
90.182	n/a	0	1	45091
90.2	n/a	0	1	45100
90.216	n/a	0	1	45108
90.232	n/a	0	1	45116
90.25	n/a	0	1	45125
90.266	n/a	0	1	45133
90.282	n/a	0	1	45141
90.3	n/a	0	1	45150
90.316	n/a	0	1	45158
90.332	n/a	1	2	45166
90.35	n/a	1	2	45175
90.366	n/a	1	2	45183
90.382	n/a	1	2	45191
90.4	n/a	1	2	45200
91.882	n/a	0	1	45941
91.9	n/a	0	1	45950
91.916	n/a	0	1	45958
91.932	n/a	0	1	45966
91.95	n/a	1	2	45975
91.966	n/a	1	2	45983
91.982	n/a	1	2	45991
92.0	n/a	1	2	46000
92.016	n/a	0	1	46008
92.032	n/a	0	1	46016
92.05	n/a	0	1	46025
92.066	n/a	0	1	46033
92.082	n/a	0	1	46041
92.1	n/a	0	1	46050
92.116	n/a	0	1	46058
92.132	n/a	0	1	46066
92.15	n/a	1	2	46075
92.166	n/a	1	2	46083
92.182	n/a	1	2	46091
92.2	n/a	1	2	46100
92.216	n/a	1	2	46108
92.232	n/a	1	2	46116
92.25	n/a	1	2	46125
92.266	n/a	1	2	46133
92.282	n/a	1	2	46141
92.3	n/a	1	2	46150
92.316	n/a	0	1	46158
92.332	n/a	0	1	46166
92.35	n/a	0	1	46175
92.366	n/a	0	1	46183
92.382	n/a	0	1	46191
92.4	n/a	0	1	46200
92.416	n/a	0	1	46208
92.432	n/a	0	1	46216
92.45	n/a	0	1	46225
92.466	n/a	0	1	46233
92.482	n/a	0	1	46241
92.5	n/a	0	1	46250
92.516	n/a	1	2	46258
92.532	n/a	1	2	46266
92.55	n/a	1	2	46275
92.566	n/a	1	2	46283
92.582	n/a	0	1	46291
92.6	n/a	0	1	46300
92.616	n/a	0	1	46308
92.632	n/a	0	1	46316
92.65	n/a	1	2	46325
92.666	n/a	1	2	46333
92.682	n/a	0	1	46341
92.7	n/a	0	1	46350
92.716	n/a	1	2	46358
92.732	n/a	1	2	46366
92.75	n/a	0	1	46375
92.766	n/a	0	1	46383
92.782	n/a	1	2	46391
92.8	n/a	1	2	46400
92.816	n/a	0	1	46408
92.832	n/a	0	1	46416
92.85	n/a	1	2	46425
92.866	n/a	1	2	46433
92.882	n/a	1	2	46441
92.9	n/a	1	2	46450
92.916	n/a	0	1	46458
92.932	n/a	0	1	46466
92.95	n/a	1	2	46475
92.966	n/a	1	2	46483
92.982	n/a	0	1	46491
93.0	n/a	0	1	46500
93.016	n/a	0	1	46508
93.032	n/a	0	1	46516
93.05	n/a	0	1	46525
93.066	n/a	0	1	46533
93.082	n/a	1	2	46541
93.1	n/a	1	2	46550
93.116	n/a	0	1	46558
93.132	n/a	0	1	46566
93.15	n/a	0	1	46575
93.166	n/a	0	1	46583
93.182	n/a	0	1	46591
93.2	n/a	0	1	46600
93.216	n/a	1	2	46608
93.232	n/a	1	2	46616
93.25	n/a	1	2	46625
93.266	n/a	1	2	46633
93.282	n/a	1	2	46641
93.3	n/a	1	2	46650
93.316	n/a	0	1	46658
93.332	n/a	0	1	46666
93.35	n/a	1	2	46675
93.366	n/a	1	2	46683
93.382	n/a	0	1	46691
93.4	n/a	0	1	46700
93.416	n/a	1	2	46708
93.432	n/a	1	2	46716
93.45	n/a	1	2	46725
93.466	n/a	1	2	46733
93.482	n/a	1	2	46741
93.5	n/a	1	2	46750
93.516	n/a	1	2	46758
93.532	n/a	1	2	46766
93.55	n/a	1	2	46775
93.566	n/a	1	2	46783
93.582	n/a	0	1	46791
93.6	n/a	0	1	46800
93.616	n/a	0	1	46808
93.632	n/a	0	1	46816
93.65	n/a	1	2	46825
93.666	n/a	1	2	46833
93.682	n/a	0	1	46841
93.7	n/a	0	1	46850
93.716	n/a	0	1	46858
93.732	n/a	0	1	46866
93.75	n/a	0	1	46875
93.766	n/a	0	1	46883
93.782	n/a	1	2	46891
93.8	n/a	1	2	46900
93.816	n/a	1	2	46908
95.3	n/a	1	2	47650
95.316	n/a	1	2	47658
95.332	n/a	1	2	47666
95.35	n/a	1	2	47675
95.366	n/a	0	1	47683
95.382	n/a	0	1	47691
95.4	n/a	1	2	47700
95.416	n/a	1	2	47708
95.432	n/a	1	2	47716
95.45	n/a	1	2	47725
95.466	n/a	0	1	47733
95.482	n/a	0	1	47741
95.5	n/a	1	2	47750
95.516	n/a	1	2	47758
95.532	n/a	1	2	47766
95.55	n/a	1	2	47775
95.566	n/a	0	1	47783
95.582	n/a	0	1	47791
95.6	n/a	1	2	47800
95.616	n/a	1	2	47808
95.632	n/a	1	2	47816
95.65	n/a	1	2	47825
95.666	n/a	0	1	47833
95.682	n/a	0	1	47841
95.7	n/a	0	1	47850
95.716	n/a	0	1	47858
95.732	n/a	0	1	47866
95.75	n/a	0	1	47875
95.766	n/a	1	2	47883
95.782	n/a	1	2	47891
95.8	n/a	1	2	47900
95.816	n/a	1	2	47908
95.832	n/a	1	2	47916
95.85	n/a	1	2	47925
95.866	n/a	0	1	47933
95.882	n/a	0	1	47941
95.9	n/a	0	1	47950
95.916	n/a	0	1	47958
95.932	n/a	0	1	47966
95.95	n/a	0	1	47975
95.966	n/a	1	2	47983
95.982	n/a	1	2	47991
96.0	n/a	1	2	48000
96.016	n/a	1	2	48008
96.032	n/a	1	2	48016
96.05	n/a	1	2	48025
96.066	n/a	1	2	48033
96.082	n/a	1	2	48041
96.1	n/a	1	2	48050
96.116	n/a	1	2	48058
96.132	n/a	0	1	48066
96.15	n/a	0	1	48075
96.166	n/a	0	1	48083
96.182	n/a	0	1	48091
96.2	n/a	1	2	48100
96.216	n/a	1	2	48108
96.232	n/a	0	1	48116
96.25	n/a	0	1	48125
96.266	n/a	1	2	48133
96.282	n/a	1	2	48141
96.3	n/a	0	1	48150
96.316	n/a	0	1	48158
96.332	n/a	0	1	48166
96.35	n/a	0	1	48175
96.366	n/a	1	2	48183
96.382	n/a	1	2	48191
96.4	n/a	1	2	48200
96.416	n/a	1	2	48208
96.432	n/a	0	1	48216
96.45	n/a	0	1	48225
96.466	n/a	0	1	48233
96.482	n/a	0	1	48241
96.5	n/a	0	1	48250
96.516	n/a	0	1	48258
96.532	n/a	0	1	48266
96.55	n/a	0	1	48275
96.566	n/a	1	2	48283
96.582	n/a	1	2	48291
96.6	n/a	0	1	48300
96.616	n/a	0	1	48308
96.632	n/a	0	1	48316
96.65	n/a	0	1	48325
96.666	n/a	0	1	48333
96.682	n/a	0	1	48341
96.7	n/a	0	1	48350
96.716	n/a	0	1	48358
96.732	n/a	1	2	48366
96.75	n/a	1	2	48375
96.766	n/a	1	2	48383
96.782	n/a	1	2	48391
96.8	n/a	1	2	48400
96.816	n/a	1	2	48408
96.832	n/a	1	2	48416
96.85	n/a	1	2	48425
96.866	n/a	1	2	48433
96.882	n/a	1	2	48441
96.9	n/a	1	2	48450
96.916	n/a	1	2	48458
96.932	n/a	0	1	48466
96.95	n/a	0	1	48475
96.966	n/a	1	2	48483
96.982	n/a	1	2	48491
97.0	n/a	0	1	48500
97.016	n/a	0	1	48508
97.032	n/a	1	2	48516
97.05	n/a	1	2	48525
97.066	n/a	0	1	48533
97.082	n/a	0	1	48541
97.1	n/a	0	1	48550
97.116	n/a	0	1	48558
97.132	n/a	1	2	48566
97.15	n/a	1	2	48575
97.166	n/a	1	2	48583
97.182	n/a	1	2	48591
97.2	n/a	0	1	48600
97.216	n/a	0	1	48608
97.232	n/a	0	1	48616
99.832	n/a	0	1	49916
99.85	n/a	0	1	49925
99.866	n/a	0	1	49933
99.882	n/a	0	1	49941
99.9	n/a	1	2	49950
99.916	n/a	1	2	49958
99.932	n/a	1	2	49966
99.95	n/a	1	2	49975
99.966	n/a	0	1	49983
99.982	n/a	0	1	49991
100.0	n/a	0	1	50000
100.016	n/a	0	1	50008
100.032	n/a	0	1	50016
100.05	n/a	0	1	50025
100.066	n/a	0	1	50033
100.082	n/a	0	1	50041
100.1	n/a	1	2	50050
100.116	n/a	1	2	50058
100.132	n/a	1	2	50066
100.15	n/a	1	2	50075
100.166	n/a	1	2	50083
100.182	n/a	1	2	50091
100.2	n/a	1	2	50100
100.216	n/a	1	2	50108
100.232	n/a	1	2	50116
100.25	n/a	1	2	50125
100.266	n/a	0	1	50133
100.282	n/a	0	1	50141
100.3	n/a	0	1	50150
100.316	n/a	0	1	50158
100.332	n/a	0	1	50166
100.35	n/a	0	1	50175
100.366	n/a	0	1	50183
100.382	n/a	0	1	50191
100.4	n/a	0	1	50200
100.416	n/a	0	1	50208
100.432	n/a	0	1	50216
100.45	n/a	0	1	50225
100.466	n/a	1	2	50233
100.482	n/a	1	2	50241
100.5	n/a	1	2	50250
100.516	n/a	1	2	50258
100.532	n/a	0	1	50266
100.55	n/a	0	1	50275
100.566	n/a	0	1	50283
100.582	n/a	0	1	50291
100.6	n/a	1	2	50300
100.616	n/a	1	2	50308
100.632	n/a	0	1	50316
100.65	n/a	0	1	50325
100.666	n/a	1	2	50333
100.682	n/a	1	2	50341
100.7	n/a	0	1	50350
100.716	n/a	0	1	50358
100.732	n/a	1	2	50366
100.75	n/a	1	2	50375
100.766	n/a	0	1	50383
100.782	n/a	0	1	50391
100.8	n/a	1	2	50400
100.816	n/a	1	2	50408
100.832	n/a	1	2	50416
100.85	n/a	1	2	50425
100.866	n/a	0	1	50433
100.882	n/a	0	1	50441
100.9	n/a	1	2	50450
100.916	n/a	1	2	50458
100.932	n/a	0	1	50466
100.95	n/a	0	1	50475
100.966	n/a	0	1	50483
100.982	n/a	0	1	50491
101.0	n/a	0	1	50500
101.016	n/a	0	1	50508
101.032	n/a	1	2	50516
101.05	n/a	1	2	50525
101.066	n/a	0	1	50533
101.082	n/a	0	1	50541
101.1	n/a	0	1	50550
101.116	n/a	0	1	50558
101.132	n/a	0	1	50566
101.15	n/a	0	1	50575
101.166	n/a	1	2	50583
101.182	n/a	1	2	50591
101.2	n/a	1	2	50600
101.216	n/a	1	2	50608
101.232	n/a	1	2	50616
101.25	n/a	1	2	50625
101.266	n/a	0	1	50633
101.282	n/a	0	1	50641
101.3	n/a	1	2	50650
101.316	n/a	1	2	50658
101.332	n/a	0	1	50666
101.35	n/a	0	1	50675
101.366	n/a	1	2	50683
101.382	n/a	1	2	50691
101.4	n/a	1	2	50700
101.416	n/a	1	2	50708
101.432	n/a	1	2	50716
101.45	n/a	1	2	50725
101.466	n/a	1	2	50733
101.482	n/a	1	2	50741
101.5	n/a	1	2	50750
101.516	n/a	1	2	50758
101.532	n/a	0	1	50766
101.55	n/a	0	1	50775
101.566	n/a	0	1	50783
101.582	n/a	0	1	50791
101.6	n/a	1	2	50800
101.616	n/a	1	2	50808
101.632	n/a	0	1	50816
101.65	n/a	0	1	50825
101.666	n/a	0	1	50833
101.682	n/a	0	1	50841
101.7	n/a	0	1	50850
101.716	n/a	0	1	50858
101.732	n/a	1	2	50866
101.75	n/a	1	2	50875
101.766	n/a	1	2	50883
103.25	n/a	1	2	51625
103.266	n/a	1	2	51633
103.282	n/a	1	2	51641
103.3	n/a	1	2	51650
103.316	n/a	1	2	51658
103.332	n/a	1	2	51666
103.35	n/a	1	2	51675
103.366	n/a	1	2	51683
103.382	n/a	1	2	51691
103.4	n/a	1	2	51700
103.416	n/a	1	2	51708
103.432	n/a	1	2	51716
103.45	n/a	1	2	51725
103.466	n/a	1	2	51733
103.482	n/a	0	1	51741
103.5	n/a	0	1	51750
103.516	n/a	0	1	51758
103.532	n/a	0	1	51766
103.55	n/a	1	2	51775
103.566	n/a	1	2	51783
103.582	n/a	1	2	51791
103.6	n/a	1	2	51800
103.616	n/a	0	1	51808
103.632	n/a	0	1	51816
103.65	n/a	0	1	51825
103.666	n/a	0	1	51833
103.682	n/a	1	2	51841
103.7	n/a	1	2	51850
103.716	n/a	1	2	51858
103.732	n/a	1	2	51866
103.75	n/a	0	1	51875
103.766	n/a	0	1	51883
103.782	n/a	0	1	51891
103.8	n/a	0	1	51900
103.816	n/a	1	2	51908
103.832	n/a	1	2	51916
103.85	n/a	0	1	51925
103.866	n/a	0	1	51933
103.882	n/a	1	2	51941
103.9	n/a	1	2	51950
103.916	n/a	1	2	51958
103.932	n/a	1	2	51966
103.95	n/a	0	1	51975
103.966	n/a	0	1	51983
103.982	n/a	1	2	51991
104.0	n/a	1	2	52000
104.016	n/a	0	1	52008
104.032	n/a	0	1	52016
104.05	n/a	0	1	52025
104.066	n/a	0	1	52033
104.082	n/a	1	2	52041
104.1	n/a	1	2	52050
104.116	n/a	0	1	52058
104.132	n/a	0	1	52066
104.15	n/a	1	2	52075
104.166	n/a	1	2	52083
104.182	n/a	1	2	52091
104.2	n/a	1	2	52100
104.216	n/a	1	2	52108
104.232	n/a	1	2	52116
104.25	n/a	0	1	52125
104.266	n/a	0	1	52133
104.282	n/a	0	1	52141
104.3	n/a	0	1	52150
104.316	n/a	0	1	52158
104.332	n/a	0	1	52166
104.35	n/a	1	2	52175
104.366	n/a	1	2	52183
104.382	n/a	0	1	52191
104.4	n/a	0	1	52200
104.416	n/a	1	2	52208
104.432	n/a	1	2	52216
104.45	n/a	1	2	52225
104.466	n/a	1	2	52233
104.482	n/a	1	2	52241
104.5	n/a	1	2	52250
104.516	n/a	0	1	52258
104.532	n/a	0	1	52266
104.55	n/a	0	1	52275
104.566	n/a	0	1	52283
104.582	n/a	1	2	52291
104.6	n/a	1	2	52300
104.616	n/a	0	1	52308
104.632	n/a	0	1	52316
104.65	n/a	1	2	52325
104.666	n/a	1	2	52333
104.682	n/a	0	1	52341
104.7	n/a	0	1	52350
104.716	n/a	0	1	52358
104.732	n/a	0	1	52366
104.75	n/a	0	1	52375
104.766	n/a	0	1	52383
104.782	n/a	1	2	52391
104.8	n/a	1	2	52400
104.816	n/a	1	2	52408
104.832	n/a	1	2	52416
104.85	n/a	0	1	52425
104.866	n/a	0	1	52433
104.882	n/a	1	2	52441
104.9	n/a	1	2	52450
104.916	n/a	0	1	52458
104.932	n/a	0	1	52466
104.95	n/a	0	1	52475
104.966	n/a	0	1	52483
104.982	n/a	0	1	52491
105.0	n/a	0	1	52500
105.016	n/a	1	2	52508
105.032	n/a	1	2	52516
105.05	n/a	0	1	52525
105.066	n/a	0	1	52533
105.082	n/a	1	2	52541
105.1	n/a	1	2	52550
105.116	n/a	0	1	52558
105.132	n/a	0	1	52566
105.15	n/a	0	1	52575
105.166	n/a	0	1	52583
105.182	n/a	1	2	52591
106.666	n/a	1	2	53333
106.682	n/a	1	2	53341
106.7	n/a	1	2	53350
106.716	n/a	1	2	53358
106.732	n/a	0	1	53366
106.75	n/a	0	1	53375
106.766	n/a	0	1	53383
106.782	n/a	0	1	53391
106.8	n/a	0	1	53400
106.816	n/a	0	1	53408
106.832	n/a	0	1	53416
106.85	n/a	0	1	53425
106.866	n/a	1	2	53433
106.882	n/a	1	2	53441
106.9	n/a	0	1	53450
106.916	n/a	0	1	53458
106.932	n/a	0	1	53466
106.95	n/a	0	1	53475
106.966	n/a	1	2	53483
106.982	n/a	1	2	53491
107.0	n/a	1	2	53500
107.016	n/a	1	2	53508
107.032	n/a	0	1	53516
107.05	n/a	0	1	53525
107.066	n/a	0	1	53533
107.082	n/a	0	1	53541
107.1	n/a	0	1	53550
107.116	n/a	0	1	53558
107.132	n/a	0	1	53566
107.15	n/a	0	1	53575
107.166	n/a	0	1	53583
107.182	n/a	0	1	53591
107.2	n/a	0	1	53600
107.216	n/a	0	1	53608
107.232	n/a	1	2	53616
107.25	n/a	1	2	53625
107.266	n/a	0	1	53633
107.282	n/a	0	1	53641
107.3	n/a	1	2	53650
107.316	n/a	1	2	53658
107.332	n/a	1	2	53666
107.35	n/a	1	2	53675
107.366	n/a	0	1	53683
107.382	n/a	0	1	53691
107.4	n/a	1	2	53700
107.416	n/a	1	2	53708
107.432	n/a	0	1	53716
107.45	n/a	0	1	53725
107.466	n/a	1	2	53733
107.482	n/a	1	2	53741
107.5	n/a	0	1	53750
107.516	n/a	0	1	53758
107.532	n/a	1	2	53766
107.55	n/a	1	2	53775
107.566	n/a	0	1	53783
107.582	n/a	0	1	53791
107.6	n/a	0	1	53800
107.616	n/a	0	1	53808
107.632	n/a	0	1	53816
107.65	n/a	0	1	53825
107.666	n/a	1	2	53833
107.682	n/a	1	2	53841
107.7	n/a	1	2	53850
107.716	n/a	1	2	53858
107.732	n/a	1	2	53866
107.75	n/a	1	2	53875
107.766	n/a	0	1	53883
107.782	n/a	0	1	53891
107.8	n/a	1	2	53900
107.816	n/a	1	2	53908
107.832	n/a	1	2	53916
107.85	n/a	1	2	53925
107.866	n/a	1	2	53933
107.882	n/a	1	2	53941
107.9	n/a	0	1	53950
107.916	n/a	0	1	53958
107.932	n/a	1	2	53966
107.95	n/a	1	2	53975
107.966	n/a	0	1	53983
107.982	n/a	0	1	53991
108.0	n/a	1	2	54000
108.016	n/a	1	2	54008
108.032	n/a	1	2	54016
108.05	n/a	1	2	54025
108.066	n/a	0	1	54033
108.082	n/a	0	1	54041
108.1	n/a	0	1	54050
108.116	n/a	0	1	54058
108.132	n/a	0	1	54066
108.15	n/a	0	1	54075
108.166	n/a	1	2	54083
108.182	n/a	1	2	54091
108.2	n/a	1	2	54100
108.216	n/a	1	2	54108
108.232	n/a	0	1	54116
108.25	n/a	0	1	54125
108.266	n/a	1	2	54133
108.282	n/a	1	2	54141
108.3	n/a	1	2	54150
108.316	n/a	1	2	54158
108.332	n/a	1	2	54166
108.35	n/a	1	2	54175
108.366	n/a	0	1	54183
108.382	n/a	0	1	54191
108.4	n/a	0	1	54200
108.416	n/a	0	1	54208
108.432	n/a	0	1	54216
108.45	n/a	0	1	54225
108.466	n/a	0	1	54233
108.482	n/a	0	1	54241
108.5	n/a	0	1	54250
108.516	n/a	0	1	54258
108.532	n/a	1	2	54266
108.55	n/a	1	2	54275
108.566	n/a	1	2	54283
108.582	n/a	1	2	54291
108.6	n/a	1	2	54300
110.082	n/a	1	2	55041
110.1	n/a	1	2	55050
110.116	n/a	1	2	55058
110.132	n/a	1	2	55066
110.15	n/a	0	1	55075
110.166	n/a	0	1	55083
110.182	n/a	1	2	55091
110.2	n/a	1	2	55100
110.216	n/a	1	2	55108
110.232	n/a	1	2	55116
110.25	n/a	0	1	55125
110.266	n/a	0	1	55133
110.282	n/a	1	2	55141
110.3	n/a	1	2	55150
110.316	n/a	1	2	55158
110.332	n/a	1	2	55166
110.35	n/a	0	1	55175
110.366	n/a	0	1	55183
110.382	n/a	1	2	55191
110.4	n/a	1	2	55200
110.416	n/a	1	2	55208
110.432	n/a	1	2	55216
110.45	n/a	0	1	55225
110.466	n/a	0	1	55233
110.482	n/a	0	1	55241
110.5	n/a	0	1	55250
110.516	n/a	0	1	55258
110.532	n/a	0	1	55266
110.55	n/a	1	2	55275
110.566	n/a	1	2	55283
110.582	n/a	1	2	55291
110.6	n/a	1	2	55300
110.616	n/a	1	2	55308
110.632	n/a	1	2	55316
110.65	n/a	0	1	55325
110.666	n/a	0	1	55333
110.682	n/a	0	1	55341
110.7	n/a	0	1	55350
110.716	n/a	0	1	55358
110.732	n/a	0	1	55366
110.75	n/a	1	2	55375
110.766	n/a	1	2	55383
110.782	n/a	1	2	55391
110.8	n/a	1	2	55400
110.816	n/a	1	2	55408
110.832	n/a	1	2	55416
110.85	n/a	1	2	55425
110.866	n/a	1	2	55433
110.882	n/a	1	2	55441
110.9	n/a	1	2	55450
110.916	n/a	0	1	55458
110.932	n/a	0	1	55466
110.95	n/a	0	1	55475
110.966	n/a	0	1	55483
110.982	n/a	1	2	55491
111.0	n/a	1	2	55500
111.016	n/a	0	1	55508
111.032	n/a	0	1	55516
111.05	n/a	1	2	55525
111.066	n/a	1	2	55533
111.082	n/a	0	1	55541
111.1	n/a	0	1	55550
111.116	n/a	0	1	55558
111.132	n/a	0	1	55566
111.15	n/a	1	2	55575
111.166	n/a	1	2	55583
111.182	n/a	1	2	55591
111.2	n/a	1	2	55600
111.216	n/a	0	1	55608
111.232	n/a	0	1	55616
111.25	n/a	0	1	55625
111.266	n/a	0	1	55633
111.282	n/a	0	1	55641
111.3	n/a	0	1	55650
111.316	n/a	0	1	55658
111.332	n/a	0	1	55666
111.35	n/a	1	2	55675
111.366	n/a	1	2	55683
111.382	n/a	0	1	55691
111.4	n/a	0	1	55700
111.416	n/a	0	1	55708
111.432	n/a	0	1	55716
111.45	n/a	0	1	55725
111.466	n/a	0	1	55733
111.482	n/a	0	1	55741
111.5	n/a	0	1	55750
111.516	n/a	1	2	55758
111.532	n/a	1	2	55766
111.55	n/a	1	2	55775
111.566	n/a	1	2	55783
111.582	n/a	1	2	55791
111.6	n/a	1	2	55800
111.616	n/a	1	2	55808
111.632	n/a	1	2	55816
111.65	n/a	1	2	55825
111.666	n/a	1	2	55833
111.682	n/a	1	2	55841
111.7	n/a	1	2	55850
111.716	n/a	0	1	55858
111.732	n/a	0	1	55866
111.75	n/a	1	2	55875
111.766	n/a	1	2	55883
111.782	n/a	0	1	55891
111.8	n/a	0	1	55900
111.816	n/a	1	2	55908
111.832	n/a	1	2	55916
111.85	n/a	0	1	55925
111.866	n/a	0	1	55933
111.882	n/a	0	1	55941
111.9	n/a	0	1	55950
111.916	n/a	1	2	55958
111.932	n/a	1	2	55966
111.95	n/a	1	2	55975
111.966	n/a	1	2	55983
111.982	n/a	0	1	55991
112.0	n/a	0	1	56000
112.016	n/a	0	1	56008
114.35	n/a	1	2	57175
114.366	n/a	1	2	57183
114.382	n/a	1	2	57191
114.4	n/a	1	2	57200
114.416	n/a	1	2	57208
114.432	n/a	1	2	57216
114.45	n/a	1	2	57225
114.466	n/a	1	2	57233
114.482	n/a	1	2	57241
114.5	n/a	1	2	57250
114.516	n/a	1	2	57258
114.532	n/a	1	2	57266
114.55	n/a	1	2	57275
114.566	n/a	1	2	57283
114.582	n/a	0	1	57291
114.6	n/a	0	1	57300
114.616	n/a	0	1	57308
114.632	n/a	0	1	57316
114.65	n/a	1	2	57325
114.666	n/a	1	2	57333
114.682	n/a	1	2	57341
114.7	n/a	1	2	57350
114.716	n/a	0	1	57358
114.732	n/a	0	1	57366
114.75	n/a	0	1	57375
114.766	n/a	0	1	57383
114.782	n/a	1	2	57391
114.8	n/a	1	2	57400
114.816	n/a	1	2	57408
114.832	n/a	1	2	57416
114.85	n/a	0	1	57425
114.866	n/a	0	1	57433
114.882	n/a	0	1	57441
114.9	n/a	0	1	57450
114.916	n/a	1	2	57458
114.932	n/a	1	2	57466
114.95	n/a	0	1	57475
114.966	n/a	0	1	57483
114.982	n/a	1	2	57491
115.0	n/a	1	2	57500
115.016	n/a	1	2	57508
115.032	n/a	1	2	57516
115.05	n/a	0	1	57525
115.066	n/a	0	1	57533
115.082	n/a	1	2	57541
115.1	n/a	1	2	57550
115.116	n/a	0	1	57558
115.132	n/a	0	1	57566
115.15	n/a	0	1	57575
115.166	n/a	0	1	57583
115.182	n/a	1	2	57591
115.2	n/a	1	2	57600
115.216	n/a	0	1	57608
115.232	n/a	0	1	57616
115.25	n/a	1	2	57625
115.266	n/a	1	2	57633
115.282	n/a	1	2	57641
115.3	n/a	1	2	57650
115.316	n/a	1	2	57658
115.332	n/a	1	2	57666
115.35	n/a	0	1	57675
115.366	n/a	0	1	57683
115.382	n/a	0	1	57691
115.4	n/a	0	1	57700
115.416	n/a	0	1	57708
115.432	n/a	0	1	57716
115.45	n/a	1	2	57725
115.466	n/a	1	2	57733
115.482	n/a	0	1	57741
115.5	n/a	0	1	57750
115.516	n/a	1	2	57758
115.532	n/a	1	2	57766
115.55	n/a	1	2	57775
115.566	n/a	1	2	57783
115.582	n/a	1	2	57791
115.6	n/a	1	2	57800
115.616	n/a	0	1	57808
115.632	n/a	0	1	57816
115.65	n/a	0	1	57825
115.666	n/a	0	1	57833
115.682	n/a	1	2	57841
115.7	n/a	1	2	57850
115.716	n/a	0	1	57858
115.732	n/a	0	1	57866
115.75	n/a	1	2	57875
115.766	n/a	1	2	57883
115.782	n/a	0	1	57891
115.8	n/a	0	1	57900
115.816	n/a	0	1	57908
115.832	n/a	0	1	57916
115.85	n/a	0	1	57925
115.866	n/a	0	1	57933
115.882	n/a	1	2	57941
115.9	n/a	1	2	57950
115.916	n/a	1	2	57958
115.932	n/a	1	2	57966
115.95	n/a	0	1	57975
115.966	n/a	0	1	57983
115.982	n/a	1	2	57991
116.0	n/a	1	2	58000
116.016	n/a	0	1	58008
116.032	n/a	0	1	58016
116.05	n/a	0	1	58025
116.066	n/a	0	1	58033
116.082	n/a	0	1	58041
116.1	n/a	0	1	58050
116.116	n/a	1	2	58058
116.132	n/a	1	2	58066
116.15	n/a	0	1	58075
116.166	n/a	0	1	58083
116.182	n/a	1	2	58091
116.2	n/a	1	2	58100
116.216	n/a	0	1	58108
116.232	n/a	0	1	58116
116.25	n/a	0	1	58125
116.266	n/a	0	1	58133
116.282	n/a	1	2	58141
117.766	n/a	1	2	58883
117.782	n/a	1	2	58891
117.8	n/a	1	2	58900
117.816	n/a	1	2	58908
117.832	n/a	0	1	58916
117.85	n/a	0	1	58925
117.866	n/a	0	1	58933
117.882	n/a	0	1	58941
117.9	n/a	0	1	58950
117.916	n/a	0	1	58958
117.932	n/a	0	1	58966
117.95	n/a	0	1	58975
117.966	n/a	1	2	58983
117.982	n/a	1	2	58991
118.0	n/a	0	1	59000
118.016	n/a	0	1	59008
118.032	n/a	0	1	59016
118.05	n/a	0	1	59025
118.066	n/a	1	2	59033
118.082	n/a	1	2	59041
118.1	n/a	1	2	59050
118.116	n/a	1	2	59058
118.132	n/a	0	1	59066
118.15	n/a	0	1	59075
118.166	n/a	0	1	59083
118.182	n/a	0	1	59091
118.2	n/a	0	1	59100
118.216	n/a	0	1	59108
118.232	n/a	0	1	59116
118.25	n/a	0	1	59125
118.266	n/a	0	1	59133
118.282	n/a	0	1	59141
118.3	n/a	0	1	59150
118.316	n/a	0	1	59158
118.332	n/a	1	2	59166
118.35	n/a	1	2	59175
118.366	n/a	0	1	59183
118.382	n/a	0	1	59191
118.4	n/a	1	2	59200
118.416	n/a	1	2	59208
118.432	n/a	1	2	59216
118.45	n/a	1	2	59225
118.466	n/a	0	1	59233
118.482	n/a	0	1	59241
118.5	n/a	1	2	59250
118.516	n/a	1	2	59258
118.532	n/a	0	1	59266
118.55	n/a	0	1	59275
118.566	n/a	1	2	59283
118.582	n/a	1	2	59291
118.6	n/a	0	1	59300
118.616	n/a	0	1	59308
118.632	n/a	1	2	59316
118.65	n/a	1	2	59325
118.666	n/a	0	1	59333
118.682	n/a	0	1	59341
118.7	n/a	0	1	59350
118.716	n/a	0	1	59358
118.732	n/a	0	1	59366
118.75	n/a	0	1	59375
118.766	n/a	1	2	59383
118.782	n/a	1	2	59391
118.8	n/a	1	2	59400
118.816	n/a	1	2	59408
118.832	n/a	1	2	59416
118.85	n/a	1	2	59425
118.866	n/a	0	1	59433
118.882	n/a	0	1	59441
118.9	n/a	1	2	59450
118.916	n/a	1	2	59458
118.932	n/a	1	2	59466
118.95	n/a	1	2	59475
118.966	n/a	1	2	59483
118.982	n/a	1	2	59491
119.0	n/a	0	1	59500
119.016	n/a	0	1	59508
119.032	n/a	1	2	59516
119.05	n/a	1	2	59525
119.066	n/a	0	1	59533
119.082	n/a	0	1	59541
119.1	n/a	1	2	59550
119.116	n/a	1	2	59558
119.132	n/a	1	2	59566
119.15	n/a	1	2	59575
119.166	n/a	0	1	59583
119.182	n/a	0	1	59591
119.2	n/a	0	1	59600
119.216	n/a	0	1	59608
119.232	n/a	0	1	59616
119.25	n/a	0	1	59625
119.266	n/a	1	2	59633
119.282	n/a	1	2	59641
119.3	n/a	1	2	59650
119.316	n/a	1	2	59658
119.332	n/a	0	1	59666
119.35	n/a	0	1	59675
119.366	n/a	1	2	59683
119.382	n/a	1	2	59691
119.4	n/a	1	2	59700
119.416	n/a	1	2	59708
119.432	n/a	1	2	59716
119.45	n/a	1	2	59725
119.466	n/a	0	1	59733
119.482	n/a	0	1	59741
119.5	n/a	0	1	59750
119.516	n/a	0	1	59758
119.532	n/a	0	1	59766
119.55	n/a	0	1	59775
119.566	n/a	0	1	59783
119.582	n/a	0	1	59791
119.6	n/a	0	1	59800
119.616	n/a	0	1	59808
119.632	n/a	1	2	59816
119.65	n/a	1	2	59825
119.666	n/a	1	2	59833
119.682	n/a	1	2	59841
119.7	n/a	1	2	59850
121.182	n/a	1	2	60591
121.2	n/a	1	2	60600
121.216	n/a	1	2	60608
121.232	n/a	1	2	60616
121.25	n/a	0	1	60625
121.266	n/a	0	1	60633
121.282	n/a	1	2	60641
121.3	n/a	1	2	60650
121.316	n/a	1	2	60658
121.332	n/a	1	2	60666
121.35	n/a	0	1	60675
121.366	n/a	0	1	60683
121.382	n/a	1	2	60691
121.4	n/a	1	2	60700
121.416	n/a	1	2	60708
121.432	n/a	1	2	60716
121.45	n/a	0	1	60725
121.466	n/a	0	1	60733
121.482	n/a	1	2	60741
121.5	n/a	1	2	60750
121.516	n/a	1	2	60758
121.532	n/a	1	2	60766
121.55	n/a	0	1	60775
121.566	n/a	0	1	60783
121.582	n/a	0	1	60791
121.6	n/a	0	1	60800
121.616	n/a	0	1	60808
121.632	n/a	0	1	60816
121.65	n/a	1	2	60825
121.666	n/a	1	2	60833
121.682	n/a	1	2	60841
121.7	n/a	1	2	60850
121.716	n/a	1	2	60858
121.732	n/a	1	2	60866
121.75	n/a	0	1	60875
121.766	n/a	0	1	60883
121.782	n/a	0	1	60891
121.8	n/a	0	1	60900
121.816	n/a	0	1	60908
121.832	n/a	0	1	60916
121.85	n/a	1	2	60925
121.866	n/a	1	2	60933
121.882	n/a	1	2	60941
121.9	n/a	1	2	60950
121.916	n/a	1	2	60958
121.932	n/a	1	2	60966
121.95	n/a	1	2	60975
121.966	n/a	1	2	60983
121.982	n/a	1	2	60991
122.0	n/a	1	2	61000
122.016	n/a	0	1	61008
122.032	n/a	0	1	61016
122.05	n/a	0	1	61025
122.066	n/a	0	1	61033
122.082	n/a	1	2	61041
122.1	n/a	1	2	61050
122.116	n/a	0	1	61058
122.132	n/a	0	1	61066
122.15	n/a	1	2	61075
122.166	n/a	1	2	61083
122.182	n/a	0	1	61091
122.2	n/a	0	1	61100
122.216	n/a	0	1	61108
122.232	n/a	0	1	61116
122.25	n/a	1	2	61125
122.266	n/a	1	2	61133
122.282	n/a	1	2	61141
122.3	n/a	1	2	61150
122.316	n/a	0	1	61158
122.332	n/a	0	1	61166
122.35	n/a	0	1	61175
122.366	n/a	0	1	61183
122.382	n/a	0	1	61191
122.4	n/a	0	1	61200
122.416	n/a	0	1	61208
122.432	n/a	0	1	61216
122.45	n/a	1	2	61225
122.466	n/a	1	2	61233
122.482	n/a	0	1	61241
122.5	n/a	0	1	61250
122.516	n/a	0	1	61258
122.532	n/a	0	1	61266
122.55	n/a	0	1	61275
122.566	n/a	0	1	61283
122.582	n/a	0	1	61291
122.6	n/a	0	1	61300
122.616	n/a	1	2	61308
122.632	n/a	1	2	61316
122.65	n/a	1	2	61325
122.666	n/a	1	2	61333
122.682	n/a	1	2	61341
122.7	n/a	1	2	61350
122.716	n/a	1	2	61358
122.732	n/a	1	2	61366
122.75	n/a	1	2	61375
122.766	n/a	1	2	61383
122.782	n/a	1	2	61391
122.8	n/a	1	2	61400
122.816	n/a	0	1	61408
122.832	n/a	0	1	61416
122.85	n/a	1	2	61425
122.866	n/a	1	2	61433
122.882	n/a	0	1	61441
122.9	n/a	0	1	61450
122.916	n/a	1	2	61458
122.932	n/a	1	2	61466
122.95	n/a	0	1	61475
122.966	n/a	0	1	61483
122.982	n/a	0	1	61491
123.0	n/a	0	1	61500
123.016	n/a	1	2	61508
123.032	n/a	1	2	61516
123.05	n/a	1	2	61525
123.066	n/a	1	2	61533
123.082	n/a	0	1	61541
123.1	n/a	0	1	61550
123.116	n/a	0	1	61558
124.6	n/a	0	1	62300
124.616	n/a	0	1	62308
124.632	n/a	0	1	62316
124.65	n/a	0	1	62325
124.666	n/a	1	2	62333
124.682	n/a	1	2	62341
124.7	n/a	1	2	62350
124.716	n/a	1	2	62358
124.732	n/a	0	1	62366
124.75	n/a	0	1	62375
124.766	n/a	0	1	62383
124.782	n/a	0	1	62391
124.8	n/a	0	1	62400
124.816	n/a	0	1	62408
124.832	n/a	0	1	62416
124.85	n/a	0	1	62425
124.866	n/a	1	2	62433
124.882	n/a	1	2	62441
124.9	n/a	1	2	62450
124.916	n/a	1	2	62458
124.932	n/a	1	2	62466
124.95	n/a	1	2	62475
124.966	n/a	1	2	62483
124.982	n/a	1	2	62491
125.0	n/a	1	2	62500
125.016	n/a	1	2	62508
125.032	n/a	0	1	62516
125.05	n/a	0	1	62525
125.066	n/a	0	1	62533
125.082	n/a	0	1	62541
125.1	n/a	0	1	62550
125.116	n/a	0	1	62558
125.132	n/a	0	1	62566
125.15	n/a	0	1	62575
125.166	n/a	0	1	62583
125.182	n/a	0	1	62591
125.2	n/a	0	1	62600
125.216	n/a	0	1	62608
125.232	n/a	1	2	62616
125.25	n/a	1	2	62625
125.266	n/a	1	2	62633
125.282	n/a	1	2	62641
125.3	n/a	0	1	62650
125.316	n/a	0	1	62658
125.332	n/a	0	1	62666
125.35	n/a	0	1	62675
125.366	n/a	1	2	62683
125.382	n/a	1	2	62691
125.4	n/a	0	1	62700
125.416	n/a	0	1	62708
125.432	n/a	1	2	62716
125.45	n/a	1	2	62725
125.466	n/a	0	1	62733
125.482	n/a	0	1	62741
125.5	n/a	1	2	62750
125.516	n/a	1	2	62758
125.532	n/a	0	1	62766
125.55	n/a	0	1	62775
125.566	n/a	1	2	62783
125.582	n/a	1	2	62791
125.6	n/a	1	2	62800
125.616	n/a	1	2	62808
125.632	n/a	0	1	62816
125.65	n/a	0	1	62825
125.666	n/a	1	2	62833
125.682	n/a	1	2	62841
125.7	n/a	0	1	62850
125.716	n/a	0	1	62858
125.732	n/a	0	1	62866
125.75	n/a	0	1	62875
125.766	n/a	0	1	62883
125.782	n/a	0	1	62891
125.8	n/a	1	2	62900
125.816	n/a	1	2	62908
125.832	n/a	0	1	62916
125.85	n/a	0	1	62925
125.866	n/a	0	1	62933
125.882	n/a	0	1	62941
125.9	n/a	0	1	62950
125.916	n/a	0	1	62958
125.932	n/a	1	2	62966
125.95	n/a	1	2	62975
125.966	n/a	1	2	62983
125.982	n/a	1	2	62991
126.0	n/a	1	2	63000
126.016	n/a	1	2	63008
126.032	n/a	0	1	63016
126.05	n/a	0	1	63025
126.066	n/a	1	2	63033
126.082	n/a	1	2	63041
126.1	n/a	0	1	63050
126.116	n/a	0	1	63058
126.132	n/a	1	2	63066
126.15	n/a	1	2	63075
126.166	n/a	1	2	63083
126.182	n/a	1	2	63091
126.2	n/a	1	2	63100
126.216	n/a	1	2	63108
126.232	n/a	1	2	63116
126.25	n/a	1	2	63125
126.266	n/a	1	2	63133
126.282	n/a	1	2	63141
126.3	n/a	0	1	63150
126.316	n/a	0	1	63158
126.332	n/a	0	1	63166
126.35	n/a	0	1	63175
126.366	n/a	1	2	63183
126.382	n/a	1	2	63191
126.4	n/a	0	1	63200
126.416	n/a	0	1	63208
126.432	n/a	0	1	63216
126.45	n/a	0	1	63225
126.466	n/a	0	1	63233
126.482	n/a	0	1	63241
126.5	n/a	1	2	63250
126.516	n/a	1	2	63258
126.532	n/a	1	2	63266
128.732	n/a	0	1	64366
128.75	n/a	0	1	64375
128.766	n/a	0	1	64383
128.782	n/a	0	1	64391
128.8	n/a	1	2	64400
128.816	n/a	1	2	64408
128.832	n/a	1	2	64416
128.85	n/a	1	2	64425
128.866	n/a	0	1	64433
128.882	n/a	0	1	64441
128.9	n/a	0	1	64450
128.916	n/a	0	1	64458
128.932	n/a	0	1	64466
128.948	n/a	0	1	64474
128.966	n/a	0	1	64483
128.982	n/a	0	1	64491
129.0	n/a	1	2	64500
129.016	n/a	1	2	64508
129.032	n/a	1	2	64516
129.05	n/a	1	2	64525
129.066	n/a	1	2	64533
129.082	n/a	1	2	64541
129.1	n/a	1	2	64550
129.116	n/a	1	2	64558
129.132	n/a	1	2	64566
129.15	n/a	1	2	64575
129.166	n/a	0	1	64583
129.182	n/a	0	1	64591
129.198	n/a	0	1	64599
129.216	n/a	0	1	64608
129.232	n/a	0	1	64616
129.25	n/a	0	1	64625
129.266	n/a	0	1	64633
129.282	n/a	0	1	64641
129.3	n/a	0	1	64650
129.316	n/a	0	1	64658
129.332	n/a	0	1	64666
129.35	n/a	0	1	64675
129.366	n/a	1	2	64683
129.382	n/a	1	2	64691
129.4	n/a	1	2	64700
129.416	n/a	1	2	64708
129.432	n/a	0	1	64716
129.448	n/a	0	1	64724
129.466	n/a	0	1	64733
129.482	n/a	0	1	64741
129.5	n/a	1	2	64750
129.516	n/a	1	2	64758
129.532	n/a	0	1	64766
129.55	n/a	0	1	64775
129.566	n/a	1	2	64783
129.582	n/a	1	2	64791
129.6	n/a	0	1	64800
129.616	n/a	0	1	64808
129.632	n/a	1	2	64816
129.65	n/a	1	2	64825
129.666	n/a	0	1	64833
129.682	n/a	0	1	64841
129.698	n/a	1	2	64849
129.716	n/a	1	2	64858
129.732	n/a	1	2	64866
129.75	n/a	1	2	64875
129.766	n/a	0	1	64883
129.782	n/a	0	1	64891
129.8	n/a	1	2	64900
129.816	n/a	1	2	64908
129.832	n/a	0	1	64916
129.85	n/a	0	1	64925
129.866	n/a	0	1	64933
129.882	n/a	0	1	64941
129.9	n/a	0	1	64950
129.916	n/a	0	1	64958
129.932	n/a	1	2	64966
129.948	n/a	1	2	64974
129.966	n/a	0	1	64983
129.982	n/a	0	1	64991
130.0	n/a	0	1	65000
130.016	n/a	0	1	65008
130.032	n/a	0	1	65016
130.05	n/a	0	1	65025
130.066	n/a	1	2	65033
130.082	n/a	1	2	65041
130.1	n/a	1	2	65050
130.116	n/a	1	2	65058
130.132	n/a	1	2	65066
130.15	n/a	1	2	65075
130.166	n/a	0	1	65083
130.182	n/a	0	1	65091
130.198	n/a	1	2	65099
130.216	n/a	1	2	65108
130.232	n/a	0	1	65116
130.25	n/a	0	1	65125
130.266	n/a	1	2	65133
130.282	n/a	1	2	65141
130.3	n/a	1	2	65150
130.316	n/a	1	2	65158
130.332	n/a	1	2	65166
130.35	n/a	1	2	65175
130.366	n/a	1	2	65183
130.382	n/a	1	2	65191
130.4	n/a	1	2	65200
130.416	n/a	1	2	65208
130.432	n/a	0	1	65216
130.448	n/a	0	1	65224
130.466	n/a	0	1	65233
130.482	n/a	0	1	65241
130.5	n/a	1	2	65250
130.516	n/a	1	2	65258
130.532	n/a	0	1	65266
130.55	n/a	0	1	65275
130.566	n/a	0	1	65283
130.582	n/a	0	1	65291
130.6	n/a	0	1	65300
130.616	n/a	0	1	65308
130.632	n/a	1	2	65316
130.65	n/a	1	2	65325
130.666	n/a	1	2	65333
132.15	n/a	1	2	66075
132.166	n/a	1	2	66083
132.182	n/a	1	2	66091
132.2	n/a	1	2	66100
132.216	n/a	0	1	66108
132.232	n/a	0	1	66116
132.25	n/a	1	2	66125
132.266	n/a	1	2	66133
132.282	n/a	1	2	66141
132.3	n/a	1	2	66150
132.316	n/a	0	1	66158
132.332	n/a	0	1	66166
132.35	n/a	1	2	66175
132.366	n/a	1	2	66183
132.382	n/a	1	2	66191
132.4	n/a	1	2	66200
132.416	n/a	0	1	66208
132.432	n/a	0	1	66216
132.45	n/a	1	2	66225
132.466	n/a	1	2	66233
132.482	n/a	1	2	66241
132.5	n/a	1	2	66250
132.516	n/a	0	1	66258
132.532	n/a	0	1	66266
132.55	n/a	0	1	66275
132.566	n/a	0	1	66283
132.582	n/a	0	1	66291
132.6	n/a	0	1	66300
132.616	n/a	1	2	66308
132.632	n/a	1	2	66316
132.65	n/a	1	2	66325
132.666	n/a	1	2	66333
132.682	n/a	1	2	66341
132.7	n/a	1	2	66350
132.716	n/a	0	1	66358
132.732	n/a	0	1	66366
132.75	n/a	0	1	66375
132.766	n/a	0	1	66383
132.782	n/a	0	1	66391
132.8	n/a	0	1	66400
132.816	n/a	1	2	66408
132.832	n/a	1	2	66416
132.85	n/a	1	2	66425
132.866	n/a	1	2	66433
132.882	n/a	1	2	66441
132.9	n/a	1	2	66450
132.916	n/a	1	2	66458
132.932	n/a	1	2	66466
132.95	n/a	1	2	66475
132.966	n/a	1	2	66483
132.982	n/a	0	1	66491
133.0	n/a	0	1	66500
133.016	n/a	0	1	66508
133.032	n/a	0	1	66516
133.05	n/a	1	2	66525
133.066	n/a	1	2	66533
133.082	n/a	0	1	66541
133.1	n/a	0	1	66550
133.116	n/a	1	2	66558
133.132	n/a	1	2	66566
133.15	n/a	0	1	66575
133.166	n/a	0	1	66583
133.182	n/a	0	1	66591
133.2	n/a	0	1	66600
133.216	n/a	1	2	66608
133.232	n/a	1	2	66616
133.25	n/a	1	2	66625
133.266	n/a	1	2	66633
133.282	n/a	0	1	66641
133.3	n/a	0	1	66650
133.316	n/a	0	1	66658
133.332	n/a	0	1	66666
133.35	n/a	0	1	66675
133.366	n/a	0	1	66683
133.382	n/a	0	1	66691
133.4	n/a	0	1	66700
133.416	n/a	1	2	66708
133.432	n/a	1	2	66716
133.45	n/a	0	1	66725
133.466	n/a	0	1	66733
133.482	n/a	0	1	66741
133.5	n/a	0	1	66750
133.516	n/a	0	1	66758
133.532	n/a	0	1	66766
133.55	n/a	0	1	66775
133.566	n/a	0	1	66783
133.582	n/a	1	2	66791
133.6	n/a	1	2	66800
133.616	n/a	1	2	66808
133.632	n/a	1	2	66816
133.65	n/a	1	2	66825
133.666	n/a	1	2	66833
133.682	n/a	1	2	66841
133.7	n/a	1	2	66850
133.716	n/a	1	2	66858
133.732	n/a	1	2	66866
133.75	n/a	1	2	66875
133.766	n/a	1	2	66883
133.782	n/a	0	1	66891
133.8	n/a	0	1	66900
133.816	n/a	1	2	66908
133.832	n/a	1	2	66916
133.85	n/a	0	1	66925
133.866	n/a	0	1	66933
133.882	n/a	1	2	66941
133.9	n/a	1	2	66950
133.916	n/a	0	1	66958
133.932	n/a	0	1	66966
133.95	n/a	0	1	66975
133.966	n/a	0	1	66983
133.982	n/a	1	2	66991
134.0	n/a	1	2	67000
134.016	n/a	1	2	67008
134.032	n/a	1	2	67016
134.05	n/a	0	1	67025
134.066	n/a	0	1	67033
134.082	n/a	0	1	67041
135.566	n/a	1	2	67783
135.582	n/a	1	2	67791
135.6	n/a	1	2	67800
135.616	n/a	1	2	67808
135.632	n/a	1	2	67816
135.65	n/a	1	2	67825
135.666	n/a	1	2	67833
135.682	n/a	1	2	67841
135.7	n/a	1	2	67850
135.716	n/a	1	2	67858
135.732	n/a	1	2	67866
135.75	n/a	1	2	67875
135.766	n/a	1	2	67883
135.782	n/a	1	2	67891
135.8	n/a	0	1	67900
135.816	n/a	0	1	67908
135.832	n/a	0	1	67916
135.85	n/a	0	1	67925
135.866	n/a	1	2	67933
135.882	n/a	1	2	67941
135.9	n/a	1	2	67950
135.916	n/a	1	2	67958
135.932	n/a	0	1	67966
135.95	n/a	0	1	67975
135.966	n/a	0	1	67983
135.982	n/a	0	1	67991
136.0	n/a	1	2	68000
136.016	n/a	1	2	68008
136.032	n/a	1	2	68016
136.05	n/a	1	2	68025
136.066	n/a	0	1	68033
136.082	n/a	0	1	68041
136.1	n/a	0	1	68050
136.116	n/a	0	1	68058
136.132	n/a	1	2	68066
136.15	n/a	1	2	68075
136.166	n/a	0	1	68083
136.182	n/a	0	1	68091
136.2	n/a	1	2	68100
136.216	n/a	1	2	68108
136.232	n/a	1	2	68116
136.25	n/a	1	2	68125
136.266	n/a	0	1	68133
136.282	n/a	0	1	68141
136.3	n/a	1	2	68150
136.316	n/a	1	2	68158
136.332	n/a	0	1	68166
136.35	n/a	0	1	68175
136.366	n/a	0	1	68183
136.382	n/a	0	1	68191
136.4	n/a	1	2	68200
136.416	n/a	1	2	68208
136.432	n/a	0	1	68216
136.45	n/a	0	1	68225
136.466	n/a	1	2	68233
136.482	n/a	1	2	68241
136.5	n/a	1	2	68250
136.516	n/a	1	2	68258
136.532	n/a	1	2	68266
136.55	n/a	1	2	68275
136.566	n/a	0	1	68283
136.582	n/a	0	1	68291
136.6	n/a	0	1	68300
136.616	n/a	0	1	68308
136.632	n/a	0	1	68316
136.65	n/a	0	1	68325
136.666	n/a	1	2	68333
136.682	n/a	1	2	68341
136.7	n/a	0	1	68350
136.716	n/a	0	1	68358
136.732	n/a	1	2	68366
136.75	n/a	1	2	68375
136.766	n/a	1	2	68383
136.782	n/a	1	2	68391
136.8	n/a	1	2	68400
136.816	n/a	1	2	68408
136.832	n/a	0	1	68416
136.85	n/a	0	1	68425
136.866	n/a	0	1	68433
136.882	n/a	0	1	68441
136.9	n/a	1	2	68450
136.916	n/a	1	2	68458
136.932	n/a	0	1	68466
136.95	n/a	0	1	68475
136.966	n/a	1	2	68483
136.982	n/a	1	2	68491
137.0	n/a	0	1	68500
137.016	n/a	0	1	68508
137.032	n/a	0	1	68516
137.05	n/a	0	1	68525
137.066	n/a	0	1	68533
137.082	n/a	0	1	68541
137.1	n/a	1	2	68550
137.116	n/a	1	2	68558
137.132	n/a	1	2	68566
137.15	n/a	1	2	68575
137.166	n/a	0	1	68583
137.182	n/a	0	1	68591
137.2	n/a	1	2	68600
137.216	n/a	1	2	68608
137.232	n/a	0	1	68616
137.25	n/a	0	1	68625
137.266	n/a	0	1	68633
137.282	n/a	0	1	68641
137.3	n/a	0	1	68650
137.316	n/a	0	1	68658
137.332	n/a	1	2	68666
137.35	n/a	1	2	68675
137.366	n/a	0	1	68683
137.382	n/a	0	1	68691
137.4	n/a	1	2	68700
137.416	n/a	1	2	68708
137.432	n/a	0	1	68716
137.45	n/a	0	1	68725
137.466	n/a	0	1	68733
137.482	n/a	0	1	68741
137.5	n/a	1	2	68750
138.982	n/a	1	2	69491
139.0	n/a	1	2	69500
139.016	n/a	1	2	69508
139.032	n/a	1	2	69516
139.05	n/a	0	1	69525
139.066	n/a	0	1	69533
139.082	n/a	0	1	69541
139.1	n/a	0	1	69550
139.116	n/a	0	1	69558
139.132	n/a	0	1	69566
139.15	n/a	0	1	69575
139.166	n/a	0	1	69583
139.182	n/a	1	2	69591
139.2	n/a	1	2	69600
139.216	n/a	0	1	69608
139.232	n/a	0	1	69616
139.25	n/a	0	1	69625
139.266	n/a	0	1	69633
139.282	n/a	1	2	69641
139.3	n/a	1	2	69650
139.316	n/a	1	2	69658
139.332	n/a	1	2	69666
139.35	n/a	0	1	69675
139.366	n/a	0	1	69683
139.382	n/a	0	1	69691
139.4	n/a	0	1	69700
139.416	n/a	0	1	69708
139.432	n/a	0	1	69716
139.45	n/a	0	1	69725
139.466	n/a	0	1	69733
139.482	n/a	0	1	69741
139.5	n/a	0	1	69750
139.516	n/a	0	1	69758
139.532	n/a	0	1	69766
139.55	n/a	1	2	69775
139.566	n/a	1	2	69783
139.582	n/a	0	1	69791
139.6	n/a	0	1	69800
139.616	n/a	1	2	69808
139.632	n/a	1	2	69816
139.65	n/a	1	2	69825
139.666	n/a	1	2	69833
139.682	n/a	0	1	69841
139.7	n/a	0	1	69850
139.716	n/a	1	2	69858
139.732	n/a	1	2	69866
139.75	n/a	0	1	69875
139.766	n/a	0	1	69883
139.782	n/a	1	2	69891
139.8	n/a	1	2	69900
139.816	n/a	0	1	69908
139.832	n/a	0	1	69916
139.85	n/a	1	2	69925
139.866	n/a	1	2	69933
139.882	n/a	0	1	69941
139.9	n/a	0	1	69950
139.916	n/a	0	1	69958
139.932	n/a	0	1	69966
139.95	n/a	0	1	69975
139.966	n/a	0	1	69983
139.982	n/a	1	2	69991
140.0	n/a	1	2	70000
140.016	n/a	1	2	70008
140.032	n/a	1	2	70016
140.05	n/a	1	2	70025
140.066	n/a	1	2	70033
140.082	n/a	0	1	70041
140.1	n/a	0	1	70050
140.116	n/a	1	2	70058
140.132	n/a	1	2	70066
140.15	n/a	1	2	70075
140.166	n/a	1	2	70083
140.182	n/a	1	2	70091
140.2	n/a	1	2	70100
140.216	n/a	0	1	70108
140.232	n/a	0	1	70116
140.25	n/a	1	2	70125
140.266	n/a	1	2	70133
140.282	n/a	0	1	70141
140.3	n/a	0	1	70150
140.316	n/a	1	2	70158
140.332	n/a	1	2	70166
140.35	n/a	1	2	70175
140.366	n/a	1	2	70183
140.382	n/a	0	1	70191
140.4	n/a	0	1	70200
140.416	n/a	0	1	70208
140.432	n/a	0	1	70216
140.45	n/a	0	1	70225
140.466	n/a	0	1	70233
140.482	n/a	1	2	70241
140.5	n/a	1	2	70250
140.516	n/a	1	2	70258
140.532	n/a	1	2	70266
140.55	n/a	0	1	70275
140.566	n/a	0	1	70283
140.582	n/a	1	2	70291
140.6	n/a	1	2	70300
140.616	n/a	1	2	70308
140.632	n/a	1	2	70316
140.65	n/a	1	2	70325
140.666	n/a	1	2	70333
140.682	n/a	0	1	70341
140.7	n/a	0	1	70350
140.716	n/a	0	1	70358
140.732	n/a	0	1	70366
140.75	n/a	0	1	70375
140.766	n/a	0	1	70383
140.782	n/a	0	1	70391
140.8	n/a	0	1	70400
140.816	n/a	0	1	70408
140.832	n/a	0	1	70416
140.85	n/a	1	2	70425
140.866	n/a	1	2	70433
140.882	n/a	1	2	70441
140.9	n/a	1	2	70450
140.916	n/a	1	2	70458
143.166	n/a	1	2	71583
143.182	n/a	1	2	71591
143.2	n/a	1	2	71600
143.216	n/a	1	2	71608
143.232	n/a	1	2	71616
143.25	n/a	1	2	71625
143.266	n/a	1	2	71633
143.282	n/a	1	2	71641
143.3	n/a	1	2	71650
143.316	n/a	1	2	71658
143.332	n/a	1	2	71666
143.35	n/a	1	2	71675
143.366	n/a	1	2	71683
143.382	n/a	1	2	71691
143.4	n/a	0	1	71700
143.416	n/a	0	1	71708
143.432	n/a	0	1	71716
143.45	n/a	0	1	71725
143.466	n/a	1	2	71733
143.482	n/a	1	2	71741
143.5	n/a	1	2	71750
143.516	n/a	1	2	71758
143.532	n/a	0	1	71766
143.55	n/a	0	1	71775
143.566	n/a	0	1	71783
143.582	n/a	0	1	71791
143.6	n/a	1	2	71800
143.616	n/a	1	2	71808
143.632	n/a	1	2	71816
143.65	n/a	1	2	71825
143.666	n/a	0	1	71833
143.682	n/a	0	1	71841
143.7	n/a	0	1	71850
143.716	n/a	0	1	71858
143.732	n/a	1	2	71866
143.75	n/a	1	2	71875
143.766	n/a	0	1	71883
143.782	n/a	0	1	71891
143.8	n/a	1	2	71900
143.816	n/a	1	2	71908
143.832	n/a	1	2	71916
143.85	n/a	1	2	71925
143.866	n/a	0	1	71933
143.882	n/a	0	1	71941
143.9	n/a	1	2	71950
143.916	n/a	1	2	71958
143.932	n/a	0	1	71966
143.95	n/a	0	1	71975
143.966	n/a	0	1	71983
143.982	n/a	0	1	71991
144.0	n/a	1	2	72000
144.016	n/a	1	2	72008
144.032	n/a	0	1	72016
144.05	n/a	0	1	72025
144.066	n/a	1	2	72033
144.082	n/a	1	2	72041
144.1	n/a	1	2	72050
144.116	n/a	1	2	72058
144.132	n/a	1	2	72066
144.15	n/a	1	2	72075
144.166	n/a	0	1	72083
144.182	n/a	0	1	72091
144.2	n/a	0	1	72100
144.216	n/a	0	1	72108
144.232	n/a	0	1	72116
144.25	n/a	0	1	72125
144.266	n/a	1	2	72133
144.282	n/a	1	2	72141
144.3	n/a	0	1	72150
144.316	n/a	0	1	72158
144.332	n/a	1	2	72166
144.35	n/a	1	2	72175
144.366	n/a	1	2	72183
144.382	n/a	1	2	72191
144.4	n/a	1	2	72200
144.416	n/a	1	2	72208
144.432	n/a	0	1	72216
144.45	n/a	0	1	72225
144.466	n/a	0	1	72233
144.482	n/a	0	1	72241
144.5	n/a	1	2	72250
144.516	n/a	1	2	72258
144.532	n/a	0	1	72266
144.55	n/a	0	1	72275
144.566	n/a	1	2	72283
144.582	n/a	1	2	72291
144.6	n/a	0	1	72300
144.616	n/a	0	1	72308
144.632	n/a	0	1	72316
144.65	n/a	0	1	72325
144.666	n/a	0	1	72333
144.682	n/a	0	1	72341
144.7	n/a	1	2	72350
144.716	n/a	1	2	72358
144.732	n/a	1	2	72366
144.75	n/a	1	2	72375
144.766	n/a	0	1	72383
144.782	n/a	0	1	72391
144.8	n/a	1	2	72400
144.816	n/a	1	2	72408
144.832	n/a	0	1	72416
144.85	n/a	0	1	72425
144.866	n/a	0	1	72433
144.882	n/a	0	1	72441
144.9	n/a	0	1	72450
144.916	n/a	0	1	72458
144.932	n/a	1	2	72466
144.95	n/a	1	2	72475
144.966	n/a	0	1	72483
144.982	n/a	0	1	72491
145.0	n/a	1	2	72500
145.016	n/a	1	2	72508
145.032	n/a	0	1	72516
145.05	n/a	0	1	72525
145.066	n/a	0	1	72533
145.082	n/a	0	1	72541
145.1	n/a	1	2	72550
146.582	n/a	0	1	73291
146.6	n/a	0	1	73300
146.616	n/a	0	1	73308
146.632	n/a	0	1	73316
146.65	n/a	1	2	73325
146.666	n/a	1	2	73333
146.682	n/a	1	2	73341
146.7	n/a	1	2	73350
146.716	n/a	0	1	73358
146.732	n/a	0	1	73366
146.75	n/a	0	1	73375
146.766	n/a	0	1	73383
146.782	n/a	0	1	73391
146.8	n/a	0	1	73400
146.816	n/a	0	1	73408
146.832	n/a	0	1	73416
146.85	n/a	1	2	73425
146.866	n/a	1	2	73433
146.882	n/a	1	2	73441
146.9	n/a	1	2	73450
146.916	n/a	1	2	73458
146.932	n/a	1	2	73466
146.95	n/a	1	2	73475
146.966	n/a	1	2	73483
146.982	n/a	1	2	73491
147.0	n/a	1	2	73500
147.016	n/a	0	1	73508
147.032	n/a	0	1	73516
147.05	n/a	0	1	73525
147.066	n/a	0	1	73533
147.082	n/a	0	1	73541
147.1	n/a	0	1	73550
147.116	n/a	0	1	73558
147.132	n/a	0	1	73566
147.15	n/a	0	1	73575
147.166	n/a	0	1	73583
147.182	n/a	0	1	73591
147.2	n/a	0	1	73600
147.216	n/a	1	2	73608
147.232	n/a	1	2	73616
147.25	n/a	1	2	73625
147.266	n/a	1	2	73633
147.282	n/a	0	1	73641
147.3	n/a	0	1	73650
147.316	n/a	0	1	73658
147.332	n/a	0	1	73666
147.35	n/a	1	2	73675
147.366	n/a	1	2	73683
147.382	n/a	0	1	73691
147.4	n/a	0	1	73700
147.416	n/a	1	2	73708
147.432	n/a	1	2	73716
147.45	n/a	0	1	73725
147.466	n/a	0	1	73733
147.482	n/a	1	2	73741
147.5	n/a	1	2	73750
147.516	n/a	0	1	73758
147.532	n/a	0	1	73766
147.55	n/a	1	2	73775
147.566	n/a	1	2	73783
147.582	n/a	1	2	73791
147.6	n/a	1	2	73800
147.616	n/a	0	1	73808
147.632	n/a	0	1	73816
147.65	n/a	1	2	73825
147.666	n/a	1	2	73833
147.682	n/a	0	1	73841
147.7	n/a	0	1	73850
147.716	n/a	0	1	73858
147.732	n/a	0	1	73866
147.75	n/a	0	1	73875
147.766	n/a	0	1	73883
147.782	n/a	1	2	73891
147.8	n/a	1	2	73900
147.816	n/a	0	1	73908
147.832	n/a	0	1	73916
147.85	n/a	0	1	73925
147.866	n/a	0	1	73933
147.882	n/a	0	1	73941
147.9	n/a	0	1	73950
147.916	n/a	1	2	73958
147.932	n/a	1	2	73966
147.95	n/a	1	2	73975
147.966	n/a	1	2	73983
147.982	n/a	1	2	73991
148.0	n/a	1	2	74000
148.016	n/a	0	1	74008
148.032	n/a	0	1	74016
148.05	n/a	1	2	74025
148.066	n/a	1	2	74033
148.082	n/a	0	1	74041
148.1	n/a	0	1	74050
148.116	n/a	1	2	74058
148.132	n/a	1	2	74066
148.15	n/a	1	2	74075
148.166	n/a	1	2	74083
148.182	n/a	1	2	74091
148.2	n/a	1	2	74100
148.216	n/a	1	2	74108
148.232	n/a	1	2	74116
148.25	n/a	1	2	74125
148.266	n/a	1	2	74133
148.282	n/a	0	1	74141
148.3	n/a	0	1	74150
148.316	n/a	0	1	74158
148.332	n/a	0	1	74166
148.35	n/a	1	2	74175
148.366	n/a	1	2	74183
148.382	n/a	0	1	74191
148.4	n/a	0	1	74200
148.416	n/a	0	1	74208
148.432	n/a	0	1	74216
148.45	n/a	0	1	74225
148.466	n/a	0	1	74233
148.482	n/a	1	2	74241
148.5	n/a	1	2	74250
148.516	n/a	1	2	74258
150.0	n/a	1	2	75000
150.016	n/a	1	2	75008
150.032	n/a	1	2	75016
150.05	n/a	1	2	75025
150.066	n/a	0	1	75033
150.082	n/a	0	1	75041
150.1	n/a	0	1	75050
150.116	n/a	0	1	75058
150.132	n/a	0	1	75066
150.15	n/a	0	1	75075
150.166	n/a	0	1	75083
150.182	n/a	0	1	75091
150.2	n/a	1	2	75100
150.216	n/a	1	2	75108
150.232	n/a	0	1	75116
150.25	n/a	0	1	75125
150.266	n/a	0	1	75133
150.282	n/a	0	1	75141
150.3	n/a	1	2	75150
150.316	n/a	1	2	75158
150.332	n/a	1	2	75166
150.35	n/a	1	2	75175
150.366	n/a	0	1	75183
150.382	n/a	0	1	75191
150.4	n/a	0	1	75200
150.416	n/a	0	1	75208
150.432	n/a	0	1	75216
150.45	n/a	0	1	75225
150.466	n/a	0	1	75233
150.482	n/a	0	1	75241
150.5	n/a	0	1	75250
150.516	n/a	0	1	75258
150.532	n/a	0	1	75266
150.55	n/a	0	1	75275
150.566	n/a	1	2	75283
150.582	n/a	1	2	75291
150.6	n/a	0	1	75300
150.616	n/a	0	1	75308
150.632	n/a	1	2	75316
150.65	n/a	1	2	75325
150.666	n/a	1	2	75333
150.682	n/a	1	2	75341
150.7	n/a	0	1	75350
150.716	n/a	0	1	75358
150.732	n/a	1	2	75366
150.75	n/a	1	2	75375
150.766	n/a	0	1	75383
150.782	n/a	0	1	75391
150.8	n/a	1	2	75400
150.816	n/a	1	2	75408
150.832	n/a	0	1	75416
150.85	n/a	0	1	75425
150.866	n/a	1	2	75433
150.882	n/a	1	2	75441
150.9	n/a	0	1	75450
150.916	n/a	0	1	75458
150.932	n/a	0	1	75466
150.95	n/a	0	1	75475
150.966	n/a	0	1	75483
150.982	n/a	0	1	75491
151.0	n/a	1	2	75500
151.016	n/a	1	2	75508
151.032	n/a	1	2	75516
151.05	n/a	1	2	75525
151.066	n/a	1	2	75533
151.082	n/a	1	2	75541
151.1	n/a	0	1	75550
151.116	n/a	0	1	75558
151.132	n/a	1	2	75566
151.15	n/a	1	2	75575
151.166	n/a	1	2	75583
151.182	n/a	1	2	75591
151.2	n/a	1	2	75600
151.216	n/a	1	2	75608
151.232	n/a	0	1	75616
151.25	n/a	0	1	75625
151.266	n/a	1	2	75633
151.282	n/a	1	2	75641
151.3	n/a	0	1	75650
151.316	n/a	0	1	75658
151.332	n/a	1	2	75666
151.35	n/a	1	2	75675
151.366	n/a	1	2	75683
151.382	n/a	1	2	75691
151.4	n/a	0	1	75700
151.416	n/a	0	1	75708
151.432	n/a	0	1	75716
151.45	n/a	0	1	75725
151.466	n/a	0	1	75733
151.482	n/a	0	1	75741
151.5	n/a	1	2	75750
151.516	n/a	1	2	75758
151.532	n/a	1	2	75766
151.55	n/a	1	2	75775
151.566	n/a	0	1	75783
151.582	n/a	0	1	75791
151.6	n/a	1	2	75800
151.616	n/a	1	2	75808
151.632	n/a	1	2	75816
151.65	n/a	1	2	75825
151.666	n/a	1	2	75833
151.682	n/a	1	2	75841
151.7	n/a	0	1	75850
151.716	n/a	0	1	75858
151.732	n/a	0	1	75866
151.75	n/a	0	1	75875
151.766	n/a	0	1	75883
151.782	n/a	0	1	75891
151.8	n/a	0	1	75900
151.816	n/a	0	1	75908
151.832	n/a	0	1	75916
151.85	n/a	0	1	75925
151.866	n/a	1	2	75933
151.882	n/a	1	2	75941
151.9	n/a	1	2	75950
151.916	n/a	1	2	75958
151.932	n/a	1	2	75966
153.416	n/a	1	2	76708
153.432	n/a	1	2	76716
153.45	n/a	1	2	76725
153.466	n/a	1	2	76733
153.482	n/a	0	1	76741
153.5	n/a	0	1	76750
153.516	n/a	1	2	76758
153.532	n/a	1	2	76766
153.55	n/a	1	2	76775
153.566	n/a	1	2	76783
153.582	n/a	0	1	76791
153.6	n/a	0	1	76800
153.616	n/a	1	2	76808
153.632	n/a	1	2	76816
153.65	n/a	1	2	76825
153.666	n/a	1	2	76833
153.682	n/a	0	1	76841
153.7	n/a	0	1	76850
153.716	n/a	1	2	76858
153.732	n/a	1	2	76866
153.75	n/a	1	2	76875
153.766	n/a	1	2	76883
153.782	n/a	0	1	76891
153.8	n/a	0	1	76900
153.816	n/a	0	1	76908
153.832	n/a	0	1	76916
153.85	n/a	0	1	76925
153.866	n/a	0	1	76933
153.882	n/a	1	2	76941
153.9	n/a	1	2	76950
153.916	n/a	1	2	76958
153.932	n/a	1	2	76966
153.95	n/a	1	2	76975
153.966	n/a	1	2	76983
153.982	n/a	0	1	76991
154.0	n/a	0	1	77000
154.016	n/a	0	1	77008
154.032	n/a	0	1	77016
154.05	n/a	0	1	77025
154.066	n/a	0	1	77033
154.082	n/a	1	2	77041
154.1	n/a	1	2	77050
154.116	n/a	1	2	77058
154.132	n/a	1	2	77066
154.15	n/a	1	2	77075
154.166	n/a	1	2	77083
154.182	n/a	1	2	77091
154.2	n/a	1	2	77100
154.216	n/a	1	2	77108
154.232	n/a	1	2	77116
154.25	n/a	0	1	77125
154.266	n/a	0	1	77133
154.282	n/a	0	1	77141
154.3	n/a	0	1	77150
154.316	n/a	1	2	77158
154.332	n/a	1	2	77166
154.35	n/a	0	1	77175
154.366	n/a	0	1	77183
154.382	n/a	1	2	77191
154.4	n/a	1	2	77200
154.416	n/a	0	1	77208
154.432	n/a	0	1	77216
154.45	n/a	0	1	77225
154.466	n/a	0	1	77233
154.482	n/a	1	2	77241
154.5	n/a	1	2	77250
154.516	n/a	1	2	77258
154.532	n/a	1	2	77266
154.55	n/a	0	1	77275
154.566	n/a	0	1	77283
154.582	n/a	0	1	77291
154.6	n/a	0	1	77300
154.616	n/a	0	1	77308
154.632	n/a	0	1	77316
154.65	n/a	0	1	77325
154.666	n/a	0	1	77333
154.682	n/a	1	2	77341
154.7	n/a	1	2	77350
154.716	n/a	0	1	77358
154.732	n/a	0	1	77366
154.75	n/a	0	1	77375
154.766	n/a	0	1	77383
154.782	n/a	0	1	77391
154.8	n/a	0	1	77400
154.816	n/a	0	1	77408
154.832	n/a	0	1	77416
154.85	n/a	1	2	77425
154.866	n/a	1	2	77433
154.882	n/a	1	2	77441
154.9	n/a	1	2	77450
154.916	n/a	1	2	77458
154.932	n/a	1	2	77466
154.95	n/a	1	2	77475
154.966	n/a	1	2	77483
154.982	n/a	1	2	77491
155.0	n/a	1	2	77500
155.016	n/a	1	2	77508
155.032	n/a	1	2	77516
155.05	n/a	0	1	77525
155.066	n/a	0	1	77533
155.082	n/a	1	2	77541
155.1	n/a	1	2	77550
155.116	n/a	0	1	77558
155.132	n/a	0	1	77566
155.15	n/a	1	2	77575
155.166	n/a	1	2	77583
155.182	n/a	0	1	77591
155.2	n/a	0	1	77600
155.216	n/a	0	1	77608
155.232	n/a	0	1	77616
155.25	n/a	1	2	77625
155.266	n/a	1	2	77633
155.282	n/a	1	2	77641
155.3	n/a	1	2	77650
155.316	n/a	0	1	77658
155.332	n/a	0	1	77666
155.35	n/a	0	1	77675
157.65	n/a	1	2	78825
157.666	n/a	1	2	78833
157.682	n/a	1	2	78841
157.7	n/a	1	2	78850
157.716	n/a	0	1	78858
157.732	n/a	0	1	78866
157.75	n/a	0	1	78875
157.766	n/a	0	1	78883
157.782	n/a	0	1	78891
157.8	n/a	0	1	78900
157.816	n/a	0	1	78908
157.832	n/a	0	1	78916
157.85	n/a	1	2	78925
157.866	n/a	1	2	78933
157.882	n/a	0	1	78941
157.9	n/a	0	1	78950
157.916	n/a	0	1	78958
157.932	n/a	0	1	78966
157.95	n/a	1	2	78975
157.966	n/a	1	2	78983
157.982	n/a	1	2	78991
158.0	n/a	1	2	79000
158.016	n/a	0	1	79008
158.032	n/a	0	1	79016
158.05	n/a	0	1	79025
158.066	n/a	0	1	79033
158.082	n/a	0	1	79041
158.1	n/a	0	1	79050
158.116	n/a	0	1	79058
158.132	n/a	0	1	79066
158.15	n/a	0	1	79075
158.166	n/a	0	1	79083
158.182	n/a	0	1	79091
158.2	n/a	0	1	79100
158.216	n/a	1	2	79108
158.232	n/a	1	2	79116
158.25	n/a	0	1	79125
158.266	n/a	0	1	79133
158.282	n/a	1	2	79141
158.3	n/a	1	2	79150
158.316	n/a	1	2	79158
158.332	n/a	1	2	79166
158.35	n/a	0	1	79175
158.366	n/a	0	1	79183
158.382	n/a	1	2	79191
158.4	n/a	1	2	79200
158.416	n/a	0	1	79208
158.432	n/a	0	1	79216
158.45	n/a	1	2	79225
158.466	n/a	1	2	79233
158.482	n/a	0	1	79241
158.5	n/a	0	1	79250
158.516	n/a	1	2	79258
158.532	n/a	1	2	79266
158.55	n/a	0	1	79275
158.566	n/a	0	1	79283
158.582	n/a	0	1	79291
158.6	n/a	0	1	79300
158.616	n/a	0	1	79308
158.632	n/a	0	1	79316
158.65	n/a	1	2	79325
158.666	n/a	1	2	79333
158.682	n/a	1	2	79341
158.7	n/a	1	2	79350
158.716	n/a	1	2	79358
158.732	n/a	1	2	79366
158.75	n/a	0	1	79375
158.766	n/a	0	1	79383
158.782	n/a	1	2	79391
158.8	n/a	1	2	79400
158.816	n/a	1	2	79408
158.832	n/a	1	2	79416
158.85	n/a	1	2	79425
158.866	n/a	1	2	79433
158.882	n/a	0	1	79441
158.9	n/a	0	1	79450
158.916	n/a	1	2	79458
158.932	n/a	1	2	79466
158.95	n/a	0	1	79475
158.966	n/a	0	1	79483
158.982	n/a	1	2	79491
159.0	n/a	1	2	79500
159.016	n/a	1	2	79508
159.032	n/a	1	2	79516
159.05	n/a	0	1	79525
159.066	n/a	0	1	79533
159.082	n/a	0	1	79541
159.1	n/a	0	1	79550
159.116	n/a	0	1	79558
159.132	n/a	0	1	79566
159.15	n/a	1	2	79575
159.166	n/a	1	2	79583
159.182	n/a	1	2	79591
159.2	n/a	1	2	79600
159.216	n/a	0	1	79608
159.232	n/a	0	1	79616
159.25	n/a	1	2	79625
159.266	n/a	1	2	79633
159.282	n/a	1	2	79641
159.3	n/a	1	2	79650
159.316	n/a	1	2	79658
159.332	n/a	1	2	79666
159.35	n/a	0	1	79675
159.366	n/a	0	1	79683
159.382	n/a	0	1	79691
159.4	n/a	0	1	79700
159.416	n/a	0	1	79708
159.432	n/a	0	1	79716
159.45	n/a	0	1	79725
159.466	n/a	0	1	79733
159.482	n/a	0	1	79741
159.5	n/a	0	1	79750
159.516	n/a	1	2	79758
159.532	n/a	1	2	79766
159.55	n/a	1	2	79775
159.566	n/a	1	2	79783
159.582	n/a	1	2	79791
161.066	n/a	0	1	80533
161.082	n/a	0	1	80541
161.1	n/a	0	1	80550
161.116	n/a	0	1	80558
161.132	n/a	1	2	80566
161.15	n/a	1	2	80575
161.166	n/a	1	2	80583
161.182	n/a	1	2	80591
161.2	n/a	0	1	80600
161.216	n/a	0	1	80608
161.232	n/a	0	1	80616
161.25	n/a	0	1	80625
161.266	n/a	0	1	80633
161.282	n/a	0	1	80641
161.3	n/a	0	1	80650
161.316	n/a	0	1	80658
161.332	n/a	1	2	80666
161.35	n/a	1	2	80675
161.366	n/a	1	2	80683
161.382	n/a	1	2	80691
161.4	n/a	1	2	80700
161.416	n/a	1	2	80708
161.432	n/a	1	2	80716
161.45	n/a	1	2	80725
161.466	n/a	1	2	80733
161.482	n/a	1	2	80741
161.5	n/a	0	1	80750
161.516	n/a	0	1	80758
161.532	n/a	0	1	80766
161.55	n/a	0	1	80775
161.566	n/a	0	1	80783
161.582	n/a	0	1	80791
161.6	n/a	0	1	80800
161.616	n/a	0	1	80808
161.632	n/a	0	1	80816
161.65	n/a	0	1	80825
161.666	n/a	0	1	80833
161.682	n/a	0	1	80841
161.7	n/a	1	2	80850
161.716	n/a	1	2	80858
161.732	n/a	1	2	80866
161.75	n/a	1	2	80875
161.766	n/a	0	1	80883
161.782	n/a	0	1	80891
161.8	n/a	0	1	80900
161.816	n/a	0	1	80908
161.832	n/a	1	2	80916
161.85	n/a	1	2	80925
161.866	n/a	0	1	80933
161.882	n/a	0	1	80941
161.9	n/a	1	2	80950
161.916	n/a	1	2	80958
161.932	n/a	0	1	80966
161.95	n/a	0	1	80975
161.966	n/a	1	2	80983
161.982	n/a	1	2	80991
162.0	n/a	0	1	81000
162.016	n/a	0	1	81008
162.032	n/a	1	2	81016
162.05	n/a	1	2	81025
162.066	n/a	1	2	81033
162.082	n/a	1	2	81041
162.1	n/a	0	1	81050
162.116	n/a	0	1	81058
162.132	n/a	1	2	81066
162.15	n/a	1	2	81075
162.166	n/a	0	1	81083
162.182	n/a	0	1	81091
162.2	n/a	0	1	81100
162.216	n/a	0	1	81108
162.232	n/a	0	1	81116
162.25	n/a	0	1	81125
162.266	n/a	1	2	81133
162.282	n/a	1	2	81141
162.3	n/a	0	1	81150
162.316	n/a	0	1	81158
162.332	n/a	0	1	81166
162.35	n/a	0	1	81175
162.366	n/a	0	1	81183
162.382	n/a	0	1	81191
162.4	n/a	1	2	81200
162.416	n/a	1	2	81208
162.432	n/a	1	2	81216
162.45	n/a	1	2	81225
162.466	n/a	1	2	81233
162.482	n/a	1	2	81241
162.5	n/a	0	1	81250
162.516	n/a	0	1	81258
162.532	n/a	1	2	81266
162.55	n/a	1	2	81275
162.566	n/a	0	1	81283
162.582	n/a	0	1	81291
162.6	n/a	1	2	81300
162.616	n/a	1	2	81308
162.632	n/a	1	2	81316
162.65	n/a	1	2	81325
162.666	n/a	1	2	81333
162.682	n/a	1	2	81341
162.7	n/a	1	2	81350
162.716	n/a	1	2	81358
162.732	n/a	1	2	81366
162.75	n/a	1	2	81375
162.766	n/a	0	1	81383
162.782	n/a	0	1	81391
162.8	n/a	0	1	81400
162.816	n/a	0	1	81408
162.832	n/a	1	2	81416
162.85	n/a	1	2	81425
162.866	n/a	0	1	81433
162.882	n/a	0	1	81441
162.9	n/a	0	1	81450
162.916	n/a	0	1	81458
162.932	n/a	0	1	81466
162.95	n/a	0	1	81475
162.966	n/a	1	2	81483
162.982	n/a	1	2	81491
163.0	n/a	1	2	81500
164.482	n/a	1	2	82241
164.5	n/a	1	2	82250
164.516	n/a	1	2	82258
164.532	n/a	1	2	82266
164.55	n/a	0	1	82275
164.566	n/a	0	1	82283
164.582	n/a	1	2	82291
164.6	n/a	1	2	82300
164.616	n/a	1	2	82308
164.632	n/a	1	2	82316
164.65	n/a	0	1	82325
164.666	n/a	0	1	82333
164.682	n/a	1	2	82341
164.7	n/a	1	2	82350
164.716	n/a	1	2	82358
164.732	n/a	1	2	82366
164.75	n/a	0	1	82375
164.766	n/a	0	1	82383
164.782	n/a	1	2	82391
164.8	n/a	1	2	82400
164.816	n/a	1	2	82408
164.832	n/a	1	2	82416
164.85	n/a	0	1	82425
164.866	n/a	0	1	82433
164.882	n/a	0	1	82441
164.9	n/a	0	1	82450
164.916	n/a	0	1	82458
164.932	n/a	0	1	82466
164.95	n/a	1	2	82475
164.966	n/a	1	2	82483
164.982	n/a	1	2	82491
165.0	n/a	1	2	82500
165.016	n/a	1	2	82508
165.032	n/a	1	2	82516
165.05	n/a	0	1	82525
165.066	n/a	0	1	82533
165.082	n/a	0	1	82541
165.1	n/a	0	1	82550
165.116	n/a	0	1	82558
165.132	n/a	0	1	82566
165.15	n/a	1	2	82575
165.166	n/a	1	2	82583
165.182	n/a	1	2	82591
165.2	n/a	1	2	82600
165.216	n/a	1	2	82608
165.232	n/a	1	2	82616
165.25	n/a	1	2	82625
165.266	n/a	1	2	82633
165.282	n/a	1	2	82641
165.3	n/a	1	2	82650
165.316	n/a	0	1	82658
165.332	n/a	0	1	82666
165.35	n/a	0	1	82675
165.366	n/a	0	1	82683
165.382	n/a	1	2	82691
165.4	n/a	1	2	82700
165.416	n/a	0	1	82708
165.432	n/a	0	1	82716
165.45	n/a	1	2	82725
165.466	n/a	1	2	82733
165.482	n/a	0	1	82741
165.5	n/a	0	1	82750
165.516	n/a	0	1	82758
165.532	n/a	0	1	82766
165.55	n/a	1	2	82775
165.566	n/a	1	2	82783
165.582	n/a	1	2	82791
165.6	n/a	1	2	82800
165.616	n/a	0	1	82808
165.632	n/a	0	1	82816
165.65	n/a	0	1	82825
165.666	n/a	0	1	82833
165.682	n/a	0	1	82841
165.7	n/a	0	1	82850
165.716	n/a	0	1	82858
165.732	n/a	0	1	82866
165.75	n/a	1	2	82875
165.766	n/a	1	2	82883
165.782	n/a	0	1	82891
165.8	n/a	0	1	82900
165.816	n/a	0	1	82908
165.832	n/a	0	1	82916
165.85	n/a	0	1	82925
165.866	n/a	0	1	82933
165.882	n/a	0	1	82941
165.9	n/a	0	1	82950
165.916	n/a	1	2	82958
165.932	n/a	1	2	82966
165.95	n/a	1	2	82975
165.966	n/a	1	2	82983
165.982	n/a	1	2	82991
166.0	n/a	1	2	83000
166.016	n/a	1	2	83008
166.032	n/a	1	2	83016
166.05	n/a	1	2	83025
166.066	n/a	1	2	83033
166.082	n/a	1	2	83041
166.1	n/a	1	2	83050
166.116	n/a	0	1	83058
166.132	n/a	0	1	83066
166.15	n/a	1	2	83075
166.166	n/a	1	2	83083
166.182	n/a	0	1	83091
166.2	n/a	0	1	83100
166.216	n/a	1	2	83108
166.232	n/a	1	2	83116
166.25	n/a	0	1	83125
166.266	n/a	0	1	83133
166.282	n/a	0	1	83141
166.3	n/a	0	1	83150
166.316	n/a	1	2	83158
166.332	n/a	1	2	83166
166.35	n/a	1	2	83175
166.366	n/a	1	2	83183
166.382	n/a	0	1	83191
166.4	n/a	0	1	83200
166.416	n/a	0	1	83208
167.9	n/a	1	2	83950
167.916	n/a	1	2	83958
167.932	n/a	1	2	83966
167.95	n/a	1	2	83975
167.966	n/a	1	2	83983
167.982	n/a	1	2	83991
168.0	n/a	1	2	84000
168.016	n/a	1	2	84008
168.032	n/a	1	2	84016
168.05	n/a	1	2	84025
168.066	n/a	1	2	84033
168.082	n/a	1	2	84041
168.1	n/a	1	2	84050
168.116	n/a	1	2	84058
168.132	n/a	0	1	84066
168.15	n/a	0	1	84075
168.166	n/a	0	1	84083
168.182	n/a	0	1	84091
168.2	n/a	1	2	84100
168.216	n/a	1	2	84108
168.232	n/a	1	2	84116
168.25	n/a	1	2	84125
168.266	n/a	0	1	84133
168.282	n/a	0	1	84141
168.3	n/a	0	1	84150
168.316	n/a	0	1	84158
168.332	n/a	1	2	84166
168.35	n/a	1	2	84175
168.366	n/a	1	2	84183
168.382	n/a	1	2	84191
168.4	n/a	0	1	84200
168.416	n/a	0	1	84208
168.432	n/a	0	1	84216
168.45	n/a	0	1	84225
168.466	n/a	1	2	84233
168.482	n/a	1	2	84241
168.5	n/a	0	1	84250
168.516	n/a	0	1	84258
168.532	n/a	1	2	84266
168.55	n/a	1	2	84275
168.566	n/a	1	2	84283
168.582	n/a	1	2	84291
168.6	n/a	0	1	84300
168.616	n/a	0	1	84308
168.632	n/a	1	2	84316
168.65	n/a	1	2	84325
168.666	n/a	0	1	84333
168.682	n/a	0	1	84341
168.7	n/a	0	1	84350
168.716	n/a	0	1	84358
168.732	n/a	1	2	84366
168.75	n/a	1	2	84375
168.766	n/a	0	1	84383
168.782	n/a	0	1	84391
168.8	n/a	1	2	84400
168.816	n/a	1	2	84408
168.832	n/a	1	2	84416
168.85	n/a	1	2	84425
168.866	n/a	1	2	84433
168.882	n/a	1	2	84441
168.9	n/a	0	1	84450
168.916	n/a	0	1	84458
168.932	n/a	0	1	84466
168.95	n/a	0	1	84475
168.966	n/a	0	1	84483
168.982	n/a	0	1	84491
169.0	n/a	1	2	84500
169.016	n/a	1	2	84508
169.032	n/a	0	1	84516
169.05	n/a	0	1	84525
169.066	n/a	1	2	84533
169.082	n/a	1	2	84541
169.1	n/a	1	2	84550
169.116	n/a	1	2	84558
169.132	n/a	1	2	84566
169.15	n/a	1	2	84575
169.166	n/a	0	1	84583
169.182	n/a	0	1	84591
169.2	n/a	0	1	84600
169.216	n/a	0	1	84608
169.232	n/a	1	2	84616
169.25	n/a	1	2	84625
169.266	n/a	0	1	84633
169.282	n/a	0	1	84641
169.3	n/a	1	2	84650
169.316	n/a	1	2	84658
169.332	n/a	0	1	84666
169.35	n/a	0	1	84675
169.366	n/a	0	1	84683
169.382	n/a	0	1	84691
169.4	n/a	0	1	84700
169.416	n/a	0	1	84708
169.432	n/a	1	2	84716
169.45	n/a	1	2	84725
169.466	n/a	1	2	84733
169.482	n/a	1	2	84741
169.5	n/a	0	1	84750
169.516	n/a	0	1	84758
169.532	n/a	1	2	84766
169.55	n/a	1	2	84775
169.566	n/a	0	1	84783
169.582	n/a	0	1	84791
169.6	n/a	0	1	84800
169.616	n/a	0	1	84808
169.632	n/a	0	1	84816
169.65	n/a	0	1	84825
169.666	n/a	1	2	84833
169.682	n/a	1	2	84841
169.7	n/a	0	1	84850
169.716	n/a	0	1	84858
169.732	n/a	1	2	84866
169.75	n/a	1	2	84875
169.766	n/a	0	1	84883
169.782	n/a	0	1	84891
169.8	n/a	0	1	84900
169.816	n/a	0	1	84908
169.832	n/a	1	2	84916
172.266	n/a	1	2	86133
172.282	n/a	1	2	86141
172.3	n/a	1	2	86150
172.316	n/a	1	2	86158
172.332	n/a	0	1	86166
172.35	n/a	0	1	86175
172.366	n/a	1	2	86183
172.382	n/a	1	2	86191
172.4	n/a	1	2	86200
172.416	n/a	1	2	86208
172.432	n/a	0	1	86216
172.45	n/a	0	1	86225
172.466	n/a	1	2	86233
172.482	n/a	1	2	86241
172.5	n/a	1	2	86250
172.516	n/a	1	2	86258
172.532	n/a	0	1	86266
172.55	n/a	0	1	86275
172.566	n/a	1	2	86283
172.582	n/a	1	2	86291
172.6	n/a	1	2	86300
172.616	n/a	1	2	86308
172.632	n/a	0	1	86316
172.65	n/a	0	1	86325
172.666	n/a	0	1	86333
172.682	n/a	0	1	86341
172.7	n/a	0	1	86350
172.716	n/a	0	1	86358
172.732	n/a	1	2	86366
172.75	n/a	1	2	86375
172.766	n/a	1	2	86383
172.782	n/a	1	2	86391
172.8	n/a	1	2	86400
172.816	n/a	1	2	86408
172.832	n/a	0	1	86416
172.85	n/a	0	1	86425
172.866	n/a	0	1	86433
172.882	n/a	0	1	86441
172.9	n/a	0	1	86450
172.916	n/a	0	1	86458
172.932	n/a	1	2	86466
172.95	n/a	1	2	86475
172.966	n/a	1	2	86483
172.982	n/a	1	2	86491
173.0	n/a	1	2	86500
173.016	n/a	1	2	86508
173.032	n/a	1	2	86516
173.05	n/a	1	2	86525
173.066	n/a	1	2	86533
173.082	n/a	1	2	86541
173.1	n/a	0	1	86550
173.116	n/a	0	1	86558
173.132	n/a	0	1	86566
173.15	n/a	0	1	86575
173.166	n/a	1	2	86583
173.182	n/a	1	2	86591
173.2	n/a	0	1	86600
173.216	n/a	0	1	86608
173.232	n/a	1	2	86616
173.25	n/a	1	2	86625
173.266	n/a	0	1	86633
173.282	n/a	0	1	86641
173.3	n/a	0	1	86650
173.316	n/a	0	1	86658
173.332	n/a	1	2	86666
173.35	n/a	1	2	86675
173.366	n/a	1	2	86683
173.382	n/a	1	2	86691
173.4	n/a	0	1	86700
173.416	n/a	0	1	86708
173.432	n/a	0	1	86716
173.45	n/a	0	1	86725
173.466	n/a	0	1	86733
173.482	n/a	0	1	86741
173.5	n/a	0	1	86750
173.516	n/a	0	1	86758
173.532	n/a	1	2	86766
173.55	n/a	1	2	86775
173.566	n/a	0	1	86783
173.582	n/a	0	1	86791
173.6	n/a	0	1	86800
173.616	n/a	0	1	86808
173.632	n/a	0	1	86816
173.65	n/a	0	1	86825
173.666	n/a	0	1	86833
173.682	n/a	0	1	86841
173.7	n/a	1	2	86850
173.716	n/a	1	2	86858
173.732	n/a	1	2	86866
173.75	n/a	1	2	86875
173.766	n/a	1	2	86883
173.782	n/a	1	2	86891
173.8	n/a	1	2	86900
173.816	n/a	1	2	86908
173.832	n/a	1	2	86916
173.85	n/a	1	2	86925
173.866	n/a	1	2	86933
173.882	n/a	1	2	86941
173.9	n/a	0	1	86950
173.916	n/a	0	1	86958
173.932	n/a	1	2	86966
173.95	n/a	1	2	86975
173.966	n/a	0	1	86983
173.982	n/a	0	1	86991
174.0	n/a	1	2	87000
174.016	n/a	1	2	87008
174.032	n/a	0	1	87016
174.05	n/a	0	1	87025
174.066	n/a	0	1	87033
174.082	n/a	0	1	87041
174.1	n/a	1	2	87050
174.116	n/a	1	2	87058
174.132	n/a	1	2	87066
174.15	n/a	1	2	87075
174.166	n/a	0	1	87083
174.182	n/a	0	1	87091
174.2	n/a	0	1	87100
175.682	n/a	1	2	87841
175.7	n/a	1	2	87850
175.716	n/a	1	2	87858
175.732	n/a	1	2	87866
175.75	n/a	1	2	87875
175.766	n/a	1	2	87883
175.782	n/a	1	2	87891
175.8	n/a	1	2	87900
175.816	n/a	1	2	87908
175.832	n/a	1	2	87916
175.85	n/a	1	2	87925
175.866	n/a	1	2	87933
175.882	n/a	1	2	87941
175.9	n/a	1	2	87950
175.916	n/a	0	1	87958
175.932	n/a	0	1	87966
175.95	n/a	0	1	87975
175.966	n/a	0	1	87983
175.982	n/a	1	2	87991
176.0	n/a	1	2	88000
176.016	n/a	1	2	88008
176.032	n/a	1	2	88016
176.05	n/a	0	1	88025
176.066	n/a	0	1	88033
176.082	n/a	0	1	88041
176.1	n/a	0	1	88050
176.116	n/a	1	2	88058
176.132	n/a	1	2	88066
176.15	n/a	1	2	88075
176.166	n/a	1	2	88083
176.182	n/a	0	1	88091
176.2	n/a	0	1	88100
176.216	n/a	0	1	88108
176.232	n/a	0	1	88116
176.25	n/a	1	2	88125
176.266	n/a	1	2	88133
176.282	n/a	0	1	88141
176.3	n/a	0	1	88150
176.316	n/a	1	2	88158
176.332	n/a	1	2	88166
176.35	n/a	1	2	88175
176.366	n/a	1	2	88183
176.382	n/a	0	1	88191
176.4	n/a	0	1	88200
176.416	n/a	1	2	88208
176.432	n/a	1	2	88216
176.45	n/a	0	1	88225
176.466	n/a	0	1	88233
176.482	n/a	0	1	88241
176.5	n/a	0	1	88250
176.516	n/a	1	2	88258
176.532	n/a	1	2	88266
176.55	n/a	0	1	88275
176.566	n/a	0	1	88283
176.582	n/a	1	2	88291
176.6	n/a	1	2	88300
176.616	n/a	1	2	88308
176.632	n/a	1	2	88316
176.65	n/a	1	2	88325
176.666	n/a	1	2	88333
176.682	n/a	0	1	88341
176.7	n/a	0	1	88350
176.716	n/a	0	1	88358
176.732	n/a	0	1	88366
176.75	n/a	0	1	88375
176.766	n/a	0	1	88383
176.782	n/a	1	2	88391
176.8	n/a	1	2	88400
176.816	n/a	0	1	88408
176.832	n/a	0	1	88416
176.85	n/a	1	2	88425
176.866	n/a	1	2	88433
176.882	n/a	1	2	88441
176.9	n/a	1	2	88450
176.916	n/a	1	2	88458
176.932	n/a	1	2	88466
176.95	n/a	0	1	88475
176.966	n/a	0	1	88483
176.982	n/a	0	1	88491
177.0	n/a	0	1	88500
177.016	n/a	1	2	88508
177.032	n/a	1	2	88516
177.05	n/a	0	1	88525
177.066	n/a	0	1	88533
177.082	n/a	1	2	88541
177.1	n/a	1	2	88550
177.116	n/a	0	1	88558
177.132	n/a	0	1	88566
177.15	n/a	0	1	88575
177.166	n/a	0	1	88583
177.182	n/a	0	1	88591
177.2	n/a	0	1	88600
177.216	n/a	1	2	88608
177.232	n/a	1	2	88616
177.25	n/a	1	2	88625
177.266	n/a	1	2	88633
177.282	n/a	0	1	88641
177.3	n/a	0	1	88650
177.316	n/a	1	2	88658
177.332	n/a	1	2	88666
177.35	n/a	0	1	88675
177.366	n/a	0	1	88683
177.382	n/a	0	1	88691
177.4	n/a	0	1	88700
177.416	n/a	0	1	88708
177.432	n/a	0	1	88716
177.45	n/a	1	2	88725
177.466	n/a	1	2	88733
177.482	n/a	0	1	88741
177.5	n/a	0	1	88750
177.516	n/a	1	2	88758
177.532	n/a	1	2	88766
177.55	n/a	0	1	88775
177.566	n/a	0	1	88783
177.582	n/a	0	1	88791
177.6	n/a	0	1	88800
177.616	n/a	1	2	88808
179.1	n/a	1	2	89550
179.116	n/a	1	2	89558
179.132	n/a	1	2	89566
179.15	n/a	1	2	89575
179.166	n/a	0	1	89583
179.182	n/a	0	1	89591
179.2	n/a	0	1	89600
179.216	n/a	0	1	89608
179.232	n/a	0	1	89616
179.25	n/a	0	1	89625
179.266	n/a	0	1	89633
179.282	n/a	0	1	89641
179.3	n/a	1	2	89650
179.316	n/a	1	2	89658
179.332	n/a	0	1	89666
179.35	n/a	0	1	89675
179.366	n/a	0	1	89683
179.382	n/a	0	1	89691
179.4	n/a	1	2	89700
179.416	n/a	1	2	89708
179.432	n/a	1	2	89716
179.45	n/a	1	2	89725
179.466	n/a	0	1	89733
179.482	n/a	0	1	89741
179.5	n/a	0	1	89750
179.516	n/a	0	1	89758
179.532	n/a	0	1	89766
179.55	n/a	0	1	89775
179.566	n/a	0	1	89783
179.582	n/a	0	1	89791
179.6	n/a	0	1	89800
179.616	n/a	0	1	89808
179.632	n/a	0	1	89816
179.65	n/a	0	1	89825
179.666	n/a	1	2	89833
179.682	n/a	1	2	89841
179.7	n/a	0	1	89850
179.716	n/a	0	1	89858
179.732	n/a	1	2	89866
179.75	n/a	1	2	89875
179.766	n/a	1	2	89883
179.782	n/a	1	2	89891
179.8	n/a	0	1	89900
179.816	n/a	0	1	89908
179.832	n/a	1	2	89916
179.85	n/a	1	2	89925
179.866	n/a	0	1	89933
179.882	n/a	0	1	89941
179.9	n/a	1	2	89950
179.916	n/a	1	2	89958
179.932	n/a	0	1	89966
179.95	n/a	0	1	89975
179.966	n/a	1	2	89983
179.982	n/a	1	2	89991
180.0	n/a	0	1	90000
180.016	n/a	0	1	90008
180.032	n/a	0	1	90016
180.05	n/a	0	1	90025
180.066	n/a	0	1	90033
180.082	n/a	0	1	90041
180.1	n/a	1	2	90050
180.116	n/a	1	2	90058
180.132	n/a	1	2	90066
180.15	n/a	1	2	90075
180.166	n/a	1	2	90083
180.182	n/a	1	2	90091
180.2	n/a	0	1	90100
180.216	n/a	0	1	90108
180.232	n/a	1	2	90116
180.25	n/a	1	2	90125
180.266	n/a	1	2	90133
180.282	n/a	1	2	90141
180.3	n/a	1	2	90150
180.316	n/a	1	2	90158
180.332	n/a	0	1	90166
180.35	n/a	0	1	90175
180.366	n/a	1	2	90183
180.382	n/a	1	2	90191
180.4	n/a	0	1	90200
180.416	n/a	0	1	90208
180.432	n/a	1	2	90216
180.45	n/a	1	2	90225
180.466	n/a	1	2	90233
180.482	n/a	1	2	90241
180.5	n/a	0	1	90250
180.516	n/a	0	1	90258
180.532	n/a	0	1	90266
180.55	n/a	0	1	90275
180.566	n/a	0	1	90283
180.582	n/a	0	1	90291
180.6	n/a	1	2	90300
180.616	n/a	1	2	90308
180.632	n/a	1	2	90316
180.65	n/a	1	2	90325
180.666	n/a	0	1	90333
180.682	n/a	0	1	90341
180.7	n/a	1	2	90350
180.716	n/a	1	2	90358
180.732	n/a	1	2	90366
180.75	n/a	1	2	90375
180.766	n/a	1	2	90383
180.782	n/a	1	2	90391
180.8	n/a	0	1	90400
180.816	n/a	0	1	90408
180.832	n/a	0	1	90416
180.85	n/a	0	1	90425
180.866	n/a	0	1	90433
180.882	n/a	0	1	90441
180.9	n/a	0	1	90450
180.916	n/a	0	1	90458
180.932	n/a	0	1	90466
180.95	n/a	0	1	90475
180.966	n/a	1	2	90483
180.982	n/a	1	2	90491
181.0	n/a	1	2	90500
181.016	n/a	1	2	90508
181.032	n/a	1	2	90516
182.516	n/a	0	1	91258
182.532	n/a	0	1	91266
182.55	n/a	0	1	91275
182.566	n/a	0	1	91283
182.582	n/a	1	2	91291
182.6	n/a	1	2	91300
182.616	n/a	1	2	91308
182.632	n/a	1	2	91316
182.65	n/a	0	1	91325
182.666	n/a	0	1	91333
182.682	n/a	0	1	91341
182.7	n/a	0	1	91350
182.716	n/a	0	1	91358
182.732	n/a	0	1	91366
182.75	n/a	0	1	91375
182.766	n/a	0	1	91383
182.782	n/a	1	2	91391
182.8	n/a	1	2	91400
182.816	n/a	1	2	91408
182.832	n/a	1	2	91416
182.85	n/a	1	2	91425
182.866	n/a	1	2	91433
182.882	n/a	1	2	91441
182.9	n/a	1	2	91450
182.916	n/a	1	2	91458
182.932	n/a	1	2	91466
182.95	n/a	0	1	91475
182.966	n/a	0	1	91483
182.982	n/a	0	1	91491
183.0	n/a	0	1	91500
183.016	n/a	0	1	91508
183.032	n/a	0	1	91516
183.05	n/a	0	1	91525
183.066	n/a	0	1	91533
183.082	n/a	0	1	91541
183.1	n/a	0	1	91550
183.116	n/a	0	1	91558
183.132	n/a	0	1	91566
183.15	n/a	1	2	91575
183.166	n/a	1	2	91583
183.182	n/a	1	2	91591
183.2	n/a	1	2	91600
183.216	n/a	0	1	91608
183.232	n/a	0	1	91616
183.25	n/a	0	1	91625
183.266	n/a	0	1	91633
183.282	n/a	1	2	91641
183.3	n/a	1	2	91650
183.316	n/a	0	1	91658
183.332	n/a	0	1	91666
183.35	n/a	1	2	91675
183.366	n/a	1	2	91683
183.382	n/a	0	1	91691
183.4	n/a	0	1	91700
183.416	n/a	1	2	91708
183.432	n/a	1	2	91716
183.45	n/a	0	1	91725
183.466	n/a	0	1	91733
183.482	n/a	1	2	91741
183.5	n/a	1	2	91750
183.516	n/a	1	2	91758
183.532	n/a	1	2	91766
183.55	n/a	0	1	91775
183.566	n/a	0	1	91783
183.582	n/a	1	2	91791
183.6	n/a	1	2	91800
183.616	n/a	0	1	91808
183.632	n/a	0	1	91816
183.65	n/a	0	1	91825
183.666	n/a	0	1	91833
183.682	n/a	0	1	91841
183.7	n/a	0	1	91850
183.716	n/a	1	2	91858
183.732	n/a	1	2	91866
183.75	n/a	0	1	91875
183.766	n/a	0	1	91883
183.782	n/a	0	1	91891
183.8	n/a	0	1	91900
183.816	n/a	0	1	91908
183.832	n/a	0	1	91916
183.85	n/a	1	2	91925
183.866	n/a	1	2	91933
183.882	n/a	1	2	91941
183.9	n/a	1	2	91950
183.916	n/a	1	2	91958
183.932	n/a	1	2	91966
183.95	n/a	0	1	91975
183.966	n/a	0	1	91983
183.982	n/a	1	2	91991
184.0	n/a	1	2	92000
184.016	n/a	0	1	92008
184.032	n/a	0	1	92016
184.05	n/a	1	2	92025
184.066	n/a	1	2	92033
184.082	n/a	1	2	92041
184.1	n/a	1	2	92050
184.116	n/a	1	2	92058
184.132	n/a	1	2	92066
184.15	n/a	1	2	92075
184.166	n/a	1	2	92083
184.182	n/a	1	2	92091
184.2	n/a	1	2	92100
184.216	n/a	0	1	92108
184.232	n/a	0	1	92116
184.25	n/a	0	1	92125
184.266	n/a	0	1	92133
184.282	n/a	1	2	92141
184.3	n/a	1	2	92150
184.316	n/a	0	1	92158
184.332	n/a	0	1	92166
184.35	n/a	0	1	92175
184.366	n/a	0	1	92183
184.382	n/a	0	1	92191
184.4	n/a	0	1	92200
184.416	n/a	1	2	92208
184.432	n/a	1	2	92216
184.45	n/a	1	2	92225
189.066	n/a	1	2	94533
189.082	n/a	1	2	94541
189.1	n/a	1	2	94550
189.116	n/a	1	2	94558
189.132	n/a	0	1	94566
189.15	n/a	0	1	94575
189.166	n/a	0	1	94583
189.182	n/a	0	1	94591
189.2	n/a	0	1	94600
189.216	n/a	0	1	94608
189.232	n/a	0	1	94616
189.25	n/a	0	1	94625
189.266	n/a	1	2	94633
189.282	n/a	1	2	94641
189.3	n/a	0	1	94650
189.316	n/a	0	1	94658
189.332	n/a	0	1	94666
189.35	n/a	0	1	94675
189.366	n/a	1	2	94683
189.382	n/a	1	2	94691
189.4	n/a	1	2	94700
189.416	n/a	1	2	94708
189.432	n/a	0	1	94716
189.45	n/a	0	1	94725
189.466	n/a	0	1	94733
189.482	n/a	0	1	94741
189.5	n/a	0	1	94750
189.516	n/a	0	1	94758
189.532	n/a	0	1	94766
189.55	n/a	0	1	94775
189.566	n/a	0	1	94783
189.582	n/a	0	1	94791
189.6	n/a	0	1	94800
189.616	n/a	0	1	94808
189.632	n/a	1	2	94816
189.65	n/a	1	2	94825
189.666	n/a	0	1	94833
189.682	n/a	0	1	94841
189.7	n/a	1	2	94850
189.716	n/a	1	2	94858
189.732	n/a	1	2	94866
189.75	n/a	1	2	94875
189.766	n/a	0	1	94883
189.782	n/a	0	1	94891
189.8	n/a	1	2	94900
189.816	n/a	1	2	94908
189.832	n/a	0	1	94916
189.85	n/a	0	1	94925
189.866	n/a	1	2	94933
189.882	n/a	1	2	94941
189.9	n/a	0	1	94950
189.916	n/a	0	1	94958
189.932	n/a	1	2	94966
189.95	n/a	1	2	94975
189.966	n/a	0	1	94983
189.982	n/a	0	1	94991
190.0	n/a	0	1	95000
190.016	n/a	0	1	95008
190.032	n/a	0	1	95016
190.05	n/a	0	1	95025
190.066	n/a	1	2	95033
190.082	n/a	1	2	95041
190.1	n/a	1	2	95050
190.116	n/a	1	2	95058
190.132	n/a	1	2	95066
190.15	n/a	1	2	95075
190.166	n/a	0	1	95083
190.182	n/a	0	1	95091
190.2	n/a	1	2	95100
190.216	n/a	1	2	95108
190.232	n/a	1	2	95116
190.25	n/a	1	2	95125
190.266	n/a	1	2	95133
190.282	n/a	1	2	95141
190.3	n/a	0	1	95150
190.316	n/a	0	1	95158
190.332	n/a	1	2	95166
190.35	n/a	1	2	95175
190.366	n/a	0	1	95183
190.382	n/a	0	1	95191
190.4	n/a	1	2	95200
190.416	n/a	1	2	95208
190.432	n/a	1	2	95216
190.45	n/a	1	2	95225
190.466	n/a	0	1	95233
190.482	n/a	0	1	95241
190.5	n/a	0	1	95250
190.516	n/a	0	1	95258
190.532	n/a	0	1	95266
190.55	n/a	0	1	95275
190.566	n/a	1	2	95283
190.582	n/a	1	2	95291
190.6	n/a	1	2	95300
190.616	n/a	1	2	95308
190.632	n/a	0	1	95316
190.65	n/a	0	1	95325
190.666	n/a	1	2	95333
190.682	n/a	1	2	95341
190.7	n/a	1	2	95350
190.716	n/a	1	2	95358
190.732	n/a	1	2	95366
190.75	n/a	1	2	95375
190.766	n/a	0	1	95383
190.782	n/a	0	1	95391
190.8	n/a	0	1	95400
190.816	n/a	0	1	95408
190.832	n/a	0	1	95416
190.85	n/a	0	1	95425
190.866	n/a	0	1	95433
190.882	n/a	0	1	95441
190.9	n/a	0	1	95450
190.916	n/a	0	1	95458
190.932	n/a	1	2	95466
190.95	n/a	1	2	95475
190.966	n/a	1	2	95483
190.982	n/a	1	2	95491
191.0	n/a	1	2	95500
192.482	n/a	1	2	96241
192.5	n/a	1	2	96250
192.516	n/a	1	2	96258
192.532	n/a	1	2	96266
192.55	n/a	0	1	96275
192.566	n/a	0	1	96283
192.582	n/a	1	2	96291
192.6	n/a	1	2	96300
192.616	n/a	1	2	96308
192.632	n/a	1	2	96316
192.65	n/a	0	1	96325
192.666	n/a	0	1	96333
192.682	n/a	1	2	96341
192.7	n/a	1	2	96350
192.716	n/a	1	2	96358
192.732	n/a	1	2	96366
192.75	n/a	0	1	96375
192.766	n/a	0	1	96383
192.782	n/a	1	2	96391
192.8	n/a	1	2	96400
192.816	n/a	1	2	96408
192.832	n/a	1	2	96416
192.85	n/a	0	1	96425
192.866	n/a	0	1	96433
192.882	n/a	0	1	96441
192.9	n/a	0	1	96450
192.916	n/a	0	1	96458
192.932	n/a	0	1	96466
192.95	n/a	1	2	96475
192.966	n/a	1	2	96483
192.982	n/a	1	2	96491
193.0	n/a	1	2	96500
193.016	n/a	1	2	96508
193.032	n/a	1	2	96516
193.05	n/a	0	1	96525
193.066	n/a	0	1	96533
193.082	n/a	0	1	96541
193.1	n/a	0	1	96550
193.116	n/a	0	1	96558
193.132	n/a	0	1	96566
193.15	n/a	1	2	96575
193.166	n/a	1	2	96583
193.182	n/a	1	2	96591
193.2	n/a	1	2	96600
193.216	n/a	1	2	96608
193.232	n/a	1	2	96616
193.25	n/a	1	2	96625
193.266	n/a	1	2	96633
193.282	n/a	1	2	96641
193.3	n/a	1	2	96650
193.316	n/a	0	1	96658
193.332	n/a	0	1	96666
193.35	n/a	0	1	96675
193.366	n/a	0	1	96683
193.382	n/a	1	2	96691
193.4	n/a	1	2	96700
193.416	n/a	0	1	96708
193.432	n/a	0	1	96716
193.45	n/a	1	2	96725
193.466	n/a	1	2	96733
193.482	n/a	0	1	96741
193.5	n/a	0	1	96750
193.516	n/a	0	1	96758
193.532	n/a	0	1	96766
193.55	n/a	1	2	96775
193.566	n/a	1	2	96783
193.582	n/a	1	2	96791
193.6	n/a	1	2	96800
193.616	n/a	0	1	96808
193.632	n/a	0	1	96816
193.65	n/a	0	1	96825
193.666	n/a	0	1	96833
193.682	n/a	0	1	96841
193.7	n/a	0	1	96850
193.716	n/a	0	1	96858
193.732	n/a	0	1	96866
193.75	n/a	1	2	96875
193.766	n/a	1	2	96883
193.782	n/a	0	1	96891
193.8	n/a	0	1	96900
193.816	n/a	0	1	96908
193.832	n/a	0	1	96916
193.85	n/a	0	1	96925
193.866	n/a	0	1	96933
193.882	n/a	0	1	96941
193.9	n/a	0	1	96950
193.916	n/a	1	2	96958
193.932	n/a	1	2	96966
193.95	n/a	1	2	96975
193.966	n/a	1	2	96983
193.982	n/a	1	2	96991
194.0	n/a	1	2	97000
194.016	n/a	1	2	97008
194.032	n/a	1	2	97016
194.05	n/a	1	2	97025
194.066	n/a	1	2	97033
194.082	n/a	1	2	97041
194.1	n/a	1	2	97050
194.116	n/a	0	1	97058
194.132	n/a	0	1	97066
194.15	n/a	1	2	97075
194.166	n/a	1	2	97083
194.182	n/a	0	1	97091
194.2	n/a	0	1	97100
194.216	n/a	1	2	97108
194.232	n/a	1	2	97116
194.25	n/a	0	1	97125
194.266	n/a	0	1	97133
194.282	n/a	0	1	97141
194.3	n/a	0	1	97150
194.316	n/a	1	2	97158
194.332	n/a	1	2	97166
194.35	n/a	1	2	97175
194.366	n/a	1	2	97183
194.382	n/a	0	1	97191
194.4	n/a	0	1	97200
194.416	n/a	0	1	97208
195.9	n/a	1	2	97950
195.916	n/a	1	2	97958
195.932	n/a	1	2	97966
195.95	n/a	1	2	97975
195.966	n/a	1	2	97983
195.982	n/a	1	2	97991
196.0	n/a	1	2	98000
196.016	n/a	1	2	98008
196.032	n/a	1	2	98016
196.05	n/a	1	2	98025
196.066	n/a	1	2	98033
196.082	n/a	1	2	98041
196.1	n/a	1	2	98050
196.116	n/a	1	2	98058
196.132	n/a	0	1	98066
196.15	n/a	0	1	98075
196.166	n/a	0	1	98083
196.182	n/a	0	1	98091
196.2	n/a	1	2	98100
196.216	n/a	1	2	98108
196.232	n/a	1	2	98116
196.25	n/a	1	2	98125
196.266	n/a	0	1	98133
196.282	n/a	0	1	98141
196.3	n/a	0	1	98150
196.316	n/a	0	1	98158
196.332	n/a	1	2	98166
196.35	n/a	1	2	98175
196.366	n/a	1	2	98183
196.382	n/a	1	2	98191
196.4	n/a	0	1	98200
196.416	n/a	0	1	98208
196.432	n/a	0	1	98216
196.45	n/a	0	1	98225
196.466	n/a	1	2	98233
196.482	n/a	1	2	98241
196.5	n/a	0	1	98250
196.516	n/a	0	1	98258
196.532	n/a	1	2	98266
196.55	n/a	1	2	98275
196.566	n/a	1	2	98283
196.582	n/a	1	2	98291
196.6	n/a	0	1	98300
196.616	n/a	0	1	98308
196.632	n/a	1	2	98316
196.65	n/a	1	2	98325
196.666	n/a	0	1	98333
196.682	n/a	0	1	98341
196.7	n/a	0	1	98350
196.716	n/a	0	1	98358
196.732	n/a	1	2	98366
196.75	n/a	1	2	98375
196.766	n/a	0	1	98383
196.782	n/a	0	1	98391
196.8	n/a	1	2	98400
196.816	n/a	1	2	98408
196.832	n/a	1	2	98416
196.85	n/a	1	2	98425
196.866	n/a	1	2	98433
196.882	n/a	1	2	98441
196.9	n/a	0	1	98450
196.916	n/a	0	1	98458
196.932	n/a	0	1	98466
196.95	n/a	0	1	98475
196.966	n/a	0	1	98483
196.982	n/a	0	1	98491
197.0	n/a	1	2	98500
197.016	n/a	1	2	98508
197.032	n/a	0	1	98516
197.05	n/a	0	1	98525
197.066	n/a	1	2	98533
197.082	n/a	1	2	98541
197.1	n/a	1	2	98550
197.116	n/a	1	2	98558
197.132	n/a	1	2	98566
197.15	n/a	1	2	98575
197.166	n/a	0	1	98583
197.182	n/a	0	1	98591
197.2	n/a	0	1	98600
197.216	n/a	0	1	98608
197.232	n/a	1	2	98616
197.25	n/a	1	2	98625
197.266	n/a	0	1	98633
197.282	n/a	0	1	98641
197.3	n/a	1	2	98650
197.316	n/a	1	2	98658
197.332	n/a	0	1	98666
197.35	n/a	0	1	98675
197.366	n/a	0	1	98683
197.382	n/a	0	1	98691
197.4	n/a	0	1	98700
197.416	n/a	0	1	98708
197.432	n/a	1	2	98716
197.45	n/a	1	2	98725
197.466	n/a	1	2	98733
197.482	n/a	1	2	98741
197.5	n/a	0	1	98750
197.516	n/a	0	1	98758
197.532	n/a	1	2	98766
197.55	n/a	1	2	98775
197.566	n/a	0	1	98783
197.582	n/a	0	1	98791
197.6	n/a	0	1	98800
197.616	n/a	0	1	98808
197.632	n/a	0	1	98816
197.65	n/a	0	1	98825
197.666	n/a	1	2	98833
197.682	n/a	1	2	98841
197.7	n/a	0	1	98850
197.716	n/a	0	1	98858
197.732	n/a	1	2	98866
197.75	n/a	1	2	98875
197.766	n/a	0	1	98883
197.782	n/a	0	1	98891
197.8	n/a	0	1	98900
197.816	n/a	0	1	98908
197.832	n/a	1	2	98916
199.316	n/a	0	1	99658
199.332	n/a	0	1	99666
199.35	n/a	0	1	99675
199.366	n/a	0	1	99683
199.382	n/a	1	2	99691
199.4	n/a	1	2	99700
199.416	n/a	1	2	99708
199.432	n/a	1	2	99716
199.45	n/a	0	1	99725
199.466	n/a	0	1	99733
199.482	n/a	0	1	99741
199.5	n/a	0	1	99750
199.516	n/a	0	1	99758
199.532	n/a	0	1	99766
199.55	n/a	0	1	99775
199.566	n/a	0	1	99783
199.582	n/a	1	2	99791
199.6	n/a	1	2	99800
199.616	n/a	1	2	99808
199.632	n/a	1	2	99816
199.65	n/a	1	2	99825
199.666	n/a	1	2	99833
199.682	n/a	1	2	99841
199.7	n/a	1	2	99850
199.716	n/a	1	2	99858
199.732	n/a	1	2	99866
199.75	n/a	0	1	99875
199.766	n/a	0	1	99883
199.782	n/a	0	1	99891
199.8	n/a	0	1	99900
199.816	n/a	0	1	99908
199.832	n/a	0	1	99916
199.85	n/a	0	1	99925
199.866	n/a	0	1	99933
199.882	n/a	0	1	99941
199.9	n/a	0	1	99950
199.916	n/a	0	1	99958
199.932	n/a	0	1	99966
199.95	n/a	1	2	99975
199.966	n/a	1	2	99983
199.982	n/a	1	2	99991
200.0	n/a	1	2	100000
200.016	n/a	0	1	100008
200.032	n/a	0	1	100016
200.05	n/a	0	1	100025
200.066	n/a	0	1	100033
200.082	n/a	1	2	100041
200.1	n/a	1	2	100050
200.116	n/a	0	1	100058
200.132	n/a	0	1	100066
200.15	n/a	1	2	100075
200.166	n/a	1	2	100083
200.182	n/a	0	1	100091
200.2	n/a	0	1	100100
200.216	n/a	1	2	100108
200.232	n/a	1	2	100116
200.25	n/a	0	1	100125
200.266	n/a	0	1	100133
200.282	n/a	1	2	100141
200.3	n/a	1	2	100150
200.316	n/a	1	2	100158
200.332	n/a	1	2	100166
200.35	n/a	0	1	100175
200.366	n/a	0	1	100183
200.382	n/a	1	2	100191
200.4	n/a	1	2	100200
200.416	n/a	0	1	100208
200.432	n/a	0	1	100216
200.45	n/a	0	1	100225
200.466	n/a	0	1	100233
200.482	n/a	0	1	100241
200.5	n/a	0	1	100250
200.516	n/a	1	2	100258
200.532	n/a	1	2	100266
200.55	n/a	0	1	100275
200.566	n/a	0	1	100283
200.582	n/a	0	1	100291
200.6	n/a	0	1	100300
200.616	n/a	0	1	100308
200.632	n/a	0	1	100316
200.65	n/a	1	2	100325
200.666	n/a	1	2	100333
200.682	n/a	1	2	100341
200.7	n/a	1	2	100350
200.716	n/a	1	2	100358
200.732	n/a	1	2	100366
200.75	n/a	0	1	100375
200.766	n/a	0	1	100383
200.782	n/a	1	2	100391
200.8	n/a	1	2	100400
200.816	n/a	0	1	100408
200.832	n/a	0	1	100416
200.85	n/a	1	2	100425
200.866	n/a	1	2	100433
200.882	n/a	1	2	100441
200.9	n/a	1	2	100450
200.916	n/a	1	2	100458
200.932	n/a	1	2	100466
200.95	n/a	1	2	100475
200.966	n/a	1	2	100483
200.982	n/a	1	2	100491
201.0	n/a	1	2	100500
201.016	n/a	0	1	100508
201.032	n/a	0	1	100516
201.05	n/a	0	1	100525
201.066	n/a	0	1	100533
201.082	n/a	1	2	100541
201.1	n/a	1	2	100550
201.116	n/a	0	1	100558
201.132	n/a	0	1	100566
201.15	n/a	0	1	100575
201.166	n/a	0	1	100583
201.182	n/a	0	1	100591
201.2	n/a	0	1	100600
201.216	n/a	1	2	100608
201.232	n/a	1	2	100616
201.25	n/a	1	2	100625
203.582	n/a	1	2	101791
203.6	n/a	1	2	101800
203.616	n/a	1	2	101808
203.632	n/a	1	2	101816
203.65	n/a	0	1	101825
203.666	n/a	0	1	101833
203.682	n/a	1	2	101841
203.7	n/a	1	2	101850
203.716	n/a	1	2	101858
203.732	n/a	1	2	101866
203.75	n/a	0	1	101875
203.766	n/a	0	1	101883
203.782	n/a	1	2	101891
203.8	n/a	1	2	101900
203.816	n/a	1	2	101908
203.832	n/a	1	2	101916
203.85	n/a	0	1	101925
203.866	n/a	0	1	101933
203.882	n/a	1	2	101941
203.9	n/a	1	2	101950
203.916	n/a	1	2	101958
203.932	n/a	1	2	101966
203.95	n/a	0	1	101975
203.966	n/a	0	1	101983
203.982	n/a	0	1	101991
204.0	n/a	0	1	102000
204.016	n/a	0	1	102008
204.032	n/a	0	1	102016
204.05	n/a	1	2	102025
204.066	n/a	1	2	102033
204.082	n/a	1	2	102041
204.1	n/a	1	2	102050
204.116	n/a	1	2	102058
204.132	n/a	1	2	102066
204.15	n/a	0	1	102075
204.166	n/a	0	1	102083
204.182	n/a	0	1	102091
204.2	n/a	0	1	102100
204.216	n/a	0	1	102108
204.232	n/a	0	1	102116
204.25	n/a	1	2	102125
204.266	n/a	1	2	102133
204.282	n/a	1	2	102141
204.3	n/a	1	2	102150
204.316	n/a	1	2	102158
204.332	n/a	1	2	102166
204.35	n/a	1	2	102175
204.366	n/a	1	2	102183
204.382	n/a	1	2	102191
204.4	n/a	1	2	102200
204.416	n/a	0	1	102208
204.432	n/a	0	1	102216
204.45	n/a	0	1	102225
204.466	n/a	0	1	102233
204.482	n/a	1	2	102241
204.5	n/a	1	2	102250
204.516	n/a	0	1	102258
204.532	n/a	0	1	102266
204.55	n/a	1	2	102275
204.566	n/a	1	2	102283
204.582	n/a	0	1	102291
204.6	n/a	0	1	102300
204.616	n/a	0	1	102308
204.632	n/a	0	1	102316
204.65	n/a	1	2	102325
204.666	n/a	1	2	102333
204.682	n/a	1	2	102341
204.7	n/a	1	2	102350
204.716	n/a	0	1	102358
204.732	n/a	0	1	102366
204.75	n/a	0	1	102375
204.766	n/a	0	1	102383
204.782	n/a	0	1	102391
204.8	n/a	0	1	102400
204.816	n/a	0	1	102408
204.832	n/a	0	1	102416
204.85	n/a	1	2	102425
204.866	n/a	1	2	102433
204.882	n/a	0	1	102441
204.9	n/a	0	1	102450
204.916	n/a	0	1	102458
204.932	n/a	0	1	102466
204.95	n/a	0	1	102475
204.966	n/a	0	1	102483
204.982	n/a	0	1	102491
205.0	n/a	0	1	102500
205.016	n/a	1	2	102508
205.032	n/a	1	2	102516
205.05	n/a	1	2	102525
205.066	n/a	1	2	102533
205.082	n/a	1	2	102541
205.1	n/a	1	2	102550
205.116	n/a	1	2	102558
205.132	n/a	1	2	102566
205.15	n/a	1	2	102575
205.166	n/a	1	2	102583
205.182	n/a	1	2	102591
205.2	n/a	1	2	102600
205.216	n/a	0	1	102608
205.232	n/a	0	1	102616
205.25	n/a	1	2	102625
205.266	n/a	1	2	102633
205.282	n/a	0	1	102641
205.3	n/a	0	1	102650
205.316	n/a	1	2	102658
205.332	n/a	1	2	102666
205.35	n/a	0	1	102675
205.366	n/a	0	1	102683
205.382	n/a	0	1	102691
205.4	n/a	0	1	102700
205.416	n/a	1	2	102708
205.432	n/a	1	2	102716
205.45	n/a	1	2	102725
205.466	n/a	1	2	102733
205.482	n/a	0	1	102741
205.5	n/a	0	1	102750
205.516	n/a	0	1	102758
207.0	n/a	1	2	103500
207.016	n/a	1	2	103508
207.032	n/a	1	2	103516
207.05	n/a	1	2	103525
207.066	n/a	1	2	103533
207.082	n/a	1	2	103541
207.1	n/a	1	2	103550
207.116	n/a	1	2	103558
207.132	n/a	1	2	103566
207.15	n/a	1	2	103575
207.166	n/a	1	2	103583
207.182	n/a	1	2	103591
207.2	n/a	1	2	103600
207.216	n/a	1	2	103608
207.232	n/a	0	1	103616
207.25	n/a	0	1	103625
207.266	n/a	0	1	103633
207.282	n/a	0	1	103641
207.3	n/a	1	2	103650
207.316	n/a	1	2	103658
207.332	n/a	1	2	103666
207.35	n/a	1	2	103675
207.366	n/a	0	1	103683
207.382	n/a	0	1	103691
207.4	n/a	0	1	103700
207.416	n/a	0	1	103708
207.432	n/a	1	2	103716
207.45	n/a	1	2	103725
207.466	n/a	1	2	103733
207.482	n/a	1	2	103741
207.5	n/a	0	1	103750
207.516	n/a	0	1	103758
207.532	n/a	0	1	103766
207.55	n/a	0	1	103775
207.566	n/a	1	2	103783
207.582	n/a	1	2	103791
207.6	n/a	0	1	103800
207.616	n/a	0	1	103808
207.632	n/a	1	2	103816
207.65	n/a	1	2	103825
207.666	n/a	1	2	103833
207.682	n/a	1	2	103841
207.7	n/a	0	1	103850
207.716	n/a	0	1	103858
207.732	n/a	1	2	103866
207.75	n/a	1	2	103875
207.766	n/a	0	1	103883
207.782	n/a	0	1	103891
207.8	n/a	0	1	103900
207.816	n/a	0	1	103908
207.832	n/a	1	2	103916
207.85	n/a	1	2	103925
207.866	n/a	0	1	103933
207.882	n/a	0	1	103941
207.9	n/a	1	2	103950
207.916	n/a	1	2	103958
207.932	n/a	1	2	103966
207.95	n/a	1	2	103975
207.966	n/a	1	2	103983
207.982	n/a	1	2	103991
208.0	n/a	0	1	104000
208.016	n/a	0	1	104008
208.032	n/a	0	1	104016
208.05	n/a	0	1	104025
208.066	n/a	0	1	104033
208.082	n/a	0	1	104041
208.1	n/a	1	2	104050
208.116	n/a	1	2	104058
208.132	n/a	0	1	104066
208.15	n/a	0	1	104075
208.166	n/a	1	2	104083
208.182	n/a	1	2	104091
208.2	n/a	1	2	104100
208.216	n/a	1	2	104108
208.232	n/a	1	2	104116
208.25	n/a	1	2	104125
208.266	n/a	0	1	104133
208.282	n/a	0	1	104141
208.3	n/a	0	1	104150
208.316	n/a	0	1	104158
208.332	n/a	1	2	104166
208.35	n/a	1	2	104175
208.366	n/a	0	1	104183
208.382	n/a	0	1	104191
208.4	n/a	1	2	104200
208.416	n/a	1	2	104208
208.432	n/a	0	1	104216
208.45	n/a	0	1	104225
208.466	n/a	0	1	104233
208.482	n/a	0	1	104241
208.5	n/a	0	1	104250
208.516	n/a	0	1	104258
208.532	n/a	1	2	104266
208.55	n/a	1	2	104275
208.566	n/a	1	2	104283
208.582	n/a	1	2	104291
208.6	n/a	0	1	104300
208.616	n/a	0	1	104308
208.632	n/a	1	2	104316
208.65	n/a	1	2	104325
208.666	n/a	0	1	104333
208.682	n/a	0	1	104341
208.7	n/a	0	1	104350
208.716	n/a	0	1	104358
208.732	n/a	0	1	104366
208.75	n/a	0	1	104375
208.766	n/a	1	2	104383
208.782	n/a	1	2	104391
208.8	n/a	0	1	104400
208.816	n/a	0	1	104408
208.832	n/a	1	2	104416
208.85	n/a	1	2	104425
208.866	n/a	0	1	104433
208.882	n/a	0	1	104441
208.9	n/a	0	1	104450
208.916	n/a	0	1	104458
208.932	n/a	1	2	104466
210.416	n/a	0	1	105208
210.432	n/a	0	1	105216
210.45	n/a	0	1	105225
210.466	n/a	0	1	105233
210.482	n/a	1	2	105241
210.5	n/a	1	2	105250
210.516	n/a	1	2	105258
210.532	n/a	1	2	105266
210.55	n/a	0	1	105275
210.566	n/a	0	1	105283
210.582	n/a	0	1	105291
210.6	n/a	0	1	105300
210.616	n/a	0	1	105308
210.632	n/a	0	1	105316
210.65	n/a	0	1	105325
210.666	n/a	0	1	105333
210.682	n/a	1	2	105341
210.7	n/a	1	2	105350
210.716	n/a	1	2	105358
210.732	n/a	1	2	105366
210.75	n/a	1	2	105375
210.766	n/a	1	2	105383
210.782	n/a	1	2	105391
210.8	n/a	1	2	105400
210.816	n/a	1	2	105408
210.832	n/a	1	2	105416
210.85	n/a	0	1	105425
210.866	n/a	0	1	105433
210.882	n/a	0	1	105441
210.9	n/a	0	1	105450
210.916	n/a	0	1	105458
210.932	n/a	0	1	105466
210.95	n/a	0	1	105475
210.966	n/a	0	1	105483
210.982	n/a	0	1	105491
211.0	n/a	0	1	105500
211.016	n/a	0	1	105508
211.032	n/a	0	1	105516
211.05	n/a	1	2	105525
211.066	n/a	1	2	105533
211.082	n/a	1	2	105541
211.1	n/a	1	2	105550
211.116	n/a	0	1	105558
211.132	n/a	0	1	105566
211.15	n/a	0	1	105575
211.166	n/a	0	1	105583
211.182	n/a	1	2	105591
211.2	n/a	1	2	105600
211.216	n/a	0	1	105608
211.232	n/a	0	1	105616
211.25	n/a	1	2	105625
211.266	n/a	1	2	105633
211.282	n/a	0	1	105641
211.3	n/a	0	1	105650
211.316	n/a	1	2	105658
211.332	n/a	1	2	105666
211.35	n/a	0	1	105675
211.366	n/a	0	1	105683
211.382	n/a	1	2	105691
211.4	n/a	1	2	105700
211.416	n/a	1	2	105708
211.432	n/a	1	2	105716
211.45	n/a	0	1	105725
211.466	n/a	0	1	105733
211.482	n/a	1	2	105741
211.5	n/a	1	2	105750
211.516	n/a	0	1	105758
211.532	n/a	0	1	105766
211.55	n/a	0	1	105775
211.566	n/a	0	1	105783
211.582	n/a	0	1	105791
211.6	n/a	0	1	105800
211.616	n/a	1	2	105808
211.632	n/a	1	2	105816
211.65	n/a	0	1	105825
211.666	n/a	0	1	105833
211.682	n/a	0	1	105841
211.7	n/a	0	1	105850
211.716	n/a	0	1	105858
211.732	n/a	0	1	105866
211.75	n/a	1	2	105875
211.766	n/a	1	2	105883
211.782	n/a	1	2	105891
211.8	n/a	1	2	105900
211.816	n/a	1	2	105908
211.832	n/a	1	2	105916
211.85	n/a	0	1	105925
211.866	n/a	0	1	105933
211.882	n/a	1	2	105941
211.9	n/a	1	2	105950
211.916	n/a	0	1	105958
211.932	n/a	0	1	105966
211.95	n/a	1	2	105975
211.966	n/a	1	2	105983
211.982	n/a	1	2	105991
212.0	n/a	1	2	106000
212.016	n/a	1	2	106008
212.032	n/a	1	2	106016
212.05	n/a	1	2	106025
212.066	n/a	1	2	106033
212.082	n/a	1	2	106041
212.1	n/a	1	2	106050
212.116	n/a	0	1	106058
212.132	n/a	0	1	106066
212.15	n/a	0	1	106075
212.166	n/a	0	1	106083
212.182	n/a	1	2	106091
212.2	n/a	1	2	106100
212.216	n/a	0	1	106108
212.232	n/a	0	1	106116
212.25	n/a	0	1	106125
212.266	n/a	0	1	106133
212.282	n/a	0	1	106141
212.3	n/a	0	1	106150
212.316	n/a	1	2	106158
212.332	n/a	1	2	106166
212.35	n/a	1	2	106175
213.832	n/a	1	2	106916
213.85	n/a	1	2	106925
213.866	n/a	1	2	106933
213.882	n/a	1	2	106941
213.9	n/a	0	1	106950
213.916	n/a	0	1	106958
213.932	n/a	0	1	106966
213.95	n/a	0	1	106975
213.966	n/a	0	1	106983
213.982	n/a	0	1	106991
214.0	n/a	0	1	107000
214.016	n/a	0	1	107008
214.032	n/a	1	2	107016
214.05	n/a	1	2	107025
214.066	n/a	0	1	107033
214.082	n/a	0	1	107041
214.1	n/a	0	1	107050
214.116	n/a	0	1	107058
214.132	n/a	1	2	107066
214.15	n/a	1	2	107075
214.166	n/a	1	2	107083
214.182	n/a	1	2	107091
214.2	n/a	0	1	107100
214.216	n/a	0	1	107108
214.232	n/a	0	1	107116
214.25	n/a	0	1	107125
214.266	n/a	0	1	107133
214.282	n/a	0	1	107141
214.3	n/a	0	1	107150
214.316	n/a	0	1	107158
214.332	n/a	0	1	107166
214.35	n/a	0	1	107175
214.366	n/a	0	1	107183
214.382	n/a	0	1	107191
214.4	n/a	1	2	107200
214.416	n/a	1	2	107208
214.432	n/a	0	1	107216
214.45	n/a	0	1	107225
214.466	n/a	1	2	107233
214.482	n/a	1	2	107241
214.5	n/a	1	2	107250
214.516	n/a	1	2	107258
214.532	n/a	0	1	107266
214.55	n/a	0	1	107275
214.566	n/a	1	2	107283
214.582	n/a	1	2	107291
214.6	n/a	0	1	107300
214.616	n/a	0	1	107308
214.632	n/a	1	2	107316
214.65	n/a	1	2	107325
214.666	n/a	0	1	107333
214.682	n/a	0	1	107341
214.7	n/a	1	2	107350
214.716	n/a	1	2	107358
214.732	n/a	0	1	107366
214.75	n/a	0	1	107375
214.766	n/a	0	1	107383
214.782	n/a	0	1	107391
214.8	n/a	0	1	107400
214.816	n/a	0	1	107408
214.832	n/a	1	2	107416
214.85	n/a	1	2	107425
214.866	n/a	1	2	107433
214.882	n/a	1	2	107441
214.9	n/a	1	2	107450
214.916	n/a	1	2	107458
214.932	n/a	0	1	107466
214.95	n/a	0	1	107475
214.966	n/a	1	2	107483
214.982	n/a	1	2	107491
215.0	n/a	1	2	107500
215.016	n/a	1	2	107508
215.032	n/a	1	2	107516
215.05	n/a	1	2	107525
215.066	n/a	0	1	107533
215.082	n/a	0	1	107541
215.1	n/a	1	2	107550
215.116	n/a	1	2	107558
215.132	n/a	0	1	107566
215.15	n/a	0	1	107575
215.166	n/a	1	2	107583
215.182	n/a	1	2	107591
215.2	n/a	1	2	107600
215.216	n/a	1	2	107608
215.232	n/a	0	1	107616
215.25	n/a	0	1	107625
215.266	n/a	0	1	107633
215.282	n/a	0	1	107641
215.3	n/a	0	1	107650
215.316	n/a	0	1	107658
215.332	n/a	1	2	107666
215.35	n/a	1	2	107675
215.366	n/a	1	2	107683
215.382	n/a	1	2	107691
215.4	n/a	0	1	107700
215.416	n/a	0	1	107708
215.432	n/a	1	2	107716
215.45	n/a	1	2	107725
215.466	n/a	1	2	107733
215.482	n/a	1	2	107741
215.5	n/a	1	2	107750
215.516	n/a	1	2	107758
215.532	n/a	0	1	107766
215.55	n/a	0	1	107775
215.566	n/a	0	1	107783
215.582	n/a	0	1	107791
215.6	n/a	0	1	107800
215.616	n/a	0	1	107808
215.632	n/a	0	1	107816
215.65	n/a	0	1	107825
215.666	n/a	0	1	107833
215.682	n/a	0	1	107841
215.7	n/a	1	2	107850
215.716	n/a	1	2	107858
215.732	n/a	1	2	107866
215.75	n/a	1	2	107875
215.766	n/a	1	2	107883
218.316	n/a	1	2	109158
218.332	n/a	1	2	109166
218.35	n/a	1	2	109175
218.366	n/a	1	2	109183
218.382	n/a	1	2	109191
218.4	n/a	1	2	109200
218.416	n/a	1	2	109208
218.432	n/a	1	2	109216
218.45	n/a	1	2	109225
218.466	n/a	1	2	109233
218.482	n/a	1	2	109241
218.5	n/a	1	2	109250
218.516	n/a	1	2	109258
218.532	n/a	1	2	109266
218.55	n/a	0	1	109275
218.566	n/a	0	1	109283
218.582	n/a	0	1	109291
218.6	n/a	0	1	109300
218.616	n/a	1	2	109308
218.632	n/a	1	2	109316
218.65	n/a	1	2	109325
218.666	n/a	1	2	109333
218.682	n/a	0	1	109341
218.7	n/a	0	1	109350
218.716	n/a	0	1	109358
218.732	n/a	0	1	109366
218.75	n/a	1	2	109375
218.766	n/a	1	2	109383
218.782	n/a	1	2	109391
218.8	n/a	1	2	109400
218.816	n/a	0	1	109408
218.832	n/a	0	1	109416
218.85	n/a	0	1	109425
218.866	n/a	0	1	109433
218.882	n/a	1	2	109441
218.9	n/a	1	2	109450
218.916	n/a	0	1	109458
218.932	n/a	0	1	109466
218.95	n/a	1	2	109475
218.966	n/a	1	2	109483
218.982	n/a	1	2	109491
219.0	n/a	1	2	109500
219.016	n/a	0	1	109508
219.032	n/a	0	1	109516
219.05	n/a	1	2	109525
219.066	n/a	1	2	109533
219.082	n/a	0	1	109541
219.1	n/a	0	1	109550
219.116	n/a	0	1	109558
219.132	n/a	0	1	109566
219.15	n/a	1	2	109575
219.166	n/a	1	2	109583
219.182	n/a	0	1	109591
219.2	n/a	0	1	109600
219.216	n/a	1	2	109608
219.232	n/a	1	2	109616
219.25	n/a	1	2	109625
219.266	n/a	1	2	109633
219.282	n/a	1	2	109641
219.3	n/a	1	2	109650
219.316	n/a	0	1	109658
219.332	n/a	0	1	109666
219.35	n/a	0	1	109675
219.366	n/a	0	1	109683
219.382	n/a	0	1	109691
219.4	n/a	0	1	109700
219.416	n/a	1	2	109708
219.432	n/a	1	2	109716
219.45	n/a	0	1	109725
219.466	n/a	0	1	109733
219.482	n/a	1	2	109741
219.5	n/a	1	2	109750
219.516	n/a	1	2	109758
219.532	n/a	1	2	109766
219.55	n/a	1	2	109775
219.566	n/a	1	2	109783
219.582	n/a	0	1	109791
219.6	n/a	0	1	109800
219.616	n/a	0	1	109808
219.632	n/a	0	1	109816
219.65	n/a	1	2	109825
219.666	n/a	1	2	109833
219.682	n/a	0	1	109841
219.7	n/a	0	1	109850
219.716	n/a	1	2	109858
219.732	n/a	1	2	109866
219.75	n/a	0	1	109875
219.766	n/a	0	1	109883
219.782	n/a	0	1	109891
219.8	n/a	0	1	109900
219.816	n/a	0	1	109908
219.832	n/a	0	1	109916
219.85	n/a	1	2	109925
219.866	n/a	1	2	109933
219.882	n/a	1	2	109941
219.9	n/a	1	2	109950
219.916	n/a	0	1	109958
219.932	n/a	0	1	109966
219.95	n/a	1	2	109975
219.966	n/a	1	2	109983
219.982	n/a	0	1	109991
220.0	n/a	0	1	110000
220.016	n/a	0	1	110008
220.032	n/a	0	1	110016
220.05	n/a	0	1	110025
220.066	n/a	0	1	110033
220.082	n/a	1	2	110041
220.1	n/a	1	2	110050
220.116	n/a	0	1	110058
220.132	n/a	0	1	110066
220.15	n/a	1	2	110075
220.166	n/a	1	2	110083
220.182	n/a	0	1	110091
220.2	n/a	0	1	110100
220.216	n/a	0	1	110108
220.232	n/a	0	1	110116
220.25	n/a	1	2	110125
221.732	n/a	0	1	110866
221.75	n/a	0	1	110875
221.766	n/a	0	1	110883
221.782	n/a	0	1	110891
221.8	n/a	1	2	110900
221.816	n/a	1	2	110908
221.832	n/a	1	2	110916
221.85	n/a	1	2	110925
221.866	n/a	0	1	110933
221.882	n/a	0	1	110941
221.9	n/a	0	1	110950
221.916	n/a	0	1	110958
221.932	n/a	0	1	110966
221.95	n/a	0	1	110975
221.966	n/a	0	1	110983
221.982	n/a	0	1	110991
222.0	n/a	1	2	111000
222.016	n/a	1	2	111008
222.032	n/a	1	2	111016
222.05	n/a	1	2	111025
222.066	n/a	1	2	111033
222.082	n/a	1	2	111041
222.1	n/a	1	2	111050
222.116	n/a	1	2	111058
222.132	n/a	1	2	111066
222.15	n/a	1	2	111075
222.166	n/a	0	1	111083
222.182	n/a	0	1	111091
222.2	n/a	0	1	111100
222.216	n/a	0	1	111108
222.232	n/a	0	1	111116
222.25	n/a	0	1	111125
222.266	n/a	0	1	111133
222.282	n/a	0	1	111141
222.3	n/a	0	1	111150
222.316	n/a	0	1	111158
222.332	n/a	0	1	111166
222.35	n/a	0	1	111175
222.366	n/a	1	2	111183
222.382	n/a	1	2	111191
222.4	n/a	1	2	111200
222.416	n/a	1	2	111208
222.432	n/a	0	1	111216
222.45	n/a	0	1	111225
222.466	n/a	0	1	111233
222.482	n/a	0	1	111241
222.5	n/a	1	2	111250
222.516	n/a	1	2	111258
222.532	n/a	0	1	111266
222.55	n/a	0	1	111275
222.566	n/a	1	2	111283
222.582	n/a	1	2	111291
222.6	n/a	0	1	111300
222.616	n/a	0	1	111308
222.632	n/a	1	2	111316
222.65	n/a	1	2	111325
222.666	n/a	0	1	111333
222.682	n/a	0	1	111341
222.7	n/a	1	2	111350
222.716	n/a	1	2	111358
222.732	n/a	1	2	111366
222.75	n/a	1	2	111375
222.766	n/a	0	1	111383
222.782	n/a	0	1	111391
222.8	n/a	1	2	111400
222.816	n/a	1	2	111408
222.832	n/a	0	1	111416
222.85	n/a	0	1	111425
222.866	n/a	0	1	111433
222.882	n/a	0	1	111441
222.9	n/a	0	1	111450
222.916	n/a	0	1	111458
222.932	n/a	1	2	111466
222.95	n/a	1	2	111475
222.966	n/a	0	1	111483
222.982	n/a	0	1	111491
223.0	n/a	0	1	111500
223.016	n/a	0	1	111508
223.032	n/a	0	1	111516
223.05	n/a	0	1	111525
223.066	n/a	1	2	111533
223.082	n/a	1	2	111541
223.1	n/a	1	2	111550
223.116	n/a	1	2	111558
223.132	n/a	1	2	111566
223.15	n/a	1	2	111575
223.166	n/a	0	1	111583
223.182	n/a	0	1	111591
223.2	n/a	1	2	111600
223.216	n/a	1	2	111608
223.232	n/a	0	1	111616
223.25	n/a	0	1	111625
223.266	n/a	1	2	111633
223.282	n/a	1	2	111641
223.3	n/a	1	2	111650
223.316	n/a	1	2	111658
223.332	n/a	1	2	111666
223.35	n/a	1	2	111675
223.366	n/a	1	2	111683
223.382	n/a	1	2	111691
223.4	n/a	1	2	111700
223.416	n/a	1	2	111708
223.432	n/a	0	1	111716
223.45	n/a	0	1	111725
223.466	n/a	0	1	111733
223.482	n/a	0	1	111741
223.5	n/a	1	2	111750
223.516	n/a	1	2	111758
223.532	n/a	0	1	111766
223.55	n/a	0	1	111775
223.566	n/a	0	1	111783
223.582	n/a	0	1	111791
223.6	n/a	0	1	111800
223.616	n/a	0	1	111808
223.632	n/a	1	2	111816
223.65	n/a	1	2	111825
223.666	n/a	1	2	111833
225.15	n/a	1	2	112575
225.166	n/a	1	2	112583
225.182	n/a	1	2	112591
225.2	n/a	1	2	112600
225.216	n/a	0	1	112608
225.232	n/a	0	1	112616
225.25	n/a	1	2	112625
225.266	n/a	1	2	112633
225.282	n/a	1	2	112641
225.3	n/a	1	2	112650
225.316	n/a	0	1	112658
225.332	n/a	0	1	112666
225.35	n/a	1	2	112675
225.366	n/a	1	2	112683
225.382	n/a	1	2	112691
225.4	n/a	1	2	112700
225.416	n/a	0	1	112708
225.432	n/a	0	1	112716
225.45	n/a	1	2	112725
225.466	n/a	1	2	112733
225.482	n/a	1	2	112741
225.5	n/a	1	2	112750
225.516	n/a	0	1	112758
225.532	n/a	0	1	112766
225.55	n/a	0	1	112775
225.566	n/a	0	1	112783
225.582	n/a	0	1	112791
225.6	n/a	0	1	112800
225.616	n/a	1	2	112808
225.632	n/a	1	2	112816
225.65	n/a	1	2	112825
225.666	n/a	1	2	112833
225.682	n/a	1	2	112841
225.7	n/a	1	2	112850
225.716	n/a	0	1	112858
225.732	n/a	0	1	112866
225.75	n/a	0	1	112875
225.766	n/a	0	1	112883
225.782	n/a	0	1	112891
225.8	n/a	0	1	112900
225.816	n/a	1	2	112908
225.832	n/a	1	2	112916
225.85	n/a	1	2	112925
225.866	n/a	1	2	112933
225.882	n/a	1	2	112941
225.9	n/a	1	2	112950
225.916	n/a	1	2	112958
225.932	n/a	1	2	112966
225.95	n/a	1	2	112975
225.966	n/a	1	2	112983
225.982	n/a	0	1	112991
226.0	n/a	0	1	113000
226.016	n/a	0	1	113008
226.032	n/a	0	1	113016
226.05	n/a	1	2	113025
226.066	n/a	1	2	113033
226.082	n/a	0	1	113041
226.1	n/a	0	1	113050
226.116	n/a	1	2	113058
226.132	n/a	1	2	113066
226.15	n/a	0	1	113075
226.166	n/a	0	1	113083
226.182	n/a	0	1	113091
226.2	n/a	0	1	113100
226.216	n/a	1	2	113108
226.232	n/a	1	2	113116
226.25	n/a	1	2	113125
226.266	n/a	1	2	113133
226.282	n/a	0	1	113141
226.3	n/a	0	1	113150
226.316	n/a	0	1	113158
226.332	n/a	0	1	113166
226.35	n/a	0	1	113175
226.366	n/a	0	1	113183
226.382	n/a	0	1	113191
226.4	n/a	0	1	113200
226.416	n/a	1	2	113208
226.432	n/a	1	2	113216
226.45	n/a	0	1	113225
226.466	n/a	0	1	113233
226.482	n/a	0	1	113241
226.5	n/a	0	1	113250
226.516	n/a	0	1	113258
226.532	n/a	0	1	113266
226.55	n/a	0	1	113275
226.566	n/a	0	1	113283
226.582	n/a	1	2	113291
226.6	n/a	1	2	113300
226.616	n/a	1	2	113308
226.632	n/a	1	2	113316
226.65	n/a	1	2	113325
226.666	n/a	1	2	113333
226.682	n/a	1	2	113341
226.7	n/a	1	2	113350
226.716	n/a	1	2	113358
226.732	n/a	1	2	113366
226.75	n/a	1	2	113375
226.766	n/a	1	2	113383
226.782	n/a	0	1	113391
226.8	n/a	0	1	113400
226.816	n/a	1	2	113408
226.832	n/a	1	2	113416
226.85	n/a	0	1	113425
226.866	n/a	0	1	113433
226.882	n/a	1	2	113441
226.9	n/a	1	2	113450
226.916	n/a	0	1	113458
226.932	n/a	0	1	113466
226.95	n/a	0	1	113475
226.966	n/a	0	1	113483
226.982	n/a	1	2	113491
227.0	n/a	1	2	113500
227.016	n/a	1	2	113508
227.032	n/a	1	2	113516
227.05	n/a	0	1	113525
227.066	n/a	0	1	113533
227.082	n/a	0	1	113541
228.566	n/a	1	2	114283
228.582	n/a	1	2	114291
228.6	n/a	1	2	114300
228.616	n/a	1	2	114308
228.632	n/a	0	1	114316
228.65	n/a	0	1	114325
228.666	n/a	0	1	114333
228.682	n/a	0	1	114341
228.7	n/a	0	1	114350
228.716	n/a	0	1	114358
228.732	n/a	0	1	114366
228.75	n/a	0	1	114375
228.766	n/a	1	2	114383
228.782	n/a	1	2	114391
228.8	n/a	0	1	114400
228.816	n/a	0	1	114408
228.832	n/a	0	1	114416
228.85	n/a	0	1	114425
228.866	n/a	1	2	114433
228.882	n/a	1	2	114441
228.9	n/a	1	2	114450
228.916	n/a	1	2	114458
228.932	n/a	0	1	114466
228.95	n/a	0	1	114475
228.966	n/a	0	1	114483
228.982	n/a	0	1	114491
229.0	n/a	0	1	114500
229.016	n/a	0	1	114508
229.032	n/a	0	1	114516
229.05	n/a	0	1	114525
229.066	n/a	0	1	114533
229.082	n/a	0	1	114541
229.1	n/a	0	1	114550
229.116	n/a	0	1	114558
229.132	n/a	1	2	114566
229.15	n/a	1	2	114575
229.166	n/a	0	1	114583
229.182	n/a	0	1	114591
229.2	n/a	1	2	114600
229.216	n/a	1	2	114608
229.232	n/a	1	2	114616
229.25	n/a	1	2	114625
229.266	n/a	0	1	114633
229.282	n/a	0	1	114641
229.3	n/a	1	2	114650
229.316	n/a	1	2	114658
229.332	n/a	0	1	114666
229.35	n/a	0	1	114675
229.366	n/a	1	2	114683
229.382	n/a	1	2	114691
229.4	n/a	0	1	114700
229.416	n/a	0	1	114708
229.432	n/a	1	2	114716
229.45	n/a	1	2	114725
229.466	n/a	0	1	114733
229.482	n/a	0	1	114741
229.5	n/a	0	1	114750
229.516	n/a	0	1	114758
229.532	n/a	0	1	114766
229.55	n/a	0	1	114775
229.566	n/a	1	2	114783
229.582	n/a	1	2	114791
229.6	n/a	1	2	114800
229.616	n/a	1	2	114808
229.632	n/a	1	2	114816
229.65	n/a	1	2	114825
229.666	n/a	0	1	114833
229.682	n/a	0	1	114841
229.7	n/a	1	2	114850
229.716	n/a	1	2	114858
229.732	n/a	1	2	114866
229.75	n/a	1	2	114875
229.766	n/a	1	2	114883
229.782	n/a	1	2	114891
229.8	n/a	0	1	114900
229.816	n/a	0	1	114908
229.832	n/a	1	2	114916
229.85	n/a	1	2	114925
229.866	n/a	0	1	114933
229.882	n/a	0	1	114941
229.9	n/a	1	2	114950
229.916	n/a	1	2	114958
229.932	n/a	1	2	114966
229.95	n/a	1	2	114975
229.966	n/a	0	1	114983
229.982	n/a	0	1	114991
230.0	n/a	0	1	115000
230.016	n/a	0	1	115008
230.032	n/a	0	1	115016
230.05	n/a	0	1	115025
230.066	n/a	1	2	115033
230.082	n/a	1	2	115041
230.1	n/a	1	2	115050
230.116	n/a	1	2	115058
230.132	n/a	0	1	115066
230.15	n/a	0	1	115075
230.166	n/a	1	2	115083
230.182	n/a	1	2	115091
230.2	n/a	1	2	115100
230.216	n/a	1	2	115108
230.232	n/a	1	2	115116
230.25	n/a	1	2	115125
230.266	n/a	0	1	115133
230.282	n/a	0	1	115141
230.3	n/a	0	1	115150
230.316	n/a	0	1	115158
230.332	n/a	0	1	115166
230.35	n/a	0	1	115175
230.366	n/a	0	1	115183
230.382	n/a	0	1	115191
230.4	n/a	0	1	115200
230.416	n/a	0	1	115208
230.432	n/a	1	2	115216
230.45	n/a	1	2	115225
230.466	n/a	1	2	115233
230.482	n/a	1	2	115241
230.5	n/a	1	2	115250
