onset	duration	trial_type	value	sample
7.55	0.25	1	2	3775
7.566	0.25	1	2	3783
7.582	0.25	1	2	3791
7.6	0.25	1	2	3800
7.616	0.25	1	2	3808
7.632	0.25	1	2	3816
7.65	0.25	1	2	3825
7.666	0.25	1	2	3833
7.682	0.25	1	2	3841
7.7	0.25	1	2	3850
7.716	0.25	1	2	3858
7.732	0.25	1	2	3866
7.75	0.25	1	2	3875
7.766	0.25	1	2	3883
7.782	0.25	0	1	3891
7.8	0.25	0	1	3900
7.816	0.25	0	1	3908
7.832	0.25	0	1	3916
7.85	0.25	1	2	3925
7.866	0.25	1	2	3933
7.882	0.25	1	2	3941
7.9	0.25	1	2	3950
7.916	0.25	0	1	3958
7.932	0.25	0	1	3966
7.95	0.25	0	1	3975
7.966	0.25	0	1	3983
7.982	0.25	1	2	3991
8.0	0.25	1	2	4000
8.016	0.25	1	2	4008
8.032	0.25	1	2	4016
8.05	0.25	0	1	4025
8.066	0.25	0	1	4033
8.082	0.25	0	1	4041
8.1	0.25	0	1	4050
8.116	0.25	1	2	4058
8.132	0.25	1	2	4066
8.15	0.25	0	1	4075
8.166	0.25	0	1	4083
8.182	0.25	1	2	4091
8.2	0.25	1	2	4100
8.216	0.25	1	2	4108
8.232	0.25	1	2	4116
8.25	0.25	0	1	4125
8.266	0.25	0	1	4133
8.282	0.25	1	2	4141
8.3	0.25	1	2	4150
8.316	0.25	0	1	4158
8.332	0.25	0	1	4166
8.35	0.25	0	1	4175
8.366	0.25	0	1	4183
8.382	0.25	1	2	4191
8.4	0.25	1	2	4200
8.416	0.25	0	1	4208
8.432	0.25	0	1	4216
8.45	0.25	1	2	4225
8.466	0.25	1	2	4233
8.482	0.25	1	2	4241
8.5	0.25	1	2	4250
8.516	0.25	1	2	4258
8.532	0.25	1	2	4266
8.55	0.25	0	1	4275
8.566	0.25	0	1	4283
8.582	0.25	0	1	4291
8.6	0.25	0	1	4300
8.616	0.25	0	1	4308
8.632	0.25	0	1	4316
8.65	0.25	1	2	4325
8.666	0.25	1	2	4333
8.682	0.25	0	1	4341
8.7	0.25	0	1	4350
8.716	0.25	1	2	4358
8.732	0.25	1	2	4366
8.75	0.25	1	2	4375
8.766	0.25	1	2	4383
8.782	0.25	1	2	4391
8.8	0.25	1	2	4400
8.816	0.25	0	1	4408
8.832	0.25	0	1	4416
8.85	0.25	0	1	4425
8.866	0.25	0	1	4433
8.882	0.25	1	2	4441
8.9	0.25	1	2	4450
8.916	0.25	0	1	4458
8.932	0.25	0	1	4466
8.95	0.25	1	2	4475
8.966	0.25	1	2	4483
8.982	0.25	0	1	4491
9.0	0.25	0	1	4500
9.016	0.25	0	1	4508
9.032	0.25	0	1	4516
9.05	0.25	0	1	4525
9.066	0.25	0	1	4533
9.082	0.25	1	2	4541
9.1	0.25	1	2	4550
9.116	0.25	1	2	4558
9.132	0.25	1	2	4566
9.15	0.25	0	1	4575
9.166	0.25	0	1	4583
9.182	0.25	1	2	4591
9.2	0.25	1	2	4600
9.216	0.25	0	1	4608
9.232	0.25	0	1	4616
9.25	0.25	0	1	4625
9.266	0.25	0	1	4633
9.282	0.25	0	1	4641
9.3	0.25	0	1	4650
9.316	0.25	1	2	4658
9.332	0.25	1	2	4666
9.35	0.25	0	1	4675
9.366	0.25	0	1	4683
9.382	0.25	1	2	4691
9.4	0.25	1	2	4700
9.416	0.25	0	1	4708
9.432	0.25	0	1	4716
9.45	0.25	0	1	4725
9.466	0.25	0	1	4733
9.482	0.25	1	2	4741
10.966	0.25	1	2	5483
10.982	0.25	1	2	5491
11.0	0.25	1	2	5500
11.016	0.25	1	2	5508
11.032	0.25	0	1	5516
11.05	0.25	0	1	5525
11.066	0.25	0	1	5533
11.082	0.25	0	1	5541
11.1	0.25	0	1	5550
11.116	0.25	0	1	5558
11.132	0.25	0	1	5566
11.15	0.25	0	1	5575
11.166	0.25	1	2	5583
11.182	0.25	1	2	5591
11.2	0.25	0	1	5600
11.216	0.25	0	1	5608
11.232	0.25	0	1	5616
11.25	0.25	0	1	5625
11.266	0.25	1	2	5633
11.282	0.25	1	2	5641
11.3	0.25	1	2	5650
11.316	0.25	1	2	5658
11.332	0.25	0	1	5666
11.35	0.25	0	1	5675
11.366	0.25	0	1	5683
11.382	0.25	0	1	5691
11.4	0.25	0	1	5700
11.416	0.25	0	1	5708
11.432	0.25	0	1	5716
11.45	0.25	0	1	5725
11.466	0.25	0	1	5733
11.482	0.25	0	1	5741
11.5	0.25	0	1	5750
11.516	0.25	0	1	5758
11.532	0.25	1	2	5766
11.55	0.25	1	2	5775
11.566	0.25	0	1	5783
11.582	0.25	0	1	5791
11.6	0.25	1	2	5800
11.616	0.25	1	2	5808
11.632	0.25	1	2	5816
11.65	0.25	1	2	5825
11.666	0.25	0	1	5833
11.682	0.25	0	1	5841
11.7	0.25	1	2	5850
11.716	0.25	1	2	5858
11.732	0.25	0	1	5866
11.75	0.25	0	1	5875
11.766	0.25	1	2	5883
11.782	0.25	1	2	5891
11.8	0.25	0	1	5900
11.816	0.25	0	1	5908
11.832	0.25	1	2	5916
11.85	0.25	1	2	5925
11.866	0.25	0	1	5933
11.882	0.25	0	1	5941
11.9	0.25	0	1	5950
11.916	0.25	0	1	5958
11.932	0.25	0	1	5966
11.95	0.25	0	1	5975
11.966	0.25	1	2	5983
11.982	0.25	1	2	5991
12.0	0.25	1	2	6000
12.016	0.25	1	2	6008
12.032	0.25	1	2	6016
12.05	0.25	1	2	6025
12.066	0.25	0	1	6033
12.082	0.25	0	1	6041
12.1	0.25	1	2	6050
12.116	0.25	1	2	6058
12.132	0.25	1	2	6066
12.15	0.25	1	2	6075
12.166	0.25	1	2	6083
12.182	0.25	1	2	6091
12.2	0.25	0	1	6100
12.216	0.25	0	1	6108
12.232	0.25	1	2	6116
12.25	0.25	1	2	6125
12.266	0.25	0	1	6133
12.282	0.25	0	1	6141
12.3	0.25	1	2	6150
12.316	0.25	1	2	6158
12.332	0.25	1	2	6166
12.35	0.25	1	2	6175
12.366	0.25	0	1	6183
12.382	0.25	0	1	6191
12.4	0.25	0	1	6200
12.416	0.25	0	1	6208
12.432	0.25	0	1	6216
12.45	0.25	0	1	6225
12.466	0.25	1	2	6233
12.482	0.25	1	2	6241
12.5	0.25	1	2	6250
12.516	0.25	1	2	6258
12.532	0.25	0	1	6266
12.55	0.25	0	1	6275
12.566	0.25	1	2	6283
12.582	0.25	1	2	6291
12.6	0.25	1	2	6300
12.616	0.25	1	2	6308
12.632	0.25	1	2	6316
12.65	0.25	1	2	6325
12.666	0.25	0	1	6333
12.682	0.25	0	1	6341
12.7	0.25	0	1	6350
12.716	0.25	0	1	6358
12.732	0.25	0	1	6366
12.75	0.25	0	1	6375
12.766	0.25	0	1	6383
12.782	0.25	0	1	6391
12.8	0.25	0	1	6400
12.816	0.25	0	1	6408
12.832	0.25	1	2	6416
12.85	0.25	1	2	6425
12.866	0.25	1	2	6433
12.882	0.25	1	2	6441
12.9	0.25	1	2	6450
14.382	0.25	1	2	7191
14.4	0.25	1	2	7200
14.416	0.25	1	2	7208
14.432	0.25	1	2	7216
14.45	0.25	0	1	7225
14.466	0.25	0	1	7233
14.482	0.25	1	2	7241
14.5	0.25	1	2	7250
14.516	0.25	1	2	7258
14.532	0.25	1	2	7266
14.55	0.25	0	1	7275
14.566	0.25	0	1	7283
14.582	0.25	1	2	7291
14.6	0.25	1	2	7300
14.616	0.25	1	2	7308
14.632	0.25	1	2	7316
14.65	0.25	0	1	7325
14.666	0.25	0	1	7333
14.682	0.25	1	2	7341
14.7	0.25	1	2	7350
14.716	0.25	1	2	7358
14.732	0.25	1	2	7366
14.75	0.25	0	1	7375
14.766	0.25	0	1	7383
14.782	0.25	0	1	7391
14.8	0.25	0	1	7400
14.816	0.25	0	1	7408
14.832	0.25	0	1	7416
14.85	0.25	1	2	7425
14.866	0.25	1	2	7433
14.882	0.25	1	2	7441
14.9	0.25	1	2	7450
14.916	0.25	1	2	7458
14.932	0.25	1	2	7466
14.95	0.25	0	1	7475
14.966	0.25	0	1	7483
14.982	0.25	0	1	7491
15.0	0.25	0	1	7500
15.016	0.25	0	1	7508
15.032	0.25	0	1	7516
15.05	0.25	1	2	7525
15.066	0.25	1	2	7533
15.082	0.25	1	2	7541
15.1	0.25	1	2	7550
15.116	0.25	1	2	7558
15.132	0.25	1	2	7566
15.15	0.25	1	2	7575
15.166	0.25	1	2	7583
15.182	0.25	1	2	7591
15.2	0.25	1	2	7600
15.216	0.25	0	1	7608
15.232	0.25	0	1	7616
15.25	0.25	0	1	7625
15.266	0.25	0	1	7633
15.282	0.25	1	2	7641
15.3	0.25	1	2	7650
15.316	0.25	0	1	7658
15.332	0.25	0	1	7666
15.35	0.25	1	2	7675
15.366	0.25	1	2	7683
15.382	0.25	0	1	7691
15.4	0.25	0	1	7700
15.416	0.25	0	1	7708
15.432	0.25	0	1	7716
15.45	0.25	1	2	7725
15.466	0.25	1	2	7733
15.482	0.25	1	2	7741
15.5	0.25	1	2	7750
15.516	0.25	0	1	7758
15.532	0.25	0	1	7766
15.55	0.25	0	1	7775
15.566	0.25	0	1	7783
15.582	0.25	0	1	7791
15.6	0.25	0	1	7800
15.616	0.25	0	1	7808
15.632	0.25	0	1	7816
15.65	0.25	1	2	7825
15.666	0.25	1	2	7833
15.682	0.25	0	1	7841
15.7	0.25	0	1	7850
15.716	0.25	0	1	7858
15.732	0.25	0	1	7866
15.75	0.25	0	1	7875
15.766	0.25	0	1	7883
15.782	0.25	0	1	7891
15.8	0.25	0	1	7900
15.816	0.25	1	2	7908
15.832	0.25	1	2	7916
15.85	0.25	1	2	7925
15.866	0.25	1	2	7933
15.882	0.25	1	2	7941
15.9	0.25	1	2	7950
15.916	0.25	1	2	7958
15.932	0.25	1	2	7966
15.95	0.25	1	2	7975
15.966	0.25	1	2	7983
15.982	0.25	1	2	7991
16.0	0.25	1	2	8000
16.016	0.25	0	1	8008
16.032	0.25	0	1	8016
16.05	0.25	1	2	8025
16.066	0.25	1	2	8033
16.082	0.25	0	1	8041
16.1	0.25	0	1	8050
16.116	0.25	1	2	8058
16.132	0.25	1	2	8066
16.148	0.25	0	1	8074
16.166	0.25	0	1	8083
16.182	0.25	0	1	8091
16.2	0.25	0	1	8100
16.216	0.25	1	2	8108
16.232	0.25	1	2	8116
16.25	0.25	1	2	8125
16.266	0.25	1	2	8133
16.282	0.25	0	1	8141
16.3	0.25	0	1	8150
16.316	0.25	0	1	8158
17.8	0.25	0	1	8900
17.816	0.25	0	1	8908
17.832	0.25	0	1	8916
17.85	0.25	0	1	8925
17.866	0.25	1	2	8933
17.882	0.25	1	2	8941
17.9	0.25	1	2	8950
17.916	0.25	1	2	8958
17.932	0.25	0	1	8966
17.95	0.25	0	1	8975
17.966	0.25	0	1	8983
17.982	0.25	0	1	8991
18.0	0.25	0	1	9000
18.016	0.25	0	1	9008
18.032	0.25	0	1	9016
18.05	0.25	0	1	9025
18.066	0.25	1	2	9033
18.082	0.25	1	2	9041
18.1	0.25	1	2	9050
18.116	0.25	1	2	9058
18.132	0.25	1	2	9066
18.15	0.25	1	2	9075
18.166	0.25	1	2	9083
18.182	0.25	1	2	9091
18.2	0.25	1	2	9100
18.216	0.25	1	2	9108
18.232	0.25	0	1	9116
18.25	0.25	0	1	9125
18.266	0.25	0	1	9133
18.282	0.25	0	1	9141
18.3	0.25	0	1	9150
18.316	0.25	0	1	9158
18.332	0.25	0	1	9166
18.35	0.25	0	1	9175
18.366	0.25	0	1	9183
18.382	0.25	0	1	9191
18.4	0.25	0	1	9200
18.416	0.25	0	1	9208
18.432	0.25	1	2	9216
18.45	0.25	1	2	9225
18.466	0.25	1	2	9233
18.482	0.25	1	2	9241
18.5	0.25	0	1	9250
18.516	0.25	0	1	9258
18.532	0.25	0	1	9266
18.55	0.25	0	1	9275
18.566	0.25	1	2	9283
18.582	0.25	1	2	9291
18.6	0.25	0	1	9300
18.616	0.25	0	1	9308
18.632	0.25	1	2	9316
18.65	0.25	1	2	9325
18.666	0.25	0	1	9333
18.682	0.25	0	1	9341
18.7	0.25	1	2	9350
18.716	0.25	1	2	9358
18.732	0.25	0	1	9366
18.75	0.25	0	1	9375
18.766	0.25	1	2	9383
18.782	0.25	1	2	9391
18.8	0.25	1	2	9400
18.816	0.25	1	2	9408
18.832	0.25	0	1	9416
18.85	0.25	0	1	9425
18.866	0.25	1	2	9433
18.882	0.25	1	2	9441
18.9	0.25	0	1	9450
18.916	0.25	0	1	9458
18.932	0.25	0	1	9466
18.95	0.25	0	1	9475
18.966	0.25	0	1	9483
18.982	0.25	0	1	9491
19.0	0.25	1	2	9500
19.016	0.25	1	2	9508
19.032	0.25	0	1	9516
19.05	0.25	0	1	9525
19.066	0.25	0	1	9533
19.082	0.25	0	1	9541
19.1	0.25	0	1	9550
19.116	0.25	0	1	9558
19.132	0.25	1	2	9566
19.15	0.25	1	2	9575
19.166	0.25	1	2	9583
19.182	0.25	1	2	9591
19.2	0.25	1	2	9600
19.216	0.25	1	2	9608
19.232	0.25	0	1	9616
19.25	0.25	0	1	9625
19.266	0.25	1	2	9633
19.282	0.25	1	2	9641
19.3	0.25	0	1	9650
19.316	0.25	0	1	9658
19.332	0.25	1	2	9666
19.35	0.25	1	2	9675
19.366	0.25	1	2	9683
19.382	0.25	1	2	9691
19.4	0.25	1	2	9700
19.416	0.25	1	2	9708
19.432	0.25	1	2	9716
19.45	0.25	1	2	9725
19.466	0.25	1	2	9733
19.482	0.25	1	2	9741
19.5	0.25	0	1	9750
19.516	0.25	0	1	9758
19.532	0.25	0	1	9766
19.55	0.25	0	1	9775
19.566	0.25	1	2	9783
19.582	0.25	1	2	9791
19.6	0.25	0	1	9800
19.616	0.25	0	1	9808
19.632	0.25	0	1	9816
19.65	0.25	0	1	9825
19.666	0.25	0	1	9833
19.682	0.25	0	1	9841
19.7	0.25	1	2	9850
19.716	0.25	1	2	9858
19.732	0.25	1	2	9866
23.4	0.25	0	1	11700
23.416	0.25	0	1	11708
23.432	0.25	0	1	11716
23.45	0.25	0	1	11725
23.466	0.25	1	2	11733
23.482	0.25	1	2	11741
23.5	0.25	1	2	11750
23.516	0.25	1	2	11758
23.532	0.25	0	1	11766
23.55	0.25	0	1	11775
23.566	0.25	0	1	11783
23.582	0.25	0	1	11791
23.6	0.25	0	1	11800
23.616	0.25	0	1	11808
23.632	0.25	0	1	11816
23.65	0.25	0	1	11825
23.666	0.25	1	2	11833
23.682	0.25	1	2	11841
23.7	0.25	1	2	11850
23.716	0.25	1	2	11858
23.732	0.25	1	2	11866
23.75	0.25	1	2	11875
23.766	0.25	1	2	11883
23.782	0.25	1	2	11891
23.8	0.25	1	2	11900
23.816	0.25	1	2	11908
23.832	0.25	0	1	11916
23.85	0.25	0	1	11925
23.866	0.25	0	1	11933
23.882	0.25	0	1	11941
23.9	0.25	0	1	11950
23.916	0.25	0	1	11958
23.932	0.25	0	1	11966
23.95	0.25	0	1	11975
23.966	0.25	0	1	11983
23.982	0.25	0	1	11991
24.0	0.25	0	1	12000
24.016	0.25	0	1	12008
24.032	0.25	1	2	12016
24.05	0.25	1	2	12025
24.066	0.25	1	2	12033
24.082	0.25	1	2	12041
24.1	0.25	0	1	12050
24.116	0.25	0	1	12058
24.132	0.25	0	1	12066
24.15	0.25	0	1	12075
24.166	0.25	1	2	12083
24.182	0.25	1	2	12091
24.2	0.25	0	1	12100
24.216	0.25	0	1	12108
24.232	0.25	1	2	12116
24.25	0.25	1	2	12125
24.266	0.25	0	1	12133
24.282	0.25	0	1	12141
24.3	0.25	1	2	12150
24.316	0.25	1	2	12158
24.332	0.25	0	1	12166
24.35	0.25	0	1	12175
24.366	0.25	1	2	12183
24.382	0.25	1	2	12191
24.4	0.25	1	2	12200
24.416	0.25	1	2	12208
24.432	0.25	0	1	12216
24.45	0.25	0	1	12225
24.466	0.25	1	2	12233
24.482	0.25	1	2	12241
24.5	0.25	0	1	12250
24.516	0.25	0	1	12258
24.532	0.25	0	1	12266
24.55	0.25	0	1	12275
24.566	0.25	0	1	12283
24.582	0.25	0	1	12291
24.6	0.25	1	2	12300
24.616	0.25	1	2	12308
24.632	0.25	0	1	12316
24.65	0.25	0	1	12325
24.666	0.25	0	1	12333
24.682	0.25	0	1	12341
24.7	0.25	0	1	12350
24.716	0.25	0	1	12358
24.732	0.25	1	2	12366
24.75	0.25	1	2	12375
24.766	0.25	1	2	12383
24.782	0.25	1	2	12391
24.8	0.25	1	2	12400
24.816	0.25	1	2	12408
24.832	0.25	0	1	12416
24.85	0.25	0	1	12425
24.866	0.25	1	2	12433
24.882	0.25	1	2	12441
24.9	0.25	0	1	12450
24.916	0.25	0	1	12458
24.932	0.25	1	2	12466
24.95	0.25	1	2	12475
24.966	0.25	1	2	12483
24.982	0.25	1	2	12491
25.0	0.25	1	2	12500
25.016	0.25	1	2	12508
25.032	0.25	1	2	12516
25.05	0.25	1	2	12525
25.066	0.25	1	2	12533
25.082	0.25	1	2	12541
25.1	0.25	0	1	12550
25.116	0.25	0	1	12558
25.132	0.25	0	1	12566
25.15	0.25	0	1	12575
25.166	0.25	1	2	12583
25.182	0.25	1	2	12591
25.2	0.25	0	1	12600
25.216	0.25	0	1	12608
25.232	0.25	0	1	12616
25.25	0.25	0	1	12625
25.266	0.25	0	1	12633
25.282	0.25	0	1	12641
25.3	0.25	1	2	12650
25.316	0.25	1	2	12658
25.332	0.25	1	2	12666
26.816	0.25	1	2	13408
26.832	0.25	1	2	13416
26.85	0.25	1	2	13425
26.866	0.25	1	2	13433
26.882	0.25	0	1	13441
26.9	0.25	0	1	13450
26.916	0.25	0	1	13458
26.932	0.25	0	1	13466
26.95	0.25	0	1	13475
26.966	0.25	0	1	13483
26.982	0.25	0	1	13491
27.0	0.25	0	1	13500
27.016	0.25	1	2	13508
27.032	0.25	1	2	13516
27.05	0.25	0	1	13525
27.066	0.25	0	1	13533
27.082	0.25	0	1	13541
27.1	0.25	0	1	13550
27.116	0.25	1	2	13558
27.132	0.25	1	2	13566
27.15	0.25	1	2	13575
27.166	0.25	1	2	13583
27.182	0.25	0	1	13591
27.2	0.25	0	1	13600
27.216	0.25	0	1	13608
27.232	0.25	0	1	13616
27.25	0.25	0	1	13625
27.266	0.25	0	1	13633
27.282	0.25	0	1	13641
27.3	0.25	0	1	13650
27.316	0.25	0	1	13658
27.332	0.25	0	1	13666
27.35	0.25	0	1	13675
27.366	0.25	0	1	13683
27.382	0.25	1	2	13691
27.4	0.25	1	2	13700
27.416	0.25	0	1	13708
27.432	0.25	0	1	13716
27.45	0.25	1	2	13725
27.466	0.25	1	2	13733
27.482	0.25	1	2	13741
27.5	0.25	1	2	13750
27.516	0.25	0	1	13758
27.532	0.25	0	1	13766
27.55	0.25	1	2	13775
27.566	0.25	1	2	13783
27.582	0.25	0	1	13791
27.6	0.25	0	1	13800
27.616	0.25	1	2	13808
27.632	0.25	1	2	13816
27.65	0.25	0	1	13825
27.666	0.25	0	1	13833
27.682	0.25	1	2	13841
27.7	0.25	1	2	13850
27.716	0.25	0	1	13858
27.732	0.25	0	1	13866
27.75	0.25	0	1	13875
27.766	0.25	0	1	13883
27.782	0.25	0	1	13891
27.8	0.25	0	1	13900
27.816	0.25	1	2	13908
27.832	0.25	1	2	13916
27.85	0.25	1	2	13925
27.866	0.25	1	2	13933
27.882	0.25	1	2	13941
27.9	0.25	1	2	13950
27.916	0.25	0	1	13958
27.932	0.25	0	1	13966
27.95	0.25	1	2	13975
27.966	0.25	1	2	13983
27.982	0.25	1	2	13991
28.0	0.25	1	2	14000
28.016	0.25	1	2	14008
28.032	0.25	1	2	14016
28.05	0.25	0	1	14025
28.066	0.25	0	1	14033
28.082	0.25	1	2	14041
28.1	0.25	1	2	14050
28.116	0.25	0	1	14058
28.132	0.25	0	1	14066
28.15	0.25	1	2	14075
28.166	0.25	1	2	14083
28.182	0.25	1	2	14091
28.2	0.25	1	2	14100
28.216	0.25	0	1	14108
28.232	0.25	0	1	14116
28.25	0.25	0	1	14125
28.266	0.25	0	1	14133
28.282	0.25	0	1	14141
28.3	0.25	0	1	14150
28.316	0.25	1	2	14158
28.332	0.25	1	2	14166
28.35	0.25	1	2	14175
28.366	0.25	1	2	14183
28.382	0.25	0	1	14191
28.4	0.25	0	1	14200
28.416	0.25	1	2	14208
28.432	0.25	1	2	14216
28.45	0.25	1	2	14225
28.466	0.25	1	2	14233
28.482	0.25	1	2	14241
28.5	0.25	1	2	14250
28.516	0.25	0	1	14258
28.532	0.25	0	1	14266
28.55	0.25	0	1	14275
28.566	0.25	0	1	14283
28.582	0.25	0	1	14291
28.6	0.25	0	1	14300
28.616	0.25	0	1	14308
28.632	0.25	0	1	14316
28.65	0.25	0	1	14325
28.666	0.25	0	1	14333
28.682	0.25	1	2	14341
28.7	0.25	1	2	14350
28.716	0.25	1	2	14358
28.732	0.25	1	2	14366
28.75	0.25	1	2	14375
30.232	0.25	1	2	15116
30.25	0.25	1	2	15125
30.266	0.25	1	2	15133
30.282	0.25	1	2	15141
30.3	0.25	0	1	15150
30.316	0.25	0	1	15158
30.332	0.25	1	2	15166
30.35	0.25	1	2	15175
30.366	0.25	1	2	15183
30.382	0.25	1	2	15191
30.4	0.25	0	1	15200
30.416	0.25	0	1	15208
30.432	0.25	1	2	15216
30.45	0.25	1	2	15225
30.466	0.25	1	2	15233
30.482	0.25	1	2	15241
30.5	0.25	0	1	15250
30.516	0.25	0	1	15258
30.532	0.25	1	2	15266
30.55	0.25	1	2	15275
30.566	0.25	1	2	15283
30.582	0.25	1	2	15291
30.6	0.25	0	1	15300
30.616	0.25	0	1	15308
30.632	0.25	0	1	15316
30.65	0.25	0	1	15325
30.666	0.25	0	1	15333
30.682	0.25	0	1	15341
30.7	0.25	1	2	15350
30.716	0.25	1	2	15358
30.732	0.25	1	2	15366
30.75	0.25	1	2	15375
30.766	0.25	1	2	15383
30.782	0.25	1	2	15391
30.8	0.25	0	1	15400
30.816	0.25	0	1	15408
30.832	0.25	0	1	15416
30.85	0.25	0	1	15425
30.866	0.25	0	1	15433
30.882	0.25	0	1	15441
30.9	0.25	1	2	15450
30.916	0.25	1	2	15458
30.932	0.25	1	2	15466
30.95	0.25	1	2	15475
30.966	0.25	1	2	15483
30.982	0.25	1	2	15491
31.0	0.25	1	2	15500
31.016	0.25	1	2	15508
31.032	0.25	1	2	15516
31.05	0.25	1	2	15525
31.066	0.25	0	1	15533
31.082	0.25	0	1	15541
31.1	0.25	0	1	15550
31.116	0.25	0	1	15558
31.132	0.25	1	2	15566
31.15	0.25	1	2	15575
31.166	0.25	0	1	15583
31.182	0.25	0	1	15591
31.2	0.25	1	2	15600
31.216	0.25	1	2	15608
31.232	0.25	0	1	15616
31.25	0.25	0	1	15625
31.266	0.25	0	1	15633
31.282	0.25	0	1	15641
31.3	0.25	1	2	15650
31.316	0.25	1	2	15658
31.332	0.25	1	2	15666
31.35	0.25	1	2	15675
31.366	0.25	0	1	15683
31.382	0.25	0	1	15691
31.4	0.25	0	1	15700
31.416	0.25	0	1	15708
31.432	0.25	0	1	15716
31.45	0.25	0	1	15725
31.466	0.25	0	1	15733
31.482	0.25	0	1	15741
31.5	0.25	1	2	15750
31.516	0.25	1	2	15758
31.532	0.25	0	1	15766
31.55	0.25	0	1	15775
31.566	0.25	0	1	15783
31.582	0.25	0	1	15791
31.6	0.25	0	1	15800
31.616	0.25	0	1	15808
31.632	0.25	0	1	15816
31.65	0.25	0	1	15825
31.666	0.25	1	2	15833
31.682	0.25	1	2	15841
31.7	0.25	1	2	15850
31.716	0.25	1	2	15858
31.732	0.25	1	2	15866
31.75	0.25	1	2	15875
31.766	0.25	1	2	15883
31.782	0.25	1	2	15891
31.8	0.25	1	2	15900
31.816	0.25	1	2	15908
31.832	0.25	1	2	15916
31.85	0.25	1	2	15925
31.866	0.25	0	1	15933
31.882	0.25	0	1	15941
31.9	0.25	1	2	15950
31.916	0.25	1	2	15958
31.932	0.25	0	1	15966
31.95	0.25	0	1	15975
31.966	0.25	1	2	15983
31.982	0.25	1	2	15991
32.0	0.25	0	1	16000
32.016	0.25	0	1	16008
32.032	0.25	0	1	16016
32.048	0.25	0	1	16024
32.066	0.25	1	2	16033
32.082	0.25	1	2	16041
32.1	0.25	1	2	16050
32.116	0.25	1	2	16058
32.132	0.25	0	1	16066
32.15	0.25	0	1	16075
32.166	0.25	0	1	16083
33.65	0.25	1	2	16825
33.666	0.25	1	2	16833
33.682	0.25	1	2	16841
33.7	0.25	1	2	16850
33.716	0.25	1	2	16858
33.732	0.25	1	2	16866
33.75	0.25	1	2	16875
33.766	0.25	1	2	16883
33.782	0.25	1	2	16891
33.8	0.25	1	2	16900
33.816	0.25	1	2	16908
33.832	0.25	1	2	16916
33.85	0.25	1	2	16925
33.866	0.25	1	2	16933
33.882	0.25	0	1	16941
33.9	0.25	0	1	16950
33.916	0.25	0	1	16958
33.932	0.25	0	1	16966
33.95	0.25	1	2	16975
33.966	0.25	1	2	16983
33.982	0.25	1	2	16991
34.0	0.25	1	2	17000
34.016	0.25	0	1	17008
34.032	0.25	0	1	17016
34.05	0.25	0	1	17025
34.066	0.25	0	1	17033
34.082	0.25	1	2	17041
34.1	0.25	1	2	17050
34.116	0.25	1	2	17058
34.132	0.25	1	2	17066
34.15	0.25	0	1	17075
34.166	0.25	0	1	17083
34.182	0.25	0	1	17091
34.2	0.25	0	1	17100
34.216	0.25	1	2	17108
34.232	0.25	1	2	17116
34.25	0.25	0	1	17125
34.266	0.25	0	1	17133
34.282	0.25	1	2	17141
34.3	0.25	1	2	17150
34.316	0.25	1	2	17158
34.332	0.25	1	2	17166
34.35	0.25	0	1	17175
34.366	0.25	0	1	17183
34.382	0.25	1	2	17191
34.4	0.25	1	2	17200
34.416	0.25	0	1	17208
34.432	0.25	0	1	17216
34.45	0.25	0	1	17225
34.466	0.25	0	1	17233
34.482	0.25	1	2	17241
34.5	0.25	1	2	17250
34.516	0.25	0	1	17258
34.532	0.25	0	1	17266
34.55	0.25	1	2	17275
34.566	0.25	1	2	17283
34.582	0.25	1	2	17291
34.6	0.25	1	2	17300
34.616	0.25	1	2	17308
34.632	0.25	1	2	17316
34.65	0.25	0	1	17325
34.666	0.25	0	1	17333
34.682	0.25	0	1	17341
34.7	0.25	0	1	17350
34.716	0.25	0	1	17358
34.732	0.25	0	1	17366
34.75	0.25	1	2	17375
34.766	0.25	1	2	17383
34.782	0.25	0	1	17391
34.8	0.25	0	1	17400
34.816	0.25	1	2	17408
34.832	0.25	1	2	17416
34.85	0.25	1	2	17425
34.866	0.25	1	2	17433
34.882	0.25	1	2	17441
34.9	0.25	1	2	17450
34.916	0.25	0	1	17458
34.932	0.25	0	1	17466
34.95	0.25	0	1	17475
34.966	0.25	0	1	17483
34.982	0.25	1	2	17491
35.0	0.25	1	2	17500
35.016	0.25	0	1	17508
35.032	0.25	0	1	17516
35.05	0.25	1	2	17525
35.066	0.25	1	2	17533
35.082	0.25	0	1	17541
35.1	0.25	0	1	17550
35.116	0.25	0	1	17558
35.132	0.25	0	1	17566
35.15	0.25	0	1	17575
35.166	0.25	0	1	17583
35.182	0.25	1	2	17591
35.2	0.25	1	2	17600
35.216	0.25	1	2	17608
35.232	0.25	1	2	17616
35.25	0.25	0	1	17625
35.266	0.25	0	1	17633
35.282	0.25	1	2	17641
35.3	0.25	1	2	17650
35.316	0.25	0	1	17658
35.332	0.25	0	1	17666
35.35	0.25	0	1	17675
35.366	0.25	0	1	17683
35.382	0.25	0	1	17691
35.4	0.25	0	1	17700
35.416	0.25	1	2	17708
35.432	0.25	1	2	17716
35.45	0.25	0	1	17725
35.466	0.25	0	1	17733
35.482	0.25	1	2	17741
35.5	0.25	1	2	17750
35.516	0.25	0	1	17758
35.532	0.25	0	1	17766
35.55	0.25	0	1	17775
35.566	0.25	0	1	17783
35.582	0.25	1	2	17791
39.332	0.25	1	2	19666
39.35	0.25	1	2	19675
39.366	0.25	1	2	19683
39.382	0.25	1	2	19691
39.4	0.25	0	1	19700
39.416	0.25	0	1	19708
39.432	0.25	0	1	19716
39.45	0.25	0	1	19725
39.466	0.25	0	1	19733
39.482	0.25	0	1	19741
39.5	0.25	0	1	19750
39.516	0.25	0	1	19758
39.532	0.25	1	2	19766
39.55	0.25	1	2	19775
39.566	0.25	0	1	19783
39.582	0.25	0	1	19791
39.6	0.25	0	1	19800
39.616	0.25	0	1	19808
39.632	0.25	1	2	19816
39.65	0.25	1	2	19825
39.666	0.25	1	2	19833
39.682	0.25	1	2	19841
39.7	0.25	0	1	19850
39.716	0.25	0	1	19858
39.732	0.25	0	1	19866
39.75	0.25	0	1	19875
39.766	0.25	0	1	19883
39.782	0.25	0	1	19891
39.8	0.25	0	1	19900
39.816	0.25	0	1	19908
39.832	0.25	0	1	19916
39.85	0.25	0	1	19925
39.866	0.25	0	1	19933
39.882	0.25	0	1	19941
39.9	0.25	1	2	19950
39.916	0.25	1	2	19958
39.932	0.25	0	1	19966
39.95	0.25	0	1	19975
39.966	0.25	1	2	19983
39.982	0.25	1	2	19991
40.0	0.25	1	2	20000
40.016	0.25	1	2	20008
40.032	0.25	0	1	20016
40.05	0.25	0	1	20025
40.066	0.25	1	2	20033
40.082	0.25	1	2	20041
40.1	0.25	0	1	20050
40.116	0.25	0	1	20058
40.132	0.25	1	2	20066
40.15	0.25	1	2	20075
40.166	0.25	0	1	20083
40.182	0.25	0	1	20091
40.2	0.25	1	2	20100
40.216	0.25	1	2	20108
40.232	0.25	0	1	20116
40.25	0.25	0	1	20125
40.266	0.25	0	1	20133
40.282	0.25	0	1	20141
40.3	0.25	0	1	20150
40.316	0.25	0	1	20158
40.332	0.25	1	2	20166
40.35	0.25	1	2	20175
40.366	0.25	1	2	20183
40.382	0.25	1	2	20191
40.4	0.25	1	2	20200
40.416	0.25	1	2	20208
40.432	0.25	0	1	20216
40.45	0.25	0	1	20225
40.466	0.25	1	2	20233
40.482	0.25	1	2	20241
40.5	0.25	1	2	20250
40.516	0.25	1	2	20258
40.532	0.25	1	2	20266
40.55	0.25	1	2	20275
40.566	0.25	0	1	20283
40.582	0.25	0	1	20291
40.6	0.25	1	2	20300
40.616	0.25	1	2	20308
40.632	0.25	0	1	20316
40.65	0.25	0	1	20325
40.666	0.25	1	2	20333
40.682	0.25	1	2	20341
40.7	0.25	1	2	20350
40.716	0.25	1	2	20358
40.732	0.25	0	1	20366
40.75	0.25	0	1	20375
40.766	0.25	0	1	20383
40.782	0.25	0	1	20391
40.8	0.25	0	1	20400
40.816	0.25	0	1	20408
40.832	0.25	1	2	20416
40.85	0.25	1	2	20425
40.866	0.25	1	2	20433
40.882	0.25	1	2	20441
40.9	0.25	0	1	20450
40.916	0.25	0	1	20458
40.932	0.25	1	2	20466
40.95	0.25	1	2	20475
40.966	0.25	1	2	20483
40.982	0.25	1	2	20491
41.0	0.25	1	2	20500
41.016	0.25	1	2	20508
41.032	0.25	0	1	20516
41.05	0.25	0	1	20525
41.066	0.25	0	1	20533
41.082	0.25	0	1	20541
41.1	0.25	0	1	20550
41.116	0.25	0	1	20558
41.132	0.25	0	1	20566
41.15	0.25	0	1	20575
41.166	0.25	0	1	20583
41.182	0.25	0	1	20591
41.2	0.25	1	2	20600
41.216	0.25	1	2	20608
41.232	0.25	1	2	20616
41.25	0.25	1	2	20625
41.266	0.25	1	2	20633
42.75	0.25	0	1	21375
42.766	0.25	0	1	21383
42.782	0.25	0	1	21391
42.8	0.25	0	1	21400
42.816	0.25	1	2	21408
42.832	0.25	1	2	21416
42.85	0.25	1	2	21425
42.866	0.25	1	2	21433
42.882	0.25	0	1	21441
42.9	0.25	0	1	21450
42.916	0.25	0	1	21458
42.932	0.25	0	1	21466
42.95	0.25	0	1	21475
42.966	0.25	0	1	21483
42.982	0.25	0	1	21491
43.0	0.25	0	1	21500
43.016	0.25	1	2	21508
43.032	0.25	1	2	21516
43.05	0.25	1	2	21525
43.066	0.25	1	2	21533
43.082	0.25	1	2	21541
43.1	0.25	1	2	21550
43.116	0.25	1	2	21558
43.132	0.25	1	2	21566
43.15	0.25	1	2	21575
43.166	0.25	1	2	21583
43.182	0.25	0	1	21591
43.2	0.25	0	1	21600
43.216	0.25	0	1	21608
43.232	0.25	0	1	21616
43.25	0.25	0	1	21625
43.266	0.25	0	1	21633
43.282	0.25	0	1	21641
43.3	0.25	0	1	21650
43.316	0.25	0	1	21658
43.332	0.25	0	1	21666
43.35	0.25	0	1	21675
43.366	0.25	0	1	21683
43.382	0.25	1	2	21691
43.4	0.25	1	2	21700
43.416	0.25	1	2	21708
43.432	0.25	1	2	21716
43.45	0.25	0	1	21725
43.466	0.25	0	1	21733
43.482	0.25	0	1	21741
43.5	0.25	0	1	21750
43.516	0.25	1	2	21758
43.532	0.25	1	2	21766
43.55	0.25	0	1	21775
43.566	0.25	0	1	21783
43.582	0.25	1	2	21791
43.6	0.25	1	2	21800
43.616	0.25	0	1	21808
43.632	0.25	0	1	21816
43.65	0.25	1	2	21825
43.666	0.25	1	2	21833
43.682	0.25	0	1	21841
43.7	0.25	0	1	21850
43.716	0.25	1	2	21858
43.732	0.25	1	2	21866
43.75	0.25	1	2	21875
43.766	0.25	1	2	21883
43.782	0.25	0	1	21891
43.8	0.25	0	1	21900
43.816	0.25	1	2	21908
43.832	0.25	1	2	21916
43.85	0.25	0	1	21925
43.866	0.25	0	1	21933
43.882	0.25	0	1	21941
43.9	0.25	0	1	21950
43.916	0.25	0	1	21958
43.932	0.25	0	1	21966
43.95	0.25	1	2	21975
43.966	0.25	1	2	21983
43.982	0.25	0	1	21991
44.0	0.25	0	1	22000
44.016	0.25	0	1	22008
44.032	0.25	0	1	22016
44.05	0.25	0	1	22025
44.066	0.25	0	1	22033
44.082	0.25	1	2	22041
44.1	0.25	1	2	22050
44.116	0.25	1	2	22058
44.132	0.25	1	2	22066
44.15	0.25	1	2	22075
44.166	0.25	1	2	22083
44.182	0.25	0	1	22091
44.2	0.25	0	1	22100
44.216	0.25	1	2	22108
44.232	0.25	1	2	22116
44.25	0.25	0	1	22125
44.266	0.25	0	1	22133
44.282	0.25	1	2	22141
44.3	0.25	1	2	22150
44.316	0.25	1	2	22158
44.332	0.25	1	2	22166
44.35	0.25	1	2	22175
44.366	0.25	1	2	22183
44.382	0.25	1	2	22191
44.4	0.25	1	2	22200
44.416	0.25	1	2	22208
44.432	0.25	1	2	22216
44.45	0.25	0	1	22225
44.466	0.25	0	1	22233
44.482	0.25	0	1	22241
44.5	0.25	0	1	22250
44.516	0.25	1	2	22258
44.532	0.25	1	2	22266
44.55	0.25	0	1	22275
44.566	0.25	0	1	22283
44.582	0.25	0	1	22291
44.6	0.25	0	1	22300
44.616	0.25	0	1	22308
44.632	0.25	0	1	22316
44.65	0.25	1	2	22325
44.666	0.25	1	2	22333
44.682	0.25	1	2	22341
46.166	0.25	1	2	23083
46.182	0.25	1	2	23091
46.2	0.25	1	2	23100
46.216	0.25	1	2	23108
46.232	0.25	0	1	23116
46.25	0.25	0	1	23125
46.266	0.25	1	2	23133
46.282	0.25	1	2	23141
46.3	0.25	1	2	23150
46.316	0.25	1	2	23158
46.332	0.25	0	1	23166
46.35	0.25	0	1	23175
46.366	0.25	1	2	23183
46.382	0.25	1	2	23191
46.4	0.25	1	2	23200
46.416	0.25	1	2	23208
46.432	0.25	0	1	23216
46.45	0.25	0	1	23225
46.466	0.25	1	2	23233
46.482	0.25	1	2	23241
46.5	0.25	1	2	23250
46.516	0.25	1	2	23258
46.532	0.25	0	1	23266
46.55	0.25	0	1	23275
46.566	0.25	0	1	23283
46.582	0.25	0	1	23291
46.6	0.25	0	1	23300
46.616	0.25	0	1	23308
46.632	0.25	1	2	23316
46.65	0.25	1	2	23325
46.666	0.25	1	2	23333
46.682	0.25	1	2	23341
46.7	0.25	1	2	23350
46.716	0.25	1	2	23358
46.732	0.25	0	1	23366
46.75	0.25	0	1	23375
46.766	0.25	0	1	23383
46.782	0.25	0	1	23391
46.8	0.25	0	1	23400
46.816	0.25	0	1	23408
46.832	0.25	1	2	23416
46.85	0.25	1	2	23425
46.866	0.25	1	2	23433
46.882	0.25	1	2	23441
46.9	0.25	1	2	23450
46.916	0.25	1	2	23458
46.932	0.25	1	2	23466
46.95	0.25	1	2	23475
46.966	0.25	1	2	23483
46.982	0.25	1	2	23491
47.0	0.25	0	1	23500
47.016	0.25	0	1	23508
47.032	0.25	0	1	23516
47.05	0.25	0	1	23525
47.066	0.25	1	2	23533
47.082	0.25	1	2	23541
47.1	0.25	0	1	23550
47.116	0.25	0	1	23558
47.132	0.25	1	2	23566
47.15	0.25	1	2	23575
47.166	0.25	0	1	23583
47.182	0.25	0	1	23591
47.2	0.25	0	1	23600
47.216	0.25	0	1	23608
47.232	0.25	1	2	23616
47.25	0.25	1	2	23625
47.266	0.25	1	2	23633
47.282	0.25	1	2	23641
47.3	0.25	0	1	23650
47.316	0.25	0	1	23658
47.332	0.25	0	1	23666
47.35	0.25	0	1	23675
47.366	0.25	0	1	23683
47.382	0.25	0	1	23691
47.4	0.25	0	1	23700
47.416	0.25	0	1	23708
47.432	0.25	1	2	23716
47.45	0.25	1	2	23725
47.466	0.25	0	1	23733
47.482	0.25	0	1	23741
47.5	0.25	0	1	23750
47.516	0.25	0	1	23758
47.532	0.25	0	1	23766
47.55	0.25	0	1	23775
47.566	0.25	0	1	23783
47.582	0.25	0	1	23791
47.6	0.25	1	2	23800
47.616	0.25	1	2	23808
47.632	0.25	1	2	23816
47.65	0.25	1	2	23825
47.666	0.25	1	2	23833
47.682	0.25	1	2	23841
47.7	0.25	1	2	23850
47.716	0.25	1	2	23858
47.732	0.25	1	2	23866
47.75	0.25	1	2	23875
47.766	0.25	1	2	23883
47.782	0.25	1	2	23891
47.8	0.25	0	1	23900
47.816	0.25	0	1	23908
47.832	0.25	1	2	23916
47.85	0.25	1	2	23925
47.866	0.25	0	1	23933
47.882	0.25	0	1	23941
47.9	0.25	1	2	23950
47.916	0.25	1	2	23958
47.932	0.25	0	1	23966
47.95	0.25	0	1	23975
47.966	0.25	0	1	23983
47.982	0.25	0	1	23991
48.0	0.25	1	2	24000
48.016	0.25	1	2	24008
48.032	0.25	1	2	24016
48.05	0.25	1	2	24025
48.066	0.25	0	1	24033
48.082	0.25	0	1	24041
48.1	0.25	0	1	24050
49.582	0.25	1	2	24791
49.6	0.25	1	2	24800
49.616	0.25	1	2	24808
49.632	0.25	1	2	24816
49.65	0.25	1	2	24825
49.666	0.25	1	2	24833
49.682	0.25	1	2	24841
49.7	0.25	1	2	24850
49.716	0.25	1	2	24858
49.732	0.25	1	2	24866
49.75	0.25	1	2	24875
49.766	0.25	1	2	24883
49.782	0.25	1	2	24891
49.8	0.25	1	2	24900
49.816	0.25	0	1	24908
49.832	0.25	0	1	24916
49.85	0.25	0	1	24925
49.866	0.25	0	1	24933
49.882	0.25	1	2	24941
49.9	0.25	1	2	24950
49.916	0.25	1	2	24958
49.932	0.25	1	2	24966
49.95	0.25	0	1	24975
49.966	0.25	0	1	24983
49.982	0.25	0	1	24991
50.0	0.25	0	1	25000
50.016	0.25	1	2	25008
50.032	0.25	1	2	25016
50.05	0.25	1	2	25025
50.066	0.25	1	2	25033
50.082	0.25	0	1	25041
50.1	0.25	0	1	25050
50.116	0.25	0	1	25058
50.132	0.25	0	1	25066
50.15	0.25	1	2	25075
50.166	0.25	1	2	25083
50.182	0.25	0	1	25091
50.2	0.25	0	1	25100
50.216	0.25	1	2	25108
50.232	0.25	1	2	25116
50.25	0.25	1	2	25125
50.266	0.25	1	2	25133
50.282	0.25	0	1	25141
50.3	0.25	0	1	25150
50.316	0.25	1	2	25158
50.332	0.25	1	2	25166
50.35	0.25	0	1	25175
50.366	0.25	0	1	25183
50.382	0.25	0	1	25191
50.4	0.25	0	1	25200
50.416	0.25	1	2	25208
50.432	0.25	1	2	25216
50.45	0.25	0	1	25225
50.466	0.25	0	1	25233
50.482	0.25	1	2	25241
50.5	0.25	1	2	25250
50.516	0.25	1	2	25258
50.532	0.25	1	2	25266
50.55	0.25	1	2	25275
50.566	0.25	1	2	25283
50.582	0.25	0	1	25291
50.6	0.25	0	1	25300
50.616	0.25	0	1	25308
50.632	0.25	0	1	25316
50.65	0.25	0	1	25325
50.666	0.25	0	1	25333
50.682	0.25	1	2	25341
50.7	0.25	1	2	25350
50.716	0.25	0	1	25358
50.732	0.25	0	1	25366
50.75	0.25	1	2	25375
50.766	0.25	1	2	25383
50.782	0.25	1	2	25391
50.8	0.25	1	2	25400
50.816	0.25	1	2	25408
50.832	0.25	1	2	25416
50.85	0.25	0	1	25425
50.866	0.25	0	1	25433
50.882	0.25	0	1	25441
50.9	0.25	0	1	25450
50.916	0.25	1	2	25458
50.932	0.25	1	2	25466
50.95	0.25	0	1	25475
50.966	0.25	0	1	25483
50.982	0.25	1	2	25491
51.0	0.25	1	2	25500
51.016	0.25	0	1	25508
51.032	0.25	0	1	25516
51.05	0.25	0	1	25525
51.066	0.25	0	1	25533
51.082	0.25	0	1	25541
51.1	0.25	0	1	25550
51.116	0.25	1	2	25558
51.132	0.25	1	2	25566
51.15	0.25	1	2	25575
51.166	0.25	1	2	25583
51.182	0.25	0	1	25591
51.2	0.25	0	1	25600
51.216	0.25	1	2	25608
51.232	0.25	1	2	25616
51.25	0.25	0	1	25625
51.266	0.25	0	1	25633
51.282	0.25	0	1	25641
51.3	0.25	0	1	25650
51.316	0.25	0	1	25658
51.332	0.25	0	1	25666
51.35	0.25	1	2	25675
51.366	0.25	1	2	25683
51.382	0.25	0	1	25691
51.4	0.25	0	1	25700
51.416	0.25	1	2	25708
51.432	0.25	1	2	25716
51.45	0.25	0	1	25725
51.466	0.25	0	1	25733
51.482	0.25	0	1	25741
51.5	0.25	0	1	25750
51.516	0.25	1	2	25758
55.532	0.25	0	1	27766
55.55	0.25	0	1	27775
55.566	0.25	0	1	27783
55.582	0.25	0	1	27791
55.6	0.25	1	2	27800
55.616	0.25	1	2	27808
55.632	0.25	1	2	27816
55.65	0.25	1	2	27825
55.666	0.25	0	1	27833
55.682	0.25	0	1	27841
55.7	0.25	0	1	27850
55.716	0.25	0	1	27858
55.732	0.25	0	1	27866
55.75	0.25	0	1	27875
55.766	0.25	0	1	27883
55.782	0.25	0	1	27891
55.8	0.25	1	2	27900
55.816	0.25	1	2	27908
55.832	0.25	1	2	27916
55.85	0.25	1	2	27925
55.866	0.25	1	2	27933
55.882	0.25	1	2	27941
55.9	0.25	1	2	27950
55.916	0.25	1	2	27958
55.932	0.25	1	2	27966
55.95	0.25	1	2	27975
55.966	0.25	0	1	27983
55.982	0.25	0	1	27991
56.0	0.25	0	1	28000
56.016	0.25	0	1	28008
56.032	0.25	0	1	28016
56.05	0.25	0	1	28025
56.066	0.25	0	1	28033
56.082	0.25	0	1	28041
56.1	0.25	0	1	28050
56.116	0.25	0	1	28058
56.132	0.25	0	1	28066
56.15	0.25	0	1	28075
56.166	0.25	1	2	28083
56.182	0.25	1	2	28091
56.2	0.25	1	2	28100
56.216	0.25	1	2	28108
56.232	0.25	0	1	28116
56.25	0.25	0	1	28125
56.266	0.25	0	1	28133
56.282	0.25	0	1	28141
56.3	0.25	1	2	28150
56.316	0.25	1	2	28158
56.332	0.25	0	1	28166
56.35	0.25	0	1	28175
56.366	0.25	1	2	28183
56.382	0.25	1	2	28191
56.4	0.25	0	1	28200
56.416	0.25	0	1	28208
56.432	0.25	1	2	28216
56.45	0.25	1	2	28225
56.466	0.25	0	1	28233
56.482	0.25	0	1	28241
56.5	0.25	1	2	28250
56.516	0.25	1	2	28258
56.532	0.25	1	2	28266
56.55	0.25	1	2	28275
56.566	0.25	0	1	28283
56.582	0.25	0	1	28291
56.6	0.25	1	2	28300
56.616	0.25	1	2	28308
56.632	0.25	0	1	28316
56.65	0.25	0	1	28325
56.666	0.25	0	1	28333
56.682	0.25	0	1	28341
56.7	0.25	0	1	28350
56.716	0.25	0	1	28358
56.732	0.25	1	2	28366
56.75	0.25	1	2	28375
56.766	0.25	0	1	28383
56.782	0.25	0	1	28391
56.8	0.25	0	1	28400
56.816	0.25	0	1	28408
56.832	0.25	0	1	28416
56.85	0.25	0	1	28425
56.866	0.25	1	2	28433
56.882	0.25	1	2	28441
56.9	0.25	1	2	28450
56.916	0.25	1	2	28458
56.932	0.25	1	2	28466
56.95	0.25	1	2	28475
56.966	0.25	0	1	28483
56.982	0.25	0	1	28491
57.0	0.25	1	2	28500
57.016	0.25	1	2	28508
57.032	0.25	0	1	28516
57.05	0.25	0	1	28525
57.066	0.25	1	2	28533
57.082	0.25	1	2	28541
57.1	0.25	1	2	28550
57.116	0.25	1	2	28558
57.132	0.25	1	2	28566
57.15	0.25	1	2	28575
57.166	0.25	1	2	28583
57.182	0.25	1	2	28591
57.2	0.25	1	2	28600
57.216	0.25	1	2	28608
57.232	0.25	0	1	28616
57.25	0.25	0	1	28625
57.266	0.25	0	1	28633
57.282	0.25	0	1	28641
57.3	0.25	1	2	28650
57.316	0.25	1	2	28658
57.332	0.25	0	1	28666
57.35	0.25	0	1	28675
57.366	0.25	0	1	28683
57.382	0.25	0	1	28691
57.4	0.25	0	1	28700
57.416	0.25	0	1	28708
57.432	0.25	1	2	28716
57.45	0.25	1	2	28725
57.466	0.25	1	2	28733
58.95	0.25	1	2	29475
58.966	0.25	1	2	29483
58.982	0.25	1	2	29491
59.0	0.25	1	2	29500
59.016	0.25	0	1	29508
59.032	0.25	0	1	29516
59.05	0.25	1	2	29525
59.066	0.25	1	2	29533
59.082	0.25	1	2	29541
59.1	0.25	1	2	29550
59.116	0.25	0	1	29558
59.132	0.25	0	1	29566
59.15	0.25	1	2	29575
59.166	0.25	1	2	29583
59.182	0.25	1	2	29591
59.2	0.25	1	2	29600
59.216	0.25	0	1	29608
59.232	0.25	0	1	29616
59.25	0.25	1	2	29625
59.266	0.25	1	2	29633
59.282	0.25	1	2	29641
59.3	0.25	1	2	29650
59.316	0.25	0	1	29658
59.332	0.25	0	1	29666
59.35	0.25	0	1	29675
59.366	0.25	0	1	29683
59.382	0.25	0	1	29691
59.4	0.25	0	1	29700
59.416	0.25	1	2	29708
59.432	0.25	1	2	29716
59.45	0.25	1	2	29725
59.466	0.25	1	2	29733
59.482	0.25	1	2	29741
59.5	0.25	1	2	29750
59.516	0.25	0	1	29758
59.532	0.25	0	1	29766
59.55	0.25	0	1	29775
59.566	0.25	0	1	29783
59.582	0.25	0	1	29791
59.6	0.25	0	1	29800
59.616	0.25	1	2	29808
59.632	0.25	1	2	29816
59.65	0.25	1	2	29825
59.666	0.25	1	2	29833
59.682	0.25	1	2	29841
59.7	0.25	1	2	29850
59.716	0.25	1	2	29858
59.732	0.25	1	2	29866
59.75	0.25	1	2	29875
59.766	0.25	1	2	29883
59.782	0.25	0	1	29891
59.8	0.25	0	1	29900
59.816	0.25	0	1	29908
59.832	0.25	0	1	29916
59.85	0.25	1	2	29925
59.866	0.25	1	2	29933
59.882	0.25	0	1	29941
59.9	0.25	0	1	29950
59.916	0.25	1	2	29958
59.932	0.25	1	2	29966
59.95	0.25	0	1	29975
59.966	0.25	0	1	29983
59.982	0.25	0	1	29991
60.0	0.25	0	1	30000
60.016	0.25	1	2	30008
60.032	0.25	1	2	30016
60.05	0.25	1	2	30025
60.066	0.25	1	2	30033
60.082	0.25	0	1	30041
60.1	0.25	0	1	30050
60.116	0.25	0	1	30058
60.132	0.25	0	1	30066
60.15	0.25	0	1	30075
60.166	0.25	0	1	30083
60.182	0.25	0	1	30091
60.2	0.25	0	1	30100
60.216	0.25	1	2	30108
60.232	0.25	1	2	30116
60.25	0.25	0	1	30125
60.266	0.25	0	1	30133
60.282	0.25	0	1	30141
60.3	0.25	0	1	30150
60.316	0.25	0	1	30158
60.332	0.25	0	1	30166
60.35	0.25	0	1	30175
60.366	0.25	0	1	30183
60.382	0.25	1	2	30191
60.4	0.25	1	2	30200
60.416	0.25	1	2	30208
60.432	0.25	1	2	30216
60.45	0.25	1	2	30225
60.466	0.25	1	2	30233
60.482	0.25	1	2	30241
60.5	0.25	1	2	30250
60.516	0.25	1	2	30258
60.532	0.25	1	2	30266
60.55	0.25	1	2	30275
60.566	0.25	1	2	30283
60.582	0.25	0	1	30291
60.6	0.25	0	1	30300
60.616	0.25	1	2	30308
60.632	0.25	1	2	30316
60.65	0.25	0	1	30325
60.666	0.25	0	1	30333
60.682	0.25	1	2	30341
60.7	0.25	1	2	30350
60.716	0.25	0	1	30358
60.732	0.25	0	1	30366
60.75	0.25	0	1	30375
60.766	0.25	0	1	30383
60.782	0.25	1	2	30391
60.8	0.25	1	2	30400
60.816	0.25	1	2	30408
60.832	0.25	1	2	30416
60.85	0.25	0	1	30425
60.866	0.25	0	1	30433
60.882	0.25	0	1	30441
62.366	0.25	1	2	31183
62.382	0.25	1	2	31191
62.4	0.25	1	2	31200
62.416	0.25	1	2	31208
62.432	0.25	0	1	31216
62.45	0.25	0	1	31225
62.466	0.25	0	1	31233
62.482	0.25	0	1	31241
62.5	0.25	0	1	31250
62.516	0.25	0	1	31258
62.532	0.25	0	1	31266
62.55	0.25	0	1	31275
62.566	0.25	1	2	31283
62.582	0.25	1	2	31291
62.6	0.25	0	1	31300
62.616	0.25	0	1	31308
62.632	0.25	0	1	31316
62.65	0.25	0	1	31325
62.666	0.25	1	2	31333
62.682	0.25	1	2	31341
62.7	0.25	1	2	31350
62.716	0.25	1	2	31358
62.732	0.25	0	1	31366
62.75	0.25	0	1	31375
62.766	0.25	0	1	31383
62.782	0.25	0	1	31391
62.8	0.25	0	1	31400
62.816	0.25	0	1	31408
62.832	0.25	0	1	31416
62.85	0.25	0	1	31425
62.866	0.25	0	1	31433
62.882	0.25	0	1	31441
62.9	0.25	0	1	31450
62.916	0.25	0	1	31458
62.932	0.25	1	2	31466
62.95	0.25	1	2	31475
62.966	0.25	0	1	31483
62.982	0.25	0	1	31491
63.0	0.25	1	2	31500
63.016	0.25	1	2	31508
63.032	0.25	1	2	31516
63.05	0.25	1	2	31525
63.066	0.25	0	1	31533
63.082	0.25	0	1	31541
63.1	0.25	1	2	31550
63.116	0.25	1	2	31558
63.132	0.25	0	1	31566
63.15	0.25	0	1	31575
63.166	0.25	1	2	31583
63.182	0.25	1	2	31591
63.2	0.25	0	1	31600
63.216	0.25	0	1	31608
63.232	0.25	1	2	31616
63.25	0.25	1	2	31625
63.266	0.25	0	1	31633
63.282	0.25	0	1	31641
63.3	0.25	0	1	31650
63.316	0.25	0	1	31658
63.332	0.25	0	1	31666
63.35	0.25	0	1	31675
63.366	0.25	1	2	31683
63.382	0.25	1	2	31691
63.4	0.25	1	2	31700
63.416	0.25	1	2	31708
63.432	0.25	1	2	31716
63.45	0.25	1	2	31725
63.466	0.25	0	1	31733
63.482	0.25	0	1	31741
63.5	0.25	1	2	31750
63.516	0.25	1	2	31758
63.532	0.25	1	2	31766
63.55	0.25	1	2	31775
63.566	0.25	1	2	31783
63.582	0.25	1	2	31791
63.6	0.25	0	1	31800
63.616	0.25	0	1	31808
63.632	0.25	1	2	31816
63.65	0.25	1	2	31825
63.666	0.25	0	1	31833
63.682	0.25	0	1	31841
63.7	0.25	1	2	31850
63.716	0.25	1	2	31858
63.732	0.25	1	2	31866
63.75	0.25	1	2	31875
63.766	0.25	0	1	31883
63.782	0.25	0	1	31891
63.8	0.25	0	1	31900
63.816	0.25	0	1	31908
63.832	0.25	0	1	31916
63.85	0.25	0	1	31925
63.866	0.25	1	2	31933
63.882	0.25	1	2	31941
63.9	0.25	1	2	31950
63.916	0.25	1	2	31958
63.932	0.25	0	1	31966
63.95	0.25	0	1	31975
63.966	0.25	1	2	31983
63.982	0.25	1	2	31991
64.0	0.25	1	2	32000
64.016	0.25	1	2	32008
64.032	0.25	1	2	32016
64.05	0.25	1	2	32025
64.066	0.25	0	1	32033
64.082	0.25	0	1	32041
64.098	0.25	0	1	32049
64.116	0.25	0	1	32058
64.132	0.25	0	1	32066
64.15	0.25	0	1	32075
64.166	0.25	0	1	32083
64.182	0.25	0	1	32091
64.2	0.25	0	1	32100
64.216	0.25	0	1	32108
64.232	0.25	1	2	32116
64.25	0.25	1	2	32125
64.266	0.25	1	2	32133
64.282	0.25	1	2	32141
64.3	0.25	1	2	32150
65.782	0.25	1	2	32891
65.8	0.25	1	2	32900
65.816	0.25	1	2	32908
65.832	0.25	1	2	32916
65.85	0.25	1	2	32925
65.866	0.25	1	2	32933
65.882	0.25	1	2	32941
65.9	0.25	1	2	32950
65.916	0.25	1	2	32958
65.932	0.25	1	2	32966
65.95	0.25	1	2	32975
65.966	0.25	1	2	32983
65.982	0.25	1	2	32991
66.0	0.25	1	2	33000
66.016	0.25	0	1	33008
66.032	0.25	0	1	33016
66.05	0.25	0	1	33025
66.066	0.25	0	1	33033
66.082	0.25	1	2	33041
66.1	0.25	1	2	33050
66.116	0.25	1	2	33058
66.132	0.25	1	2	33066
66.15	0.25	0	1	33075
66.166	0.25	0	1	33083
66.182	0.25	0	1	33091
66.2	0.25	0	1	33100
66.216	0.25	1	2	33108
66.232	0.25	1	2	33116
66.25	0.25	1	2	33125
66.266	0.25	1	2	33133
66.282	0.25	0	1	33141
66.3	0.25	0	1	33150
66.316	0.25	0	1	33158
66.332	0.25	0	1	33166
66.35	0.25	1	2	33175
66.366	0.25	1	2	33183
66.382	0.25	0	1	33191
66.4	0.25	0	1	33200
66.416	0.25	1	2	33208
66.432	0.25	1	2	33216
66.45	0.25	1	2	33225
66.466	0.25	1	2	33233
66.482	0.25	0	1	33241
66.5	0.25	0	1	33250
66.516	0.25	1	2	33258
66.532	0.25	1	2	33266
66.55	0.25	0	1	33275
66.566	0.25	0	1	33283
66.582	0.25	0	1	33291
66.6	0.25	0	1	33300
66.616	0.25	1	2	33308
66.632	0.25	1	2	33316
66.65	0.25	0	1	33325
66.666	0.25	0	1	33333
66.682	0.25	1	2	33341
66.7	0.25	1	2	33350
66.716	0.25	1	2	33358
66.732	0.25	1	2	33366
66.75	0.25	1	2	33375
66.766	0.25	1	2	33383
66.782	0.25	0	1	33391
66.8	0.25	0	1	33400
66.816	0.25	0	1	33408
66.832	0.25	0	1	33416
66.85	0.25	0	1	33425
66.866	0.25	0	1	33433
66.882	0.25	1	2	33441
66.9	0.25	1	2	33450
66.916	0.25	0	1	33458
66.932	0.25	0	1	33466
66.95	0.25	1	2	33475
66.966	0.25	1	2	33483
66.982	0.25	1	2	33491
67.0	0.25	1	2	33500
67.016	0.25	1	2	33508
67.032	0.25	1	2	33516
67.05	0.25	0	1	33525
67.066	0.25	0	1	33533
67.082	0.25	0	1	33541
67.1	0.25	0	1	33550
67.116	0.25	1	2	33558
67.132	0.25	1	2	33566
67.15	0.25	0	1	33575
67.166	0.25	0	1	33583
67.182	0.25	1	2	33591
67.2	0.25	1	2	33600
67.216	0.25	0	1	33608
67.232	0.25	0	1	33616
67.25	0.25	0	1	33625
67.266	0.25	0	1	33633
67.282	0.25	0	1	33641
67.3	0.25	0	1	33650
67.316	0.25	1	2	33658
67.332	0.25	1	2	33666
67.35	0.25	1	2	33675
67.366	0.25	1	2	33683
67.382	0.25	0	1	33691
67.4	0.25	0	1	33700
67.416	0.25	1	2	33708
67.432	0.25	1	2	33716
67.45	0.25	0	1	33725
67.466	0.25	0	1	33733
67.482	0.25	0	1	33741
67.5	0.25	0	1	33750
67.516	0.25	0	1	33758
67.532	0.25	0	1	33766
67.55	0.25	1	2	33775
67.566	0.25	1	2	33783
67.582	0.25	0	1	33791
67.6	0.25	0	1	33800
67.616	0.25	1	2	33808
67.632	0.25	1	2	33816
67.65	0.25	0	1	33825
67.666	0.25	0	1	33833
67.682	0.25	0	1	33841
67.7	0.25	0	1	33850
67.716	0.25	1	2	33858
71.916	0.25	1	2	35958
71.932	0.25	1	2	35966
71.95	0.25	1	2	35975
71.966	0.25	1	2	35983
71.982	0.25	1	2	35991
72.0	0.25	1	2	36000
72.016	0.25	1	2	36008
72.032	0.25	1	2	36016
72.05	0.25	1	2	36025
72.066	0.25	1	2	36033
72.082	0.25	1	2	36041
72.1	0.25	1	2	36050
72.116	0.25	1	2	36058
72.132	0.25	1	2	36066
72.15	0.25	0	1	36075
72.166	0.25	0	1	36083
72.182	0.25	0	1	36091
72.2	0.25	0	1	36100
72.216	0.25	1	2	36108
72.232	0.25	1	2	36116
72.25	0.25	1	2	36125
72.266	0.25	1	2	36133
72.282	0.25	0	1	36141
72.3	0.25	0	1	36150
72.316	0.25	0	1	36158
72.332	0.25	0	1	36166
72.35	0.25	1	2	36175
72.366	0.25	1	2	36183
72.382	0.25	1	2	36191
72.4	0.25	1	2	36200
72.416	0.25	0	1	36208
72.432	0.25	0	1	36216
72.45	0.25	0	1	36225
72.466	0.25	0	1	36233
72.482	0.25	1	2	36241
72.5	0.25	1	2	36250
72.516	0.25	0	1	36258
72.532	0.25	0	1	36266
72.55	0.25	1	2	36275
72.566	0.25	1	2	36283
72.582	0.25	1	2	36291
72.6	0.25	1	2	36300
72.616	0.25	0	1	36308
72.632	0.25	0	1	36316
72.65	0.25	1	2	36325
72.666	0.25	1	2	36333
72.682	0.25	0	1	36341
72.7	0.25	0	1	36350
72.716	0.25	0	1	36358
72.732	0.25	0	1	36366
72.75	0.25	1	2	36375
72.766	0.25	1	2	36383
72.782	0.25	0	1	36391
72.8	0.25	0	1	36400
72.816	0.25	1	2	36408
72.832	0.25	1	2	36416
72.85	0.25	1	2	36425
72.866	0.25	1	2	36433
72.882	0.25	1	2	36441
72.9	0.25	1	2	36450
72.916	0.25	0	1	36458
72.932	0.25	0	1	36466
72.95	0.25	0	1	36475
72.966	0.25	0	1	36483
72.982	0.25	0	1	36491
73.0	0.25	0	1	36500
73.016	0.25	1	2	36508
73.032	0.25	1	2	36516
73.05	0.25	0	1	36525
73.066	0.25	0	1	36533
73.082	0.25	1	2	36541
73.1	0.25	1	2	36550
73.116	0.25	1	2	36558
73.132	0.25	1	2	36566
73.15	0.25	1	2	36575
73.166	0.25	1	2	36583
73.182	0.25	0	1	36591
73.2	0.25	0	1	36600
73.216	0.25	0	1	36608
73.232	0.25	0	1	36616
73.25	0.25	1	2	36625
73.266	0.25	1	2	36633
73.282	0.25	0	1	36641
73.3	0.25	0	1	36650
73.316	0.25	1	2	36658
73.332	0.25	1	2	36666
73.35	0.25	0	1	36675
73.366	0.25	0	1	36683
73.382	0.25	0	1	36691
73.4	0.25	0	1	36700
73.416	0.25	0	1	36708
73.432	0.25	0	1	36716
73.45	0.25	1	2	36725
73.466	0.25	1	2	36733
73.482	0.25	1	2	36741
73.5	0.25	1	2	36750
73.516	0.25	0	1	36758
73.532	0.25	0	1	36766
73.55	0.25	1	2	36775
73.566	0.25	1	2	36783
73.582	0.25	0	1	36791
73.6	0.25	0	1	36800
73.616	0.25	0	1	36808
73.632	0.25	0	1	36816
73.65	0.25	0	1	36825
73.666	0.25	0	1	36833
73.682	0.25	1	2	36841
73.7	0.25	1	2	36850
73.716	0.25	0	1	36858
73.732	0.25	0	1	36866
73.75	0.25	1	2	36875
73.766	0.25	1	2	36883
73.782	0.25	0	1	36891
73.8	0.25	0	1	36900
73.816	0.25	0	1	36908
73.832	0.25	0	1	36916
73.85	0.25	1	2	36925
75.332	0.25	0	1	37666
75.35	0.25	0	1	37675
75.366	0.25	0	1	37683
75.382	0.25	0	1	37691
75.4	0.25	1	2	37700
75.416	0.25	1	2	37708
75.432	0.25	1	2	37716
75.45	0.25	1	2	37725
75.466	0.25	0	1	37733
75.482	0.25	0	1	37741
75.5	0.25	0	1	37750
75.516	0.25	0	1	37758
75.532	0.25	0	1	37766
75.55	0.25	0	1	37775
75.566	0.25	0	1	37783
75.582	0.25	0	1	37791
75.6	0.25	1	2	37800
75.616	0.25	1	2	37808
75.632	0.25	1	2	37816
75.65	0.25	1	2	37825
75.666	0.25	1	2	37833
75.682	0.25	1	2	37841
75.7	0.25	1	2	37850
75.716	0.25	1	2	37858
75.732	0.25	1	2	37866
75.75	0.25	1	2	37875
75.766	0.25	0	1	37883
75.782	0.25	0	1	37891
75.8	0.25	0	1	37900
75.816	0.25	0	1	37908
75.832	0.25	0	1	37916
75.85	0.25	0	1	37925
75.866	0.25	0	1	37933
75.882	0.25	0	1	37941
75.9	0.25	0	1	37950
75.916	0.25	0	1	37958
75.932	0.25	0	1	37966
75.95	0.25	0	1	37975
75.966	0.25	1	2	37983
75.982	0.25	1	2	37991
76.0	0.25	1	2	38000
76.016	0.25	1	2	38008
76.032	0.25	0	1	38016
76.05	0.25	0	1	38025
76.066	0.25	0	1	38033
76.082	0.25	0	1	38041
76.1	0.25	1	2	38050
76.116	0.25	1	2	38058
76.132	0.25	0	1	38066
76.15	0.25	0	1	38075
76.166	0.25	1	2	38083
76.182	0.25	1	2	38091
76.2	0.25	0	1	38100
76.216	0.25	0	1	38108
76.232	0.25	1	2	38116
76.25	0.25	1	2	38125
76.266	0.25	0	1	38133
76.282	0.25	0	1	38141
76.3	0.25	1	2	38150
76.316	0.25	1	2	38158
76.332	0.25	1	2	38166
76.35	0.25	1	2	38175
76.366	0.25	0	1	38183
76.382	0.25	0	1	38191
76.4	0.25	1	2	38200
76.416	0.25	1	2	38208
76.432	0.25	0	1	38216
76.45	0.25	0	1	38225
76.466	0.25	0	1	38233
76.482	0.25	0	1	38241
76.5	0.25	0	1	38250
76.516	0.25	0	1	38258
76.532	0.25	1	2	38266
76.55	0.25	1	2	38275
76.566	0.25	0	1	38283
76.582	0.25	0	1	38291
76.6	0.25	0	1	38300
76.616	0.25	0	1	38308
76.632	0.25	0	1	38316
76.65	0.25	0	1	38325
76.666	0.25	1	2	38333
76.682	0.25	1	2	38341
76.7	0.25	1	2	38350
76.716	0.25	1	2	38358
76.732	0.25	1	2	38366
76.75	0.25	1	2	38375
76.766	0.25	0	1	38383
76.782	0.25	0	1	38391
76.8	0.25	1	2	38400
76.816	0.25	1	2	38408
76.832	0.25	0	1	38416
76.85	0.25	0	1	38425
76.866	0.25	1	2	38433
76.882	0.25	1	2	38441
76.9	0.25	1	2	38450
76.916	0.25	1	2	38458
76.932	0.25	1	2	38466
76.95	0.25	1	2	38475
76.966	0.25	1	2	38483
76.982	0.25	1	2	38491
77.0	0.25	1	2	38500
77.016	0.25	1	2	38508
77.032	0.25	0	1	38516
77.05	0.25	0	1	38525
77.066	0.25	0	1	38533
77.082	0.25	0	1	38541
77.1	0.25	1	2	38550
77.116	0.25	1	2	38558
77.132	0.25	0	1	38566
77.15	0.25	0	1	38575
77.166	0.25	0	1	38583
77.182	0.25	0	1	38591
77.2	0.25	0	1	38600
77.216	0.25	0	1	38608
77.232	0.25	1	2	38616
77.25	0.25	1	2	38625
77.266	0.25	1	2	38633
78.75	0.25	1	2	39375
78.766	0.25	1	2	39383
78.782	0.25	1	2	39391
78.8	0.25	1	2	39400
78.816	0.25	0	1	39408
78.832	0.25	0	1	39416
78.85	0.25	0	1	39425
78.866	0.25	0	1	39433
78.882	0.25	0	1	39441
78.9	0.25	0	1	39450
78.916	0.25	0	1	39458
78.932	0.25	0	1	39466
78.95	0.25	1	2	39475
78.966	0.25	1	2	39483
78.982	0.25	0	1	39491
79.0	0.25	0	1	39500
79.016	0.25	0	1	39508
79.032	0.25	0	1	39516
79.05	0.25	1	2	39525
79.066	0.25	1	2	39533
79.082	0.25	1	2	39541
79.1	0.25	1	2	39550
79.116	0.25	0	1	39558
79.132	0.25	0	1	39566
79.15	0.25	0	1	39575
79.166	0.25	0	1	39583
79.182	0.25	0	1	39591
79.2	0.25	0	1	39600
79.216	0.25	0	1	39608
79.232	0.25	0	1	39616
79.25	0.25	0	1	39625
79.266	0.25	0	1	39633
79.282	0.25	0	1	39641
79.3	0.25	0	1	39650
79.316	0.25	1	2	39658
79.332	0.25	1	2	39666
79.35	0.25	0	1	39675
79.366	0.25	0	1	39683
79.382	0.25	1	2	39691
79.4	0.25	1	2	39700
79.416	0.25	1	2	39708
79.432	0.25	1	2	39716
79.45	0.25	0	1	39725
79.466	0.25	0	1	39733
79.482	0.25	1	2	39741
79.5	0.25	1	2	39750
79.516	0.25	0	1	39758
79.532	0.25	0	1	39766
79.55	0.25	1	2	39775
79.566	0.25	1	2	39783
79.582	0.25	0	1	39791
79.6	0.25	0	1	39800
79.616	0.25	1	2	39808
79.632	0.25	1	2	39816
79.65	0.25	0	1	39825
79.666	0.25	0	1	39833
79.682	0.25	0	1	39841
79.7	0.25	0	1	39850
79.716	0.25	0	1	39858
79.732	0.25	0	1	39866
79.75	0.25	1	2	39875
79.766	0.25	1	2	39883
79.782	0.25	1	2	39891
79.8	0.25	1	2	39900
79.816	0.25	1	2	39908
79.832	0.25	1	2	39916
79.85	0.25	0	1	39925
79.866	0.25	0	1	39933
79.882	0.25	1	2	39941
79.9	0.25	1	2	39950
79.916	0.25	1	2	39958
79.932	0.25	1	2	39966
79.95	0.25	1	2	39975
79.966	0.25	1	2	39983
79.982	0.25	0	1	39991
80.0	0.25	0	1	40000
80.016	0.25	1	2	40008
80.032	0.25	1	2	40016
80.05	0.25	0	1	40025
80.066	0.25	0	1	40033
80.082	0.25	1	2	40041
80.1	0.25	1	2	40050
80.116	0.25	1	2	40058
80.132	0.25	1	2	40066
80.15	0.25	0	1	40075
80.166	0.25	0	1	40083
80.182	0.25	0	1	40091
80.2	0.25	0	1	40100
80.216	0.25	0	1	40108
80.232	0.25	0	1	40116
80.25	0.25	1	2	40125
80.266	0.25	1	2	40133
80.282	0.25	1	2	40141
80.3	0.25	1	2	40150
80.316	0.25	0	1	40158
80.332	0.25	0	1	40166
80.35	0.25	1	2	40175
80.366	0.25	1	2	40183
80.382	0.25	1	2	40191
80.4	0.25	1	2	40200
80.416	0.25	1	2	40208
80.432	0.25	1	2	40216
80.45	0.25	0	1	40225
80.466	0.25	0	1	40233
80.482	0.25	0	1	40241
80.5	0.25	0	1	40250
80.516	0.25	0	1	40258
80.532	0.25	0	1	40266
80.55	0.25	0	1	40275
80.566	0.25	0	1	40283
80.582	0.25	0	1	40291
80.6	0.25	0	1	40300
80.616	0.25	1	2	40308
80.632	0.25	1	2	40316
80.65	0.25	1	2	40325
80.666	0.25	1	2	40333
80.682	0.25	1	2	40341
82.166	0.25	1	2	41083
82.182	0.25	1	2	41091
82.2	0.25	1	2	41100
82.216	0.25	1	2	41108
82.232	0.25	0	1	41116
82.25	0.25	0	1	41125
82.266	0.25	1	2	41133
82.282	0.25	1	2	41141
82.3	0.25	1	2	41150
82.316	0.25	1	2	41158
82.332	0.25	0	1	41166
82.35	0.25	0	1	41175
82.366	0.25	1	2	41183
82.382	0.25	1	2	41191
82.4	0.25	1	2	41200
82.416	0.25	1	2	41208
82.432	0.25	0	1	41216
82.45	0.25	0	1	41225
82.466	0.25	1	2	41233
82.482	0.25	1	2	41241
82.5	0.25	1	2	41250
82.516	0.25	1	2	41258
82.532	0.25	0	1	41266
82.55	0.25	0	1	41275
82.566	0.25	0	1	41283
82.582	0.25	0	1	41291
82.6	0.25	0	1	41300
82.616	0.25	0	1	41308
82.632	0.25	1	2	41316
82.65	0.25	1	2	41325
82.666	0.25	1	2	41333
82.682	0.25	1	2	41341
82.7	0.25	1	2	41350
82.716	0.25	1	2	41358
82.732	0.25	0	1	41366
82.75	0.25	0	1	41375
82.766	0.25	0	1	41383
82.782	0.25	0	1	41391
82.8	0.25	0	1	41400
82.816	0.25	0	1	41408
82.832	0.25	1	2	41416
82.85	0.25	1	2	41425
82.866	0.25	1	2	41433
82.882	0.25	1	2	41441
82.9	0.25	1	2	41450
82.916	0.25	1	2	41458
82.932	0.25	1	2	41466
82.95	0.25	1	2	41475
82.966	0.25	1	2	41483
82.982	0.25	1	2	41491
83.0	0.25	0	1	41500
83.016	0.25	0	1	41508
83.032	0.25	0	1	41516
83.05	0.25	0	1	41525
83.066	0.25	1	2	41533
83.082	0.25	1	2	41541
83.1	0.25	0	1	41550
83.116	0.25	0	1	41558
83.132	0.25	1	2	41566
83.15	0.25	1	2	41575
83.166	0.25	0	1	41583
83.182	0.25	0	1	41591
83.2	0.25	0	1	41600
83.216	0.25	0	1	41608
83.232	0.25	1	2	41616
83.25	0.25	1	2	41625
83.266	0.25	1	2	41633
83.282	0.25	1	2	41641
83.3	0.25	0	1	41650
83.316	0.25	0	1	41658
83.332	0.25	0	1	41666
83.35	0.25	0	1	41675
83.366	0.25	0	1	41683
83.382	0.25	0	1	41691
83.4	0.25	0	1	41700
83.416	0.25	0	1	41708
83.432	0.25	1	2	41716
83.45	0.25	1	2	41725
83.466	0.25	0	1	41733
83.482	0.25	0	1	41741
83.5	0.25	0	1	41750
83.516	0.25	0	1	41758
83.532	0.25	0	1	41766
83.55	0.25	0	1	41775
83.566	0.25	0	1	41783
83.582	0.25	0	1	41791
83.6	0.25	1	2	41800
83.616	0.25	1	2	41808
83.632	0.25	1	2	41816
83.65	0.25	1	2	41825
83.666	0.25	1	2	41833
83.682	0.25	1	2	41841
83.7	0.25	1	2	41850
83.716	0.25	1	2	41858
83.732	0.25	1	2	41866
83.75	0.25	1	2	41875
83.766	0.25	1	2	41883
83.782	0.25	1	2	41891
83.8	0.25	0	1	41900
83.816	0.25	0	1	41908
83.832	0.25	1	2	41916
83.85	0.25	1	2	41925
83.866	0.25	0	1	41933
83.882	0.25	0	1	41941
83.9	0.25	1	2	41950
83.916	0.25	1	2	41958
83.932	0.25	0	1	41966
83.95	0.25	0	1	41975
83.966	0.25	0	1	41983
83.982	0.25	0	1	41991
84.0	0.25	1	2	42000
84.016	0.25	1	2	42008
84.032	0.25	1	2	42016
84.05	0.25	1	2	42025
84.066	0.25	0	1	42033
84.082	0.25	0	1	42041
84.1	0.25	0	1	42050
88.266	0.25	1	2	44133
88.282	0.25	1	2	44141
88.3	0.25	1	2	44150
88.316	0.25	1	2	44158
88.332	0.25	0	1	44166
88.35	0.25	0	1	44175
88.366	0.25	1	2	44183
88.382	0.25	1	2	44191
88.4	0.25	1	2	44200
88.416	0.25	1	2	44208
88.432	0.25	0	1	44216
88.45	0.25	0	1	44225
88.466	0.25	1	2	44233
88.482	0.25	1	2	44241
88.5	0.25	1	2	44250
88.516	0.25	1	2	44258
88.532	0.25	0	1	44266
88.55	0.25	0	1	44275
88.566	0.25	1	2	44283
88.582	0.25	1	2	44291
88.6	0.25	1	2	44300
88.616	0.25	1	2	44308
88.632	0.25	0	1	44316
88.65	0.25	0	1	44325
88.666	0.25	0	1	44333
88.682	0.25	0	1	44341
88.7	0.25	0	1	44350
88.716	0.25	0	1	44358
88.732	0.25	1	2	44366
88.75	0.25	1	2	44375
88.766	0.25	1	2	44383
88.782	0.25	1	2	44391
88.8	0.25	1	2	44400
88.816	0.25	1	2	44408
88.832	0.25	0	1	44416
88.85	0.25	0	1	44425
88.866	0.25	0	1	44433
88.882	0.25	0	1	44441
88.9	0.25	0	1	44450
88.916	0.25	0	1	44458
88.932	0.25	1	2	44466
88.95	0.25	1	2	44475
88.966	0.25	1	2	44483
88.982	0.25	1	2	44491
89.0	0.25	1	2	44500
89.016	0.25	1	2	44508
89.032	0.25	1	2	44516
89.05	0.25	1	2	44525
89.066	0.25	1	2	44533
89.082	0.25	1	2	44541
89.1	0.25	0	1	44550
89.116	0.25	0	1	44558
89.132	0.25	0	1	44566
89.15	0.25	0	1	44575
89.166	0.25	1	2	44583
89.182	0.25	1	2	44591
89.2	0.25	0	1	44600
89.216	0.25	0	1	44608
89.232	0.25	1	2	44616
89.25	0.25	1	2	44625
89.266	0.25	0	1	44633
89.282	0.25	0	1	44641
89.3	0.25	0	1	44650
89.316	0.25	0	1	44658
89.332	0.25	1	2	44666
89.35	0.25	1	2	44675
89.366	0.25	1	2	44683
89.382	0.25	1	2	44691
89.4	0.25	0	1	44700
89.416	0.25	0	1	44708
89.432	0.25	0	1	44716
89.45	0.25	0	1	44725
89.466	0.25	0	1	44733
89.482	0.25	0	1	44741
89.5	0.25	0	1	44750
89.516	0.25	0	1	44758
89.532	0.25	1	2	44766
89.55	0.25	1	2	44775
89.566	0.25	0	1	44783
89.582	0.25	0	1	44791
89.6	0.25	0	1	44800
89.616	0.25	0	1	44808
89.632	0.25	0	1	44816
89.65	0.25	0	1	44825
89.666	0.25	0	1	44833
89.682	0.25	0	1	44841
89.7	0.25	1	2	44850
89.716	0.25	1	2	44858
89.732	0.25	1	2	44866
89.75	0.25	1	2	44875
89.766	0.25	1	2	44883
89.782	0.25	1	2	44891
89.8	0.25	1	2	44900
89.816	0.25	1	2	44908
89.832	0.25	1	2	44916
89.85	0.25	1	2	44925
89.866	0.25	1	2	44933
89.882	0.25	1	2	44941
89.9	0.25	0	1	44950
89.916	0.25	0	1	44958
89.932	0.25	1	2	44966
89.95	0.25	1	2	44975
89.966	0.25	0	1	44983
89.982	0.25	0	1	44991
90.0	0.25	1	2	45000
90.016	0.25	1	2	45008
90.032	0.25	0	1	45016
90.05	0.25	0	1	45025
90.066	0.25	0	1	45033
90.082	0.25	0	1	45041
90.1	0.25	1	2	45050
90.116	0.25	1	2	45058
90.132	0.25	1	2	45066
90.15	0.25	1	2	45075
90.166	0.25	0	1	45083
90.182	0.25	0	1	45091
90.2	0.25	0	1	45100
91.682	0.25	1	2	45841
91.7	0.25	1	2	45850
91.716	0.25	1	2	45858
91.732	0.25	1	2	45866
91.75	0.25	0	1	45875
91.766	0.25	0	1	45883
91.782	0.25	0	1	45891
91.8	0.25	0	1	45900
91.816	0.25	0	1	45908
91.832	0.25	0	1	45916
91.85	0.25	0	1	45925
91.866	0.25	0	1	45933
91.882	0.25	1	2	45941
91.9	0.25	1	2	45950
91.916	0.25	0	1	45958
91.932	0.25	0	1	45966
91.95	0.25	0	1	45975
91.966	0.25	0	1	45983
91.982	0.25	1	2	45991
92.0	0.25	1	2	46000
92.016	0.25	1	2	46008
92.032	0.25	1	2	46016
92.05	0.25	0	1	46025
92.066	0.25	0	1	46033
92.082	0.25	0	1	46041
92.1	0.25	0	1	46050
92.116	0.25	0	1	46058
92.132	0.25	0	1	46066
92.15	0.25	0	1	46075
92.166	0.25	0	1	46083
92.182	0.25	0	1	46091
92.2	0.25	0	1	46100
92.216	0.25	0	1	46108
92.232	0.25	0	1	46116
92.25	0.25	1	2	46125
92.266	0.25	1	2	46133
92.282	0.25	0	1	46141
92.3	0.25	0	1	46150
92.316	0.25	1	2	46158
92.332	0.25	1	2	46166
92.35	0.25	1	2	46175
92.366	0.25	1	2	46183
92.382	0.25	0	1	46191
92.4	0.25	0	1	46200
92.416	0.25	1	2	46208
92.432	0.25	1	2	46216
92.45	0.25	0	1	46225
92.466	0.25	0	1	46233
92.482	0.25	1	2	46241
92.5	0.25	1	2	46250
92.516	0.25	0	1	46258
92.532	0.25	0	1	46266
92.55	0.25	1	2	46275
92.566	0.25	1	2	46283
92.582	0.25	0	1	46291
92.6	0.25	0	1	46300
92.616	0.25	0	1	46308
92.632	0.25	0	1	46316
92.65	0.25	0	1	46325
92.666	0.25	0	1	46333
92.682	0.25	1	2	46341
92.7	0.25	1	2	46350
92.716	0.25	1	2	46358
92.732	0.25	1	2	46366
92.75	0.25	1	2	46375
92.766	0.25	1	2	46383
92.782	0.25	0	1	46391
92.8	0.25	0	1	46400
92.816	0.25	1	2	46408
92.832	0.25	1	2	46416
92.85	0.25	1	2	46425
92.866	0.25	1	2	46433
92.882	0.25	1	2	46441
92.9	0.25	1	2	46450
92.916	0.25	0	1	46458
92.932	0.25	0	1	46466
92.95	0.25	1	2	46475
92.966	0.25	1	2	46483
92.982	0.25	0	1	46491
93.0	0.25	0	1	46500
93.016	0.25	1	2	46508
93.032	0.25	1	2	46516
93.05	0.25	1	2	46525
93.066	0.25	1	2	46533
93.082	0.25	0	1	46541
93.1	0.25	0	1	46550
93.116	0.25	0	1	46558
93.132	0.25	0	1	46566
93.15	0.25	0	1	46575
93.166	0.25	0	1	46583
93.182	0.25	1	2	46591
93.2	0.25	1	2	46600
93.216	0.25	1	2	46608
93.232	0.25	1	2	46616
93.25	0.25	0	1	46625
93.266	0.25	0	1	46633
93.282	0.25	1	2	46641
93.3	0.25	1	2	46650
93.316	0.25	1	2	46658
93.332	0.25	1	2	46666
93.35	0.25	1	2	46675
93.366	0.25	1	2	46683
93.382	0.25	0	1	46691
93.4	0.25	0	1	46700
93.416	0.25	0	1	46708
93.432	0.25	0	1	46716
93.45	0.25	0	1	46725
93.466	0.25	0	1	46733
93.482	0.25	0	1	46741
93.5	0.25	0	1	46750
93.516	0.25	0	1	46758
93.532	0.25	0	1	46766
93.55	0.25	1	2	46775
93.566	0.25	1	2	46783
93.582	0.25	1	2	46791
93.6	0.25	1	2	46800
93.616	0.25	1	2	46808
95.1	0.25	0	1	47550
95.116	0.25	0	1	47558
95.132	0.25	0	1	47566
95.15	0.25	0	1	47575
95.166	0.25	1	2	47583
95.182	0.25	1	2	47591
95.2	0.25	1	2	47600
95.216	0.25	1	2	47608
95.232	0.25	0	1	47616
95.25	0.25	0	1	47625
95.266	0.25	0	1	47633
95.282	0.25	0	1	47641
95.3	0.25	0	1	47650
95.316	0.25	0	1	47658
95.332	0.25	0	1	47666
95.35	0.25	0	1	47675
95.366	0.25	1	2	47683
95.382	0.25	1	2	47691
95.4	0.25	1	2	47700
95.416	0.25	1	2	47708
95.432	0.25	1	2	47716
95.45	0.25	1	2	47725
95.466	0.25	1	2	47733
95.482	0.25	1	2	47741
95.5	0.25	1	2	47750
95.516	0.25	1	2	47758
95.532	0.25	0	1	47766
95.55	0.25	0	1	47775
95.566	0.25	0	1	47783
95.582	0.25	0	1	47791
95.6	0.25	0	1	47800
95.616	0.25	0	1	47808
95.632	0.25	0	1	47816
95.65	0.25	0	1	47825
95.666	0.25	0	1	47833
95.682	0.25	0	1	47841
95.7	0.25	0	1	47850
95.716	0.25	0	1	47858
95.732	0.25	1	2	47866
95.75	0.25	1	2	47875
95.766	0.25	1	2	47883
95.782	0.25	1	2	47891
95.8	0.25	0	1	47900
95.816	0.25	0	1	47908
95.832	0.25	0	1	47916
95.85	0.25	0	1	47925
95.866	0.25	1	2	47933
95.882	0.25	1	2	47941
95.9	0.25	0	1	47950
95.916	0.25	0	1	47958
95.932	0.25	1	2	47966
95.95	0.25	1	2	47975
95.966	0.25	0	1	47983
95.982	0.25	0	1	47991
96.0	0.25	1	2	48000
96.016	0.25	1	2	48008
96.032	0.25	0	1	48016
96.05	0.25	0	1	48025
96.066	0.25	1	2	48033
96.082	0.25	1	2	48041
96.1	0.25	1	2	48050
96.116	0.25	1	2	48058
96.132	0.25	0	1	48066
96.15	0.25	0	1	48075
96.166	0.25	1	2	48083
96.182	0.25	1	2	48091
96.2	0.25	0	1	48100
96.216	0.25	0	1	48108
96.232	0.25	0	1	48116
96.25	0.25	0	1	48125
96.266	0.25	0	1	48133
96.282	0.25	0	1	48141
96.3	0.25	1	2	48150
96.316	0.25	1	2	48158
96.332	0.25	0	1	48166
96.35	0.25	0	1	48175
96.366	0.25	0	1	48183
96.382	0.25	0	1	48191
96.4	0.25	0	1	48200
96.416	0.25	0	1	48208
96.432	0.25	1	2	48216
96.45	0.25	1	2	48225
96.466	0.25	1	2	48233
96.482	0.25	1	2	48241
96.5	0.25	1	2	48250
96.516	0.25	1	2	48258
96.532	0.25	0	1	48266
96.55	0.25	0	1	48275
96.566	0.25	1	2	48283
96.582	0.25	1	2	48291
96.6	0.25	0	1	48300
96.616	0.25	0	1	48308
96.632	0.25	1	2	48316
96.65	0.25	1	2	48325
96.666	0.25	1	2	48333
96.682	0.25	1	2	48341
96.7	0.25	1	2	48350
96.716	0.25	1	2	48358
96.732	0.25	1	2	48366
96.75	0.25	1	2	48375
96.766	0.25	1	2	48383
96.782	0.25	1	2	48391
96.8	0.25	0	1	48400
96.816	0.25	0	1	48408
96.832	0.25	0	1	48416
96.85	0.25	0	1	48425
96.866	0.25	1	2	48433
96.882	0.25	1	2	48441
96.9	0.25	0	1	48450
96.916	0.25	0	1	48458
96.932	0.25	0	1	48466
96.95	0.25	0	1	48475
96.966	0.25	0	1	48483
96.982	0.25	0	1	48491
97.0	0.25	1	2	48500
97.016	0.25	1	2	48508
97.032	0.25	1	2	48516
98.516	0.25	1	2	49258
98.532	0.25	1	2	49266
98.55	0.25	1	2	49275
98.566	0.25	1	2	49283
98.582	0.25	1	2	49291
98.6	0.25	1	2	49300
98.616	0.25	1	2	49308
98.632	0.25	1	2	49316
98.65	0.25	1	2	49325
98.666	0.25	1	2	49333
98.682	0.25	1	2	49341
98.7	0.25	1	2	49350
98.716	0.25	1	2	49358
98.732	0.25	1	2	49366
98.75	0.25	0	1	49375
98.766	0.25	0	1	49383
98.782	0.25	0	1	49391
98.8	0.25	0	1	49400
98.816	0.25	1	2	49408
98.832	0.25	1	2	49416
98.85	0.25	1	2	49425
98.866	0.25	1	2	49433
98.882	0.25	0	1	49441
98.9	0.25	0	1	49450
98.916	0.25	0	1	49458
98.932	0.25	0	1	49466
98.95	0.25	1	2	49475
98.966	0.25	1	2	49483
98.982	0.25	1	2	49491
99.0	0.25	1	2	49500
99.016	0.25	0	1	49508
99.032	0.25	0	1	49516
99.05	0.25	0	1	49525
99.066	0.25	0	1	49533
99.082	0.25	1	2	49541
99.1	0.25	1	2	49550
99.116	0.25	0	1	49558
99.132	0.25	0	1	49566
99.15	0.25	1	2	49575
99.166	0.25	1	2	49583
99.182	0.25	1	2	49591
99.2	0.25	1	2	49600
99.216	0.25	0	1	49608
99.232	0.25	0	1	49616
99.25	0.25	1	2	49625
99.266	0.25	1	2	49633
99.282	0.25	0	1	49641
99.3	0.25	0	1	49650
99.316	0.25	0	1	49658
99.332	0.25	0	1	49666
99.35	0.25	1	2	49675
99.366	0.25	1	2	49683
99.382	0.25	0	1	49691
99.4	0.25	0	1	49700
99.416	0.25	1	2	49708
99.432	0.25	1	2	49716
99.45	0.25	1	2	49725
99.466	0.25	1	2	49733
99.482	0.25	1	2	49741
99.5	0.25	1	2	49750
99.516	0.25	0	1	49758
99.532	0.25	0	1	49766
99.55	0.25	0	1	49775
99.566	0.25	0	1	49783
99.582	0.25	0	1	49791
99.6	0.25	0	1	49800
99.616	0.25	1	2	49808
99.632	0.25	1	2	49816
99.65	0.25	0	1	49825
99.666	0.25	0	1	49833
99.682	0.25	1	2	49841
99.7	0.25	1	2	49850
99.716	0.25	1	2	49858
99.732	0.25	1	2	49866
99.75	0.25	1	2	49875
99.766	0.25	1	2	49883
99.782	0.25	0	1	49891
99.8	0.25	0	1	49900
99.816	0.25	0	1	49908
99.832	0.25	0	1	49916
99.85	0.25	1	2	49925
99.866	0.25	1	2	49933
99.882	0.25	0	1	49941
99.9	0.25	0	1	49950
99.916	0.25	1	2	49958
99.932	0.25	1	2	49966
99.95	0.25	0	1	49975
99.966	0.25	0	1	49983
99.982	0.25	0	1	49991
100.0	0.25	0	1	50000
100.016	0.25	0	1	50008
100.032	0.25	0	1	50016
100.05	0.25	1	2	50025
100.066	0.25	1	2	50033
100.082	0.25	1	2	50041
100.1	0.25	1	2	50050
100.116	0.25	0	1	50058
100.132	0.25	0	1	50066
100.15	0.25	1	2	50075
100.166	0.25	1	2	50083
100.182	0.25	0	1	50091
100.2	0.25	0	1	50100
100.216	0.25	0	1	50108
100.232	0.25	0	1	50116
100.25	0.25	0	1	50125
100.266	0.25	0	1	50133
100.282	0.25	1	2	50141
100.3	0.25	1	2	50150
100.316	0.25	0	1	50158
100.332	0.25	0	1	50166
100.35	0.25	1	2	50175
100.366	0.25	1	2	50183
100.382	0.25	0	1	50191
100.4	0.25	0	1	50200
100.416	0.25	0	1	50208
100.432	0.25	0	1	50216
100.45	0.25	1	2	50225
105.366	0.25	1	2	52683
105.382	0.25	1	2	52691
105.4	0.25	1	2	52700
105.416	0.25	1	2	52708
105.432	0.25	0	1	52716
105.45	0.25	0	1	52725
105.466	0.25	1	2	52733
105.482	0.25	1	2	52741
105.5	0.25	1	2	52750
105.516	0.25	1	2	52758
105.532	0.25	0	1	52766
105.55	0.25	0	1	52775
105.566	0.25	1	2	52783
105.582	0.25	1	2	52791
105.6	0.25	1	2	52800
105.616	0.25	1	2	52808
105.632	0.25	0	1	52816
105.65	0.25	0	1	52825
105.666	0.25	1	2	52833
105.682	0.25	1	2	52841
105.7	0.25	1	2	52850
105.716	0.25	1	2	52858
105.732	0.25	0	1	52866
105.75	0.25	0	1	52875
105.766	0.25	0	1	52883
105.782	0.25	0	1	52891
105.8	0.25	0	1	52900
105.816	0.25	0	1	52908
105.832	0.25	1	2	52916
105.85	0.25	1	2	52925
105.866	0.25	1	2	52933
105.882	0.25	1	2	52941
105.9	0.25	1	2	52950
105.916	0.25	1	2	52958
105.932	0.25	0	1	52966
105.95	0.25	0	1	52975
105.966	0.25	0	1	52983
105.982	0.25	0	1	52991
106.0	0.25	0	1	53000
106.016	0.25	0	1	53008
106.032	0.25	1	2	53016
106.05	0.25	1	2	53025
106.066	0.25	1	2	53033
106.082	0.25	1	2	53041
106.1	0.25	1	2	53050
106.116	0.25	1	2	53058
106.132	0.25	1	2	53066
106.15	0.25	1	2	53075
106.166	0.25	1	2	53083
106.182	0.25	1	2	53091
106.2	0.25	0	1	53100
106.216	0.25	0	1	53108
106.232	0.25	0	1	53116
106.25	0.25	0	1	53125
106.266	0.25	1	2	53133
106.282	0.25	1	2	53141
106.3	0.25	0	1	53150
106.316	0.25	0	1	53158
106.332	0.25	1	2	53166
106.35	0.25	1	2	53175
106.366	0.25	0	1	53183
106.382	0.25	0	1	53191
106.4	0.25	0	1	53200
106.416	0.25	0	1	53208
106.432	0.25	1	2	53216
106.45	0.25	1	2	53225
106.466	0.25	1	2	53233
106.482	0.25	1	2	53241
106.5	0.25	0	1	53250
106.516	0.25	0	1	53258
106.532	0.25	0	1	53266
106.55	0.25	0	1	53275
106.566	0.25	0	1	53283
106.582	0.25	0	1	53291
106.6	0.25	0	1	53300
106.616	0.25	0	1	53308
106.632	0.25	1	2	53316
106.65	0.25	1	2	53325
106.666	0.25	0	1	53333
106.682	0.25	0	1	53341
106.7	0.25	0	1	53350
106.716	0.25	0	1	53358
106.732	0.25	0	1	53366
106.75	0.25	0	1	53375
106.766	0.25	0	1	53383
106.782	0.25	0	1	53391
106.8	0.25	1	2	53400
106.816	0.25	1	2	53408
106.832	0.25	1	2	53416
106.85	0.25	1	2	53425
106.866	0.25	1	2	53433
106.882	0.25	1	2	53441
106.9	0.25	1	2	53450
106.916	0.25	1	2	53458
106.932	0.25	1	2	53466
106.95	0.25	1	2	53475
106.966	0.25	1	2	53483
106.982	0.25	1	2	53491
107.0	0.25	0	1	53500
107.016	0.25	0	1	53508
107.032	0.25	1	2	53516
107.05	0.25	1	2	53525
107.066	0.25	0	1	53533
107.082	0.25	0	1	53541
107.1	0.25	1	2	53550
107.116	0.25	1	2	53558
107.132	0.25	0	1	53566
107.15	0.25	0	1	53575
107.166	0.25	0	1	53583
107.182	0.25	0	1	53591
107.2	0.25	1	2	53600
107.216	0.25	1	2	53608
107.232	0.25	1	2	53616
107.25	0.25	1	2	53625
107.266	0.25	0	1	53633
107.282	0.25	0	1	53641
107.3	0.25	0	1	53650
108.782	0.25	1	2	54391
108.8	0.25	1	2	54400
108.816	0.25	1	2	54408
108.832	0.25	1	2	54416
108.85	0.25	0	1	54425
108.866	0.25	0	1	54433
108.882	0.25	0	1	54441
108.9	0.25	0	1	54450
108.916	0.25	0	1	54458
108.932	0.25	0	1	54466
108.95	0.25	0	1	54475
108.966	0.25	0	1	54483
108.982	0.25	1	2	54491
109.0	0.25	1	2	54500
109.016	0.25	0	1	54508
109.032	0.25	0	1	54516
109.05	0.25	0	1	54525
109.066	0.25	0	1	54533
109.082	0.25	1	2	54541
109.1	0.25	1	2	54550
109.116	0.25	1	2	54558
109.132	0.25	1	2	54566
109.15	0.25	0	1	54575
109.166	0.25	0	1	54583
109.182	0.25	0	1	54591
109.2	0.25	0	1	54600
109.216	0.25	0	1	54608
109.232	0.25	0	1	54616
109.25	0.25	0	1	54625
109.266	0.25	0	1	54633
109.282	0.25	0	1	54641
109.3	0.25	0	1	54650
109.316	0.25	0	1	54658
109.332	0.25	0	1	54666
109.35	0.25	1	2	54675
109.366	0.25	1	2	54683
109.382	0.25	0	1	54691
109.4	0.25	0	1	54700
109.416	0.25	1	2	54708
109.432	0.25	1	2	54716
109.45	0.25	1	2	54725
109.466	0.25	1	2	54733
109.482	0.25	0	1	54741
109.5	0.25	0	1	54750
109.516	0.25	1	2	54758
109.532	0.25	1	2	54766
109.55	0.25	0	1	54775
109.566	0.25	0	1	54783
109.582	0.25	1	2	54791
109.6	0.25	1	2	54800
109.616	0.25	0	1	54808
109.632	0.25	0	1	54816
109.65	0.25	1	2	54825
109.666	0.25	1	2	54833
109.682	0.25	0	1	54841
109.7	0.25	0	1	54850
109.716	0.25	0	1	54858
109.732	0.25	0	1	54866
109.75	0.25	0	1	54875
109.766	0.25	0	1	54883
109.782	0.25	1	2	54891
109.8	0.25	1	2	54900
109.816	0.25	1	2	54908
109.832	0.25	1	2	54916
109.85	0.25	1	2	54925
109.866	0.25	1	2	54933
109.882	0.25	0	1	54941
109.9	0.25	0	1	54950
109.916	0.25	1	2	54958
109.932	0.25	1	2	54966
109.95	0.25	1	2	54975
109.966	0.25	1	2	54983
109.982	0.25	1	2	54991
110.0	0.25	1	2	55000
110.016	0.25	0	1	55008
110.032	0.25	0	1	55016
110.05	0.25	1	2	55025
110.066	0.25	1	2	55033
110.082	0.25	0	1	55041
110.1	0.25	0	1	55050
110.116	0.25	1	2	55058
110.132	0.25	1	2	55066
110.15	0.25	1	2	55075
110.166	0.25	1	2	55083
110.182	0.25	0	1	55091
110.2	0.25	0	1	55100
110.216	0.25	0	1	55108
110.232	0.25	0	1	55116
110.25	0.25	0	1	55125
110.266	0.25	0	1	55133
110.282	0.25	1	2	55141
110.3	0.25	1	2	55150
110.316	0.25	1	2	55158
110.332	0.25	1	2	55166
110.35	0.25	0	1	55175
110.366	0.25	0	1	55183
110.382	0.25	1	2	55191
110.4	0.25	1	2	55200
110.416	0.25	1	2	55208
110.432	0.25	1	2	55216
110.45	0.25	1	2	55225
110.466	0.25	1	2	55233
110.482	0.25	0	1	55241
110.5	0.25	0	1	55250
110.516	0.25	0	1	55258
110.532	0.25	0	1	55266
110.55	0.25	0	1	55275
110.566	0.25	0	1	55283
110.582	0.25	0	1	55291
110.6	0.25	0	1	55300
110.616	0.25	0	1	55308
110.632	0.25	0	1	55316
110.65	0.25	1	2	55325
110.666	0.25	1	2	55333
110.682	0.25	1	2	55341
110.7	0.25	1	2	55350
110.716	0.25	1	2	55358
112.2	0.25	1	2	56100
112.216	0.25	1	2	56108
112.232	0.25	1	2	56116
112.25	0.25	1	2	56125
112.266	0.25	1	2	56133
112.282	0.25	1	2	56141
112.3	0.25	1	2	56150
112.316	0.25	1	2	56158
112.332	0.25	1	2	56166
112.35	0.25	1	2	56175
112.366	0.25	1	2	56183
112.382	0.25	1	2	56191
112.4	0.25	1	2	56200
112.416	0.25	1	2	56208
112.432	0.25	0	1	56216
112.45	0.25	0	1	56225
112.466	0.25	0	1	56233
112.482	0.25	0	1	56241
112.5	0.25	1	2	56250
112.516	0.25	1	2	56258
112.532	0.25	1	2	56266
112.55	0.25	1	2	56275
112.566	0.25	0	1	56283
112.582	0.25	0	1	56291
112.6	0.25	0	1	56300
112.616	0.25	0	1	56308
112.632	0.25	1	2	56316
112.65	0.25	1	2	56325
112.666	0.25	1	2	56333
112.682	0.25	1	2	56341
112.7	0.25	0	1	56350
112.716	0.25	0	1	56358
112.732	0.25	0	1	56366
112.75	0.25	0	1	56375
112.766	0.25	1	2	56383
112.782	0.25	1	2	56391
112.8	0.25	0	1	56400
112.816	0.25	0	1	56408
112.832	0.25	1	2	56416
112.85	0.25	1	2	56425
112.866	0.25	1	2	56433
112.882	0.25	1	2	56441
112.9	0.25	0	1	56450
112.916	0.25	0	1	56458
112.932	0.25	1	2	56466
112.95	0.25	1	2	56475
112.966	0.25	0	1	56483
112.982	0.25	0	1	56491
113.0	0.25	0	1	56500
113.016	0.25	0	1	56508
113.032	0.25	1	2	56516
113.05	0.25	1	2	56525
113.066	0.25	0	1	56533
113.082	0.25	0	1	56541
113.1	0.25	1	2	56550
113.116	0.25	1	2	56558
113.132	0.25	1	2	56566
113.15	0.25	1	2	56575
113.166	0.25	1	2	56583
113.182	0.25	1	2	56591
113.2	0.25	0	1	56600
113.216	0.25	0	1	56608
113.232	0.25	0	1	56616
113.25	0.25	0	1	56625
113.266	0.25	0	1	56633
113.282	0.25	0	1	56641
113.3	0.25	1	2	56650
113.316	0.25	1	2	56658
113.332	0.25	0	1	56666
113.35	0.25	0	1	56675
113.366	0.25	1	2	56683
113.382	0.25	1	2	56691
113.4	0.25	1	2	56700
113.416	0.25	1	2	56708
113.432	0.25	1	2	56716
113.45	0.25	1	2	56725
113.466	0.25	0	1	56733
113.482	0.25	0	1	56741
113.5	0.25	0	1	56750
113.516	0.25	0	1	56758
113.532	0.25	1	2	56766
113.55	0.25	1	2	56775
113.566	0.25	0	1	56783
113.582	0.25	0	1	56791
113.6	0.25	1	2	56800
113.616	0.25	1	2	56808
113.632	0.25	0	1	56816
113.65	0.25	0	1	56825
113.666	0.25	0	1	56833
113.682	0.25	0	1	56841
113.7	0.25	0	1	56850
113.716	0.25	0	1	56858
113.732	0.25	1	2	56866
113.75	0.25	1	2	56875
113.766	0.25	1	2	56883
113.782	0.25	1	2	56891
113.8	0.25	0	1	56900
113.816	0.25	0	1	56908
113.832	0.25	1	2	56916
113.85	0.25	1	2	56925
113.866	0.25	0	1	56933
113.882	0.25	0	1	56941
113.9	0.25	0	1	56950
113.916	0.25	0	1	56958
113.932	0.25	0	1	56966
113.95	0.25	0	1	56975
113.966	0.25	1	2	56983
113.982	0.25	1	2	56991
114.0	0.25	0	1	57000
114.016	0.25	0	1	57008
114.032	0.25	1	2	57016
114.05	0.25	1	2	57025
114.066	0.25	0	1	57033
114.082	0.25	0	1	57041
114.1	0.25	0	1	57050
114.116	0.25	0	1	57058
114.132	0.25	1	2	57066
115.616	0.25	0	1	57808
115.632	0.25	0	1	57816
115.65	0.25	0	1	57825
115.666	0.25	0	1	57833
115.682	0.25	1	2	57841
115.7	0.25	1	2	57850
115.716	0.25	1	2	57858
115.732	0.25	1	2	57866
115.75	0.25	0	1	57875
115.766	0.25	0	1	57883
115.782	0.25	0	1	57891
115.8	0.25	0	1	57900
115.816	0.25	0	1	57908
115.832	0.25	0	1	57916
115.85	0.25	0	1	57925
115.866	0.25	0	1	57933
115.882	0.25	1	2	57941
115.9	0.25	1	2	57950
115.916	0.25	1	2	57958
115.932	0.25	1	2	57966
115.95	0.25	1	2	57975
115.966	0.25	1	2	57983
115.982	0.25	1	2	57991
116.0	0.25	1	2	58000
116.016	0.25	1	2	58008
116.032	0.25	1	2	58016
116.05	0.25	0	1	58025
116.066	0.25	0	1	58033
116.082	0.25	0	1	58041
116.1	0.25	0	1	58050
116.116	0.25	0	1	58058
116.132	0.25	0	1	58066
116.15	0.25	0	1	58075
116.166	0.25	0	1	58083
116.182	0.25	0	1	58091
116.2	0.25	0	1	58100
116.216	0.25	0	1	58108
116.232	0.25	0	1	58116
116.25	0.25	1	2	58125
116.266	0.25	1	2	58133
116.282	0.25	1	2	58141
116.3	0.25	1	2	58150
116.316	0.25	0	1	58158
116.332	0.25	0	1	58166
116.35	0.25	0	1	58175
116.366	0.25	0	1	58183
116.382	0.25	1	2	58191
116.4	0.25	1	2	58200
116.416	0.25	0	1	58208
116.432	0.25	0	1	58216
116.45	0.25	1	2	58225
116.466	0.25	1	2	58233
116.482	0.25	0	1	58241
116.5	0.25	0	1	58250
116.516	0.25	1	2	58258
116.532	0.25	1	2	58266
116.55	0.25	0	1	58275
116.566	0.25	0	1	58283
116.582	0.25	1	2	58291
116.6	0.25	1	2	58300
116.616	0.25	1	2	58308
116.632	0.25	1	2	58316
116.65	0.25	0	1	58325
116.666	0.25	0	1	58333
116.682	0.25	1	2	58341
116.7	0.25	1	2	58350
116.716	0.25	0	1	58358
116.732	0.25	0	1	58366
116.75	0.25	0	1	58375
116.766	0.25	0	1	58383
116.782	0.25	0	1	58391
116.8	0.25	0	1	58400
116.816	0.25	1	2	58408
116.832	0.25	1	2	58416
116.85	0.25	0	1	58425
116.866	0.25	0	1	58433
116.882	0.25	0	1	58441
116.9	0.25	0	1	58450
116.916	0.25	0	1	58458
116.932	0.25	0	1	58466
116.95	0.25	1	2	58475
116.966	0.25	1	2	58483
116.982	0.25	1	2	58491
117.0	0.25	1	2	58500
117.016	0.25	1	2	58508
117.032	0.25	1	2	58516
117.05	0.25	0	1	58525
117.066	0.25	0	1	58533
117.082	0.25	1	2	58541
117.1	0.25	1	2	58550
117.116	0.25	0	1	58558
117.132	0.25	0	1	58566
117.15	0.25	1	2	58575
117.166	0.25	1	2	58583
117.182	0.25	1	2	58591
117.2	0.25	1	2	58600
117.216	0.25	1	2	58608
117.232	0.25	1	2	58616
117.25	0.25	1	2	58625
117.266	0.25	1	2	58633
117.282	0.25	1	2	58641
117.3	0.25	1	2	58650
117.316	0.25	0	1	58658
117.332	0.25	0	1	58666
117.35	0.25	0	1	58675
117.366	0.25	0	1	58683
117.382	0.25	1	2	58691
117.4	0.25	1	2	58700
117.416	0.25	0	1	58708
117.432	0.25	0	1	58716
117.45	0.25	0	1	58725
117.466	0.25	0	1	58733
117.482	0.25	0	1	58741
117.5	0.25	0	1	58750
117.516	0.25	1	2	58758
117.532	0.25	1	2	58766
117.55	0.25	1	2	58775
121.066	0.25	1	2	60533
121.082	0.25	1	2	60541
121.1	0.25	1	2	60550
121.116	0.25	1	2	60558
121.132	0.25	1	2	60566
121.15	0.25	1	2	60575
121.166	0.25	1	2	60583
121.182	0.25	1	2	60591
121.2	0.25	1	2	60600
121.216	0.25	1	2	60608
121.232	0.25	1	2	60616
121.25	0.25	1	2	60625
121.266	0.25	1	2	60633
121.282	0.25	1	2	60641
121.3	0.25	0	1	60650
121.316	0.25	0	1	60658
121.332	0.25	0	1	60666
121.35	0.25	0	1	60675
121.366	0.25	1	2	60683
121.382	0.25	1	2	60691
121.4	0.25	1	2	60700
121.416	0.25	1	2	60708
121.432	0.25	0	1	60716
121.45	0.25	0	1	60725
121.466	0.25	0	1	60733
121.482	0.25	0	1	60741
121.5	0.25	1	2	60750
121.516	0.25	1	2	60758
121.532	0.25	1	2	60766
121.55	0.25	1	2	60775
121.566	0.25	0	1	60783
121.582	0.25	0	1	60791
121.6	0.25	0	1	60800
121.616	0.25	0	1	60808
121.632	0.25	1	2	60816
121.65	0.25	1	2	60825
121.666	0.25	0	1	60833
121.682	0.25	0	1	60841
121.7	0.25	1	2	60850
121.716	0.25	1	2	60858
121.732	0.25	1	2	60866
121.75	0.25	1	2	60875
121.766	0.25	0	1	60883
121.782	0.25	0	1	60891
121.8	0.25	1	2	60900
121.816	0.25	1	2	60908
121.832	0.25	0	1	60916
121.85	0.25	0	1	60925
121.866	0.25	0	1	60933
121.882	0.25	0	1	60941
121.9	0.25	1	2	60950
121.916	0.25	1	2	60958
121.932	0.25	0	1	60966
121.95	0.25	0	1	60975
121.966	0.25	1	2	60983
121.982	0.25	1	2	60991
122.0	0.25	1	2	61000
122.016	0.25	1	2	61008
122.032	0.25	1	2	61016
122.05	0.25	1	2	61025
122.066	0.25	0	1	61033
122.082	0.25	0	1	61041
122.1	0.25	0	1	61050
122.116	0.25	0	1	61058
122.132	0.25	0	1	61066
122.15	0.25	0	1	61075
122.166	0.25	1	2	61083
122.182	0.25	1	2	61091
122.2	0.25	0	1	61100
122.216	0.25	0	1	61108
122.232	0.25	1	2	61116
122.25	0.25	1	2	61125
122.266	0.25	1	2	61133
122.282	0.25	1	2	61141
122.3	0.25	1	2	61150
122.316	0.25	1	2	61158
122.332	0.25	0	1	61166
122.35	0.25	0	1	61175
122.366	0.25	0	1	61183
122.382	0.25	0	1	61191
122.4	0.25	1	2	61200
122.416	0.25	1	2	61208
122.432	0.25	0	1	61216
122.45	0.25	0	1	61225
122.466	0.25	1	2	61233
122.482	0.25	1	2	61241
122.5	0.25	0	1	61250
122.516	0.25	0	1	61258
122.532	0.25	0	1	61266
122.55	0.25	0	1	61275
122.566	0.25	0	1	61283
122.582	0.25	0	1	61291
122.6	0.25	1	2	61300
122.616	0.25	1	2	61308
122.632	0.25	1	2	61316
122.65	0.25	1	2	61325
122.666	0.25	0	1	61333
122.682	0.25	0	1	61341
122.7	0.25	1	2	61350
122.716	0.25	1	2	61358
122.732	0.25	0	1	61366
122.75	0.25	0	1	61375
122.766	0.25	0	1	61383
122.782	0.25	0	1	61391
122.8	0.25	0	1	61400
122.816	0.25	0	1	61408
122.832	0.25	1	2	61416
122.85	0.25	1	2	61425
122.866	0.25	0	1	61433
122.882	0.25	0	1	61441
122.9	0.25	1	2	61450
122.916	0.25	1	2	61458
122.932	0.25	0	1	61466
122.95	0.25	0	1	61475
122.966	0.25	0	1	61483
122.982	0.25	0	1	61491
123.0	0.25	1	2	61500
124.482	0.25	1	2	62241
124.5	0.25	1	2	62250
124.516	0.25	1	2	62258
124.532	0.25	1	2	62266
124.55	0.25	0	1	62275
124.566	0.25	0	1	62283
124.582	0.25	1	2	62291
124.6	0.25	1	2	62300
124.616	0.25	1	2	62308
124.632	0.25	1	2	62316
124.65	0.25	0	1	62325
124.666	0.25	0	1	62333
124.682	0.25	1	2	62341
124.7	0.25	1	2	62350
124.716	0.25	1	2	62358
124.732	0.25	1	2	62366
124.75	0.25	0	1	62375
124.766	0.25	0	1	62383
124.782	0.25	1	2	62391
124.8	0.25	1	2	62400
124.816	0.25	1	2	62408
124.832	0.25	1	2	62416
124.85	0.25	0	1	62425
124.866	0.25	0	1	62433
124.882	0.25	0	1	62441
124.9	0.25	0	1	62450
124.916	0.25	0	1	62458
124.932	0.25	0	1	62466
124.95	0.25	1	2	62475
124.966	0.25	1	2	62483
124.982	0.25	1	2	62491
125.0	0.25	1	2	62500
125.016	0.25	1	2	62508
125.032	0.25	1	2	62516
125.05	0.25	0	1	62525
125.066	0.25	0	1	62533
125.082	0.25	0	1	62541
125.1	0.25	0	1	62550
125.116	0.25	0	1	62558
125.132	0.25	0	1	62566
125.15	0.25	1	2	62575
125.166	0.25	1	2	62583
125.182	0.25	1	2	62591
125.2	0.25	1	2	62600
125.216	0.25	1	2	62608
125.232	0.25	1	2	62616
125.25	0.25	1	2	62625
125.266	0.25	1	2	62633
125.282	0.25	1	2	62641
125.3	0.25	1	2	62650
125.316	0.25	0	1	62658
125.332	0.25	0	1	62666
125.35	0.25	0	1	62675
125.366	0.25	0	1	62683
125.382	0.25	1	2	62691
125.4	0.25	1	2	62700
125.416	0.25	0	1	62708
125.432	0.25	0	1	62716
125.45	0.25	1	2	62725
125.466	0.25	1	2	62733
125.482	0.25	0	1	62741
125.5	0.25	0	1	62750
125.516	0.25	0	1	62758
125.532	0.25	0	1	62766
125.55	0.25	1	2	62775
125.566	0.25	1	2	62783
125.582	0.25	1	2	62791
125.6	0.25	1	2	62800
125.616	0.25	0	1	62808
125.632	0.25	0	1	62816
125.65	0.25	0	1	62825
125.666	0.25	0	1	62833
125.682	0.25	0	1	62841
125.7	0.25	0	1	62850
125.716	0.25	0	1	62858
125.732	0.25	0	1	62866
125.75	0.25	1	2	62875
125.766	0.25	1	2	62883
125.782	0.25	0	1	62891
125.8	0.25	0	1	62900
125.816	0.25	0	1	62908
125.832	0.25	0	1	62916
125.85	0.25	0	1	62925
125.866	0.25	0	1	62933
125.882	0.25	0	1	62941
125.9	0.25	0	1	62950
125.916	0.25	1	2	62958
125.932	0.25	1	2	62966
125.95	0.25	1	2	62975
125.966	0.25	1	2	62983
125.982	0.25	1	2	62991
126.0	0.25	1	2	63000
126.016	0.25	1	2	63008
126.032	0.25	1	2	63016
126.05	0.25	1	2	63025
126.066	0.25	1	2	63033
126.082	0.25	1	2	63041
126.1	0.25	1	2	63050
126.116	0.25	0	1	63058
126.132	0.25	0	1	63066
126.15	0.25	1	2	63075
126.166	0.25	1	2	63083
126.182	0.25	0	1	63091
126.2	0.25	0	1	63100
126.216	0.25	1	2	63108
126.232	0.25	1	2	63116
126.25	0.25	0	1	63125
126.266	0.25	0	1	63133
126.282	0.25	0	1	63141
126.3	0.25	0	1	63150
126.316	0.25	1	2	63158
126.332	0.25	1	2	63166
126.35	0.25	1	2	63175
126.366	0.25	1	2	63183
126.382	0.25	0	1	63191
126.4	0.25	0	1	63200
126.416	0.25	0	1	63208
127.9	0.25	1	2	63950
127.916	0.25	1	2	63958
127.932	0.25	1	2	63966
127.95	0.25	1	2	63975
127.966	0.25	0	1	63983
127.982	0.25	0	1	63991
128.0	0.25	0	1	64000
128.016	0.25	0	1	64008
128.032	0.25	0	1	64016
128.05	0.25	0	1	64025
128.066	0.25	0	1	64033
128.082	0.25	0	1	64041
128.1	0.25	1	2	64050
128.116	0.25	1	2	64058
128.132	0.25	0	1	64066
128.15	0.25	0	1	64075
128.166	0.25	0	1	64083
128.182	0.25	0	1	64091
128.198	0.25	1	2	64099
128.216	0.25	1	2	64108
128.232	0.25	1	2	64116
128.25	0.25	1	2	64125
128.266	0.25	0	1	64133
128.282	0.25	0	1	64141
128.3	0.25	0	1	64150
128.316	0.25	0	1	64158
128.332	0.25	0	1	64166
128.35	0.25	0	1	64175
128.366	0.25	0	1	64183
128.382	0.25	0	1	64191
128.4	0.25	0	1	64200
128.416	0.25	0	1	64208
128.432	0.25	0	1	64216
128.448	0.25	0	1	64224
128.466	0.25	1	2	64233
128.482	0.25	1	2	64241
128.5	0.25	0	1	64250
128.516	0.25	0	1	64258
128.532	0.25	1	2	64266
128.55	0.25	1	2	64275
128.566	0.25	1	2	64283
128.582	0.25	1	2	64291
128.6	0.25	0	1	64300
128.616	0.25	0	1	64308
128.632	0.25	1	2	64316
128.65	0.25	1	2	64325
128.666	0.25	0	1	64333
128.682	0.25	0	1	64341
128.698	0.25	1	2	64349
128.716	0.25	1	2	64358
128.732	0.25	0	1	64366
128.75	0.25	0	1	64375
128.766	0.25	1	2	64383
128.782	0.25	1	2	64391
128.8	0.25	0	1	64400
128.816	0.25	0	1	64408
128.832	0.25	0	1	64416
128.85	0.25	0	1	64425
128.866	0.25	0	1	64433
128.882	0.25	0	1	64441
128.9	0.25	1	2	64450
128.916	0.25	1	2	64458
128.932	0.25	1	2	64466
128.948	0.25	1	2	64474
128.966	0.25	1	2	64483
128.982	0.25	1	2	64491
129.0	0.25	0	1	64500
129.016	0.25	0	1	64508
129.032	0.25	1	2	64516
129.05	0.25	1	2	64525
129.066	0.25	1	2	64533
129.082	0.25	1	2	64541
129.1	0.25	1	2	64550
129.116	0.25	1	2	64558
129.132	0.25	0	1	64566
129.15	0.25	0	1	64575
129.166	0.25	1	2	64583
129.182	0.25	1	2	64591
129.198	0.25	0	1	64599
129.216	0.25	0	1	64608
129.232	0.25	1	2	64616
129.25	0.25	1	2	64625
129.266	0.25	1	2	64633
129.282	0.25	1	2	64641
129.3	0.25	0	1	64650
129.316	0.25	0	1	64658
129.332	0.25	0	1	64666
129.35	0.25	0	1	64675
129.366	0.25	0	1	64683
129.382	0.25	0	1	64691
129.4	0.25	1	2	64700
129.416	0.25	1	2	64708
129.432	0.25	1	2	64716
129.448	0.25	1	2	64724
129.466	0.25	0	1	64733
129.482	0.25	0	1	64741
129.5	0.25	1	2	64750
129.516	0.25	1	2	64758
129.532	0.25	1	2	64766
129.55	0.25	1	2	64775
129.566	0.25	1	2	64783
129.582	0.25	1	2	64791
129.6	0.25	0	1	64800
129.616	0.25	0	1	64808
129.632	0.25	0	1	64816
129.65	0.25	0	1	64825
129.666	0.25	0	1	64833
129.682	0.25	0	1	64841
129.698	0.25	0	1	64849
129.716	0.25	0	1	64858
129.732	0.25	0	1	64866
129.75	0.25	0	1	64875
129.766	0.25	1	2	64883
129.782	0.25	1	2	64891
129.8	0.25	1	2	64900
129.816	0.25	1	2	64908
129.832	0.25	1	2	64916
131.316	0.25	0	1	65658
131.332	0.25	0	1	65666
131.35	0.25	0	1	65675
131.366	0.25	0	1	65683
131.382	0.25	1	2	65691
131.4	0.25	1	2	65700
131.416	0.25	1	2	65708
131.432	0.25	1	2	65716
131.45	0.25	0	1	65725
131.466	0.25	0	1	65733
131.482	0.25	0	1	65741
131.5	0.25	0	1	65750
131.516	0.25	0	1	65758
131.532	0.25	0	1	65766
131.55	0.25	0	1	65775
131.566	0.25	0	1	65783
131.582	0.25	1	2	65791
131.6	0.25	1	2	65800
131.616	0.25	1	2	65808
131.632	0.25	1	2	65816
131.65	0.25	1	2	65825
131.666	0.25	1	2	65833
131.682	0.25	1	2	65841
131.7	0.25	1	2	65850
131.716	0.25	1	2	65858
131.732	0.25	1	2	65866
131.75	0.25	0	1	65875
131.766	0.25	0	1	65883
131.782	0.25	0	1	65891
131.8	0.25	0	1	65900
131.816	0.25	0	1	65908
131.832	0.25	0	1	65916
131.85	0.25	0	1	65925
131.866	0.25	0	1	65933
131.882	0.25	0	1	65941
131.9	0.25	0	1	65950
131.916	0.25	0	1	65958
131.932	0.25	0	1	65966
131.95	0.25	1	2	65975
131.966	0.25	1	2	65983
131.982	0.25	1	2	65991
132.0	0.25	1	2	66000
132.016	0.25	0	1	66008
132.032	0.25	0	1	66016
132.05	0.25	0	1	66025
132.066	0.25	0	1	66033
132.082	0.25	1	2	66041
132.1	0.25	1	2	66050
132.116	0.25	0	1	66058
132.132	0.25	0	1	66066
132.15	0.25	1	2	66075
132.166	0.25	1	2	66083
132.182	0.25	0	1	66091
132.2	0.25	0	1	66100
132.216	0.25	1	2	66108
132.232	0.25	1	2	66116
132.25	0.25	0	1	66125
132.266	0.25	0	1	66133
132.282	0.25	1	2	66141
132.3	0.25	1	2	66150
132.316	0.25	1	2	66158
132.332	0.25	1	2	66166
132.35	0.25	0	1	66175
132.366	0.25	0	1	66183
132.382	0.25	1	2	66191
132.4	0.25	1	2	66200
132.416	0.25	0	1	66208
132.432	0.25	0	1	66216
132.45	0.25	0	1	66225
132.466	0.25	0	1	66233
132.482	0.25	0	1	66241
132.5	0.25	0	1	66250
132.516	0.25	1	2	66258
132.532	0.25	1	2	66266
132.55	0.25	0	1	66275
132.566	0.25	0	1	66283
132.582	0.25	0	1	66291
132.6	0.25	0	1	66300
132.616	0.25	0	1	66308
132.632	0.25	0	1	66316
132.65	0.25	1	2	66325
132.666	0.25	1	2	66333
132.682	0.25	1	2	66341
132.7	0.25	1	2	66350
132.716	0.25	1	2	66358
132.732	0.25	1	2	66366
132.75	0.25	0	1	66375
132.766	0.25	0	1	66383
132.782	0.25	1	2	66391
132.8	0.25	1	2	66400
132.816	0.25	0	1	66408
132.832	0.25	0	1	66416
132.85	0.25	1	2	66425
132.866	0.25	1	2	66433
132.882	0.25	1	2	66441
132.9	0.25	1	2	66450
132.916	0.25	1	2	66458
132.932	0.25	1	2	66466
132.95	0.25	1	2	66475
132.966	0.25	1	2	66483
132.982	0.25	1	2	66491
133.0	0.25	1	2	66500
133.016	0.25	0	1	66508
133.032	0.25	0	1	66516
133.05	0.25	0	1	66525
133.066	0.25	0	1	66533
133.082	0.25	1	2	66541
133.1	0.25	1	2	66550
133.116	0.25	0	1	66558
133.132	0.25	0	1	66566
133.15	0.25	0	1	66575
133.166	0.25	0	1	66583
133.182	0.25	0	1	66591
133.2	0.25	0	1	66600
133.216	0.25	1	2	66608
133.232	0.25	1	2	66616
133.25	0.25	1	2	66625
138.066	0.25	1	2	69033
138.082	0.25	1	2	69041
138.1	0.25	1	2	69050
138.116	0.25	1	2	69058
138.132	0.25	1	2	69066
138.15	0.25	1	2	69075
138.166	0.25	1	2	69083
138.182	0.25	1	2	69091
138.2	0.25	1	2	69100
138.216	0.25	1	2	69108
138.232	0.25	1	2	69116
138.25	0.25	1	2	69125
138.266	0.25	1	2	69133
138.282	0.25	1	2	69141
138.3	0.25	0	1	69150
138.316	0.25	0	1	69158
138.332	0.25	0	1	69166
138.35	0.25	0	1	69175
138.366	0.25	1	2	69183
138.382	0.25	1	2	69191
138.4	0.25	1	2	69200
138.416	0.25	1	2	69208
138.432	0.25	0	1	69216
138.45	0.25	0	1	69225
138.466	0.25	0	1	69233
138.482	0.25	0	1	69241
138.5	0.25	1	2	69250
138.516	0.25	1	2	69258
138.532	0.25	1	2	69266
138.55	0.25	1	2	69275
138.566	0.25	0	1	69283
138.582	0.25	0	1	69291
138.6	0.25	0	1	69300
138.616	0.25	0	1	69308
138.632	0.25	1	2	69316
138.65	0.25	1	2	69325
138.666	0.25	0	1	69333
138.682	0.25	0	1	69341
138.7	0.25	1	2	69350
138.716	0.25	1	2	69358
138.732	0.25	1	2	69366
138.75	0.25	1	2	69375
138.766	0.25	0	1	69383
138.782	0.25	0	1	69391
138.8	0.25	1	2	69400
138.816	0.25	1	2	69408
138.832	0.25	0	1	69416
138.85	0.25	0	1	69425
138.866	0.25	0	1	69433
138.882	0.25	0	1	69441
138.9	0.25	1	2	69450
138.916	0.25	1	2	69458
138.932	0.25	0	1	69466
138.95	0.25	0	1	69475
138.966	0.25	1	2	69483
138.982	0.25	1	2	69491
139.0	0.25	1	2	69500
139.016	0.25	1	2	69508
139.032	0.25	1	2	69516
139.05	0.25	1	2	69525
139.066	0.25	0	1	69533
139.082	0.25	0	1	69541
139.1	0.25	0	1	69550
139.116	0.25	0	1	69558
139.132	0.25	0	1	69566
139.15	0.25	0	1	69575
139.166	0.25	1	2	69583
139.182	0.25	1	2	69591
139.2	0.25	0	1	69600
139.216	0.25	0	1	69608
139.232	0.25	1	2	69616
139.25	0.25	1	2	69625
139.266	0.25	1	2	69633
139.282	0.25	1	2	69641
139.3	0.25	1	2	69650
139.316	0.25	1	2	69658
139.332	0.25	0	1	69666
139.35	0.25	0	1	69675
139.366	0.25	0	1	69683
139.382	0.25	0	1	69691
139.4	0.25	1	2	69700
139.416	0.25	1	2	69708
139.432	0.25	0	1	69716
139.45	0.25	0	1	69725
139.466	0.25	1	2	69733
139.482	0.25	1	2	69741
139.5	0.25	0	1	69750
139.516	0.25	0	1	69758
139.532	0.25	0	1	69766
139.55	0.25	0	1	69775
139.566	0.25	0	1	69783
139.582	0.25	0	1	69791
139.6	0.25	1	2	69800
139.616	0.25	1	2	69808
139.632	0.25	1	2	69816
139.65	0.25	1	2	69825
139.666	0.25	0	1	69833
139.682	0.25	0	1	69841
139.7	0.25	1	2	69850
139.716	0.25	1	2	69858
139.732	0.25	0	1	69866
139.75	0.25	0	1	69875
139.766	0.25	0	1	69883
139.782	0.25	0	1	69891
139.8	0.25	0	1	69900
139.816	0.25	0	1	69908
139.832	0.25	1	2	69916
139.85	0.25	1	2	69925
139.866	0.25	0	1	69933
139.882	0.25	0	1	69941
139.9	0.25	1	2	69950
139.916	0.25	1	2	69958
139.932	0.25	0	1	69966
139.95	0.25	0	1	69975
139.966	0.25	0	1	69983
139.982	0.25	0	1	69991
140.0	0.25	1	2	70000
141.482	0.25	1	2	70741
141.5	0.25	1	2	70750
141.516	0.25	1	2	70758
141.532	0.25	1	2	70766
141.55	0.25	0	1	70775
141.566	0.25	0	1	70783
141.582	0.25	0	1	70791
141.6	0.25	0	1	70800
141.616	0.25	0	1	70808
141.632	0.25	0	1	70816
141.65	0.25	0	1	70825
141.666	0.25	0	1	70833
141.682	0.25	1	2	70841
141.7	0.25	1	2	70850
141.716	0.25	0	1	70858
141.732	0.25	0	1	70866
141.75	0.25	0	1	70875
141.766	0.25	0	1	70883
141.782	0.25	1	2	70891
141.8	0.25	1	2	70900
141.816	0.25	1	2	70908
141.832	0.25	1	2	70916
141.85	0.25	0	1	70925
141.866	0.25	0	1	70933
141.882	0.25	0	1	70941
141.9	0.25	0	1	70950
141.916	0.25	0	1	70958
141.932	0.25	0	1	70966
141.95	0.25	0	1	70975
141.966	0.25	0	1	70983
141.982	0.25	0	1	70991
142.0	0.25	0	1	71000
142.016	0.25	0	1	71008
142.032	0.25	0	1	71016
142.05	0.25	1	2	71025
142.066	0.25	1	2	71033
142.082	0.25	0	1	71041
142.1	0.25	0	1	71050
142.116	0.25	1	2	71058
142.132	0.25	1	2	71066
142.15	0.25	1	2	71075
142.166	0.25	1	2	71083
142.182	0.25	0	1	71091
142.2	0.25	0	1	71100
142.216	0.25	1	2	71108
142.232	0.25	1	2	71116
142.25	0.25	0	1	71125
142.266	0.25	0	1	71133
142.282	0.25	1	2	71141
142.3	0.25	1	2	71150
142.316	0.25	0	1	71158
142.332	0.25	0	1	71166
142.35	0.25	1	2	71175
142.366	0.25	1	2	71183
142.382	0.25	0	1	71191
142.4	0.25	0	1	71200
142.416	0.25	0	1	71208
142.432	0.25	0	1	71216
142.45	0.25	0	1	71225
142.466	0.25	0	1	71233
142.482	0.25	1	2	71241
142.5	0.25	1	2	71250
142.516	0.25	1	2	71258
142.532	0.25	1	2	71266
142.55	0.25	1	2	71275
142.566	0.25	1	2	71283
142.582	0.25	0	1	71291
142.6	0.25	0	1	71300
142.616	0.25	1	2	71308
142.632	0.25	1	2	71316
142.65	0.25	1	2	71325
142.666	0.25	1	2	71333
142.682	0.25	1	2	71341
142.7	0.25	1	2	71350
142.716	0.25	0	1	71358
142.732	0.25	0	1	71366
142.75	0.25	1	2	71375
142.766	0.25	1	2	71383
142.782	0.25	0	1	71391
142.8	0.25	0	1	71400
142.816	0.25	1	2	71408
142.832	0.25	1	2	71416
142.85	0.25	1	2	71425
142.866	0.25	1	2	71433
142.882	0.25	0	1	71441
142.9	0.25	0	1	71450
142.916	0.25	0	1	71458
142.932	0.25	0	1	71466
142.95	0.25	0	1	71475
142.966	0.25	0	1	71483
142.982	0.25	1	2	71491
143.0	0.25	1	2	71500
143.016	0.25	1	2	71508
143.032	0.25	1	2	71516
143.05	0.25	0	1	71525
143.066	0.25	0	1	71533
143.082	0.25	1	2	71541
143.1	0.25	1	2	71550
143.116	0.25	1	2	71558
143.132	0.25	1	2	71566
143.15	0.25	1	2	71575
143.166	0.25	1	2	71583
143.182	0.25	0	1	71591
143.2	0.25	0	1	71600
143.216	0.25	0	1	71608
143.232	0.25	0	1	71616
143.25	0.25	0	1	71625
143.266	0.25	0	1	71633
143.282	0.25	0	1	71641
143.3	0.25	0	1	71650
143.316	0.25	0	1	71658
143.332	0.25	0	1	71666
143.35	0.25	1	2	71675
143.366	0.25	1	2	71683
143.382	0.25	1	2	71691
143.4	0.25	1	2	71700
143.416	0.25	1	2	71708
144.9	0.25	1	2	72450
144.916	0.25	1	2	72458
144.932	0.25	1	2	72466
144.95	0.25	1	2	72475
144.966	0.25	0	1	72483
144.982	0.25	0	1	72491
145.0	0.25	1	2	72500
145.016	0.25	1	2	72508
145.032	0.25	1	2	72516
145.05	0.25	1	2	72525
145.066	0.25	0	1	72533
145.082	0.25	0	1	72541
145.1	0.25	1	2	72550
145.116	0.25	1	2	72558
145.132	0.25	1	2	72566
145.15	0.25	1	2	72575
145.166	0.25	0	1	72583
145.182	0.25	0	1	72591
145.2	0.25	1	2	72600
145.216	0.25	1	2	72608
145.232	0.25	1	2	72616
145.25	0.25	1	2	72625
145.266	0.25	0	1	72633
145.282	0.25	0	1	72641
145.3	0.25	0	1	72650
145.316	0.25	0	1	72658
145.332	0.25	0	1	72666
145.35	0.25	0	1	72675
145.366	0.25	1	2	72683
145.382	0.25	1	2	72691
145.4	0.25	1	2	72700
145.416	0.25	1	2	72708
145.432	0.25	1	2	72716
145.45	0.25	1	2	72725
145.466	0.25	0	1	72733
145.482	0.25	0	1	72741
145.5	0.25	0	1	72750
145.516	0.25	0	1	72758
145.532	0.25	0	1	72766
145.55	0.25	0	1	72775
145.566	0.25	1	2	72783
145.582	0.25	1	2	72791
145.6	0.25	1	2	72800
145.616	0.25	1	2	72808
145.632	0.25	1	2	72816
145.65	0.25	1	2	72825
145.666	0.25	1	2	72833
145.682	0.25	1	2	72841
145.7	0.25	1	2	72850
145.716	0.25	1	2	72858
145.732	0.25	0	1	72866
145.75	0.25	0	1	72875
145.766	0.25	0	1	72883
145.782	0.25	0	1	72891
145.8	0.25	1	2	72900
145.816	0.25	1	2	72908
145.832	0.25	0	1	72916
145.85	0.25	0	1	72925
145.866	0.25	1	2	72933
145.882	0.25	1	2	72941
145.9	0.25	0	1	72950
145.916	0.25	0	1	72958
145.932	0.25	0	1	72966
145.95	0.25	0	1	72975
145.966	0.25	1	2	72983
145.982	0.25	1	2	72991
146.0	0.25	1	2	73000
146.016	0.25	1	2	73008
146.032	0.25	0	1	73016
146.05	0.25	0	1	73025
146.066	0.25	0	1	73033
146.082	0.25	0	1	73041
146.1	0.25	0	1	73050
146.116	0.25	0	1	73058
146.132	0.25	0	1	73066
146.15	0.25	0	1	73075
146.166	0.25	1	2	73083
146.182	0.25	1	2	73091
146.2	0.25	0	1	73100
146.216	0.25	0	1	73108
146.232	0.25	0	1	73116
146.25	0.25	0	1	73125
146.266	0.25	0	1	73133
146.282	0.25	0	1	73141
146.3	0.25	0	1	73150
146.316	0.25	0	1	73158
146.332	0.25	1	2	73166
146.35	0.25	1	2	73175
146.366	0.25	1	2	73183
146.382	0.25	1	2	73191
146.4	0.25	1	2	73200
146.416	0.25	1	2	73208
146.432	0.25	1	2	73216
146.45	0.25	1	2	73225
146.466	0.25	1	2	73233
146.482	0.25	1	2	73241
146.5	0.25	1	2	73250
146.516	0.25	1	2	73258
146.532	0.25	0	1	73266
146.55	0.25	0	1	73275
146.566	0.25	1	2	73283
146.582	0.25	1	2	73291
146.6	0.25	0	1	73300
146.616	0.25	0	1	73308
146.632	0.25	1	2	73316
146.65	0.25	1	2	73325
146.666	0.25	0	1	73333
146.682	0.25	0	1	73341
146.7	0.25	0	1	73350
146.716	0.25	0	1	73358
146.732	0.25	1	2	73366
146.75	0.25	1	2	73375
146.766	0.25	1	2	73383
146.782	0.25	1	2	73391
146.8	0.25	0	1	73400
146.816	0.25	0	1	73408
146.832	0.25	0	1	73416
148.316	0.25	0	1	74158
148.332	0.25	0	1	74166
148.35	0.25	0	1	74175
148.366	0.25	0	1	74183
148.382	0.25	1	2	74191
148.4	0.25	1	2	74200
148.416	0.25	1	2	74208
148.432	0.25	1	2	74216
148.45	0.25	0	1	74225
148.466	0.25	0	1	74233
148.482	0.25	0	1	74241
148.5	0.25	0	1	74250
148.516	0.25	0	1	74258
148.532	0.25	0	1	74266
148.55	0.25	0	1	74275
148.566	0.25	0	1	74283
148.582	0.25	1	2	74291
148.6	0.25	1	2	74300
148.616	0.25	1	2	74308
148.632	0.25	1	2	74316
148.65	0.25	1	2	74325
148.666	0.25	1	2	74333
148.682	0.25	1	2	74341
148.7	0.25	1	2	74350
148.716	0.25	1	2	74358
148.732	0.25	1	2	74366
148.75	0.25	0	1	74375
148.766	0.25	0	1	74383
148.782	0.25	0	1	74391
148.8	0.25	0	1	74400
148.816	0.25	0	1	74408
148.832	0.25	0	1	74416
148.85	0.25	0	1	74425
148.866	0.25	0	1	74433
148.882	0.25	0	1	74441
148.9	0.25	0	1	74450
148.916	0.25	0	1	74458
148.932	0.25	0	1	74466
148.95	0.25	1	2	74475
148.966	0.25	1	2	74483
148.982	0.25	1	2	74491
149.0	0.25	1	2	74500
149.016	0.25	0	1	74508
149.032	0.25	0	1	74516
149.05	0.25	0	1	74525
149.066	0.25	0	1	74533
149.082	0.25	1	2	74541
149.1	0.25	1	2	74550
149.116	0.25	0	1	74558
149.132	0.25	0	1	74566
149.15	0.25	1	2	74575
149.166	0.25	1	2	74583
149.182	0.25	0	1	74591
149.2	0.25	0	1	74600
149.216	0.25	1	2	74608
149.232	0.25	1	2	74616
149.25	0.25	0	1	74625
149.266	0.25	0	1	74633
149.282	0.25	1	2	74641
149.3	0.25	1	2	74650
149.316	0.25	1	2	74658
149.332	0.25	1	2	74666
149.35	0.25	0	1	74675
149.366	0.25	0	1	74683
149.382	0.25	1	2	74691
149.4	0.25	1	2	74700
149.416	0.25	0	1	74708
149.432	0.25	0	1	74716
149.45	0.25	0	1	74725
149.466	0.25	0	1	74733
149.482	0.25	0	1	74741
149.5	0.25	0	1	74750
149.516	0.25	1	2	74758
149.532	0.25	1	2	74766
149.55	0.25	0	1	74775
149.566	0.25	0	1	74783
149.582	0.25	0	1	74791
149.6	0.25	0	1	74800
149.616	0.25	0	1	74808
149.632	0.25	0	1	74816
149.65	0.25	1	2	74825
149.666	0.25	1	2	74833
149.682	0.25	1	2	74841
149.7	0.25	1	2	74850
149.716	0.25	1	2	74858
149.732	0.25	1	2	74866
149.75	0.25	0	1	74875
149.766	0.25	0	1	74883
149.782	0.25	1	2	74891
149.8	0.25	1	2	74900
149.816	0.25	0	1	74908
149.832	0.25	0	1	74916
149.85	0.25	1	2	74925
149.866	0.25	1	2	74933
149.882	0.25	1	2	74941
149.9	0.25	1	2	74950
149.916	0.25	1	2	74958
149.932	0.25	1	2	74966
149.95	0.25	1	2	74975
149.966	0.25	1	2	74983
149.982	0.25	1	2	74991
150.0	0.25	1	2	75000
150.016	0.25	0	1	75008
150.032	0.25	0	1	75016
150.05	0.25	0	1	75025
150.066	0.25	0	1	75033
150.082	0.25	1	2	75041
150.1	0.25	1	2	75050
150.116	0.25	0	1	75058
150.132	0.25	0	1	75066
150.15	0.25	0	1	75075
150.166	0.25	0	1	75083
150.182	0.25	0	1	75091
150.2	0.25	0	1	75100
150.216	0.25	1	2	75108
150.232	0.25	1	2	75116
150.25	0.25	1	2	75125
154.482	0.25	1	2	77241
154.5	0.25	1	2	77250
154.516	0.25	1	2	77258
154.532	0.25	1	2	77266
154.55	0.25	1	2	77275
154.566	0.25	1	2	77283
154.582	0.25	1	2	77291
154.6	0.25	1	2	77300
154.616	0.25	1	2	77308
154.632	0.25	1	2	77316
154.65	0.25	1	2	77325
154.666	0.25	1	2	77333
154.682	0.25	1	2	77341
154.7	0.25	1	2	77350
154.716	0.25	0	1	77358
154.732	0.25	0	1	77366
154.75	0.25	0	1	77375
154.766	0.25	0	1	77383
154.782	0.25	1	2	77391
154.8	0.25	1	2	77400
154.816	0.25	1	2	77408
154.832	0.25	1	2	77416
154.85	0.25	0	1	77425
154.866	0.25	0	1	77433
154.882	0.25	0	1	77441
154.9	0.25	0	1	77450
154.916	0.25	1	2	77458
154.932	0.25	1	2	77466
154.95	0.25	1	2	77475
154.966	0.25	1	2	77483
154.982	0.25	0	1	77491
155.0	0.25	0	1	77500
155.016	0.25	0	1	77508
155.032	0.25	0	1	77516
155.05	0.25	1	2	77525
155.066	0.25	1	2	77533
155.082	0.25	0	1	77541
155.1	0.25	0	1	77550
155.116	0.25	1	2	77558
155.132	0.25	1	2	77566
155.15	0.25	1	2	77575
155.166	0.25	1	2	77583
155.182	0.25	0	1	77591
155.2	0.25	0	1	77600
155.216	0.25	1	2	77608
155.232	0.25	1	2	77616
155.25	0.25	0	1	77625
155.266	0.25	0	1	77633
155.282	0.25	0	1	77641
155.3	0.25	0	1	77650
155.316	0.25	1	2	77658
155.332	0.25	1	2	77666
155.35	0.25	0	1	77675
155.366	0.25	0	1	77683
155.382	0.25	1	2	77691
155.4	0.25	1	2	77700
155.416	0.25	1	2	77708
155.432	0.25	1	2	77716
155.45	0.25	1	2	77725
155.466	0.25	1	2	77733
155.482	0.25	0	1	77741
155.5	0.25	0	1	77750
155.516	0.25	0	1	77758
155.532	0.25	0	1	77766
155.55	0.25	0	1	77775
155.566	0.25	0	1	77783
155.582	0.25	1	2	77791
155.6	0.25	1	2	77800
155.616	0.25	0	1	77808
155.632	0.25	0	1	77816
155.65	0.25	1	2	77825
155.666	0.25	1	2	77833
155.682	0.25	1	2	77841
155.7	0.25	1	2	77850
155.716	0.25	1	2	77858
155.732	0.25	1	2	77866
155.75	0.25	0	1	77875
155.766	0.25	0	1	77883
155.782	0.25	0	1	77891
155.8	0.25	0	1	77900
155.816	0.25	1	2	77908
155.832	0.25	1	2	77916
155.85	0.25	0	1	77925
155.866	0.25	0	1	77933
155.882	0.25	1	2	77941
155.9	0.25	1	2	77950
155.916	0.25	0	1	77958
155.932	0.25	0	1	77966
155.95	0.25	0	1	77975
155.966	0.25	0	1	77983
155.982	0.25	0	1	77991
156.0	0.25	0	1	78000
156.016	0.25	1	2	78008
156.032	0.25	1	2	78016
156.05	0.25	1	2	78025
156.066	0.25	1	2	78033
156.082	0.25	0	1	78041
156.1	0.25	0	1	78050
156.116	0.25	1	2	78058
156.132	0.25	1	2	78066
156.15	0.25	0	1	78075
156.166	0.25	0	1	78083
156.182	0.25	0	1	78091
156.2	0.25	0	1	78100
156.216	0.25	0	1	78108
156.232	0.25	0	1	78116
156.25	0.25	1	2	78125
156.266	0.25	1	2	78133
156.282	0.25	0	1	78141
156.3	0.25	0	1	78150
156.316	0.25	1	2	78158
156.332	0.25	1	2	78166
156.35	0.25	0	1	78175
156.366	0.25	0	1	78183
156.382	0.25	0	1	78191
156.4	0.25	0	1	78200
156.416	0.25	1	2	78208
157.9	0.25	1	2	78950
157.916	0.25	1	2	78958
157.932	0.25	1	2	78966
157.95	0.25	1	2	78975
157.966	0.25	0	1	78983
157.982	0.25	0	1	78991
158.0	0.25	0	1	79000
158.016	0.25	0	1	79008
158.032	0.25	0	1	79016
158.05	0.25	0	1	79025
158.066	0.25	0	1	79033
158.082	0.25	0	1	79041
158.1	0.25	1	2	79050
158.116	0.25	1	2	79058
158.132	0.25	0	1	79066
158.15	0.25	0	1	79075
158.166	0.25	0	1	79083
158.182	0.25	0	1	79091
158.2	0.25	1	2	79100
158.216	0.25	1	2	79108
158.232	0.25	1	2	79116
158.25	0.25	1	2	79125
158.266	0.25	0	1	79133
158.282	0.25	0	1	79141
158.3	0.25	0	1	79150
158.316	0.25	0	1	79158
158.332	0.25	0	1	79166
158.35	0.25	0	1	79175
158.366	0.25	0	1	79183
158.382	0.25	0	1	79191
158.4	0.25	0	1	79200
158.416	0.25	0	1	79208
158.432	0.25	0	1	79216
158.45	0.25	0	1	79225
158.466	0.25	1	2	79233
158.482	0.25	1	2	79241
158.5	0.25	0	1	79250
158.516	0.25	0	1	79258
158.532	0.25	1	2	79266
158.55	0.25	1	2	79275
158.566	0.25	1	2	79283
158.582	0.25	1	2	79291
158.6	0.25	0	1	79300
158.616	0.25	0	1	79308
158.632	0.25	1	2	79316
158.65	0.25	1	2	79325
158.666	0.25	0	1	79333
158.682	0.25	0	1	79341
158.7	0.25	1	2	79350
158.716	0.25	1	2	79358
158.732	0.25	0	1	79366
158.75	0.25	0	1	79375
158.766	0.25	1	2	79383
158.782	0.25	1	2	79391
158.8	0.25	0	1	79400
158.816	0.25	0	1	79408
158.832	0.25	0	1	79416
158.85	0.25	0	1	79425
158.866	0.25	0	1	79433
158.882	0.25	0	1	79441
158.9	0.25	1	2	79450
158.916	0.25	1	2	79458
158.932	0.25	1	2	79466
158.95	0.25	1	2	79475
158.966	0.25	1	2	79483
158.982	0.25	1	2	79491
159.0	0.25	0	1	79500
159.016	0.25	0	1	79508
159.032	0.25	1	2	79516
159.05	0.25	1	2	79525
159.066	0.25	1	2	79533
159.082	0.25	1	2	79541
159.1	0.25	1	2	79550
159.116	0.25	1	2	79558
159.132	0.25	0	1	79566
159.15	0.25	0	1	79575
159.166	0.25	1	2	79583
159.182	0.25	1	2	79591
159.2	0.25	0	1	79600
159.216	0.25	0	1	79608
159.232	0.25	1	2	79616
159.25	0.25	1	2	79625
159.266	0.25	1	2	79633
159.282	0.25	1	2	79641
159.3	0.25	0	1	79650
159.316	0.25	0	1	79658
159.332	0.25	0	1	79666
159.35	0.25	0	1	79675
159.366	0.25	0	1	79683
159.382	0.25	0	1	79691
159.4	0.25	1	2	79700
159.416	0.25	1	2	79708
159.432	0.25	1	2	79716
159.45	0.25	1	2	79725
159.466	0.25	0	1	79733
159.482	0.25	0	1	79741
159.5	0.25	1	2	79750
159.516	0.25	1	2	79758
159.532	0.25	1	2	79766
159.55	0.25	1	2	79775
159.566	0.25	1	2	79783
159.582	0.25	1	2	79791
159.6	0.25	0	1	79800
159.616	0.25	0	1	79808
159.632	0.25	0	1	79816
159.65	0.25	0	1	79825
159.666	0.25	0	1	79833
159.682	0.25	0	1	79841
159.7	0.25	0	1	79850
159.716	0.25	0	1	79858
159.732	0.25	0	1	79866
159.75	0.25	0	1	79875
159.766	0.25	1	2	79883
159.782	0.25	1	2	79891
159.8	0.25	1	2	79900
159.816	0.25	1	2	79908
159.832	0.25	1	2	79916
161.316	0.25	1	2	80658
161.332	0.25	1	2	80666
161.35	0.25	1	2	80675
161.366	0.25	1	2	80683
161.382	0.25	0	1	80691
161.4	0.25	0	1	80700
161.416	0.25	1	2	80708
161.432	0.25	1	2	80716
161.45	0.25	1	2	80725
161.466	0.25	1	2	80733
161.482	0.25	0	1	80741
161.5	0.25	0	1	80750
161.516	0.25	1	2	80758
161.532	0.25	1	2	80766
161.55	0.25	1	2	80775
161.566	0.25	1	2	80783
161.582	0.25	0	1	80791
161.6	0.25	0	1	80800
161.616	0.25	1	2	80808
161.632	0.25	1	2	80816
161.65	0.25	1	2	80825
161.666	0.25	1	2	80833
161.682	0.25	0	1	80841
161.7	0.25	0	1	80850
161.716	0.25	0	1	80858
161.732	0.25	0	1	80866
161.75	0.25	0	1	80875
161.766	0.25	0	1	80883
161.782	0.25	1	2	80891
161.8	0.25	1	2	80900
161.816	0.25	1	2	80908
161.832	0.25	1	2	80916
161.85	0.25	1	2	80925
161.866	0.25	1	2	80933
161.882	0.25	0	1	80941
161.9	0.25	0	1	80950
161.916	0.25	0	1	80958
161.932	0.25	0	1	80966
161.95	0.25	0	1	80975
161.966	0.25	0	1	80983
161.982	0.25	1	2	80991
162.0	0.25	1	2	81000
162.016	0.25	1	2	81008
162.032	0.25	1	2	81016
162.05	0.25	1	2	81025
162.066	0.25	1	2	81033
162.082	0.25	1	2	81041
162.1	0.25	1	2	81050
162.116	0.25	1	2	81058
162.132	0.25	1	2	81066
162.15	0.25	0	1	81075
162.166	0.25	0	1	81083
162.182	0.25	0	1	81091
162.2	0.25	0	1	81100
162.216	0.25	1	2	81108
162.232	0.25	1	2	81116
162.25	0.25	0	1	81125
162.266	0.25	0	1	81133
162.282	0.25	1	2	81141
162.3	0.25	1	2	81150
162.316	0.25	0	1	81158
162.332	0.25	0	1	81166
162.35	0.25	0	1	81175
162.366	0.25	0	1	81183
162.382	0.25	1	2	81191
162.4	0.25	1	2	81200
162.416	0.25	1	2	81208
162.432	0.25	1	2	81216
162.45	0.25	0	1	81225
162.466	0.25	0	1	81233
162.482	0.25	0	1	81241
162.5	0.25	0	1	81250
162.516	0.25	0	1	81258
162.532	0.25	0	1	81266
162.55	0.25	0	1	81275
162.566	0.25	0	1	81283
162.582	0.25	1	2	81291
162.6	0.25	1	2	81300
162.616	0.25	0	1	81308
162.632	0.25	0	1	81316
162.65	0.25	0	1	81325
162.666	0.25	0	1	81333
162.682	0.25	0	1	81341
162.7	0.25	0	1	81350
162.716	0.25	0	1	81358
162.732	0.25	0	1	81366
162.75	0.25	1	2	81375
162.766	0.25	1	2	81383
162.782	0.25	1	2	81391
162.8	0.25	1	2	81400
162.816	0.25	1	2	81408
162.832	0.25	1	2	81416
162.85	0.25	1	2	81425
162.866	0.25	1	2	81433
162.882	0.25	1	2	81441
162.9	0.25	1	2	81450
162.916	0.25	1	2	81458
162.932	0.25	1	2	81466
162.95	0.25	0	1	81475
162.966	0.25	0	1	81483
162.982	0.25	1	2	81491
163.0	0.25	1	2	81500
163.016	0.25	0	1	81508
163.032	0.25	0	1	81516
163.05	0.25	1	2	81525
163.066	0.25	1	2	81533
163.082	0.25	0	1	81541
163.1	0.25	0	1	81550
163.116	0.25	0	1	81558
163.132	0.25	0	1	81566
163.15	0.25	1	2	81575
163.166	0.25	1	2	81583
163.182	0.25	1	2	81591
163.2	0.25	1	2	81600
163.216	0.25	0	1	81608
163.232	0.25	0	1	81616
163.25	0.25	0	1	81625
164.732	0.25	0	1	82366
164.75	0.25	0	1	82375
164.766	0.25	0	1	82383
164.782	0.25	0	1	82391
164.8	0.25	1	2	82400
164.816	0.25	1	2	82408
164.832	0.25	1	2	82416
164.85	0.25	1	2	82425
164.866	0.25	0	1	82433
164.882	0.25	0	1	82441
164.9	0.25	0	1	82450
164.916	0.25	0	1	82458
164.932	0.25	0	1	82466
164.95	0.25	0	1	82475
164.966	0.25	0	1	82483
164.982	0.25	0	1	82491
165.0	0.25	1	2	82500
165.016	0.25	1	2	82508
165.032	0.25	1	2	82516
165.05	0.25	1	2	82525
165.066	0.25	1	2	82533
165.082	0.25	1	2	82541
165.1	0.25	1	2	82550
165.116	0.25	1	2	82558
165.132	0.25	1	2	82566
165.15	0.25	1	2	82575
165.166	0.25	0	1	82583
165.182	0.25	0	1	82591
165.2	0.25	0	1	82600
165.216	0.25	0	1	82608
165.232	0.25	0	1	82616
165.25	0.25	0	1	82625
165.266	0.25	0	1	82633
165.282	0.25	0	1	82641
165.3	0.25	0	1	82650
165.316	0.25	0	1	82658
165.332	0.25	0	1	82666
165.35	0.25	0	1	82675
165.366	0.25	1	2	82683
165.382	0.25	1	2	82691
165.4	0.25	1	2	82700
165.416	0.25	1	2	82708
165.432	0.25	0	1	82716
165.45	0.25	0	1	82725
165.466	0.25	0	1	82733
165.482	0.25	0	1	82741
165.5	0.25	1	2	82750
165.516	0.25	1	2	82758
165.532	0.25	0	1	82766
165.55	0.25	0	1	82775
165.566	0.25	1	2	82783
165.582	0.25	1	2	82791
165.6	0.25	0	1	82800
165.616	0.25	0	1	82808
165.632	0.25	1	2	82816
165.65	0.25	1	2	82825
165.666	0.25	0	1	82833
165.682	0.25	0	1	82841
165.7	0.25	1	2	82850
165.716	0.25	1	2	82858
165.732	0.25	1	2	82866
165.75	0.25	1	2	82875
165.766	0.25	0	1	82883
165.782	0.25	0	1	82891
165.8	0.25	1	2	82900
165.816	0.25	1	2	82908
165.832	0.25	0	1	82916
165.85	0.25	0	1	82925
165.866	0.25	0	1	82933
165.882	0.25	0	1	82941
165.9	0.25	0	1	82950
165.916	0.25	0	1	82958
165.932	0.25	1	2	82966
165.95	0.25	1	2	82975
165.966	0.25	0	1	82983
165.982	0.25	0	1	82991
166.0	0.25	0	1	83000
166.016	0.25	0	1	83008
166.032	0.25	0	1	83016
166.05	0.25	0	1	83025
166.066	0.25	1	2	83033
166.082	0.25	1	2	83041
166.1	0.25	1	2	83050
166.116	0.25	1	2	83058
166.132	0.25	1	2	83066
166.15	0.25	1	2	83075
166.166	0.25	0	1	83083
166.182	0.25	0	1	83091
166.2	0.25	1	2	83100
166.216	0.25	1	2	83108
166.232	0.25	0	1	83116
166.25	0.25	0	1	83125
166.266	0.25	1	2	83133
166.282	0.25	1	2	83141
166.3	0.25	1	2	83150
166.316	0.25	1	2	83158
166.332	0.25	1	2	83166
166.35	0.25	1	2	83175
166.366	0.25	1	2	83183
166.382	0.25	1	2	83191
166.4	0.25	1	2	83200
166.416	0.25	1	2	83208
166.432	0.25	0	1	83216
166.45	0.25	0	1	83225
166.466	0.25	0	1	83233
166.482	0.25	0	1	83241
166.5	0.25	1	2	83250
166.516	0.25	1	2	83258
166.532	0.25	0	1	83266
166.55	0.25	0	1	83275
166.566	0.25	0	1	83283
166.582	0.25	0	1	83291
166.6	0.25	0	1	83300
166.616	0.25	0	1	83308
166.632	0.25	1	2	83316
166.65	0.25	1	2	83325
166.666	0.25	1	2	83333
170.85	0.25	1	2	85425
170.866	0.25	1	2	85433
170.882	0.25	1	2	85441
170.9	0.25	1	2	85450
170.916	0.25	0	1	85458
170.932	0.25	0	1	85466
170.95	0.25	1	2	85475
170.966	0.25	1	2	85483
170.982	0.25	1	2	85491
171.0	0.25	1	2	85500
171.016	0.25	0	1	85508
171.032	0.25	0	1	85516
171.05	0.25	1	2	85525
171.066	0.25	1	2	85533
171.082	0.25	1	2	85541
171.1	0.25	1	2	85550
171.116	0.25	0	1	85558
171.132	0.25	0	1	85566
171.15	0.25	1	2	85575
171.166	0.25	1	2	85583
171.182	0.25	1	2	85591
171.2	0.25	1	2	85600
171.216	0.25	0	1	85608
171.232	0.25	0	1	85616
171.25	0.25	0	1	85625
171.266	0.25	0	1	85633
171.282	0.25	0	1	85641
171.3	0.25	0	1	85650
171.316	0.25	1	2	85658
171.332	0.25	1	2	85666
171.35	0.25	1	2	85675
171.366	0.25	1	2	85683
171.382	0.25	1	2	85691
171.4	0.25	1	2	85700
171.416	0.25	0	1	85708
171.432	0.25	0	1	85716
171.45	0.25	0	1	85725
171.466	0.25	0	1	85733
171.482	0.25	0	1	85741
171.5	0.25	0	1	85750
171.516	0.25	1	2	85758
171.532	0.25	1	2	85766
171.55	0.25	1	2	85775
171.566	0.25	1	2	85783
171.582	0.25	1	2	85791
171.6	0.25	1	2	85800
171.616	0.25	1	2	85808
171.632	0.25	1	2	85816
171.65	0.25	1	2	85825
171.666	0.25	1	2	85833
171.682	0.25	0	1	85841
171.7	0.25	0	1	85850
171.716	0.25	0	1	85858
171.732	0.25	0	1	85866
171.75	0.25	1	2	85875
171.766	0.25	1	2	85883
171.782	0.25	0	1	85891
171.8	0.25	0	1	85900
171.816	0.25	1	2	85908
171.832	0.25	1	2	85916
171.85	0.25	0	1	85925
171.866	0.25	0	1	85933
171.882	0.25	0	1	85941
171.9	0.25	0	1	85950
171.916	0.25	1	2	85958
171.932	0.25	1	2	85966
171.95	0.25	1	2	85975
171.966	0.25	1	2	85983
171.982	0.25	0	1	85991
172.0	0.25	0	1	86000
172.016	0.25	0	1	86008
172.032	0.25	0	1	86016
172.05	0.25	0	1	86025
172.066	0.25	0	1	86033
172.082	0.25	0	1	86041
172.1	0.25	0	1	86050
172.116	0.25	1	2	86058
172.132	0.25	1	2	86066
172.15	0.25	0	1	86075
172.166	0.25	0	1	86083
172.182	0.25	0	1	86091
172.2	0.25	0	1	86100
172.216	0.25	0	1	86108
172.232	0.25	0	1	86116
172.25	0.25	0	1	86125
172.266	0.25	0	1	86133
172.282	0.25	1	2	86141
172.3	0.25	1	2	86150
172.316	0.25	1	2	86158
172.332	0.25	1	2	86166
172.35	0.25	1	2	86175
172.366	0.25	1	2	86183
172.382	0.25	1	2	86191
172.4	0.25	1	2	86200
172.416	0.25	1	2	86208
172.432	0.25	1	2	86216
172.45	0.25	1	2	86225
172.466	0.25	1	2	86233
172.482	0.25	0	1	86241
172.5	0.25	0	1	86250
172.516	0.25	1	2	86258
172.532	0.25	1	2	86266
172.55	0.25	0	1	86275
172.566	0.25	0	1	86283
172.582	0.25	1	2	86291
172.6	0.25	1	2	86300
172.616	0.25	0	1	86308
172.632	0.25	0	1	86316
172.65	0.25	0	1	86325
172.666	0.25	0	1	86333
172.682	0.25	1	2	86341
172.7	0.25	1	2	86350
172.716	0.25	1	2	86358
172.732	0.25	1	2	86366
172.75	0.25	0	1	86375
172.766	0.25	0	1	86383
172.782	0.25	0	1	86391
174.266	0.25	0	1	87133
174.282	0.25	0	1	87141
174.3	0.25	0	1	87150
174.316	0.25	0	1	87158
174.332	0.25	1	2	87166
174.35	0.25	1	2	87175
174.366	0.25	1	2	87183
174.382	0.25	1	2	87191
174.4	0.25	0	1	87200
174.416	0.25	0	1	87208
174.432	0.25	0	1	87216
174.45	0.25	0	1	87225
174.466	0.25	0	1	87233
174.482	0.25	0	1	87241
174.5	0.25	0	1	87250
174.516	0.25	0	1	87258
174.532	0.25	1	2	87266
174.55	0.25	1	2	87275
174.566	0.25	1	2	87283
174.582	0.25	1	2	87291
174.6	0.25	1	2	87300
174.616	0.25	1	2	87308
174.632	0.25	1	2	87316
174.65	0.25	1	2	87325
174.666	0.25	1	2	87333
174.682	0.25	1	2	87341
174.7	0.25	0	1	87350
174.716	0.25	0	1	87358
174.732	0.25	0	1	87366
174.75	0.25	0	1	87375
174.766	0.25	0	1	87383
174.782	0.25	0	1	87391
174.8	0.25	0	1	87400
174.816	0.25	0	1	87408
174.832	0.25	0	1	87416
174.85	0.25	0	1	87425
174.866	0.25	0	1	87433
174.882	0.25	0	1	87441
174.9	0.25	1	2	87450
174.916	0.25	1	2	87458
174.932	0.25	1	2	87466
174.95	0.25	1	2	87475
174.966	0.25	0	1	87483
174.982	0.25	0	1	87491
175.0	0.25	0	1	87500
175.016	0.25	0	1	87508
175.032	0.25	1	2	87516
175.05	0.25	1	2	87525
175.066	0.25	0	1	87533
175.082	0.25	0	1	87541
175.1	0.25	1	2	87550
175.116	0.25	1	2	87558
175.132	0.25	0	1	87566
175.15	0.25	0	1	87575
175.166	0.25	1	2	87583
175.182	0.25	1	2	87591
175.2	0.25	0	1	87600
175.216	0.25	0	1	87608
175.232	0.25	1	2	87616
175.25	0.25	1	2	87625
175.266	0.25	1	2	87633
175.282	0.25	1	2	87641
175.3	0.25	0	1	87650
175.316	0.25	0	1	87658
175.332	0.25	1	2	87666
175.35	0.25	1	2	87675
175.366	0.25	0	1	87683
175.382	0.25	0	1	87691
175.4	0.25	0	1	87700
175.416	0.25	0	1	87708
175.432	0.25	0	1	87716
175.45	0.25	0	1	87725
175.466	0.25	1	2	87733
175.482	0.25	1	2	87741
175.5	0.25	0	1	87750
175.516	0.25	0	1	87758
175.532	0.25	0	1	87766
175.55	0.25	0	1	87775
175.566	0.25	0	1	87783
175.582	0.25	0	1	87791
175.6	0.25	1	2	87800
175.616	0.25	1	2	87808
175.632	0.25	1	2	87816
175.65	0.25	1	2	87825
175.666	0.25	1	2	87833
175.682	0.25	1	2	87841
175.7	0.25	0	1	87850
175.716	0.25	0	1	87858
175.732	0.25	1	2	87866
175.75	0.25	1	2	87875
175.766	0.25	0	1	87883
175.782	0.25	0	1	87891
175.8	0.25	1	2	87900
175.816	0.25	1	2	87908
175.832	0.25	1	2	87916
175.85	0.25	1	2	87925
175.866	0.25	1	2	87933
175.882	0.25	1	2	87941
175.9	0.25	1	2	87950
175.916	0.25	1	2	87958
175.932	0.25	1	2	87966
175.95	0.25	1	2	87975
175.966	0.25	0	1	87983
175.982	0.25	0	1	87991
176.0	0.25	0	1	88000
176.016	0.25	0	1	88008
176.032	0.25	1	2	88016
176.05	0.25	1	2	88025
176.066	0.25	0	1	88033
176.082	0.25	0	1	88041
176.1	0.25	0	1	88050
176.116	0.25	0	1	88058
176.132	0.25	0	1	88066
176.15	0.25	0	1	88075
176.166	0.25	1	2	88083
176.182	0.25	1	2	88091
176.2	0.25	1	2	88100
177.682	0.25	1	2	88841
177.7	0.25	1	2	88850
177.716	0.25	1	2	88858
177.732	0.25	1	2	88866
177.75	0.25	0	1	88875
177.766	0.25	0	1	88883
177.782	0.25	0	1	88891
177.8	0.25	0	1	88900
177.816	0.25	0	1	88908
177.832	0.25	0	1	88916
177.85	0.25	0	1	88925
177.866	0.25	0	1	88933
177.882	0.25	1	2	88941
177.9	0.25	1	2	88950
177.916	0.25	0	1	88958
177.932	0.25	0	1	88966
177.95	0.25	0	1	88975
177.966	0.25	0	1	88983
177.982	0.25	1	2	88991
178.0	0.25	1	2	89000
178.016	0.25	1	2	89008
178.032	0.25	1	2	89016
178.05	0.25	0	1	89025
178.066	0.25	0	1	89033
178.082	0.25	0	1	89041
178.1	0.25	0	1	89050
178.116	0.25	0	1	89058
178.132	0.25	0	1	89066
178.15	0.25	0	1	89075
178.166	0.25	0	1	89083
178.182	0.25	0	1	89091
178.2	0.25	0	1	89100
178.216	0.25	0	1	89108
178.232	0.25	0	1	89116
178.25	0.25	1	2	89125
178.266	0.25	1	2	89133
178.282	0.25	0	1	89141
178.3	0.25	0	1	89150
178.316	0.25	1	2	89158
178.332	0.25	1	2	89166
178.35	0.25	1	2	89175
178.366	0.25	1	2	89183
178.382	0.25	0	1	89191
178.4	0.25	0	1	89200
178.416	0.25	1	2	89208
178.432	0.25	1	2	89216
178.45	0.25	0	1	89225
178.466	0.25	0	1	89233
178.482	0.25	1	2	89241
178.5	0.25	1	2	89250
178.516	0.25	0	1	89258
178.532	0.25	0	1	89266
178.55	0.25	1	2	89275
178.566	0.25	1	2	89283
178.582	0.25	0	1	89291
178.6	0.25	0	1	89300
178.616	0.25	0	1	89308
178.632	0.25	0	1	89316
178.65	0.25	0	1	89325
178.666	0.25	0	1	89333
178.682	0.25	1	2	89341
178.7	0.25	1	2	89350
178.716	0.25	1	2	89358
178.732	0.25	1	2	89366
178.75	0.25	1	2	89375
178.766	0.25	1	2	89383
178.782	0.25	0	1	89391
178.8	0.25	0	1	89400
178.816	0.25	1	2	89408
178.832	0.25	1	2	89416
178.85	0.25	1	2	89425
178.866	0.25	1	2	89433
178.882	0.25	1	2	89441
178.9	0.25	1	2	89450
178.916	0.25	0	1	89458
178.932	0.25	0	1	89466
178.95	0.25	1	2	89475
178.966	0.25	1	2	89483
178.982	0.25	0	1	89491
179.0	0.25	0	1	89500
179.016	0.25	1	2	89508
179.032	0.25	1	2	89516
179.05	0.25	1	2	89525
179.066	0.25	1	2	89533
179.082	0.25	0	1	89541
179.1	0.25	0	1	89550
179.116	0.25	0	1	89558
179.132	0.25	0	1	89566
179.15	0.25	0	1	89575
179.166	0.25	0	1	89583
179.182	0.25	1	2	89591
179.2	0.25	1	2	89600
179.216	0.25	1	2	89608
179.232	0.25	1	2	89616
179.25	0.25	0	1	89625
179.266	0.25	0	1	89633
179.282	0.25	1	2	89641
179.3	0.25	1	2	89650
179.316	0.25	1	2	89658
179.332	0.25	1	2	89666
179.35	0.25	1	2	89675
179.366	0.25	1	2	89683
179.382	0.25	0	1	89691
179.4	0.25	0	1	89700
179.416	0.25	0	1	89708
179.432	0.25	0	1	89716
179.45	0.25	0	1	89725
179.466	0.25	0	1	89733
179.482	0.25	0	1	89741
179.5	0.25	0	1	89750
179.516	0.25	0	1	89758
179.532	0.25	0	1	89766
179.55	0.25	1	2	89775
179.566	0.25	1	2	89783
179.582	0.25	1	2	89791
179.6	0.25	1	2	89800
179.616	0.25	1	2	89808
181.1	0.25	1	2	90550
181.116	0.25	1	2	90558
181.132	0.25	1	2	90566
181.15	0.25	1	2	90575
181.166	0.25	1	2	90583
181.182	0.25	1	2	90591
181.2	0.25	1	2	90600
181.216	0.25	1	2	90608
181.232	0.25	1	2	90616
181.25	0.25	1	2	90625
181.266	0.25	1	2	90633
181.282	0.25	1	2	90641
181.3	0.25	1	2	90650
181.316	0.25	1	2	90658
181.332	0.25	0	1	90666
181.35	0.25	0	1	90675
181.366	0.25	0	1	90683
181.382	0.25	0	1	90691
181.4	0.25	1	2	90700
181.416	0.25	1	2	90708
181.432	0.25	1	2	90716
181.45	0.25	1	2	90725
181.466	0.25	0	1	90733
181.482	0.25	0	1	90741
181.5	0.25	0	1	90750
181.516	0.25	0	1	90758
181.532	0.25	1	2	90766
181.55	0.25	1	2	90775
181.566	0.25	1	2	90783
181.582	0.25	1	2	90791
181.6	0.25	0	1	90800
181.616	0.25	0	1	90808
181.632	0.25	0	1	90816
181.65	0.25	0	1	90825
181.666	0.25	1	2	90833
181.682	0.25	1	2	90841
181.7	0.25	0	1	90850
181.716	0.25	0	1	90858
181.732	0.25	1	2	90866
181.75	0.25	1	2	90875
181.766	0.25	1	2	90883
181.782	0.25	1	2	90891
181.8	0.25	0	1	90900
181.816	0.25	0	1	90908
181.832	0.25	1	2	90916
181.85	0.25	1	2	90925
181.866	0.25	0	1	90933
181.882	0.25	0	1	90941
181.9	0.25	0	1	90950
181.916	0.25	0	1	90958
181.932	0.25	1	2	90966
181.95	0.25	1	2	90975
181.966	0.25	0	1	90983
181.982	0.25	0	1	90991
182.0	0.25	1	2	91000
182.016	0.25	1	2	91008
182.032	0.25	1	2	91016
182.05	0.25	1	2	91025
182.066	0.25	1	2	91033
182.082	0.25	1	2	91041
182.1	0.25	0	1	91050
182.116	0.25	0	1	91058
182.132	0.25	0	1	91066
182.15	0.25	0	1	91075
182.166	0.25	0	1	91083
182.182	0.25	0	1	91091
182.2	0.25	1	2	91100
182.216	0.25	1	2	91108
182.232	0.25	0	1	91116
182.25	0.25	0	1	91125
182.266	0.25	1	2	91133
182.282	0.25	1	2	91141
182.3	0.25	1	2	91150
182.316	0.25	1	2	91158
182.332	0.25	1	2	91166
182.35	0.25	1	2	91175
182.366	0.25	0	1	91183
182.382	0.25	0	1	91191
182.4	0.25	0	1	91200
182.416	0.25	0	1	91208
182.432	0.25	1	2	91216
182.45	0.25	1	2	91225
182.466	0.25	0	1	91233
182.482	0.25	0	1	91241
182.5	0.25	1	2	91250
182.516	0.25	1	2	91258
182.532	0.25	0	1	91266
182.55	0.25	0	1	91275
182.566	0.25	0	1	91283
182.582	0.25	0	1	91291
182.6	0.25	0	1	91300
182.616	0.25	0	1	91308
182.632	0.25	1	2	91316
182.65	0.25	1	2	91325
182.666	0.25	1	2	91333
182.682	0.25	1	2	91341
182.7	0.25	0	1	91350
182.716	0.25	0	1	91358
182.732	0.25	1	2	91366
182.75	0.25	1	2	91375
182.766	0.25	0	1	91383
182.782	0.25	0	1	91391
182.8	0.25	0	1	91400
182.816	0.25	0	1	91408
182.832	0.25	0	1	91416
182.85	0.25	0	1	91425
182.866	0.25	1	2	91433
182.882	0.25	1	2	91441
182.9	0.25	0	1	91450
182.916	0.25	0	1	91458
182.932	0.25	1	2	91466
182.95	0.25	1	2	91475
182.966	0.25	0	1	91483
182.982	0.25	0	1	91491
183.0	0.25	0	1	91500
183.016	0.25	0	1	91508
183.032	0.25	1	2	91516
186.516	0.25	1	2	93258
186.532	0.25	1	2	93266
186.55	0.25	1	2	93275
186.566	0.25	1	2	93283
186.582	0.25	0	1	93291
186.6	0.25	0	1	93300
186.616	0.25	0	1	93308
186.632	0.25	0	1	93316
186.65	0.25	0	1	93325
186.666	0.25	0	1	93333
186.682	0.25	0	1	93341
186.7	0.25	0	1	93350
186.716	0.25	1	2	93358
186.732	0.25	1	2	93366
186.75	0.25	0	1	93375
186.766	0.25	0	1	93383
186.782	0.25	0	1	93391
186.8	0.25	0	1	93400
186.816	0.25	1	2	93408
186.832	0.25	1	2	93416
186.85	0.25	1	2	93425
186.866	0.25	1	2	93433
186.882	0.25	0	1	93441
186.9	0.25	0	1	93450
186.916	0.25	0	1	93458
186.932	0.25	0	1	93466
186.95	0.25	0	1	93475
186.966	0.25	0	1	93483
186.982	0.25	0	1	93491
187.0	0.25	0	1	93500
187.016	0.25	0	1	93508
187.032	0.25	0	1	93516
187.05	0.25	0	1	93525
187.066	0.25	0	1	93533
187.082	0.25	1	2	93541
187.1	0.25	1	2	93550
187.116	0.25	0	1	93558
187.132	0.25	0	1	93566
187.15	0.25	1	2	93575
187.166	0.25	1	2	93583
187.182	0.25	1	2	93591
187.2	0.25	1	2	93600
187.216	0.25	0	1	93608
187.232	0.25	0	1	93616
187.25	0.25	1	2	93625
187.266	0.25	1	2	93633
187.282	0.25	0	1	93641
187.3	0.25	0	1	93650
187.316	0.25	1	2	93658
187.332	0.25	1	2	93666
187.35	0.25	0	1	93675
187.366	0.25	0	1	93683
187.382	0.25	1	2	93691
187.4	0.25	1	2	93700
187.416	0.25	0	1	93708
187.432	0.25	0	1	93716
187.45	0.25	0	1	93725
187.466	0.25	0	1	93733
187.482	0.25	0	1	93741
187.5	0.25	0	1	93750
187.516	0.25	1	2	93758
187.532	0.25	1	2	93766
187.55	0.25	1	2	93775
187.566	0.25	1	2	93783
187.582	0.25	1	2	93791
187.6	0.25	1	2	93800
187.616	0.25	0	1	93808
187.632	0.25	0	1	93816
187.65	0.25	1	2	93825
187.666	0.25	1	2	93833
187.682	0.25	1	2	93841
187.7	0.25	1	2	93850
187.716	0.25	1	2	93858
187.732	0.25	1	2	93866
187.75	0.25	0	1	93875
187.766	0.25	0	1	93883
187.782	0.25	1	2	93891
187.8	0.25	1	2	93900
187.816	0.25	0	1	93908
187.832	0.25	0	1	93916
187.85	0.25	1	2	93925
187.866	0.25	1	2	93933
187.882	0.25	1	2	93941
187.9	0.25	1	2	93950
187.916	0.25	0	1	93958
187.932	0.25	0	1	93966
187.95	0.25	0	1	93975
187.966	0.25	0	1	93983
187.982	0.25	0	1	93991
188.0	0.25	0	1	94000
188.016	0.25	1	2	94008
188.032	0.25	1	2	94016
188.05	0.25	1	2	94025
188.066	0.25	1	2	94033
188.082	0.25	0	1	94041
188.1	0.25	0	1	94050
188.116	0.25	1	2	94058
188.132	0.25	1	2	94066
188.15	0.25	1	2	94075
188.166	0.25	1	2	94083
188.182	0.25	1	2	94091
188.2	0.25	1	2	94100
188.216	0.25	0	1	94108
188.232	0.25	0	1	94116
188.25	0.25	0	1	94125
188.266	0.25	0	1	94133
188.282	0.25	0	1	94141
188.3	0.25	0	1	94150
188.316	0.25	0	1	94158
188.332	0.25	0	1	94166
188.35	0.25	0	1	94175
188.366	0.25	0	1	94183
188.382	0.25	1	2	94191
188.4	0.25	1	2	94200
188.416	0.25	1	2	94208
188.432	0.25	1	2	94216
188.45	0.25	1	2	94225
189.932	0.25	0	1	94966
189.95	0.25	0	1	94975
189.966	0.25	0	1	94983
189.982	0.25	0	1	94991
190.0	0.25	1	2	95000
190.016	0.25	1	2	95008
190.032	0.25	1	2	95016
190.05	0.25	1	2	95025
190.066	0.25	0	1	95033
190.082	0.25	0	1	95041
190.1	0.25	0	1	95050
190.116	0.25	0	1	95058
190.132	0.25	0	1	95066
190.15	0.25	0	1	95075
190.166	0.25	0	1	95083
190.182	0.25	0	1	95091
190.2	0.25	1	2	95100
190.216	0.25	1	2	95108
190.232	0.25	1	2	95116
190.25	0.25	1	2	95125
190.266	0.25	1	2	95133
190.282	0.25	1	2	95141
190.3	0.25	1	2	95150
190.316	0.25	1	2	95158
190.332	0.25	1	2	95166
190.35	0.25	1	2	95175
190.366	0.25	0	1	95183
190.382	0.25	0	1	95191
190.4	0.25	0	1	95200
190.416	0.25	0	1	95208
190.432	0.25	0	1	95216
190.45	0.25	0	1	95225
190.466	0.25	0	1	95233
190.482	0.25	0	1	95241
190.5	0.25	0	1	95250
190.516	0.25	0	1	95258
190.532	0.25	0	1	95266
190.55	0.25	0	1	95275
190.566	0.25	1	2	95283
190.582	0.25	1	2	95291
190.6	0.25	1	2	95300
190.616	0.25	1	2	95308
190.632	0.25	0	1	95316
190.65	0.25	0	1	95325
190.666	0.25	0	1	95333
190.682	0.25	0	1	95341
190.7	0.25	1	2	95350
190.716	0.25	1	2	95358
190.732	0.25	0	1	95366
190.75	0.25	0	1	95375
190.766	0.25	1	2	95383
190.782	0.25	1	2	95391
190.8	0.25	0	1	95400
190.816	0.25	0	1	95408
190.832	0.25	1	2	95416
190.85	0.25	1	2	95425
190.866	0.25	0	1	95433
190.882	0.25	0	1	95441
190.9	0.25	1	2	95450
190.916	0.25	1	2	95458
190.932	0.25	1	2	95466
190.95	0.25	1	2	95475
190.966	0.25	0	1	95483
190.982	0.25	0	1	95491
191.0	0.25	1	2	95500
191.016	0.25	1	2	95508
191.032	0.25	0	1	95516
191.05	0.25	0	1	95525
191.066	0.25	0	1	95533
191.082	0.25	0	1	95541
191.1	0.25	0	1	95550
191.116	0.25	0	1	95558
191.132	0.25	1	2	95566
191.15	0.25	1	2	95575
191.166	0.25	0	1	95583
191.182	0.25	0	1	95591
191.2	0.25	0	1	95600
191.216	0.25	0	1	95608
191.232	0.25	0	1	95616
191.25	0.25	0	1	95625
191.266	0.25	1	2	95633
191.282	0.25	1	2	95641
191.3	0.25	1	2	95650
191.316	0.25	1	2	95658
191.332	0.25	1	2	95666
191.35	0.25	1	2	95675
191.366	0.25	0	1	95683
191.382	0.25	0	1	95691
191.4	0.25	1	2	95700
191.416	0.25	1	2	95708
191.432	0.25	0	1	95716
191.45	0.25	0	1	95725
191.466	0.25	1	2	95733
191.482	0.25	1	2	95741
191.5	0.25	1	2	95750
191.516	0.25	1	2	95758
191.532	0.25	1	2	95766
191.55	0.25	1	2	95775
191.566	0.25	1	2	95783
191.582	0.25	1	2	95791
191.6	0.25	1	2	95800
191.616	0.25	1	2	95808
191.632	0.25	0	1	95816
191.65	0.25	0	1	95825
191.666	0.25	0	1	95833
191.682	0.25	0	1	95841
191.7	0.25	1	2	95850
191.716	0.25	1	2	95858
191.732	0.25	0	1	95866
191.75	0.25	0	1	95875
191.766	0.25	0	1	95883
191.782	0.25	0	1	95891
191.8	0.25	0	1	95900
191.816	0.25	0	1	95908
191.832	0.25	1	2	95916
191.85	0.25	1	2	95925
191.866	0.25	1	2	95933
193.35	0.25	1	2	96675
193.366	0.25	1	2	96683
193.382	0.25	1	2	96691
193.4	0.25	1	2	96700
193.416	0.25	1	2	96708
193.432	0.25	1	2	96716
193.45	0.25	1	2	96725
193.466	0.25	1	2	96733
193.482	0.25	1	2	96741
193.5	0.25	1	2	96750
193.516	0.25	1	2	96758
193.532	0.25	1	2	96766
193.55	0.25	1	2	96775
193.566	0.25	1	2	96783
193.582	0.25	0	1	96791
193.6	0.25	0	1	96800
193.616	0.25	0	1	96808
193.632	0.25	0	1	96816
193.65	0.25	1	2	96825
193.666	0.25	1	2	96833
193.682	0.25	1	2	96841
193.7	0.25	1	2	96850
193.716	0.25	0	1	96858
193.732	0.25	0	1	96866
193.75	0.25	0	1	96875
193.766	0.25	0	1	96883
193.782	0.25	1	2	96891
193.8	0.25	1	2	96900
193.816	0.25	1	2	96908
193.832	0.25	1	2	96916
193.85	0.25	0	1	96925
193.866	0.25	0	1	96933
193.882	0.25	0	1	96941
193.9	0.25	0	1	96950
193.916	0.25	1	2	96958
193.932	0.25	1	2	96966
193.95	0.25	0	1	96975
193.966	0.25	0	1	96983
193.982	0.25	1	2	96991
194.0	0.25	1	2	97000
194.016	0.25	1	2	97008
194.032	0.25	1	2	97016
194.05	0.25	0	1	97025
194.066	0.25	0	1	97033
194.082	0.25	1	2	97041
194.1	0.25	1	2	97050
194.116	0.25	0	1	97058
194.132	0.25	0	1	97066
194.15	0.25	0	1	97075
194.166	0.25	0	1	97083
194.182	0.25	1	2	97091
194.2	0.25	1	2	97100
194.216	0.25	0	1	97108
194.232	0.25	0	1	97116
194.25	0.25	1	2	97125
194.266	0.25	1	2	97133
194.282	0.25	1	2	97141
194.3	0.25	1	2	97150
194.316	0.25	1	2	97158
194.332	0.25	1	2	97166
194.35	0.25	0	1	97175
194.366	0.25	0	1	97183
194.382	0.25	0	1	97191
194.4	0.25	0	1	97200
194.416	0.25	0	1	97208
194.432	0.25	0	1	97216
194.45	0.25	1	2	97225
194.466	0.25	1	2	97233
194.482	0.25	0	1	97241
194.5	0.25	0	1	97250
194.516	0.25	1	2	97258
194.532	0.25	1	2	97266
194.55	0.25	1	2	97275
194.566	0.25	1	2	97283
194.582	0.25	1	2	97291
194.6	0.25	1	2	97300
194.616	0.25	0	1	97308
194.632	0.25	0	1	97316
194.65	0.25	0	1	97325
194.666	0.25	0	1	97333
194.682	0.25	1	2	97341
194.7	0.25	1	2	97350
194.716	0.25	0	1	97358
194.732	0.25	0	1	97366
194.75	0.25	1	2	97375
194.766	0.25	1	2	97383
194.782	0.25	0	1	97391
194.8	0.25	0	1	97400
194.816	0.25	0	1	97408
194.832	0.25	0	1	97416
194.85	0.25	0	1	97425
194.866	0.25	0	1	97433
194.882	0.25	1	2	97441
194.9	0.25	1	2	97450
194.916	0.25	1	2	97458
194.932	0.25	1	2	97466
194.95	0.25	0	1	97475
194.966	0.25	0	1	97483
194.982	0.25	1	2	97491
195.0	0.25	1	2	97500
195.016	0.25	0	1	97508
195.032	0.25	0	1	97516
195.05	0.25	0	1	97525
195.066	0.25	0	1	97533
195.082	0.25	0	1	97541
195.1	0.25	0	1	97550
195.116	0.25	1	2	97558
195.132	0.25	1	2	97566
195.15	0.25	0	1	97575
195.166	0.25	0	1	97583
195.182	0.25	1	2	97591
195.2	0.25	1	2	97600
195.216	0.25	0	1	97608
195.232	0.25	0	1	97616
195.25	0.25	0	1	97625
195.266	0.25	0	1	97633
195.282	0.25	1	2	97641
196.766	0.25	1	2	98383
196.782	0.25	1	2	98391
196.8	0.25	1	2	98400
196.816	0.25	1	2	98408
196.832	0.25	0	1	98416
196.85	0.25	0	1	98425
196.866	0.25	1	2	98433
196.882	0.25	1	2	98441
196.9	0.25	1	2	98450
196.916	0.25	1	2	98458
196.932	0.25	0	1	98466
196.95	0.25	0	1	98475
196.966	0.25	1	2	98483
196.982	0.25	1	2	98491
197.0	0.25	1	2	98500
197.016	0.25	1	2	98508
197.032	0.25	0	1	98516
197.05	0.25	0	1	98525
197.066	0.25	1	2	98533
197.082	0.25	1	2	98541
197.1	0.25	1	2	98550
197.116	0.25	1	2	98558
197.132	0.25	0	1	98566
197.15	0.25	0	1	98575
197.166	0.25	0	1	98583
197.182	0.25	0	1	98591
197.2	0.25	0	1	98600
197.216	0.25	0	1	98608
197.232	0.25	1	2	98616
197.25	0.25	1	2	98625
197.266	0.25	1	2	98633
197.282	0.25	1	2	98641
197.3	0.25	1	2	98650
197.316	0.25	1	2	98658
197.332	0.25	0	1	98666
197.35	0.25	0	1	98675
197.366	0.25	0	1	98683
197.382	0.25	0	1	98691
197.4	0.25	0	1	98700
197.416	0.25	0	1	98708
197.432	0.25	1	2	98716
197.45	0.25	1	2	98725
197.466	0.25	1	2	98733
197.482	0.25	1	2	98741
197.5	0.25	1	2	98750
197.516	0.25	1	2	98758
197.532	0.25	1	2	98766
197.55	0.25	1	2	98775
197.566	0.25	1	2	98783
197.582	0.25	1	2	98791
197.6	0.25	0	1	98800
197.616	0.25	0	1	98808
197.632	0.25	0	1	98816
197.65	0.25	0	1	98825
197.666	0.25	1	2	98833
197.682	0.25	1	2	98841
197.7	0.25	0	1	98850
197.716	0.25	0	1	98858
197.732	0.25	1	2	98866
197.75	0.25	1	2	98875
197.766	0.25	0	1	98883
197.782	0.25	0	1	98891
197.8	0.25	0	1	98900
197.816	0.25	0	1	98908
197.832	0.25	1	2	98916
197.85	0.25	1	2	98925
197.866	0.25	1	2	98933
197.882	0.25	1	2	98941
197.9	0.25	0	1	98950
197.916	0.25	0	1	98958
197.932	0.25	0	1	98966
197.95	0.25	0	1	98975
197.966	0.25	0	1	98983
197.982	0.25	0	1	98991
198.0	0.25	0	1	99000
198.016	0.25	0	1	99008
198.032	0.25	1	2	99016
198.05	0.25	1	2	99025
198.066	0.25	0	1	99033
198.082	0.25	0	1	99041
198.1	0.25	0	1	99050
198.116	0.25	0	1	99058
198.132	0.25	0	1	99066
198.15	0.25	0	1	99075
198.166	0.25	0	1	99083
198.182	0.25	0	1	99091
198.2	0.25	1	2	99100
198.216	0.25	1	2	99108
198.232	0.25	1	2	99116
198.25	0.25	1	2	99125
198.266	0.25	1	2	99133
198.282	0.25	1	2	99141
198.3	0.25	1	2	99150
198.316	0.25	1	2	99158
198.332	0.25	1	2	99166
198.35	0.25	1	2	99175
198.366	0.25	1	2	99183
198.382	0.25	1	2	99191
198.4	0.25	0	1	99200
198.416	0.25	0	1	99208
198.432	0.25	1	2	99216
198.45	0.25	1	2	99225
198.466	0.25	0	1	99233
198.482	0.25	0	1	99241
198.5	0.25	1	2	99250
198.516	0.25	1	2	99258
198.532	0.25	0	1	99266
198.55	0.25	0	1	99275
198.566	0.25	0	1	99283
198.582	0.25	0	1	99291
198.6	0.25	1	2	99300
198.616	0.25	1	2	99308
198.632	0.25	1	2	99316
198.65	0.25	1	2	99325
198.666	0.25	0	1	99333
198.682	0.25	0	1	99341
198.7	0.25	0	1	99350
202.45	0.25	1	2	101225
202.466	0.25	1	2	101233
202.482	0.25	1	2	101241
202.5	0.25	1	2	101250
202.516	0.25	0	1	101258
202.532	0.25	0	1	101266
202.55	0.25	0	1	101275
202.566	0.25	0	1	101283
202.582	0.25	0	1	101291
202.6	0.25	0	1	101300
202.616	0.25	0	1	101308
202.632	0.25	0	1	101316
202.65	0.25	1	2	101325
202.666	0.25	1	2	101333
202.682	0.25	0	1	101341
202.7	0.25	0	1	101350
202.716	0.25	0	1	101358
202.732	0.25	0	1	101366
202.75	0.25	1	2	101375
202.766	0.25	1	2	101383
202.782	0.25	1	2	101391
202.8	0.25	1	2	101400
202.816	0.25	0	1	101408
202.832	0.25	0	1	101416
202.85	0.25	0	1	101425
202.866	0.25	0	1	101433
202.882	0.25	0	1	101441
202.9	0.25	0	1	101450
202.916	0.25	0	1	101458
202.932	0.25	0	1	101466
202.95	0.25	0	1	101475
202.966	0.25	0	1	101483
202.982	0.25	0	1	101491
203.0	0.25	0	1	101500
203.016	0.25	1	2	101508
203.032	0.25	1	2	101516
203.05	0.25	0	1	101525
203.066	0.25	0	1	101533
203.082	0.25	1	2	101541
203.1	0.25	1	2	101550
203.116	0.25	1	2	101558
203.132	0.25	1	2	101566
203.15	0.25	0	1	101575
203.166	0.25	0	1	101583
203.182	0.25	1	2	101591
203.2	0.25	1	2	101600
203.216	0.25	0	1	101608
203.232	0.25	0	1	101616
203.25	0.25	1	2	101625
203.266	0.25	1	2	101633
203.282	0.25	0	1	101641
203.3	0.25	0	1	101650
203.316	0.25	1	2	101658
203.332	0.25	1	2	101666
203.35	0.25	0	1	101675
203.366	0.25	0	1	101683
203.382	0.25	0	1	101691
203.4	0.25	0	1	101700
203.416	0.25	0	1	101708
203.432	0.25	0	1	101716
203.45	0.25	1	2	101725
203.466	0.25	1	2	101733
203.482	0.25	1	2	101741
203.5	0.25	1	2	101750
203.516	0.25	1	2	101758
203.532	0.25	1	2	101766
203.55	0.25	0	1	101775
203.566	0.25	0	1	101783
203.582	0.25	1	2	101791
203.6	0.25	1	2	101800
203.616	0.25	1	2	101808
203.632	0.25	1	2	101816
203.65	0.25	1	2	101825
203.666	0.25	1	2	101833
203.682	0.25	0	1	101841
203.7	0.25	0	1	101850
203.716	0.25	1	2	101858
203.732	0.25	1	2	101866
203.75	0.25	0	1	101875
203.766	0.25	0	1	101883
203.782	0.25	1	2	101891
203.8	0.25	1	2	101900
203.816	0.25	1	2	101908
203.832	0.25	1	2	101916
203.85	0.25	0	1	101925
203.866	0.25	0	1	101933
203.882	0.25	0	1	101941
203.9	0.25	0	1	101950
203.916	0.25	0	1	101958
203.932	0.25	0	1	101966
203.95	0.25	1	2	101975
203.966	0.25	1	2	101983
203.982	0.25	1	2	101991
204.0	0.25	1	2	102000
204.016	0.25	0	1	102008
204.032	0.25	0	1	102016
204.05	0.25	1	2	102025
204.066	0.25	1	2	102033
204.082	0.25	1	2	102041
204.1	0.25	1	2	102050
204.116	0.25	1	2	102058
204.132	0.25	1	2	102066
204.15	0.25	0	1	102075
204.166	0.25	0	1	102083
204.182	0.25	0	1	102091
204.2	0.25	0	1	102100
204.216	0.25	0	1	102108
204.232	0.25	0	1	102116
204.25	0.25	0	1	102125
204.266	0.25	0	1	102133
204.282	0.25	0	1	102141
204.3	0.25	0	1	102150
204.316	0.25	1	2	102158
204.332	0.25	1	2	102166
204.35	0.25	1	2	102175
204.366	0.25	1	2	102183
204.382	0.25	1	2	102191
205.866	0.25	1	2	102933
205.882	0.25	1	2	102941
205.9	0.25	1	2	102950
205.916	0.25	1	2	102958
205.932	0.25	0	1	102966
205.95	0.25	0	1	102975
205.966	0.25	1	2	102983
205.982	0.25	1	2	102991
206.0	0.25	1	2	103000
206.016	0.25	1	2	103008
206.032	0.25	0	1	103016
206.05	0.25	0	1	103025
206.066	0.25	1	2	103033
206.082	0.25	1	2	103041
206.1	0.25	1	2	103050
206.116	0.25	1	2	103058
206.132	0.25	0	1	103066
206.15	0.25	0	1	103075
206.166	0.25	1	2	103083
206.182	0.25	1	2	103091
206.2	0.25	1	2	103100
206.216	0.25	1	2	103108
206.232	0.25	0	1	103116
206.25	0.25	0	1	103125
206.266	0.25	0	1	103133
206.282	0.25	0	1	103141
206.3	0.25	0	1	103150
206.316	0.25	0	1	103158
206.332	0.25	1	2	103166
206.35	0.25	1	2	103175
206.366	0.25	1	2	103183
206.382	0.25	1	2	103191
206.4	0.25	1	2	103200
206.416	0.25	1	2	103208
206.432	0.25	0	1	103216
206.45	0.25	0	1	103225
206.466	0.25	0	1	103233
206.482	0.25	0	1	103241
206.5	0.25	0	1	103250
206.516	0.25	0	1	103258
206.532	0.25	1	2	103266
206.55	0.25	1	2	103275
206.566	0.25	1	2	103283
206.582	0.25	1	2	103291
206.6	0.25	1	2	103300
206.616	0.25	1	2	103308
206.632	0.25	1	2	103316
206.65	0.25	1	2	103325
206.666	0.25	1	2	103333
206.682	0.25	1	2	103341
206.7	0.25	0	1	103350
206.716	0.25	0	1	103358
206.732	0.25	0	1	103366
206.75	0.25	0	1	103375
206.766	0.25	1	2	103383
206.782	0.25	1	2	103391
206.8	0.25	0	1	103400
206.816	0.25	0	1	103408
206.832	0.25	1	2	103416
206.85	0.25	1	2	103425
206.866	0.25	0	1	103433
206.882	0.25	0	1	103441
206.9	0.25	0	1	103450
206.916	0.25	0	1	103458
206.932	0.25	1	2	103466
206.95	0.25	1	2	103475
206.966	0.25	1	2	103483
206.982	0.25	1	2	103491
207.0	0.25	0	1	103500
207.016	0.25	0	1	103508
207.032	0.25	0	1	103516
207.05	0.25	0	1	103525
207.066	0.25	0	1	103533
207.082	0.25	0	1	103541
207.1	0.25	0	1	103550
207.116	0.25	0	1	103558
207.132	0.25	1	2	103566
207.15	0.25	1	2	103575
207.166	0.25	0	1	103583
207.182	0.25	0	1	103591
207.2	0.25	0	1	103600
207.216	0.25	0	1	103608
207.232	0.25	0	1	103616
207.25	0.25	0	1	103625
207.266	0.25	0	1	103633
207.282	0.25	0	1	103641
207.3	0.25	1	2	103650
207.316	0.25	1	2	103658
207.332	0.25	1	2	103666
207.35	0.25	1	2	103675
207.366	0.25	1	2	103683
207.382	0.25	1	2	103691
207.4	0.25	1	2	103700
207.416	0.25	1	2	103708
207.432	0.25	1	2	103716
207.45	0.25	1	2	103725
207.466	0.25	1	2	103733
207.482	0.25	1	2	103741
207.5	0.25	0	1	103750
207.516	0.25	0	1	103758
207.532	0.25	1	2	103766
207.55	0.25	1	2	103775
207.566	0.25	0	1	103783
207.582	0.25	0	1	103791
207.6	0.25	1	2	103800
207.616	0.25	1	2	103808
207.632	0.25	0	1	103816
207.65	0.25	0	1	103825
207.666	0.25	0	1	103833
207.682	0.25	0	1	103841
207.7	0.25	1	2	103850
207.716	0.25	1	2	103858
207.732	0.25	1	2	103866
207.75	0.25	1	2	103875
207.766	0.25	0	1	103883
207.782	0.25	0	1	103891
207.8	0.25	0	1	103900
209.282	0.25	0	1	104641
209.3	0.25	0	1	104650
209.316	0.25	0	1	104658
209.332	0.25	0	1	104666
209.35	0.25	1	2	104675
209.366	0.25	1	2	104683
209.382	0.25	1	2	104691
209.4	0.25	1	2	104700
209.416	0.25	0	1	104708
209.432	0.25	0	1	104716
209.45	0.25	0	1	104725
209.466	0.25	0	1	104733
209.482	0.25	0	1	104741
209.5	0.25	0	1	104750
209.516	0.25	0	1	104758
209.532	0.25	0	1	104766
209.55	0.25	1	2	104775
209.566	0.25	1	2	104783
209.582	0.25	1	2	104791
209.6	0.25	1	2	104800
209.616	0.25	1	2	104808
209.632	0.25	1	2	104816
209.65	0.25	1	2	104825
209.666	0.25	1	2	104833
209.682	0.25	1	2	104841
209.7	0.25	1	2	104850
209.716	0.25	0	1	104858
209.732	0.25	0	1	104866
209.75	0.25	0	1	104875
209.766	0.25	0	1	104883
209.782	0.25	0	1	104891
209.8	0.25	0	1	104900
209.816	0.25	0	1	104908
209.832	0.25	0	1	104916
209.85	0.25	0	1	104925
209.866	0.25	0	1	104933
209.882	0.25	0	1	104941
209.9	0.25	0	1	104950
209.916	0.25	1	2	104958
209.932	0.25	1	2	104966
209.95	0.25	1	2	104975
209.966	0.25	1	2	104983
209.982	0.25	0	1	104991
210.0	0.25	0	1	105000
210.016	0.25	0	1	105008
210.032	0.25	0	1	105016
210.05	0.25	1	2	105025
210.066	0.25	1	2	105033
210.082	0.25	0	1	105041
210.1	0.25	0	1	105050
210.116	0.25	1	2	105058
210.132	0.25	1	2	105066
210.15	0.25	0	1	105075
210.166	0.25	0	1	105083
210.182	0.25	1	2	105091
210.2	0.25	1	2	105100
210.216	0.25	0	1	105108
210.232	0.25	0	1	105116
210.25	0.25	1	2	105125
210.266	0.25	1	2	105133
210.282	0.25	1	2	105141
210.3	0.25	1	2	105150
210.316	0.25	0	1	105158
210.332	0.25	0	1	105166
210.35	0.25	1	2	105175
210.366	0.25	1	2	105183
210.382	0.25	0	1	105191
210.4	0.25	0	1	105200
210.416	0.25	0	1	105208
210.432	0.25	0	1	105216
210.45	0.25	0	1	105225
210.466	0.25	0	1	105233
210.482	0.25	1	2	105241
210.5	0.25	1	2	105250
210.516	0.25	0	1	105258
210.532	0.25	0	1	105266
210.55	0.25	0	1	105275
210.566	0.25	0	1	105283
210.582	0.25	0	1	105291
210.6	0.25	0	1	105300
210.616	0.25	1	2	105308
210.632	0.25	1	2	105316
210.65	0.25	1	2	105325
210.666	0.25	1	2	105333
210.682	0.25	1	2	105341
210.7	0.25	1	2	105350
210.716	0.25	0	1	105358
210.732	0.25	0	1	105366
210.75	0.25	1	2	105375
210.766	0.25	1	2	105383
210.782	0.25	0	1	105391
210.8	0.25	0	1	105400
210.816	0.25	1	2	105408
210.832	0.25	1	2	105416
210.85	0.25	1	2	105425
210.866	0.25	1	2	105433
210.882	0.25	1	2	105441
210.9	0.25	1	2	105450
210.916	0.25	1	2	105458
210.932	0.25	1	2	105466
210.95	0.25	1	2	105475
210.966	0.25	1	2	105483
210.982	0.25	0	1	105491
211.0	0.25	0	1	105500
211.016	0.25	0	1	105508
211.032	0.25	0	1	105516
211.05	0.25	1	2	105525
211.066	0.25	1	2	105533
211.082	0.25	0	1	105541
211.1	0.25	0	1	105550
211.116	0.25	0	1	105558
211.132	0.25	0	1	105566
211.15	0.25	0	1	105575
211.166	0.25	0	1	105583
211.182	0.25	1	2	105591
211.2	0.25	1	2	105600
211.216	0.25	1	2	105608
212.7	0.25	1	2	106350
212.716	0.25	1	2	106358
212.732	0.25	1	2	106366
212.75	0.25	1	2	106375
212.766	0.25	1	2	106383
212.782	0.25	1	2	106391
212.8	0.25	1	2	106400
212.816	0.25	1	2	106408
212.832	0.25	1	2	106416
212.85	0.25	1	2	106425
212.866	0.25	1	2	106433
212.882	0.25	1	2	106441
212.9	0.25	1	2	106450
212.916	0.25	1	2	106458
212.932	0.25	0	1	106466
212.95	0.25	0	1	106475
212.966	0.25	0	1	106483
212.982	0.25	0	1	106491
213.0	0.25	1	2	106500
213.016	0.25	1	2	106508
213.032	0.25	1	2	106516
213.05	0.25	1	2	106525
213.066	0.25	0	1	106533
213.082	0.25	0	1	106541
213.1	0.25	0	1	106550
213.116	0.25	0	1	106558
213.132	0.25	1	2	106566
213.15	0.25	1	2	106575
213.166	0.25	1	2	106583
213.182	0.25	1	2	106591
213.2	0.25	0	1	106600
213.216	0.25	0	1	106608
213.232	0.25	0	1	106616
213.25	0.25	0	1	106625
213.266	0.25	1	2	106633
213.282	0.25	1	2	106641
213.3	0.25	0	1	106650
213.316	0.25	0	1	106658
213.332	0.25	1	2	106666
213.35	0.25	1	2	106675
213.366	0.25	1	2	106683
213.382	0.25	1	2	106691
213.4	0.25	0	1	106700
213.416	0.25	0	1	106708
213.432	0.25	1	2	106716
213.45	0.25	1	2	106725
213.466	0.25	0	1	106733
213.482	0.25	0	1	106741
213.5	0.25	0	1	106750
213.516	0.25	0	1	106758
213.532	0.25	1	2	106766
213.55	0.25	1	2	106775
213.566	0.25	0	1	106783
213.582	0.25	0	1	106791
213.6	0.25	1	2	106800
213.616	0.25	1	2	106808
213.632	0.25	1	2	106816
213.65	0.25	1	2	106825
213.666	0.25	1	2	106833
213.682	0.25	1	2	106841
213.7	0.25	0	1	106850
213.716	0.25	0	1	106858
213.732	0.25	0	1	106866
213.75	0.25	0	1	106875
213.766	0.25	0	1	106883
213.782	0.25	0	1	106891
213.8	0.25	1	2	106900
213.816	0.25	1	2	106908
213.832	0.25	0	1	106916
213.85	0.25	0	1	106925
213.866	0.25	1	2	106933
213.882	0.25	1	2	106941
213.9	0.25	1	2	106950
213.916	0.25	1	2	106958
213.932	0.25	1	2	106966
213.95	0.25	1	2	106975
213.966	0.25	0	1	106983
213.982	0.25	0	1	106991
214.0	0.25	0	1	107000
214.016	0.25	0	1	107008
214.032	0.25	1	2	107016
214.05	0.25	1	2	107025
214.066	0.25	0	1	107033
214.082	0.25	0	1	107041
214.1	0.25	1	2	107050
214.116	0.25	1	2	107058
214.132	0.25	0	1	107066
214.15	0.25	0	1	107075
214.166	0.25	0	1	107083
214.182	0.25	0	1	107091
214.2	0.25	0	1	107100
214.216	0.25	0	1	107108
214.232	0.25	1	2	107116
214.25	0.25	1	2	107125
214.266	0.25	1	2	107133
214.282	0.25	1	2	107141
214.3	0.25	0	1	107150
214.316	0.25	0	1	107158
214.332	0.25	1	2	107166
214.35	0.25	1	2	107175
214.366	0.25	0	1	107183
214.382	0.25	0	1	107191
214.4	0.25	0	1	107200
214.416	0.25	0	1	107208
214.432	0.25	0	1	107216
214.45	0.25	0	1	107225
214.466	0.25	1	2	107233
214.482	0.25	1	2	107241
214.5	0.25	0	1	107250
214.516	0.25	0	1	107258
214.532	0.25	1	2	107266
214.55	0.25	1	2	107275
214.566	0.25	0	1	107283
214.582	0.25	0	1	107291
214.6	0.25	0	1	107300
214.616	0.25	0	1	107308
214.632	0.25	1	2	107316
218.466	0.25	0	1	109233
218.482	0.25	0	1	109241
218.5	0.25	0	1	109250
218.516	0.25	0	1	109258
218.532	0.25	1	2	109266
218.55	0.25	1	2	109275
218.566	0.25	1	2	109283
218.582	0.25	1	2	109291
218.6	0.25	0	1	109300
218.616	0.25	0	1	109308
218.632	0.25	0	1	109316
218.65	0.25	0	1	109325
218.666	0.25	0	1	109333
218.682	0.25	0	1	109341
218.7	0.25	0	1	109350
218.716	0.25	0	1	109358
218.732	0.25	1	2	109366
218.75	0.25	1	2	109375
218.766	0.25	1	2	109383
218.782	0.25	1	2	109391
218.8	0.25	1	2	109400
218.816	0.25	1	2	109408
218.832	0.25	1	2	109416
218.85	0.25	1	2	109425
218.866	0.25	1	2	109433
218.882	0.25	1	2	109441
218.9	0.25	0	1	109450
218.916	0.25	0	1	109458
218.932	0.25	0	1	109466
218.95	0.25	0	1	109475
218.966	0.25	0	1	109483
218.982	0.25	0	1	109491
219.0	0.25	0	1	109500
219.016	0.25	0	1	109508
219.032	0.25	0	1	109516
219.05	0.25	0	1	109525
219.066	0.25	0	1	109533
219.082	0.25	0	1	109541
219.1	0.25	1	2	109550
219.116	0.25	1	2	109558
219.132	0.25	1	2	109566
219.15	0.25	1	2	109575
219.166	0.25	0	1	109583
219.182	0.25	0	1	109591
219.2	0.25	0	1	109600
219.216	0.25	0	1	109608
219.232	0.25	1	2	109616
219.25	0.25	1	2	109625
219.266	0.25	0	1	109633
219.282	0.25	0	1	109641
219.3	0.25	1	2	109650
219.316	0.25	1	2	109658
219.332	0.25	0	1	109666
219.35	0.25	0	1	109675
219.366	0.25	1	2	109683
219.382	0.25	1	2	109691
219.4	0.25	0	1	109700
219.416	0.25	0	1	109708
219.432	0.25	1	2	109716
219.45	0.25	1	2	109725
219.466	0.25	1	2	109733
219.482	0.25	1	2	109741
219.5	0.25	0	1	109750
219.516	0.25	0	1	109758
219.532	0.25	1	2	109766
219.55	0.25	1	2	109775
219.566	0.25	0	1	109783
219.582	0.25	0	1	109791
219.6	0.25	0	1	109800
219.616	0.25	0	1	109808
219.632	0.25	0	1	109816
219.65	0.25	0	1	109825
219.666	0.25	1	2	109833
219.682	0.25	1	2	109841
219.7	0.25	0	1	109850
219.716	0.25	0	1	109858
219.732	0.25	0	1	109866
219.75	0.25	0	1	109875
219.766	0.25	0	1	109883
219.782	0.25	0	1	109891
219.8	0.25	1	2	109900
219.816	0.25	1	2	109908
219.832	0.25	1	2	109916
219.85	0.25	1	2	109925
219.866	0.25	1	2	109933
219.882	0.25	1	2	109941
219.9	0.25	0	1	109950
219.916	0.25	0	1	109958
219.932	0.25	1	2	109966
219.95	0.25	1	2	109975
219.966	0.25	0	1	109983
219.982	0.25	0	1	109991
220.0	0.25	1	2	110000
220.016	0.25	1	2	110008
220.032	0.25	1	2	110016
220.05	0.25	1	2	110025
220.066	0.25	1	2	110033
220.082	0.25	1	2	110041
220.1	0.25	1	2	110050
220.116	0.25	1	2	110058
220.132	0.25	1	2	110066
220.15	0.25	1	2	110075
220.166	0.25	0	1	110083
220.182	0.25	0	1	110091
220.2	0.25	0	1	110100
220.216	0.25	0	1	110108
220.232	0.25	1	2	110116
220.25	0.25	1	2	110125
220.266	0.25	0	1	110133
220.282	0.25	0	1	110141
220.3	0.25	0	1	110150
220.316	0.25	0	1	110158
220.332	0.25	0	1	110166
220.35	0.25	0	1	110175
220.366	0.25	1	2	110183
220.382	0.25	1	2	110191
220.4	0.25	1	2	110200
221.882	0.25	1	2	110941
221.9	0.25	1	2	110950
221.916	0.25	1	2	110958
221.932	0.25	1	2	110966
221.95	0.25	1	2	110975
221.966	0.25	1	2	110983
221.982	0.25	1	2	110991
222.0	0.25	1	2	111000
222.016	0.25	1	2	111008
222.032	0.25	1	2	111016
222.05	0.25	1	2	111025
222.066	0.25	1	2	111033
222.082	0.25	1	2	111041
222.1	0.25	1	2	111050
222.116	0.25	0	1	111058
222.132	0.25	0	1	111066
222.15	0.25	0	1	111075
222.166	0.25	0	1	111083
222.182	0.25	1	2	111091
222.2	0.25	1	2	111100
222.216	0.25	1	2	111108
222.232	0.25	1	2	111116
222.25	0.25	0	1	111125
222.266	0.25	0	1	111133
222.282	0.25	0	1	111141
222.3	0.25	0	1	111150
222.316	0.25	1	2	111158
222.332	0.25	1	2	111166
222.35	0.25	1	2	111175
222.366	0.25	1	2	111183
222.382	0.25	0	1	111191
222.4	0.25	0	1	111200
222.416	0.25	0	1	111208
222.432	0.25	0	1	111216
222.45	0.25	1	2	111225
222.466	0.25	1	2	111233
222.482	0.25	0	1	111241
222.5	0.25	0	1	111250
222.516	0.25	1	2	111258
222.532	0.25	1	2	111266
222.55	0.25	1	2	111275
222.566	0.25	1	2	111283
222.582	0.25	0	1	111291
222.6	0.25	0	1	111300
222.616	0.25	1	2	111308
222.632	0.25	1	2	111316
222.65	0.25	0	1	111325
222.666	0.25	0	1	111333
222.682	0.25	0	1	111341
222.7	0.25	0	1	111350
222.716	0.25	1	2	111358
222.732	0.25	1	2	111366
222.75	0.25	0	1	111375
222.766	0.25	0	1	111383
222.782	0.25	1	2	111391
222.8	0.25	1	2	111400
222.816	0.25	1	2	111408
222.832	0.25	1	2	111416
222.85	0.25	1	2	111425
222.866	0.25	1	2	111433
222.882	0.25	0	1	111441
222.9	0.25	0	1	111450
222.916	0.25	0	1	111458
222.932	0.25	0	1	111466
222.95	0.25	0	1	111475
222.966	0.25	0	1	111483
222.982	0.25	1	2	111491
223.0	0.25	1	2	111500
223.016	0.25	0	1	111508
223.032	0.25	0	1	111516
223.05	0.25	1	2	111525
223.066	0.25	1	2	111533
223.082	0.25	1	2	111541
223.1	0.25	1	2	111550
223.116	0.25	1	2	111558
223.132	0.25	1	2	111566
223.15	0.25	0	1	111575
223.166	0.25	0	1	111583
223.182	0.25	0	1	111591
223.2	0.25	0	1	111600
223.216	0.25	1	2	111608
223.232	0.25	1	2	111616
223.25	0.25	0	1	111625
223.266	0.25	0	1	111633
223.282	0.25	1	2	111641
223.3	0.25	1	2	111650
223.316	0.25	0	1	111658
223.332	0.25	0	1	111666
223.35	0.25	0	1	111675
223.366	0.25	0	1	111683
223.382	0.25	0	1	111691
223.4	0.25	0	1	111700
223.416	0.25	1	2	111708
223.432	0.25	1	2	111716
223.45	0.25	1	2	111725
223.466	0.25	1	2	111733
223.482	0.25	0	1	111741
223.5	0.25	0	1	111750
223.516	0.25	1	2	111758
223.532	0.25	1	2	111766
223.55	0.25	0	1	111775
223.566	0.25	0	1	111783
223.582	0.25	0	1	111791
223.6	0.25	0	1	111800
223.616	0.25	0	1	111808
223.632	0.25	0	1	111816
223.65	0.25	1	2	111825
223.666	0.25	1	2	111833
223.682	0.25	0	1	111841
223.7	0.25	0	1	111850
223.716	0.25	1	2	111858
223.732	0.25	1	2	111866
223.75	0.25	0	1	111875
223.766	0.25	0	1	111883
223.782	0.25	0	1	111891
223.8	0.25	0	1	111900
223.816	0.25	1	2	111908
225.3	0.25	1	2	112650
225.316	0.25	1	2	112658
225.332	0.25	1	2	112666
225.35	0.25	1	2	112675
225.366	0.25	0	1	112683
225.382	0.25	0	1	112691
225.4	0.25	1	2	112700
225.416	0.25	1	2	112708
225.432	0.25	1	2	112716
225.45	0.25	1	2	112725
225.466	0.25	0	1	112733
225.482	0.25	0	1	112741
225.5	0.25	1	2	112750
225.516	0.25	1	2	112758
225.532	0.25	1	2	112766
225.55	0.25	1	2	112775
225.566	0.25	0	1	112783
225.582	0.25	0	1	112791
225.6	0.25	1	2	112800
225.616	0.25	1	2	112808
225.632	0.25	1	2	112816
225.65	0.25	1	2	112825
225.666	0.25	0	1	112833
225.682	0.25	0	1	112841
225.7	0.25	0	1	112850
225.716	0.25	0	1	112858
225.732	0.25	0	1	112866
225.75	0.25	0	1	112875
225.766	0.25	1	2	112883
225.782	0.25	1	2	112891
225.8	0.25	1	2	112900
225.816	0.25	1	2	112908
225.832	0.25	1	2	112916
225.85	0.25	1	2	112925
225.866	0.25	0	1	112933
225.882	0.25	0	1	112941
225.9	0.25	0	1	112950
225.916	0.25	0	1	112958
225.932	0.25	0	1	112966
225.95	0.25	0	1	112975
225.966	0.25	1	2	112983
225.982	0.25	1	2	112991
226.0	0.25	1	2	113000
226.016	0.25	1	2	113008
226.032	0.25	1	2	113016
226.05	0.25	1	2	113025
226.066	0.25	1	2	113033
226.082	0.25	1	2	113041
226.1	0.25	1	2	113050
226.116	0.25	1	2	113058
226.132	0.25	0	1	113066
226.15	0.25	0	1	113075
226.166	0.25	0	1	113083
226.182	0.25	0	1	113091
226.2	0.25	1	2	113100
226.216	0.25	1	2	113108
226.232	0.25	0	1	113116
226.25	0.25	0	1	113125
226.266	0.25	1	2	113133
226.282	0.25	1	2	113141
226.3	0.25	0	1	113150
226.316	0.25	0	1	113158
226.332	0.25	0	1	113166
226.35	0.25	0	1	113175
226.366	0.25	1	2	113183
226.382	0.25	1	2	113191
226.4	0.25	1	2	113200
226.416	0.25	1	2	113208
226.432	0.25	0	1	113216
226.45	0.25	0	1	113225
226.466	0.25	0	1	113233
226.482	0.25	0	1	113241
226.5	0.25	0	1	113250
226.516	0.25	0	1	113258
226.532	0.25	0	1	113266
226.55	0.25	0	1	113275
226.566	0.25	1	2	113283
226.582	0.25	1	2	113291
226.6	0.25	0	1	113300
226.616	0.25	0	1	113308
226.632	0.25	0	1	113316
226.65	0.25	0	1	113325
226.666	0.25	0	1	113333
226.682	0.25	0	1	113341
226.7	0.25	0	1	113350
226.716	0.25	0	1	113358
226.732	0.25	1	2	113366
226.75	0.25	1	2	113375
226.766	0.25	1	2	113383
226.782	0.25	1	2	113391
226.8	0.25	1	2	113400
226.816	0.25	1	2	113408
226.832	0.25	1	2	113416
226.85	0.25	1	2	113425
226.866	0.25	1	2	113433
226.882	0.25	1	2	113441
226.9	0.25	1	2	113450
226.916	0.25	1	2	113458
226.932	0.25	0	1	113466
226.95	0.25	0	1	113475
226.966	0.25	1	2	113483
226.982	0.25	1	2	113491
227.0	0.25	0	1	113500
227.016	0.25	0	1	113508
227.032	0.25	1	2	113516
227.05	0.25	1	2	113525
227.066	0.25	0	1	113533
227.082	0.25	0	1	113541
227.1	0.25	0	1	113550
227.116	0.25	0	1	113558
227.132	0.25	1	2	113566
227.15	0.25	1	2	113575
227.166	0.25	1	2	113583
227.182	0.25	1	2	113591
227.2	0.25	0	1	113600
227.216	0.25	0	1	113608
227.232	0.25	0	1	113616
228.716	0.25	1	2	114358
228.732	0.25	1	2	114366
228.75	0.25	1	2	114375
228.766	0.25	1	2	114383
228.782	0.25	0	1	114391
228.8	0.25	0	1	114400
228.816	0.25	0	1	114408
228.832	0.25	0	1	114416
228.85	0.25	0	1	114425
228.866	0.25	0	1	114433
228.882	0.25	0	1	114441
228.9	0.25	0	1	114450
228.916	0.25	1	2	114458
228.932	0.25	1	2	114466
228.95	0.25	0	1	114475
228.966	0.25	0	1	114483
228.982	0.25	0	1	114491
229.0	0.25	0	1	114500
229.016	0.25	1	2	114508
229.032	0.25	1	2	114516
229.05	0.25	1	2	114525
229.066	0.25	1	2	114533
229.082	0.25	0	1	114541
229.1	0.25	0	1	114550
229.116	0.25	0	1	114558
229.132	0.25	0	1	114566
229.15	0.25	0	1	114575
229.166	0.25	0	1	114583
229.182	0.25	0	1	114591
229.2	0.25	0	1	114600
229.216	0.25	0	1	114608
229.232	0.25	0	1	114616
229.25	0.25	0	1	114625
229.266	0.25	0	1	114633
229.282	0.25	1	2	114641
229.3	0.25	1	2	114650
229.316	0.25	0	1	114658
229.332	0.25	0	1	114666
229.35	0.25	1	2	114675
229.366	0.25	1	2	114683
229.382	0.25	1	2	114691
229.4	0.25	1	2	114700
229.416	0.25	0	1	114708
229.432	0.25	0	1	114716
229.45	0.25	1	2	114725
229.466	0.25	1	2	114733
229.482	0.25	0	1	114741
229.5	0.25	0	1	114750
229.516	0.25	1	2	114758
229.532	0.25	1	2	114766
229.55	0.25	0	1	114775
229.566	0.25	0	1	114783
229.582	0.25	1	2	114791
229.6	0.25	1	2	114800
229.616	0.25	0	1	114808
229.632	0.25	0	1	114816
229.65	0.25	0	1	114825
229.666	0.25	0	1	114833
229.682	0.25	0	1	114841
229.7	0.25	0	1	114850
229.716	0.25	1	2	114858
229.732	0.25	1	2	114866
229.75	0.25	1	2	114875
229.766	0.25	1	2	114883
229.782	0.25	1	2	114891
229.8	0.25	1	2	114900
229.816	0.25	0	1	114908
229.832	0.25	0	1	114916
229.85	0.25	1	2	114925
229.866	0.25	1	2	114933
229.882	0.25	1	2	114941
229.9	0.25	1	2	114950
229.916	0.25	1	2	114958
229.932	0.25	1	2	114966
229.95	0.25	0	1	114975
229.966	0.25	0	1	114983
229.982	0.25	1	2	114991
230.0	0.25	1	2	115000
230.016	0.25	0	1	115008
230.032	0.25	0	1	115016
230.05	0.25	1	2	115025
230.066	0.25	1	2	115033
230.082	0.25	1	2	115041
230.1	0.25	1	2	115050
230.116	0.25	0	1	115058
230.132	0.25	0	1	115066
230.15	0.25	0	1	115075
230.166	0.25	0	1	115083
230.182	0.25	0	1	115091
230.2	0.25	0	1	115100
230.216	0.25	1	2	115108
230.232	0.25	1	2	115116
230.25	0.25	1	2	115125
230.266	0.25	1	2	115133
230.282	0.25	0	1	115141
230.3	0.25	0	1	115150
230.316	0.25	1	2	115158
230.332	0.25	1	2	115166
230.35	0.25	1	2	115175
230.366	0.25	1	2	115183
230.382	0.25	1	2	115191
230.4	0.25	1	2	115200
230.416	0.25	0	1	115208
230.432	0.25	0	1	115216
230.45	0.25	0	1	115225
230.466	0.25	0	1	115233
230.482	0.25	0	1	115241
230.5	0.25	0	1	115250
230.516	0.25	0	1	115258
230.532	0.25	0	1	115266
230.55	0.25	0	1	115275
230.566	0.25	0	1	115283
230.582	0.25	1	2	115291
230.6	0.25	1	2	115300
230.616	0.25	1	2	115308
230.632	0.25	1	2	115316
230.65	0.25	1	2	115325
234.15	0.25	1	2	117075
234.166	0.25	1	2	117083
234.182	0.25	1	2	117091
234.2	0.25	1	2	117100
234.216	0.25	1	2	117108
234.232	0.25	1	2	117116
234.25	0.25	1	2	117125
234.266	0.25	1	2	117133
234.282	0.25	1	2	117141
234.3	0.25	1	2	117150
234.316	0.25	1	2	117158
234.332	0.25	1	2	117166
234.35	0.25	1	2	117175
234.366	0.25	1	2	117183
234.382	0.25	0	1	117191
234.4	0.25	0	1	117200
234.416	0.25	0	1	117208
234.432	0.25	0	1	117216
234.45	0.25	1	2	117225
234.466	0.25	1	2	117233
234.482	0.25	1	2	117241
234.5	0.25	1	2	117250
234.516	0.25	0	1	117258
234.532	0.25	0	1	117266
234.55	0.25	0	1	117275
234.566	0.25	0	1	117283
234.582	0.25	1	2	117291
234.6	0.25	1	2	117300
234.616	0.25	1	2	117308
234.632	0.25	1	2	117316
234.65	0.25	0	1	117325
234.666	0.25	0	1	117333
234.682	0.25	0	1	117341
234.7	0.25	0	1	117350
234.716	0.25	1	2	117358
234.732	0.25	1	2	117366
234.75	0.25	0	1	117375
234.766	0.25	0	1	117383
234.782	0.25	1	2	117391
234.8	0.25	1	2	117400
234.816	0.25	1	2	117408
234.832	0.25	1	2	117416
234.85	0.25	0	1	117425
234.866	0.25	0	1	117433
234.882	0.25	1	2	117441
234.9	0.25	1	2	117450
234.916	0.25	0	1	117458
234.932	0.25	0	1	117466
234.95	0.25	0	1	117475
234.966	0.25	0	1	117483
234.982	0.25	1	2	117491
235.0	0.25	1	2	117500
235.016	0.25	0	1	117508
235.032	0.25	0	1	117516
235.05	0.25	1	2	117525
235.066	0.25	1	2	117533
235.082	0.25	1	2	117541
235.1	0.25	1	2	117550
235.116	0.25	1	2	117558
235.132	0.25	1	2	117566
235.15	0.25	0	1	117575
235.166	0.25	0	1	117583
235.182	0.25	0	1	117591
235.2	0.25	0	1	117600
235.216	0.25	0	1	117608
235.232	0.25	0	1	117616
235.25	0.25	1	2	117625
235.266	0.25	1	2	117633
235.282	0.25	0	1	117641
235.3	0.25	0	1	117650
235.316	0.25	1	2	117658
235.332	0.25	1	2	117666
235.35	0.25	1	2	117675
235.366	0.25	1	2	117683
235.382	0.25	1	2	117691
235.4	0.25	1	2	117700
235.416	0.25	0	1	117708
235.432	0.25	0	1	117716
235.45	0.25	0	1	117725
235.466	0.25	0	1	117733
235.482	0.25	1	2	117741
235.5	0.25	1	2	117750
235.516	0.25	0	1	117758
235.532	0.25	0	1	117766
235.55	0.25	1	2	117775
235.566	0.25	1	2	117783
235.582	0.25	0	1	117791
235.6	0.25	0	1	117800
235.616	0.25	0	1	117808
235.632	0.25	0	1	117816
235.65	0.25	0	1	117825
235.666	0.25	0	1	117833
235.682	0.25	1	2	117841
235.7	0.25	1	2	117850
235.716	0.25	1	2	117858
235.732	0.25	1	2	117866
235.75	0.25	0	1	117875
235.766	0.25	0	1	117883
235.782	0.25	1	2	117891
235.8	0.25	1	2	117900
235.816	0.25	0	1	117908
235.832	0.25	0	1	117916
235.85	0.25	0	1	117925
235.866	0.25	0	1	117933
235.882	0.25	0	1	117941
235.9	0.25	0	1	117950
235.916	0.25	1	2	117958
235.932	0.25	1	2	117966
235.95	0.25	0	1	117975
235.966	0.25	0	1	117983
235.982	0.25	1	2	117991
236.0	0.25	1	2	118000
236.016	0.25	0	1	118008
236.032	0.25	0	1	118016
236.05	0.25	0	1	118025
236.066	0.25	0	1	118033
236.082	0.25	1	2	118041
237.566	0.25	0	1	118783
237.582	0.25	0	1	118791
237.6	0.25	0	1	118800
237.616	0.25	0	1	118808
237.632	0.25	1	2	118816
237.65	0.25	1	2	118825
237.666	0.25	1	2	118833
237.682	0.25	1	2	118841
237.7	0.25	0	1	118850
237.716	0.25	0	1	118858
237.732	0.25	0	1	118866
237.75	0.25	0	1	118875
237.766	0.25	0	1	118883
237.782	0.25	0	1	118891
237.8	0.25	0	1	118900
237.816	0.25	0	1	118908
237.832	0.25	1	2	118916
237.85	0.25	1	2	118925
237.866	0.25	1	2	118933
237.882	0.25	1	2	118941
237.9	0.25	1	2	118950
237.916	0.25	1	2	118958
237.932	0.25	1	2	118966
237.95	0.25	1	2	118975
237.966	0.25	1	2	118983
237.982	0.25	1	2	118991
238.0	0.25	0	1	119000
238.016	0.25	0	1	119008
238.032	0.25	0	1	119016
238.05	0.25	0	1	119025
238.066	0.25	0	1	119033
238.082	0.25	0	1	119041
238.1	0.25	0	1	119050
238.116	0.25	0	1	119058
238.132	0.25	0	1	119066
238.15	0.25	0	1	119075
238.166	0.25	0	1	119083
238.182	0.25	0	1	119091
238.2	0.25	1	2	119100
238.216	0.25	1	2	119108
238.232	0.25	1	2	119116
238.25	0.25	1	2	119125
238.266	0.25	0	1	119133
238.282	0.25	0	1	119141
238.3	0.25	0	1	119150
238.316	0.25	0	1	119158
238.332	0.25	1	2	119166
238.35	0.25	1	2	119175
238.366	0.25	0	1	119183
238.382	0.25	0	1	119191
238.4	0.25	1	2	119200
238.416	0.25	1	2	119208
238.432	0.25	0	1	119216
238.45	0.25	0	1	119225
238.466	0.25	1	2	119233
238.482	0.25	1	2	119241
238.5	0.25	0	1	119250
238.516	0.25	0	1	119258
238.532	0.25	1	2	119266
238.55	0.25	1	2	119275
238.566	0.25	1	2	119283
238.582	0.25	1	2	119291
238.6	0.25	0	1	119300
238.616	0.25	0	1	119308
238.632	0.25	1	2	119316
238.65	0.25	1	2	119325
238.666	0.25	0	1	119333
238.682	0.25	0	1	119341
238.7	0.25	0	1	119350
238.716	0.25	0	1	119358
238.732	0.25	0	1	119366
238.75	0.25	0	1	119375
238.766	0.25	1	2	119383
238.782	0.25	1	2	119391
238.8	0.25	0	1	119400
238.816	0.25	0	1	119408
238.832	0.25	0	1	119416
238.85	0.25	0	1	119425
238.866	0.25	0	1	119433
238.882	0.25	0	1	119441
238.9	0.25	1	2	119450
238.916	0.25	1	2	119458
238.932	0.25	1	2	119466
238.95	0.25	1	2	119475
238.966	0.25	1	2	119483
238.982	0.25	1	2	119491
239.0	0.25	0	1	119500
239.016	0.25	0	1	119508
239.032	0.25	1	2	119516
239.05	0.25	1	2	119525
239.066	0.25	0	1	119533
239.082	0.25	0	1	119541
239.1	0.25	1	2	119550
239.116	0.25	1	2	119558
239.132	0.25	1	2	119566
239.15	0.25	1	2	119575
239.166	0.25	1	2	119583
239.182	0.25	1	2	119591
239.2	0.25	1	2	119600
239.216	0.25	1	2	119608
239.232	0.25	1	2	119616
239.25	0.25	1	2	119625
239.266	0.25	0	1	119633
239.282	0.25	0	1	119641
239.3	0.25	0	1	119650
239.316	0.25	0	1	119658
239.332	0.25	1	2	119666
239.35	0.25	1	2	119675
239.366	0.25	0	1	119683
239.382	0.25	0	1	119691
239.4	0.25	0	1	119700
239.416	0.25	0	1	119708
239.432	0.25	0	1	119716
239.45	0.25	0	1	119725
239.466	0.25	1	2	119733
239.482	0.25	1	2	119741
239.5	0.25	1	2	119750
240.982	0.25	1	2	120491
241.0	0.25	1	2	120500
241.016	0.25	1	2	120508
241.032	0.25	1	2	120516
241.05	0.25	0	1	120525
241.066	0.25	0	1	120533
241.082	0.25	1	2	120541
241.1	0.25	1	2	120550
241.116	0.25	1	2	120558
241.132	0.25	1	2	120566
241.15	0.25	0	1	120575
241.166	0.25	0	1	120583
241.182	0.25	1	2	120591
241.2	0.25	1	2	120600
241.216	0.25	1	2	120608
241.232	0.25	1	2	120616
241.25	0.25	0	1	120625
241.266	0.25	0	1	120633
241.282	0.25	1	2	120641
241.3	0.25	1	2	120650
241.316	0.25	1	2	120658
241.332	0.25	1	2	120666
241.35	0.25	0	1	120675
241.366	0.25	0	1	120683
241.382	0.25	0	1	120691
241.4	0.25	0	1	120700
241.416	0.25	0	1	120708
241.432	0.25	0	1	120716
241.45	0.25	1	2	120725
241.466	0.25	1	2	120733
241.482	0.25	1	2	120741
241.5	0.25	1	2	120750
241.516	0.25	1	2	120758
241.532	0.25	1	2	120766
241.55	0.25	0	1	120775
241.566	0.25	0	1	120783
241.582	0.25	0	1	120791
241.6	0.25	0	1	120800
241.616	0.25	0	1	120808
241.632	0.25	0	1	120816
241.65	0.25	1	2	120825
241.666	0.25	1	2	120833
241.682	0.25	1	2	120841
241.7	0.25	1	2	120850
241.716	0.25	1	2	120858
241.732	0.25	1	2	120866
241.75	0.25	1	2	120875
241.766	0.25	1	2	120883
241.782	0.25	1	2	120891
241.8	0.25	1	2	120900
241.816	0.25	0	1	120908
241.832	0.25	0	1	120916
241.85	0.25	0	1	120925
241.866	0.25	0	1	120933
241.882	0.25	1	2	120941
241.9	0.25	1	2	120950
241.916	0.25	0	1	120958
241.932	0.25	0	1	120966
241.95	0.25	1	2	120975
241.966	0.25	1	2	120983
241.982	0.25	0	1	120991
242.0	0.25	0	1	121000
242.016	0.25	0	1	121008
242.032	0.25	0	1	121016
242.05	0.25	1	2	121025
242.066	0.25	1	2	121033
242.082	0.25	1	2	121041
242.1	0.25	1	2	121050
242.116	0.25	0	1	121058
242.132	0.25	0	1	121066
242.15	0.25	0	1	121075
242.166	0.25	0	1	121083
242.182	0.25	0	1	121091
242.2	0.25	0	1	121100
242.216	0.25	0	1	121108
242.232	0.25	0	1	121116
242.25	0.25	1	2	121125
242.266	0.25	1	2	121133
242.282	0.25	0	1	121141
242.3	0.25	0	1	121150
242.316	0.25	0	1	121158
242.332	0.25	0	1	121166
242.35	0.25	0	1	121175
242.366	0.25	0	1	121183
242.382	0.25	0	1	121191
242.4	0.25	0	1	121200
242.416	0.25	1	2	121208
242.432	0.25	1	2	121216
242.45	0.25	1	2	121225
242.466	0.25	1	2	121233
242.482	0.25	1	2	121241
242.5	0.25	1	2	121250
242.516	0.25	1	2	121258
242.532	0.25	1	2	121266
242.55	0.25	1	2	121275
242.566	0.25	1	2	121283
242.582	0.25	1	2	121291
242.6	0.25	1	2	121300
242.616	0.25	0	1	121308
242.632	0.25	0	1	121316
242.65	0.25	1	2	121325
242.666	0.25	1	2	121333
242.682	0.25	0	1	121341
242.7	0.25	0	1	121350
242.716	0.25	1	2	121358
242.732	0.25	1	2	121366
242.75	0.25	0	1	121375
242.766	0.25	0	1	121383
242.782	0.25	0	1	121391
242.8	0.25	0	1	121400
242.816	0.25	1	2	121408
242.832	0.25	1	2	121416
242.85	0.25	1	2	121425
242.866	0.25	1	2	121433
242.882	0.25	0	1	121441
242.9	0.25	0	1	121450
242.916	0.25	0	1	121458
244.4	0.25	1	2	122200
244.416	0.25	1	2	122208
244.432	0.25	1	2	122216
244.45	0.25	1	2	122225
244.466	0.25	0	1	122233
244.482	0.25	0	1	122241
244.5	0.25	0	1	122250
244.516	0.25	0	1	122258
244.532	0.25	0	1	122266
244.55	0.25	0	1	122275
244.566	0.25	0	1	122283
244.582	0.25	0	1	122291
244.6	0.25	1	2	122300
244.616	0.25	1	2	122308
244.632	0.25	0	1	122316
244.65	0.25	0	1	122325
244.666	0.25	0	1	122333
244.682	0.25	0	1	122341
244.7	0.25	1	2	122350
244.716	0.25	1	2	122358
244.732	0.25	1	2	122366
244.75	0.25	1	2	122375
244.766	0.25	0	1	122383
244.782	0.25	0	1	122391
244.8	0.25	0	1	122400
244.816	0.25	0	1	122408
244.832	0.25	0	1	122416
244.85	0.25	0	1	122425
244.866	0.25	0	1	122433
244.882	0.25	0	1	122441
244.9	0.25	0	1	122450
244.916	0.25	0	1	122458
244.932	0.25	0	1	122466
244.95	0.25	0	1	122475
244.966	0.25	1	2	122483
244.982	0.25	1	2	122491
245.0	0.25	0	1	122500
245.016	0.25	0	1	122508
245.032	0.25	1	2	122516
245.05	0.25	1	2	122525
245.066	0.25	1	2	122533
245.082	0.25	1	2	122541
245.1	0.25	0	1	122550
245.116	0.25	0	1	122558
245.132	0.25	1	2	122566
245.15	0.25	1	2	122575
245.166	0.25	0	1	122583
245.182	0.25	0	1	122591
245.2	0.25	1	2	122600
245.216	0.25	1	2	122608
245.232	0.25	0	1	122616
245.25	0.25	0	1	122625
245.266	0.25	1	2	122633
245.282	0.25	1	2	122641
245.3	0.25	0	1	122650
245.316	0.25	0	1	122658
245.332	0.25	0	1	122666
245.35	0.25	0	1	122675
245.366	0.25	0	1	122683
245.382	0.25	0	1	122691
245.4	0.25	1	2	122700
245.416	0.25	1	2	122708
245.432	0.25	1	2	122716
245.45	0.25	1	2	122725
245.466	0.25	1	2	122733
245.482	0.25	1	2	122741
245.5	0.25	0	1	122750
245.516	0.25	0	1	122758
245.532	0.25	1	2	122766
245.55	0.25	1	2	122775
245.566	0.25	1	2	122783
245.582	0.25	1	2	122791
245.6	0.25	1	2	122800
245.616	0.25	1	2	122808
245.632	0.25	0	1	122816
245.65	0.25	0	1	122825
245.666	0.25	1	2	122833
245.682	0.25	1	2	122841
245.7	0.25	0	1	122850
245.716	0.25	0	1	122858
245.732	0.25	1	2	122866
245.75	0.25	1	2	122875
245.766	0.25	1	2	122883
245.782	0.25	1	2	122891
245.8	0.25	0	1	122900
245.816	0.25	0	1	122908
245.832	0.25	0	1	122916
245.85	0.25	0	1	122925
245.866	0.25	0	1	122933
245.882	0.25	0	1	122941
245.9	0.25	1	2	122950
245.916	0.25	1	2	122958
245.932	0.25	1	2	122966
245.95	0.25	1	2	122975
245.966	0.25	0	1	122983
245.982	0.25	0	1	122991
246.0	0.25	1	2	123000
246.016	0.25	1	2	123008
246.032	0.25	1	2	123016
246.05	0.25	1	2	123025
246.066	0.25	1	2	123033
246.082	0.25	1	2	123041
246.1	0.25	0	1	123050
246.116	0.25	0	1	123058
246.132	0.25	0	1	123066
246.15	0.25	0	1	123075
246.166	0.25	0	1	123083
246.182	0.25	0	1	123091
246.2	0.25	0	1	123100
246.216	0.25	0	1	123108
246.232	0.25	0	1	123116
246.25	0.25	0	1	123125
246.266	0.25	1	2	123133
246.282	0.25	1	2	123141
246.3	0.25	1	2	123150
246.316	0.25	1	2	123158
246.332	0.25	1	2	123166
