onset	duration	trial_type	value	sample
7.216	0.25	1	2	3608
7.232	0.25	1	2	3616
7.25	0.25	1	2	3625
7.266	0.25	1	2	3633
7.282	0.25	1	2	3641
7.3	0.25	1	2	3650
7.316	0.25	1	2	3658
7.332	0.25	1	2	3666
7.35	0.25	1	2	3675
7.366	0.25	1	2	3683
7.382	0.25	1	2	3691
7.4	0.25	1	2	3700
7.416	0.25	1	2	3708
7.432	0.25	1	2	3716
7.45	0.25	0	1	3725
7.466	0.25	0	1	3733
7.482	0.25	0	1	3741
7.5	0.25	0	1	3750
7.516	0.25	1	2	3758
7.532	0.25	1	2	3766
7.55	0.25	1	2	3775
7.566	0.25	1	2	3783
7.582	0.25	0	1	3791
7.6	0.25	0	1	3800
7.616	0.25	0	1	3808
7.632	0.25	0	1	3816
7.65	0.25	1	2	3825
7.666	0.25	1	2	3833
7.682	0.25	1	2	3841
7.7	0.25	1	2	3850
7.716	0.25	0	1	3858
7.732	0.25	0	1	3866
7.75	0.25	0	1	3875
7.766	0.25	0	1	3883
7.782	0.25	1	2	3891
7.8	0.25	1	2	3900
7.816	0.25	0	1	3908
7.832	0.25	0	1	3916
7.85	0.25	1	2	3925
7.866	0.25	1	2	3933
7.882	0.25	1	2	3941
7.9	0.25	1	2	3950
7.916	0.25	0	1	3958
7.932	0.25	0	1	3966
7.95	0.25	1	2	3975
7.966	0.25	1	2	3983
7.982	0.25	0	1	3991
8.0	0.25	0	1	4000
8.016	0.25	0	1	4008
8.032	0.25	0	1	4016
8.05	0.25	1	2	4025
8.066	0.25	1	2	4033
8.082	0.25	0	1	4041
8.1	0.25	0	1	4050
8.116	0.25	1	2	4058
8.132	0.25	1	2	4066
8.15	0.25	1	2	4075
8.166	0.25	1	2	4083
8.182	0.25	1	2	4091
8.2	0.25	1	2	4100
8.216	0.25	0	1	4108
8.232	0.25	0	1	4116
8.25	0.25	0	1	4125
8.266	0.25	0	1	4133
8.282	0.25	0	1	4141
8.3	0.25	0	1	4150
8.316	0.25	1	2	4158
8.332	0.25	1	2	4166
8.35	0.25	0	1	4175
8.366	0.25	0	1	4183
8.382	0.25	1	2	4191
8.4	0.25	1	2	4200
8.416	0.25	1	2	4208
8.432	0.25	1	2	4216
8.45	0.25	1	2	4225
8.466	0.25	1	2	4233
8.482	0.25	0	1	4241
8.5	0.25	0	1	4250
8.516	0.25	0	1	4258
8.532	0.25	0	1	4266
8.55	0.25	1	2	4275
8.566	0.25	1	2	4283
8.582	0.25	0	1	4291
8.6	0.25	0	1	4300
8.616	0.25	1	2	4308
8.632	0.25	1	2	4316
8.65	0.25	0	1	4325
8.666	0.25	0	1	4333
8.682	0.25	0	1	4341
8.7	0.25	0	1	4350
8.716	0.25	0	1	4358
8.732	0.25	0	1	4366
8.75	0.25	1	2	4375
8.766	0.25	1	2	4383
8.782	0.25	1	2	4391
8.8	0.25	1	2	4400
8.816	0.25	0	1	4408
8.832	0.25	0	1	4416
8.85	0.25	1	2	4425
8.866	0.25	1	2	4433
8.882	0.25	0	1	4441
8.9	0.25	0	1	4450
8.916	0.25	0	1	4458
8.932	0.25	0	1	4466
8.95	0.25	0	1	4475
8.966	0.25	0	1	4483
8.982	0.25	1	2	4491
9.0	0.25	1	2	4500
9.016	0.25	0	1	4508
9.032	0.25	0	1	4516
9.05	0.25	1	2	4525
9.066	0.25	1	2	4533
9.082	0.25	0	1	4541
9.1	0.25	0	1	4550
9.116	0.25	0	1	4558
9.132	0.25	0	1	4566
9.15	0.25	1	2	4575
10.632	0.25	0	1	5316
10.65	0.25	0	1	5325
10.666	0.25	0	1	5333
10.682	0.25	0	1	5341
10.7	0.25	1	2	5350
10.716	0.25	1	2	5358
10.732	0.25	1	2	5366
10.75	0.25	1	2	5375
10.766	0.25	0	1	5383
10.782	0.25	0	1	5391
10.8	0.25	0	1	5400
10.816	0.25	0	1	5408
10.832	0.25	0	1	5416
10.85	0.25	0	1	5425
10.866	0.25	0	1	5433
10.882	0.25	0	1	5441
10.9	0.25	1	2	5450
10.916	0.25	1	2	5458
10.932	0.25	1	2	5466
10.95	0.25	1	2	5475
10.966	0.25	1	2	5483
10.982	0.25	1	2	5491
11.0	0.25	1	2	5500
11.016	0.25	1	2	5508
11.032	0.25	1	2	5516
11.05	0.25	1	2	5525
11.066	0.25	0	1	5533
11.082	0.25	0	1	5541
11.1	0.25	0	1	5550
11.116	0.25	0	1	5558
11.132	0.25	0	1	5566
11.15	0.25	0	1	5575
11.166	0.25	0	1	5583
11.182	0.25	0	1	5591
11.2	0.25	0	1	5600
11.216	0.25	0	1	5608
11.232	0.25	0	1	5616
11.25	0.25	0	1	5625
11.266	0.25	1	2	5633
11.282	0.25	1	2	5641
11.3	0.25	1	2	5650
11.316	0.25	1	2	5658
11.332	0.25	0	1	5666
11.35	0.25	0	1	5675
11.366	0.25	0	1	5683
11.382	0.25	0	1	5691
11.4	0.25	1	2	5700
11.416	0.25	1	2	5708
11.432	0.25	0	1	5716
11.45	0.25	0	1	5725
11.466	0.25	1	2	5733
11.482	0.25	1	2	5741
11.5	0.25	0	1	5750
11.516	0.25	0	1	5758
11.532	0.25	1	2	5766
11.55	0.25	1	2	5775
11.566	0.25	0	1	5783
11.582	0.25	0	1	5791
11.6	0.25	1	2	5800
11.616	0.25	1	2	5808
11.632	0.25	1	2	5816
11.65	0.25	1	2	5825
11.666	0.25	0	1	5833
11.682	0.25	0	1	5841
11.7	0.25	1	2	5850
11.716	0.25	1	2	5858
11.732	0.25	0	1	5866
11.75	0.25	0	1	5875
11.766	0.25	0	1	5883
11.782	0.25	0	1	5891
11.8	0.25	0	1	5900
11.816	0.25	0	1	5908
11.832	0.25	1	2	5916
11.85	0.25	1	2	5925
11.866	0.25	0	1	5933
11.882	0.25	0	1	5941
11.9	0.25	0	1	5950
11.916	0.25	0	1	5958
11.932	0.25	0	1	5966
11.95	0.25	0	1	5975
11.966	0.25	1	2	5983
11.982	0.25	1	2	5991
12.0	0.25	1	2	6000
12.016	0.25	1	2	6008
12.032	0.25	1	2	6016
12.05	0.25	1	2	6025
12.066	0.25	0	1	6033
12.082	0.25	0	1	6041
12.1	0.25	1	2	6050
12.116	0.25	1	2	6058
12.132	0.25	0	1	6066
12.15	0.25	0	1	6075
12.166	0.25	1	2	6083
12.182	0.25	1	2	6091
12.2	0.25	1	2	6100
12.216	0.25	1	2	6108
12.232	0.25	1	2	6116
12.25	0.25	1	2	6125
12.266	0.25	1	2	6133
12.282	0.25	1	2	6141
12.3	0.25	1	2	6150
12.316	0.25	1	2	6158
12.332	0.25	0	1	6166
12.35	0.25	0	1	6175
12.366	0.25	0	1	6183
12.382	0.25	0	1	6191
12.4	0.25	1	2	6200
12.416	0.25	1	2	6208
12.432	0.25	0	1	6216
12.45	0.25	0	1	6225
12.466	0.25	0	1	6233
12.482	0.25	0	1	6241
12.5	0.25	0	1	6250
12.516	0.25	0	1	6258
12.532	0.25	1	2	6266
12.55	0.25	1	2	6275
12.566	0.25	1	2	6283
14.05	0.25	1	2	7025
14.066	0.25	1	2	7033
14.082	0.25	1	2	7041
14.1	0.25	1	2	7050
14.116	0.25	0	1	7058
14.132	0.25	0	1	7066
14.15	0.25	1	2	7075
14.166	0.25	1	2	7083
14.182	0.25	1	2	7091
14.2	0.25	1	2	7100
14.216	0.25	0	1	7108
14.232	0.25	0	1	7116
14.25	0.25	1	2	7125
14.266	0.25	1	2	7133
14.282	0.25	1	2	7141
14.3	0.25	1	2	7150
14.316	0.25	0	1	7158
14.332	0.25	0	1	7166
14.35	0.25	1	2	7175
14.366	0.25	1	2	7183
14.382	0.25	1	2	7191
14.4	0.25	1	2	7200
14.416	0.25	0	1	7208
14.432	0.25	0	1	7216
14.45	0.25	0	1	7225
14.466	0.25	0	1	7233
14.482	0.25	0	1	7241
14.5	0.25	0	1	7250
14.516	0.25	1	2	7258
14.532	0.25	1	2	7266
14.55	0.25	1	2	7275
14.566	0.25	1	2	7283
14.582	0.25	1	2	7291
14.6	0.25	1	2	7300
14.616	0.25	0	1	7308
14.632	0.25	0	1	7316
14.65	0.25	0	1	7325
14.666	0.25	0	1	7333
14.682	0.25	0	1	7341
14.7	0.25	0	1	7350
14.716	0.25	1	2	7358
14.732	0.25	1	2	7366
14.75	0.25	1	2	7375
14.766	0.25	1	2	7383
14.782	0.25	1	2	7391
14.8	0.25	1	2	7400
14.816	0.25	1	2	7408
14.832	0.25	1	2	7416
14.85	0.25	1	2	7425
14.866	0.25	1	2	7433
14.882	0.25	0	1	7441
14.9	0.25	0	1	7450
14.916	0.25	0	1	7458
14.932	0.25	0	1	7466
14.95	0.25	1	2	7475
14.966	0.25	1	2	7483
14.982	0.25	0	1	7491
15.0	0.25	0	1	7500
15.016	0.25	1	2	7508
15.032	0.25	1	2	7516
15.05	0.25	0	1	7525
15.066	0.25	0	1	7533
15.082	0.25	0	1	7541
15.1	0.25	0	1	7550
15.116	0.25	1	2	7558
15.132	0.25	1	2	7566
15.15	0.25	1	2	7575
15.166	0.25	1	2	7583
15.182	0.25	0	1	7591
15.2	0.25	0	1	7600
15.216	0.25	0	1	7608
15.232	0.25	0	1	7616
15.25	0.25	0	1	7625
15.266	0.25	0	1	7633
15.282	0.25	0	1	7641
15.3	0.25	0	1	7650
15.316	0.25	1	2	7658
15.332	0.25	1	2	7666
15.35	0.25	0	1	7675
15.366	0.25	0	1	7683
15.382	0.25	0	1	7691
15.4	0.25	0	1	7700
15.416	0.25	0	1	7708
15.432	0.25	0	1	7716
15.45	0.25	0	1	7725
15.466	0.25	0	1	7733
15.482	0.25	1	2	7741
15.5	0.25	1	2	7750
15.516	0.25	1	2	7758
15.532	0.25	1	2	7766
15.55	0.25	1	2	7775
15.566	0.25	1	2	7783
15.582	0.25	1	2	7791
15.6	0.25	1	2	7800
15.616	0.25	1	2	7808
15.632	0.25	1	2	7816
15.65	0.25	1	2	7825
15.666	0.25	1	2	7833
15.682	0.25	0	1	7841
15.7	0.25	0	1	7850
15.716	0.25	1	2	7858
15.732	0.25	1	2	7866
15.75	0.25	0	1	7875
15.766	0.25	0	1	7883
15.782	0.25	1	2	7891
15.8	0.25	1	2	7900
15.816	0.25	0	1	7908
15.832	0.25	0	1	7916
15.85	0.25	0	1	7925
15.866	0.25	0	1	7933
15.882	0.25	1	2	7941
15.9	0.25	1	2	7950
15.916	0.25	1	2	7958
15.932	0.25	1	2	7966
15.95	0.25	0	1	7975
15.966	0.25	0	1	7983
15.982	0.25	0	1	7991
17.466	0.25	1	2	8733
17.482	0.25	1	2	8741
17.5	0.25	1	2	8750
17.516	0.25	1	2	8758
17.532	0.25	0	1	8766
17.55	0.25	0	1	8775
17.566	0.25	0	1	8783
17.582	0.25	0	1	8791
17.6	0.25	0	1	8800
17.616	0.25	0	1	8808
17.632	0.25	0	1	8816
17.65	0.25	0	1	8825
17.666	0.25	1	2	8833
17.682	0.25	1	2	8841
17.7	0.25	0	1	8850
17.716	0.25	0	1	8858
17.732	0.25	0	1	8866
17.75	0.25	0	1	8875
17.766	0.25	1	2	8883
17.782	0.25	1	2	8891
17.8	0.25	1	2	8900
17.816	0.25	1	2	8908
17.832	0.25	0	1	8916
17.85	0.25	0	1	8925
17.866	0.25	0	1	8933
17.882	0.25	0	1	8941
17.9	0.25	0	1	8950
17.916	0.25	0	1	8958
17.932	0.25	0	1	8966
17.95	0.25	0	1	8975
17.966	0.25	0	1	8983
17.982	0.25	0	1	8991
18.0	0.25	0	1	9000
18.016	0.25	0	1	9008
18.032	0.25	1	2	9016
18.05	0.25	1	2	9025
18.066	0.25	0	1	9033
18.082	0.25	0	1	9041
18.1	0.25	1	2	9050
18.116	0.25	1	2	9058
18.132	0.25	1	2	9066
18.15	0.25	1	2	9075
18.166	0.25	0	1	9083
18.182	0.25	0	1	9091
18.2	0.25	1	2	9100
18.216	0.25	1	2	9108
18.232	0.25	0	1	9116
18.25	0.25	0	1	9125
18.266	0.25	1	2	9133
18.282	0.25	1	2	9141
18.3	0.25	0	1	9150
18.316	0.25	0	1	9158
18.332	0.25	1	2	9166
18.35	0.25	1	2	9175
18.366	0.25	0	1	9183
18.382	0.25	0	1	9191
18.4	0.25	0	1	9200
18.416	0.25	0	1	9208
18.432	0.25	0	1	9216
18.45	0.25	0	1	9225
18.466	0.25	1	2	9233
18.482	0.25	1	2	9241
18.5	0.25	1	2	9250
18.516	0.25	1	2	9258
18.532	0.25	1	2	9266
18.55	0.25	1	2	9275
18.566	0.25	0	1	9283
18.582	0.25	0	1	9291
18.6	0.25	1	2	9300
18.616	0.25	1	2	9308
18.632	0.25	1	2	9316
18.65	0.25	1	2	9325
18.666	0.25	1	2	9333
18.682	0.25	1	2	9341
18.7	0.25	0	1	9350
18.716	0.25	0	1	9358
18.732	0.25	1	2	9366
18.75	0.25	1	2	9375
18.766	0.25	0	1	9383
18.782	0.25	0	1	9391
18.8	0.25	1	2	9400
18.816	0.25	1	2	9408
18.832	0.25	1	2	9416
18.85	0.25	1	2	9425
18.866	0.25	0	1	9433
18.882	0.25	0	1	9441
18.9	0.25	0	1	9450
18.916	0.25	0	1	9458
18.932	0.25	0	1	9466
18.95	0.25	0	1	9475
18.966	0.25	1	2	9483
18.982	0.25	1	2	9491
19.0	0.25	1	2	9500
19.016	0.25	1	2	9508
19.032	0.25	0	1	9516
19.05	0.25	0	1	9525
19.066	0.25	1	2	9533
19.082	0.25	1	2	9541
19.1	0.25	1	2	9550
19.116	0.25	1	2	9558
19.132	0.25	1	2	9566
19.15	0.25	1	2	9575
19.166	0.25	0	1	9583
19.182	0.25	0	1	9591
19.2	0.25	0	1	9600
19.216	0.25	0	1	9608
19.232	0.25	0	1	9616
19.25	0.25	0	1	9625
19.266	0.25	0	1	9633
19.282	0.25	0	1	9641
19.3	0.25	0	1	9650
19.316	0.25	0	1	9658
19.332	0.25	1	2	9666
19.35	0.25	1	2	9675
19.366	0.25	1	2	9683
19.382	0.25	1	2	9691
19.4	0.25	1	2	9700
21.95	0.25	1	2	10975
21.966	0.25	1	2	10983
21.982	0.25	1	2	10991
22.0	0.25	1	2	11000
22.016	0.25	0	1	11008
22.032	0.25	0	1	11016
22.05	0.25	1	2	11025
22.066	0.25	1	2	11033
22.082	0.25	1	2	11041
22.1	0.25	1	2	11050
22.116	0.25	0	1	11058
22.132	0.25	0	1	11066
22.15	0.25	1	2	11075
22.166	0.25	1	2	11083
22.182	0.25	1	2	11091
22.2	0.25	1	2	11100
22.216	0.25	0	1	11108
22.232	0.25	0	1	11116
22.25	0.25	1	2	11125
22.266	0.25	1	2	11133
22.282	0.25	1	2	11141
22.3	0.25	1	2	11150
22.316	0.25	0	1	11158
22.332	0.25	0	1	11166
22.35	0.25	0	1	11175
22.366	0.25	0	1	11183
22.382	0.25	0	1	11191
22.4	0.25	0	1	11200
22.416	0.25	1	2	11208
22.432	0.25	1	2	11216
22.45	0.25	1	2	11225
22.466	0.25	1	2	11233
22.482	0.25	1	2	11241
22.5	0.25	1	2	11250
22.516	0.25	0	1	11258
22.532	0.25	0	1	11266
22.55	0.25	0	1	11275
22.566	0.25	0	1	11283
22.582	0.25	0	1	11291
22.6	0.25	0	1	11300
22.616	0.25	1	2	11308
22.632	0.25	1	2	11316
22.65	0.25	1	2	11325
22.666	0.25	1	2	11333
22.682	0.25	1	2	11341
22.7	0.25	1	2	11350
22.716	0.25	1	2	11358
22.732	0.25	1	2	11366
22.75	0.25	1	2	11375
22.766	0.25	1	2	11383
22.782	0.25	0	1	11391
22.8	0.25	0	1	11400
22.816	0.25	0	1	11408
22.832	0.25	0	1	11416
22.85	0.25	1	2	11425
22.866	0.25	1	2	11433
22.882	0.25	0	1	11441
22.9	0.25	0	1	11450
22.916	0.25	1	2	11458
22.932	0.25	1	2	11466
22.95	0.25	0	1	11475
22.966	0.25	0	1	11483
22.982	0.25	0	1	11491
23.0	0.25	0	1	11500
23.016	0.25	1	2	11508
23.032	0.25	1	2	11516
23.05	0.25	1	2	11525
23.066	0.25	1	2	11533
23.082	0.25	0	1	11541
23.1	0.25	0	1	11550
23.116	0.25	0	1	11558
23.132	0.25	0	1	11566
23.15	0.25	0	1	11575
23.166	0.25	0	1	11583
23.182	0.25	0	1	11591
23.2	0.25	0	1	11600
23.216	0.25	1	2	11608
23.232	0.25	1	2	11616
23.25	0.25	0	1	11625
23.266	0.25	0	1	11633
23.282	0.25	0	1	11641
23.3	0.25	0	1	11650
23.316	0.25	0	1	11658
23.332	0.25	0	1	11666
23.35	0.25	0	1	11675
23.366	0.25	0	1	11683
23.382	0.25	1	2	11691
23.4	0.25	1	2	11700
23.416	0.25	1	2	11708
23.432	0.25	1	2	11716
23.45	0.25	1	2	11725
23.466	0.25	1	2	11733
23.482	0.25	1	2	11741
23.5	0.25	1	2	11750
23.516	0.25	1	2	11758
23.532	0.25	1	2	11766
23.55	0.25	1	2	11775
23.566	0.25	1	2	11783
23.582	0.25	0	1	11791
23.6	0.25	0	1	11800
23.616	0.25	1	2	11808
23.632	0.25	1	2	11816
23.65	0.25	0	1	11825
23.666	0.25	0	1	11833
23.682	0.25	1	2	11841
23.7	0.25	1	2	11850
23.716	0.25	0	1	11858
23.732	0.25	0	1	11866
23.75	0.25	0	1	11875
23.766	0.25	0	1	11883
23.782	0.25	1	2	11891
23.8	0.25	1	2	11900
23.816	0.25	1	2	11908
23.832	0.25	1	2	11916
23.85	0.25	0	1	11925
23.866	0.25	0	1	11933
23.882	0.25	0	1	11941
25.366	0.25	0	1	12683
25.382	0.25	0	1	12691
25.4	0.25	0	1	12700
25.416	0.25	0	1	12708
25.432	0.25	1	2	12716
25.45	0.25	1	2	12725
25.466	0.25	1	2	12733
25.482	0.25	1	2	12741
25.5	0.25	0	1	12750
25.516	0.25	0	1	12758
25.532	0.25	0	1	12766
25.55	0.25	0	1	12775
25.566	0.25	0	1	12783
25.582	0.25	0	1	12791
25.6	0.25	0	1	12800
25.616	0.25	0	1	12808
25.632	0.25	1	2	12816
25.65	0.25	1	2	12825
25.666	0.25	1	2	12833
25.682	0.25	1	2	12841
25.7	0.25	1	2	12850
25.716	0.25	1	2	12858
25.732	0.25	1	2	12866
25.75	0.25	1	2	12875
25.766	0.25	1	2	12883
25.782	0.25	1	2	12891
25.8	0.25	0	1	12900
25.816	0.25	0	1	12908
25.832	0.25	0	1	12916
25.85	0.25	0	1	12925
25.866	0.25	0	1	12933
25.882	0.25	0	1	12941
25.9	0.25	0	1	12950
25.916	0.25	0	1	12958
25.932	0.25	0	1	12966
25.95	0.25	0	1	12975
25.966	0.25	0	1	12983
25.982	0.25	0	1	12991
26.0	0.25	1	2	13000
26.016	0.25	1	2	13008
26.032	0.25	1	2	13016
26.05	0.25	1	2	13025
26.066	0.25	0	1	13033
26.082	0.25	0	1	13041
26.1	0.25	0	1	13050
26.116	0.25	0	1	13058
26.132	0.25	1	2	13066
26.15	0.25	1	2	13075
26.166	0.25	0	1	13083
26.182	0.25	0	1	13091
26.2	0.25	1	2	13100
26.216	0.25	1	2	13108
26.232	0.25	0	1	13116
26.25	0.25	0	1	13125
26.266	0.25	1	2	13133
26.282	0.25	1	2	13141
26.3	0.25	0	1	13150
26.316	0.25	0	1	13158
26.332	0.25	1	2	13166
26.35	0.25	1	2	13175
26.366	0.25	1	2	13183
26.382	0.25	1	2	13191
26.4	0.25	0	1	13200
26.416	0.25	0	1	13208
26.432	0.25	1	2	13216
26.45	0.25	1	2	13225
26.466	0.25	0	1	13233
26.482	0.25	0	1	13241
26.5	0.25	0	1	13250
26.516	0.25	0	1	13258
26.532	0.25	0	1	13266
26.55	0.25	0	1	13275
26.566	0.25	1	2	13283
26.582	0.25	1	2	13291
26.6	0.25	0	1	13300
26.616	0.25	0	1	13308
26.632	0.25	0	1	13316
26.65	0.25	0	1	13325
26.666	0.25	0	1	13333
26.682	0.25	0	1	13341
26.7	0.25	1	2	13350
26.716	0.25	1	2	13358
26.732	0.25	1	2	13366
26.75	0.25	1	2	13375
26.766	0.25	1	2	13383
26.782	0.25	1	2	13391
26.8	0.25	0	1	13400
26.816	0.25	0	1	13408
26.832	0.25	1	2	13416
26.85	0.25	1	2	13425
26.866	0.25	0	1	13433
26.882	0.25	0	1	13441
26.9	0.25	1	2	13450
26.916	0.25	1	2	13458
26.932	0.25	1	2	13466
26.95	0.25	1	2	13475
26.966	0.25	1	2	13483
26.982	0.25	1	2	13491
27.0	0.25	1	2	13500
27.016	0.25	1	2	13508
27.032	0.25	1	2	13516
27.05	0.25	1	2	13525
27.066	0.25	0	1	13533
27.082	0.25	0	1	13541
27.1	0.25	0	1	13550
27.116	0.25	0	1	13558
27.132	0.25	1	2	13566
27.15	0.25	1	2	13575
27.166	0.25	0	1	13583
27.182	0.25	0	1	13591
27.2	0.25	0	1	13600
27.216	0.25	0	1	13608
27.232	0.25	0	1	13616
27.25	0.25	0	1	13625
27.266	0.25	1	2	13633
27.282	0.25	1	2	13641
27.3	0.25	1	2	13650
28.782	0.25	1	2	14391
28.8	0.25	1	2	14400
28.816	0.25	1	2	14408
28.832	0.25	1	2	14416
28.85	0.25	0	1	14425
28.866	0.25	0	1	14433
28.882	0.25	0	1	14441
28.9	0.25	0	1	14450
28.916	0.25	0	1	14458
28.932	0.25	0	1	14466
28.95	0.25	0	1	14475
28.966	0.25	0	1	14483
28.982	0.25	1	2	14491
29.0	0.25	1	2	14500
29.016	0.25	0	1	14508
29.032	0.25	0	1	14516
29.05	0.25	0	1	14525
29.066	0.25	0	1	14533
29.082	0.25	1	2	14541
29.1	0.25	1	2	14550
29.116	0.25	1	2	14558
29.132	0.25	1	2	14566
29.15	0.25	0	1	14575
29.166	0.25	0	1	14583
29.182	0.25	0	1	14591
29.2	0.25	0	1	14600
29.216	0.25	0	1	14608
29.232	0.25	0	1	14616
29.25	0.25	0	1	14625
29.266	0.25	0	1	14633
29.282	0.25	0	1	14641
29.3	0.25	0	1	14650
29.316	0.25	0	1	14658
29.332	0.25	0	1	14666
29.35	0.25	1	2	14675
29.366	0.25	1	2	14683
29.382	0.25	0	1	14691
29.4	0.25	0	1	14700
29.416	0.25	1	2	14708
29.432	0.25	1	2	14716
29.45	0.25	1	2	14725
29.466	0.25	1	2	14733
29.482	0.25	0	1	14741
29.5	0.25	0	1	14750
29.516	0.25	1	2	14758
29.532	0.25	1	2	14766
29.55	0.25	0	1	14775
29.566	0.25	0	1	14783
29.582	0.25	1	2	14791
29.6	0.25	1	2	14800
29.616	0.25	0	1	14808
29.632	0.25	0	1	14816
29.65	0.25	1	2	14825
29.666	0.25	1	2	14833
29.682	0.25	0	1	14841
29.7	0.25	0	1	14850
29.716	0.25	0	1	14858
29.732	0.25	0	1	14866
29.75	0.25	0	1	14875
29.766	0.25	0	1	14883
29.782	0.25	1	2	14891
29.8	0.25	1	2	14900
29.816	0.25	1	2	14908
29.832	0.25	1	2	14916
29.85	0.25	1	2	14925
29.866	0.25	1	2	14933
29.882	0.25	0	1	14941
29.9	0.25	0	1	14950
29.916	0.25	1	2	14958
29.932	0.25	1	2	14966
29.95	0.25	1	2	14975
29.966	0.25	1	2	14983
29.982	0.25	1	2	14991
30.0	0.25	1	2	15000
30.016	0.25	0	1	15008
30.032	0.25	0	1	15016
30.05	0.25	1	2	15025
30.066	0.25	1	2	15033
30.082	0.25	0	1	15041
30.1	0.25	0	1	15050
30.116	0.25	1	2	15058
30.132	0.25	1	2	15066
30.15	0.25	1	2	15075
30.166	0.25	1	2	15083
30.182	0.25	0	1	15091
30.2	0.25	0	1	15100
30.216	0.25	0	1	15108
30.232	0.25	0	1	15116
30.25	0.25	0	1	15125
30.266	0.25	0	1	15133
30.282	0.25	1	2	15141
30.3	0.25	1	2	15150
30.316	0.25	1	2	15158
30.332	0.25	1	2	15166
30.35	0.25	0	1	15175
30.366	0.25	0	1	15183
30.382	0.25	1	2	15191
30.4	0.25	1	2	15200
30.416	0.25	1	2	15208
30.432	0.25	1	2	15216
30.45	0.25	1	2	15225
30.466	0.25	1	2	15233
30.482	0.25	0	1	15241
30.5	0.25	0	1	15250
30.516	0.25	0	1	15258
30.532	0.25	0	1	15266
30.55	0.25	0	1	15275
30.566	0.25	0	1	15283
30.582	0.25	0	1	15291
30.6	0.25	0	1	15300
30.616	0.25	0	1	15308
30.632	0.25	0	1	15316
30.65	0.25	1	2	15325
30.666	0.25	1	2	15333
30.682	0.25	1	2	15341
30.7	0.25	1	2	15350
30.716	0.25	1	2	15358
32.2	0.25	1	2	16100
32.216	0.25	1	2	16108
32.232	0.25	1	2	16116
32.25	0.25	1	2	16125
32.266	0.25	1	2	16133
32.282	0.25	1	2	16141
32.298	0.25	1	2	16149
32.316	0.25	1	2	16158
32.332	0.25	1	2	16166
32.35	0.25	1	2	16175
32.366	0.25	1	2	16183
32.382	0.25	1	2	16191
32.4	0.25	1	2	16200
32.416	0.25	1	2	16208
32.432	0.25	0	1	16216
32.45	0.25	0	1	16225
32.466	0.25	0	1	16233
32.482	0.25	0	1	16241
32.5	0.25	1	2	16250
32.516	0.25	1	2	16258
32.532	0.25	1	2	16266
32.548	0.25	1	2	16274
32.566	0.25	0	1	16283
32.582	0.25	0	1	16291
32.6	0.25	0	1	16300
32.616	0.25	0	1	16308
32.632	0.25	1	2	16316
32.65	0.25	1	2	16325
32.666	0.25	1	2	16333
32.682	0.25	1	2	16341
32.7	0.25	0	1	16350
32.716	0.25	0	1	16358
32.732	0.25	0	1	16366
32.75	0.25	0	1	16375
32.766	0.25	1	2	16383
32.782	0.25	1	2	16391
32.8	0.25	0	1	16400
32.816	0.25	0	1	16408
32.832	0.25	1	2	16416
32.85	0.25	1	2	16425
32.866	0.25	1	2	16433
32.882	0.25	1	2	16441
32.9	0.25	0	1	16450
32.916	0.25	0	1	16458
32.932	0.25	1	2	16466
32.95	0.25	1	2	16475
32.966	0.25	0	1	16483
32.982	0.25	0	1	16491
33.0	0.25	0	1	16500
33.016	0.25	0	1	16508
33.032	0.25	1	2	16516
33.05	0.25	1	2	16525
33.066	0.25	0	1	16533
33.082	0.25	0	1	16541
33.1	0.25	1	2	16550
33.116	0.25	1	2	16558
33.132	0.25	1	2	16566
33.15	0.25	1	2	16575
33.166	0.25	1	2	16583
33.182	0.25	1	2	16591
33.2	0.25	0	1	16600
33.216	0.25	0	1	16608
33.232	0.25	0	1	16616
33.25	0.25	0	1	16625
33.266	0.25	0	1	16633
33.282	0.25	0	1	16641
33.3	0.25	1	2	16650
33.316	0.25	1	2	16658
33.332	0.25	0	1	16666
33.35	0.25	0	1	16675
33.366	0.25	1	2	16683
33.382	0.25	1	2	16691
33.4	0.25	1	2	16700
33.416	0.25	1	2	16708
33.432	0.25	1	2	16716
33.45	0.25	1	2	16725
33.466	0.25	0	1	16733
33.482	0.25	0	1	16741
33.5	0.25	0	1	16750
33.516	0.25	0	1	16758
33.532	0.25	1	2	16766
33.55	0.25	1	2	16775
33.566	0.25	0	1	16783
33.582	0.25	0	1	16791
33.6	0.25	1	2	16800
33.616	0.25	1	2	16808
33.632	0.25	0	1	16816
33.65	0.25	0	1	16825
33.666	0.25	0	1	16833
33.682	0.25	0	1	16841
33.7	0.25	0	1	16850
33.716	0.25	0	1	16858
33.732	0.25	1	2	16866
33.75	0.25	1	2	16875
33.766	0.25	1	2	16883
33.782	0.25	1	2	16891
33.8	0.25	0	1	16900
33.816	0.25	0	1	16908
33.832	0.25	1	2	16916
33.85	0.25	1	2	16925
33.866	0.25	0	1	16933
33.882	0.25	0	1	16941
33.9	0.25	0	1	16950
33.916	0.25	0	1	16958
33.932	0.25	0	1	16966
33.95	0.25	0	1	16975
33.966	0.25	1	2	16983
33.982	0.25	1	2	16991
34.0	0.25	0	1	17000
34.016	0.25	0	1	17008
34.032	0.25	1	2	17016
34.05	0.25	1	2	17025
34.066	0.25	0	1	17033
34.082	0.25	0	1	17041
34.1	0.25	0	1	17050
34.116	0.25	0	1	17058
34.132	0.25	1	2	17066
36.75	0.25	1	2	18375
36.766	0.25	1	2	18383
36.782	0.25	1	2	18391
36.8	0.25	1	2	18400
36.816	0.25	1	2	18408
36.832	0.25	1	2	18416
36.85	0.25	1	2	18425
36.866	0.25	1	2	18433
36.882	0.25	1	2	18441
36.9	0.25	1	2	18450
36.916	0.25	1	2	18458
36.932	0.25	1	2	18466
36.95	0.25	1	2	18475
36.966	0.25	1	2	18483
36.982	0.25	0	1	18491
37.0	0.25	0	1	18500
37.016	0.25	0	1	18508
37.032	0.25	0	1	18516
37.05	0.25	1	2	18525
37.066	0.25	1	2	18533
37.082	0.25	1	2	18541
37.1	0.25	1	2	18550
37.116	0.25	0	1	18558
37.132	0.25	0	1	18566
37.15	0.25	0	1	18575
37.166	0.25	0	1	18583
37.182	0.25	1	2	18591
37.2	0.25	1	2	18600
37.216	0.25	1	2	18608
37.232	0.25	1	2	18616
37.25	0.25	0	1	18625
37.266	0.25	0	1	18633
37.282	0.25	0	1	18641
37.3	0.25	0	1	18650
37.316	0.25	1	2	18658
37.332	0.25	1	2	18666
37.35	0.25	0	1	18675
37.366	0.25	0	1	18683
37.382	0.25	1	2	18691
37.4	0.25	1	2	18700
37.416	0.25	1	2	18708
37.432	0.25	1	2	18716
37.45	0.25	0	1	18725
37.466	0.25	0	1	18733
37.482	0.25	1	2	18741
37.5	0.25	1	2	18750
37.516	0.25	0	1	18758
37.532	0.25	0	1	18766
37.55	0.25	0	1	18775
37.566	0.25	0	1	18783
37.582	0.25	1	2	18791
37.6	0.25	1	2	18800
37.616	0.25	0	1	18808
37.632	0.25	0	1	18816
37.65	0.25	1	2	18825
37.666	0.25	1	2	18833
37.682	0.25	1	2	18841
37.7	0.25	1	2	18850
37.716	0.25	1	2	18858
37.732	0.25	1	2	18866
37.75	0.25	0	1	18875
37.766	0.25	0	1	18883
37.782	0.25	0	1	18891
37.8	0.25	0	1	18900
37.816	0.25	0	1	18908
37.832	0.25	0	1	18916
37.85	0.25	1	2	18925
37.866	0.25	1	2	18933
37.882	0.25	0	1	18941
37.9	0.25	0	1	18950
37.916	0.25	1	2	18958
37.932	0.25	1	2	18966
37.95	0.25	1	2	18975
37.966	0.25	1	2	18983
37.982	0.25	1	2	18991
38.0	0.25	1	2	19000
38.016	0.25	0	1	19008
38.032	0.25	0	1	19016
38.05	0.25	0	1	19025
38.066	0.25	0	1	19033
38.082	0.25	1	2	19041
38.1	0.25	1	2	19050
38.116	0.25	0	1	19058
38.132	0.25	0	1	19066
38.15	0.25	1	2	19075
38.166	0.25	1	2	19083
38.182	0.25	0	1	19091
38.2	0.25	0	1	19100
38.216	0.25	0	1	19108
38.232	0.25	0	1	19116
38.25	0.25	0	1	19125
38.266	0.25	0	1	19133
38.282	0.25	1	2	19141
38.3	0.25	1	2	19150
38.316	0.25	1	2	19158
38.332	0.25	1	2	19166
38.35	0.25	0	1	19175
38.366	0.25	0	1	19183
38.382	0.25	1	2	19191
38.4	0.25	1	2	19200
38.416	0.25	0	1	19208
38.432	0.25	0	1	19216
38.45	0.25	0	1	19225
38.466	0.25	0	1	19233
38.482	0.25	0	1	19241
38.5	0.25	0	1	19250
38.516	0.25	1	2	19258
38.532	0.25	1	2	19266
38.55	0.25	0	1	19275
38.566	0.25	0	1	19283
38.582	0.25	1	2	19291
38.6	0.25	1	2	19300
38.616	0.25	0	1	19308
38.632	0.25	0	1	19316
38.65	0.25	0	1	19325
38.666	0.25	0	1	19333
38.682	0.25	1	2	19341
40.166	0.25	0	1	20083
40.182	0.25	0	1	20091
40.2	0.25	0	1	20100
40.216	0.25	0	1	20108
40.232	0.25	1	2	20116
40.25	0.25	1	2	20125
40.266	0.25	1	2	20133
40.282	0.25	1	2	20141
40.3	0.25	0	1	20150
40.316	0.25	0	1	20158
40.332	0.25	0	1	20166
40.35	0.25	0	1	20175
40.366	0.25	0	1	20183
40.382	0.25	0	1	20191
40.4	0.25	0	1	20200
40.416	0.25	0	1	20208
40.432	0.25	1	2	20216
40.45	0.25	1	2	20225
40.466	0.25	1	2	20233
40.482	0.25	1	2	20241
40.5	0.25	1	2	20250
40.516	0.25	1	2	20258
40.532	0.25	1	2	20266
40.55	0.25	1	2	20275
40.566	0.25	1	2	20283
40.582	0.25	1	2	20291
40.6	0.25	0	1	20300
40.616	0.25	0	1	20308
40.632	0.25	0	1	20316
40.65	0.25	0	1	20325
40.666	0.25	0	1	20333
40.682	0.25	0	1	20341
40.7	0.25	0	1	20350
40.716	0.25	0	1	20358
40.732	0.25	0	1	20366
40.75	0.25	0	1	20375
40.766	0.25	0	1	20383
40.782	0.25	0	1	20391
40.8	0.25	1	2	20400
40.816	0.25	1	2	20408
40.832	0.25	1	2	20416
40.85	0.25	1	2	20425
40.866	0.25	0	1	20433
40.882	0.25	0	1	20441
40.9	0.25	0	1	20450
40.916	0.25	0	1	20458
40.932	0.25	1	2	20466
40.95	0.25	1	2	20475
40.966	0.25	0	1	20483
40.982	0.25	0	1	20491
41.0	0.25	1	2	20500
41.016	0.25	1	2	20508
41.032	0.25	0	1	20516
41.05	0.25	0	1	20525
41.066	0.25	1	2	20533
41.082	0.25	1	2	20541
41.1	0.25	0	1	20550
41.116	0.25	0	1	20558
41.132	0.25	1	2	20566
41.15	0.25	1	2	20575
41.166	0.25	1	2	20583
41.182	0.25	1	2	20591
41.2	0.25	0	1	20600
41.216	0.25	0	1	20608
41.232	0.25	1	2	20616
41.25	0.25	1	2	20625
41.266	0.25	0	1	20633
41.282	0.25	0	1	20641
41.3	0.25	0	1	20650
41.316	0.25	0	1	20658
41.332	0.25	0	1	20666
41.35	0.25	0	1	20675
41.366	0.25	1	2	20683
41.382	0.25	1	2	20691
41.4	0.25	0	1	20700
41.416	0.25	0	1	20708
41.432	0.25	0	1	20716
41.45	0.25	0	1	20725
41.466	0.25	0	1	20733
41.482	0.25	0	1	20741
41.5	0.25	1	2	20750
41.516	0.25	1	2	20758
41.532	0.25	1	2	20766
41.55	0.25	1	2	20775
41.566	0.25	1	2	20783
41.582	0.25	1	2	20791
41.6	0.25	0	1	20800
41.616	0.25	0	1	20808
41.632	0.25	1	2	20816
41.65	0.25	1	2	20825
41.666	0.25	0	1	20833
41.682	0.25	0	1	20841
41.7	0.25	1	2	20850
41.716	0.25	1	2	20858
41.732	0.25	1	2	20866
41.75	0.25	1	2	20875
41.766	0.25	1	2	20883
41.782	0.25	1	2	20891
41.8	0.25	1	2	20900
41.816	0.25	1	2	20908
41.832	0.25	1	2	20916
41.85	0.25	1	2	20925
41.866	0.25	0	1	20933
41.882	0.25	0	1	20941
41.9	0.25	0	1	20950
41.916	0.25	0	1	20958
41.932	0.25	1	2	20966
41.95	0.25	1	2	20975
41.966	0.25	0	1	20983
41.982	0.25	0	1	20991
42.0	0.25	0	1	21000
42.016	0.25	0	1	21008
42.032	0.25	0	1	21016
42.05	0.25	0	1	21025
42.066	0.25	1	2	21033
42.082	0.25	1	2	21041
42.1	0.25	1	2	21050
43.582	0.25	1	2	21791
43.6	0.25	1	2	21800
43.616	0.25	1	2	21808
43.632	0.25	1	2	21816
43.65	0.25	0	1	21825
43.666	0.25	0	1	21833
43.682	0.25	0	1	21841
43.7	0.25	0	1	21850
43.716	0.25	0	1	21858
43.732	0.25	0	1	21866
43.75	0.25	0	1	21875
43.766	0.25	0	1	21883
43.782	0.25	1	2	21891
43.8	0.25	1	2	21900
43.816	0.25	0	1	21908
43.832	0.25	0	1	21916
43.85	0.25	0	1	21925
43.866	0.25	0	1	21933
43.882	0.25	1	2	21941
43.9	0.25	1	2	21950
43.916	0.25	1	2	21958
43.932	0.25	1	2	21966
43.95	0.25	0	1	21975
43.966	0.25	0	1	21983
43.982	0.25	0	1	21991
44.0	0.25	0	1	22000
44.016	0.25	0	1	22008
44.032	0.25	0	1	22016
44.05	0.25	0	1	22025
44.066	0.25	0	1	22033
44.082	0.25	0	1	22041
44.1	0.25	0	1	22050
44.116	0.25	0	1	22058
44.132	0.25	0	1	22066
44.15	0.25	1	2	22075
44.166	0.25	1	2	22083
44.182	0.25	0	1	22091
44.2	0.25	0	1	22100
44.216	0.25	1	2	22108
44.232	0.25	1	2	22116
44.25	0.25	1	2	22125
44.266	0.25	1	2	22133
44.282	0.25	0	1	22141
44.3	0.25	0	1	22150
44.316	0.25	1	2	22158
44.332	0.25	1	2	22166
44.35	0.25	0	1	22175
44.366	0.25	0	1	22183
44.382	0.25	1	2	22191
44.4	0.25	1	2	22200
44.416	0.25	0	1	22208
44.432	0.25	0	1	22216
44.45	0.25	1	2	22225
44.466	0.25	1	2	22233
44.482	0.25	0	1	22241
44.5	0.25	0	1	22250
44.516	0.25	0	1	22258
44.532	0.25	0	1	22266
44.55	0.25	0	1	22275
44.566	0.25	0	1	22283
44.582	0.25	1	2	22291
44.6	0.25	1	2	22300
44.616	0.25	1	2	22308
44.632	0.25	1	2	22316
44.65	0.25	1	2	22325
44.666	0.25	1	2	22333
44.682	0.25	0	1	22341
44.7	0.25	0	1	22350
44.716	0.25	1	2	22358
44.732	0.25	1	2	22366
44.75	0.25	1	2	22375
44.766	0.25	1	2	22383
44.782	0.25	1	2	22391
44.8	0.25	1	2	22400
44.816	0.25	0	1	22408
44.832	0.25	0	1	22416
44.85	0.25	1	2	22425
44.866	0.25	1	2	22433
44.882	0.25	0	1	22441
44.9	0.25	0	1	22450
44.916	0.25	1	2	22458
44.932	0.25	1	2	22466
44.95	0.25	1	2	22475
44.966	0.25	1	2	22483
44.982	0.25	0	1	22491
45.0	0.25	0	1	22500
45.016	0.25	0	1	22508
45.032	0.25	0	1	22516
45.05	0.25	0	1	22525
45.066	0.25	0	1	22533
45.082	0.25	1	2	22541
45.1	0.25	1	2	22550
45.116	0.25	1	2	22558
45.132	0.25	1	2	22566
45.15	0.25	0	1	22575
45.166	0.25	0	1	22583
45.182	0.25	1	2	22591
45.2	0.25	1	2	22600
45.216	0.25	1	2	22608
45.232	0.25	1	2	22616
45.25	0.25	1	2	22625
45.266	0.25	1	2	22633
45.282	0.25	0	1	22641
45.3	0.25	0	1	22650
45.316	0.25	0	1	22658
45.332	0.25	0	1	22666
45.35	0.25	0	1	22675
45.366	0.25	0	1	22683
45.382	0.25	0	1	22691
45.4	0.25	0	1	22700
45.416	0.25	0	1	22708
45.432	0.25	0	1	22716
45.45	0.25	1	2	22725
45.466	0.25	1	2	22733
45.482	0.25	1	2	22741
45.5	0.25	1	2	22750
45.516	0.25	1	2	22758
47.0	0.25	1	2	23500
47.016	0.25	1	2	23508
47.032	0.25	1	2	23516
47.05	0.25	1	2	23525
47.066	0.25	0	1	23533
47.082	0.25	0	1	23541
47.1	0.25	1	2	23550
47.116	0.25	1	2	23558
47.132	0.25	1	2	23566
47.15	0.25	1	2	23575
47.166	0.25	0	1	23583
47.182	0.25	0	1	23591
47.2	0.25	1	2	23600
47.216	0.25	1	2	23608
47.232	0.25	1	2	23616
47.25	0.25	1	2	23625
47.266	0.25	0	1	23633
47.282	0.25	0	1	23641
47.3	0.25	1	2	23650
47.316	0.25	1	2	23658
47.332	0.25	1	2	23666
47.35	0.25	1	2	23675
47.366	0.25	0	1	23683
47.382	0.25	0	1	23691
47.4	0.25	0	1	23700
47.416	0.25	0	1	23708
47.432	0.25	0	1	23716
47.45	0.25	0	1	23725
47.466	0.25	1	2	23733
47.482	0.25	1	2	23741
47.5	0.25	1	2	23750
47.516	0.25	1	2	23758
47.532	0.25	1	2	23766
47.55	0.25	1	2	23775
47.566	0.25	0	1	23783
47.582	0.25	0	1	23791
47.6	0.25	0	1	23800
47.616	0.25	0	1	23808
47.632	0.25	0	1	23816
47.65	0.25	0	1	23825
47.666	0.25	1	2	23833
47.682	0.25	1	2	23841
47.7	0.25	1	2	23850
47.716	0.25	1	2	23858
47.732	0.25	1	2	23866
47.75	0.25	1	2	23875
47.766	0.25	1	2	23883
47.782	0.25	1	2	23891
47.8	0.25	1	2	23900
47.816	0.25	1	2	23908
47.832	0.25	0	1	23916
47.85	0.25	0	1	23925
47.866	0.25	0	1	23933
47.882	0.25	0	1	23941
47.9	0.25	1	2	23950
47.916	0.25	1	2	23958
47.932	0.25	0	1	23966
47.95	0.25	0	1	23975
47.966	0.25	1	2	23983
47.982	0.25	1	2	23991
48.0	0.25	0	1	24000
48.016	0.25	0	1	24008
48.032	0.25	0	1	24016
48.05	0.25	0	1	24025
48.066	0.25	1	2	24033
48.082	0.25	1	2	24041
48.1	0.25	1	2	24050
48.116	0.25	1	2	24058
48.132	0.25	0	1	24066
48.15	0.25	0	1	24075
48.166	0.25	0	1	24083
48.182	0.25	0	1	24091
48.2	0.25	0	1	24100
48.216	0.25	0	1	24108
48.232	0.25	0	1	24116
48.25	0.25	0	1	24125
48.266	0.25	1	2	24133
48.282	0.25	1	2	24141
48.3	0.25	0	1	24150
48.316	0.25	0	1	24158
48.332	0.25	0	1	24166
48.35	0.25	0	1	24175
48.366	0.25	0	1	24183
48.382	0.25	0	1	24191
48.4	0.25	0	1	24200
48.416	0.25	0	1	24208
48.432	0.25	1	2	24216
48.45	0.25	1	2	24225
48.466	0.25	1	2	24233
48.482	0.25	1	2	24241
48.5	0.25	1	2	24250
48.516	0.25	1	2	24258
48.532	0.25	1	2	24266
48.55	0.25	1	2	24275
48.566	0.25	1	2	24283
48.582	0.25	1	2	24291
48.6	0.25	1	2	24300
48.616	0.25	1	2	24308
48.632	0.25	0	1	24316
48.65	0.25	0	1	24325
48.666	0.25	1	2	24333
48.682	0.25	1	2	24341
48.7	0.25	0	1	24350
48.716	0.25	0	1	24358
48.732	0.25	1	2	24366
48.75	0.25	1	2	24375
48.766	0.25	0	1	24383
48.782	0.25	0	1	24391
48.8	0.25	0	1	24400
48.816	0.25	0	1	24408
48.832	0.25	1	2	24416
48.85	0.25	1	2	24425
48.866	0.25	1	2	24433
48.882	0.25	1	2	24441
48.9	0.25	0	1	24450
48.916	0.25	0	1	24458
48.932	0.25	0	1	24466
51.232	0.25	0	1	25616
51.25	0.25	0	1	25625
51.266	0.25	0	1	25633
51.282	0.25	0	1	25641
51.3	0.25	1	2	25650
51.316	0.25	1	2	25658
51.332	0.25	1	2	25666
51.35	0.25	1	2	25675
51.366	0.25	0	1	25683
51.382	0.25	0	1	25691
51.4	0.25	0	1	25700
51.416	0.25	0	1	25708
51.432	0.25	0	1	25716
51.45	0.25	0	1	25725
51.466	0.25	0	1	25733
51.482	0.25	0	1	25741
51.5	0.25	1	2	25750
51.516	0.25	1	2	25758
51.532	0.25	1	2	25766
51.55	0.25	1	2	25775
51.566	0.25	1	2	25783
51.582	0.25	1	2	25791
51.6	0.25	1	2	25800
51.616	0.25	1	2	25808
51.632	0.25	1	2	25816
51.65	0.25	1	2	25825
51.666	0.25	0	1	25833
51.682	0.25	0	1	25841
51.7	0.25	0	1	25850
51.716	0.25	0	1	25858
51.732	0.25	0	1	25866
51.75	0.25	0	1	25875
51.766	0.25	0	1	25883
51.782	0.25	0	1	25891
51.8	0.25	0	1	25900
51.816	0.25	0	1	25908
51.832	0.25	0	1	25916
51.85	0.25	0	1	25925
51.866	0.25	1	2	25933
51.882	0.25	1	2	25941
51.9	0.25	1	2	25950
51.916	0.25	1	2	25958
51.932	0.25	0	1	25966
51.95	0.25	0	1	25975
51.966	0.25	0	1	25983
51.982	0.25	0	1	25991
52.0	0.25	1	2	26000
52.016	0.25	1	2	26008
52.032	0.25	0	1	26016
52.05	0.25	0	1	26025
52.066	0.25	1	2	26033
52.082	0.25	1	2	26041
52.1	0.25	0	1	26050
52.116	0.25	0	1	26058
52.132	0.25	1	2	26066
52.15	0.25	1	2	26075
52.166	0.25	0	1	26083
52.182	0.25	0	1	26091
52.2	0.25	1	2	26100
52.216	0.25	1	2	26108
52.232	0.25	1	2	26116
52.25	0.25	1	2	26125
52.266	0.25	0	1	26133
52.282	0.25	0	1	26141
52.3	0.25	1	2	26150
52.316	0.25	1	2	26158
52.332	0.25	0	1	26166
52.35	0.25	0	1	26175
52.366	0.25	0	1	26183
52.382	0.25	0	1	26191
52.4	0.25	0	1	26200
52.416	0.25	0	1	26208
52.432	0.25	1	2	26216
52.45	0.25	1	2	26225
52.466	0.25	0	1	26233
52.482	0.25	0	1	26241
52.5	0.25	0	1	26250
52.516	0.25	0	1	26258
52.532	0.25	0	1	26266
52.55	0.25	0	1	26275
52.566	0.25	1	2	26283
52.582	0.25	1	2	26291
52.6	0.25	1	2	26300
52.616	0.25	1	2	26308
52.632	0.25	1	2	26316
52.65	0.25	1	2	26325
52.666	0.25	0	1	26333
52.682	0.25	0	1	26341
52.7	0.25	1	2	26350
52.716	0.25	1	2	26358
52.732	0.25	0	1	26366
52.75	0.25	0	1	26375
52.766	0.25	1	2	26383
52.782	0.25	1	2	26391
52.8	0.25	1	2	26400
52.816	0.25	1	2	26408
52.832	0.25	1	2	26416
52.85	0.25	1	2	26425
52.866	0.25	1	2	26433
52.882	0.25	1	2	26441
52.9	0.25	1	2	26450
52.916	0.25	1	2	26458
52.932	0.25	0	1	26466
52.95	0.25	0	1	26475
52.966	0.25	0	1	26483
52.982	0.25	0	1	26491
53.0	0.25	1	2	26500
53.016	0.25	1	2	26508
53.032	0.25	0	1	26516
53.05	0.25	0	1	26525
53.066	0.25	0	1	26533
53.082	0.25	0	1	26541
53.1	0.25	0	1	26550
53.116	0.25	0	1	26558
53.132	0.25	1	2	26566
53.15	0.25	1	2	26575
53.166	0.25	1	2	26583
54.65	0.25	1	2	27325
54.666	0.25	1	2	27333
54.682	0.25	1	2	27341
54.7	0.25	1	2	27350
54.716	0.25	1	2	27358
54.732	0.25	1	2	27366
54.75	0.25	1	2	27375
54.766	0.25	1	2	27383
54.782	0.25	1	2	27391
54.8	0.25	1	2	27400
54.816	0.25	1	2	27408
54.832	0.25	1	2	27416
54.85	0.25	1	2	27425
54.866	0.25	1	2	27433
54.882	0.25	0	1	27441
54.9	0.25	0	1	27450
54.916	0.25	0	1	27458
54.932	0.25	0	1	27466
54.95	0.25	1	2	27475
54.966	0.25	1	2	27483
54.982	0.25	1	2	27491
55.0	0.25	1	2	27500
55.016	0.25	0	1	27508
55.032	0.25	0	1	27516
55.05	0.25	0	1	27525
55.066	0.25	0	1	27533
55.082	0.25	1	2	27541
55.1	0.25	1	2	27550
55.116	0.25	1	2	27558
55.132	0.25	1	2	27566
55.15	0.25	0	1	27575
55.166	0.25	0	1	27583
55.182	0.25	0	1	27591
55.2	0.25	0	1	27600
55.216	0.25	1	2	27608
55.232	0.25	1	2	27616
55.25	0.25	0	1	27625
55.266	0.25	0	1	27633
55.282	0.25	1	2	27641
55.3	0.25	1	2	27650
55.316	0.25	1	2	27658
55.332	0.25	1	2	27666
55.35	0.25	0	1	27675
55.366	0.25	0	1	27683
55.382	0.25	1	2	27691
55.4	0.25	1	2	27700
55.416	0.25	0	1	27708
55.432	0.25	0	1	27716
55.45	0.25	0	1	27725
55.466	0.25	0	1	27733
55.482	0.25	1	2	27741
55.5	0.25	1	2	27750
55.516	0.25	0	1	27758
55.532	0.25	0	1	27766
55.55	0.25	1	2	27775
55.566	0.25	1	2	27783
55.582	0.25	1	2	27791
55.6	0.25	1	2	27800
55.616	0.25	1	2	27808
55.632	0.25	1	2	27816
55.65	0.25	0	1	27825
55.666	0.25	0	1	27833
55.682	0.25	0	1	27841
55.7	0.25	0	1	27850
55.716	0.25	0	1	27858
55.732	0.25	0	1	27866
55.75	0.25	1	2	27875
55.766	0.25	1	2	27883
55.782	0.25	0	1	27891
55.8	0.25	0	1	27900
55.816	0.25	1	2	27908
55.832	0.25	1	2	27916
55.85	0.25	1	2	27925
55.866	0.25	1	2	27933
55.882	0.25	1	2	27941
55.9	0.25	1	2	27950
55.916	0.25	0	1	27958
55.932	0.25	0	1	27966
55.95	0.25	0	1	27975
55.966	0.25	0	1	27983
55.982	0.25	1	2	27991
56.0	0.25	1	2	28000
56.016	0.25	0	1	28008
56.032	0.25	0	1	28016
56.05	0.25	1	2	28025
56.066	0.25	1	2	28033
56.082	0.25	0	1	28041
56.1	0.25	0	1	28050
56.116	0.25	0	1	28058
56.132	0.25	0	1	28066
56.15	0.25	0	1	28075
56.166	0.25	0	1	28083
56.182	0.25	1	2	28091
56.2	0.25	1	2	28100
56.216	0.25	1	2	28108
56.232	0.25	1	2	28116
56.25	0.25	0	1	28125
56.266	0.25	0	1	28133
56.282	0.25	1	2	28141
56.3	0.25	1	2	28150
56.316	0.25	0	1	28158
56.332	0.25	0	1	28166
56.35	0.25	0	1	28175
56.366	0.25	0	1	28183
56.382	0.25	0	1	28191
56.4	0.25	0	1	28200
56.416	0.25	1	2	28208
56.432	0.25	1	2	28216
56.45	0.25	0	1	28225
56.466	0.25	0	1	28233
56.482	0.25	1	2	28241
56.5	0.25	1	2	28250
56.516	0.25	0	1	28258
56.532	0.25	0	1	28266
56.55	0.25	0	1	28275
56.566	0.25	0	1	28283
56.582	0.25	1	2	28291
58.066	0.25	1	2	29033
58.082	0.25	1	2	29041
58.1	0.25	1	2	29050
58.116	0.25	1	2	29058
58.132	0.25	0	1	29066
58.15	0.25	0	1	29075
58.166	0.25	1	2	29083
58.182	0.25	1	2	29091
58.2	0.25	1	2	29100
58.216	0.25	1	2	29108
58.232	0.25	0	1	29116
58.25	0.25	0	1	29125
58.266	0.25	1	2	29133
58.282	0.25	1	2	29141
58.3	0.25	1	2	29150
58.316	0.25	1	2	29158
58.332	0.25	0	1	29166
58.35	0.25	0	1	29175
58.366	0.25	1	2	29183
58.382	0.25	1	2	29191
58.4	0.25	1	2	29200
58.416	0.25	1	2	29208
58.432	0.25	0	1	29216
58.45	0.25	0	1	29225
58.466	0.25	0	1	29233
58.482	0.25	0	1	29241
58.5	0.25	0	1	29250
58.516	0.25	0	1	29258
58.532	0.25	1	2	29266
58.55	0.25	1	2	29275
58.566	0.25	1	2	29283
58.582	0.25	1	2	29291
58.6	0.25	1	2	29300
58.616	0.25	1	2	29308
58.632	0.25	0	1	29316
58.65	0.25	0	1	29325
58.666	0.25	0	1	29333
58.682	0.25	0	1	29341
58.7	0.25	0	1	29350
58.716	0.25	0	1	29358
58.732	0.25	1	2	29366
58.75	0.25	1	2	29375
58.766	0.25	1	2	29383
58.782	0.25	1	2	29391
58.8	0.25	1	2	29400
58.816	0.25	1	2	29408
58.832	0.25	1	2	29416
58.85	0.25	1	2	29425
58.866	0.25	1	2	29433
58.882	0.25	1	2	29441
58.9	0.25	0	1	29450
58.916	0.25	0	1	29458
58.932	0.25	0	1	29466
58.95	0.25	0	1	29475
58.966	0.25	1	2	29483
58.982	0.25	1	2	29491
59.0	0.25	0	1	29500
59.016	0.25	0	1	29508
59.032	0.25	1	2	29516
59.05	0.25	1	2	29525
59.066	0.25	0	1	29533
59.082	0.25	0	1	29541
59.1	0.25	0	1	29550
59.116	0.25	0	1	29558
59.132	0.25	1	2	29566
59.15	0.25	1	2	29575
59.166	0.25	1	2	29583
59.182	0.25	1	2	29591
59.2	0.25	0	1	29600
59.216	0.25	0	1	29608
59.232	0.25	0	1	29616
59.25	0.25	0	1	29625
59.266	0.25	0	1	29633
59.282	0.25	0	1	29641
59.3	0.25	0	1	29650
59.316	0.25	0	1	29658
59.332	0.25	1	2	29666
59.35	0.25	1	2	29675
59.366	0.25	0	1	29683
59.382	0.25	0	1	29691
59.4	0.25	0	1	29700
59.416	0.25	0	1	29708
59.432	0.25	0	1	29716
59.45	0.25	0	1	29725
59.466	0.25	0	1	29733
59.482	0.25	0	1	29741
59.5	0.25	1	2	29750
59.516	0.25	1	2	29758
59.532	0.25	1	2	29766
59.55	0.25	1	2	29775
59.566	0.25	1	2	29783
59.582	0.25	1	2	29791
59.6	0.25	1	2	29800
59.616	0.25	1	2	29808
59.632	0.25	1	2	29816
59.65	0.25	1	2	29825
59.666	0.25	1	2	29833
59.682	0.25	1	2	29841
59.7	0.25	0	1	29850
59.716	0.25	0	1	29858
59.732	0.25	1	2	29866
59.75	0.25	1	2	29875
59.766	0.25	0	1	29883
59.782	0.25	0	1	29891
59.8	0.25	1	2	29900
59.816	0.25	1	2	29908
59.832	0.25	0	1	29916
59.85	0.25	0	1	29925
59.866	0.25	0	1	29933
59.882	0.25	0	1	29941
59.9	0.25	1	2	29950
59.916	0.25	1	2	29958
59.932	0.25	1	2	29966
59.95	0.25	1	2	29975
59.966	0.25	0	1	29983
59.982	0.25	0	1	29991
60.0	0.25	0	1	30000
61.482	0.25	1	2	30741
61.5	0.25	1	2	30750
61.516	0.25	1	2	30758
61.532	0.25	1	2	30766
61.55	0.25	0	1	30775
61.566	0.25	0	1	30783
61.582	0.25	0	1	30791
61.6	0.25	0	1	30800
61.616	0.25	0	1	30808
61.632	0.25	0	1	30816
61.65	0.25	0	1	30825
61.666	0.25	0	1	30833
61.682	0.25	1	2	30841
61.7	0.25	1	2	30850
61.716	0.25	0	1	30858
61.732	0.25	0	1	30866
61.75	0.25	0	1	30875
61.766	0.25	0	1	30883
61.782	0.25	1	2	30891
61.8	0.25	1	2	30900
61.816	0.25	1	2	30908
61.832	0.25	1	2	30916
61.85	0.25	0	1	30925
61.866	0.25	0	1	30933
61.882	0.25	0	1	30941
61.9	0.25	0	1	30950
61.916	0.25	0	1	30958
61.932	0.25	0	1	30966
61.95	0.25	0	1	30975
61.966	0.25	0	1	30983
61.982	0.25	0	1	30991
62.0	0.25	0	1	31000
62.016	0.25	0	1	31008
62.032	0.25	0	1	31016
62.05	0.25	1	2	31025
62.066	0.25	1	2	31033
62.082	0.25	0	1	31041
62.1	0.25	0	1	31050
62.116	0.25	1	2	31058
62.132	0.25	1	2	31066
62.15	0.25	1	2	31075
62.166	0.25	1	2	31083
62.182	0.25	0	1	31091
62.2	0.25	0	1	31100
62.216	0.25	1	2	31108
62.232	0.25	1	2	31116
62.25	0.25	0	1	31125
62.266	0.25	0	1	31133
62.282	0.25	1	2	31141
62.3	0.25	1	2	31150
62.316	0.25	0	1	31158
62.332	0.25	0	1	31166
62.35	0.25	1	2	31175
62.366	0.25	1	2	31183
62.382	0.25	0	1	31191
62.4	0.25	0	1	31200
62.416	0.25	0	1	31208
62.432	0.25	0	1	31216
62.45	0.25	0	1	31225
62.466	0.25	0	1	31233
62.482	0.25	1	2	31241
62.5	0.25	1	2	31250
62.516	0.25	1	2	31258
62.532	0.25	1	2	31266
62.55	0.25	1	2	31275
62.566	0.25	1	2	31283
62.582	0.25	0	1	31291
62.6	0.25	0	1	31300
62.616	0.25	1	2	31308
62.632	0.25	1	2	31316
62.65	0.25	1	2	31325
62.666	0.25	1	2	31333
62.682	0.25	1	2	31341
62.7	0.25	1	2	31350
62.716	0.25	0	1	31358
62.732	0.25	0	1	31366
62.75	0.25	1	2	31375
62.766	0.25	1	2	31383
62.782	0.25	0	1	31391
62.8	0.25	0	1	31400
62.816	0.25	1	2	31408
62.832	0.25	1	2	31416
62.85	0.25	1	2	31425
62.866	0.25	1	2	31433
62.882	0.25	0	1	31441
62.9	0.25	0	1	31450
62.916	0.25	0	1	31458
62.932	0.25	0	1	31466
62.95	0.25	0	1	31475
62.966	0.25	0	1	31483
62.982	0.25	1	2	31491
63.0	0.25	1	2	31500
63.016	0.25	1	2	31508
63.032	0.25	1	2	31516
63.05	0.25	0	1	31525
63.066	0.25	0	1	31533
63.082	0.25	1	2	31541
63.1	0.25	1	2	31550
63.116	0.25	1	2	31558
63.132	0.25	1	2	31566
63.15	0.25	1	2	31575
63.166	0.25	1	2	31583
63.182	0.25	0	1	31591
63.2	0.25	0	1	31600
63.216	0.25	0	1	31608
63.232	0.25	0	1	31616
63.25	0.25	0	1	31625
63.266	0.25	0	1	31633
63.282	0.25	0	1	31641
63.3	0.25	0	1	31650
63.316	0.25	0	1	31658
63.332	0.25	0	1	31666
63.35	0.25	1	2	31675
63.366	0.25	1	2	31683
63.382	0.25	1	2	31691
63.4	0.25	1	2	31700
63.416	0.25	1	2	31708
65.582	0.25	1	2	32791
65.6	0.25	1	2	32800
65.616	0.25	1	2	32808
65.632	0.25	1	2	32816
65.65	0.25	0	1	32825
65.666	0.25	0	1	32833
65.682	0.25	0	1	32841
65.7	0.25	0	1	32850
65.716	0.25	0	1	32858
65.732	0.25	0	1	32866
65.75	0.25	0	1	32875
65.766	0.25	0	1	32883
65.782	0.25	1	2	32891
65.8	0.25	1	2	32900
65.816	0.25	0	1	32908
65.832	0.25	0	1	32916
65.85	0.25	0	1	32925
65.866	0.25	0	1	32933
65.882	0.25	1	2	32941
65.9	0.25	1	2	32950
65.916	0.25	1	2	32958
65.932	0.25	1	2	32966
65.95	0.25	0	1	32975
65.966	0.25	0	1	32983
65.982	0.25	0	1	32991
66.0	0.25	0	1	33000
66.016	0.25	0	1	33008
66.032	0.25	0	1	33016
66.05	0.25	0	1	33025
66.066	0.25	0	1	33033
66.082	0.25	0	1	33041
66.1	0.25	0	1	33050
66.116	0.25	0	1	33058
66.132	0.25	0	1	33066
66.15	0.25	1	2	33075
66.166	0.25	1	2	33083
66.182	0.25	0	1	33091
66.2	0.25	0	1	33100
66.216	0.25	1	2	33108
66.232	0.25	1	2	33116
66.25	0.25	1	2	33125
66.266	0.25	1	2	33133
66.282	0.25	0	1	33141
66.3	0.25	0	1	33150
66.316	0.25	1	2	33158
66.332	0.25	1	2	33166
66.35	0.25	0	1	33175
66.366	0.25	0	1	33183
66.382	0.25	1	2	33191
66.4	0.25	1	2	33200
66.416	0.25	0	1	33208
66.432	0.25	0	1	33216
66.45	0.25	1	2	33225
66.466	0.25	1	2	33233
66.482	0.25	0	1	33241
66.5	0.25	0	1	33250
66.516	0.25	0	1	33258
66.532	0.25	0	1	33266
66.55	0.25	0	1	33275
66.566	0.25	0	1	33283
66.582	0.25	1	2	33291
66.6	0.25	1	2	33300
66.616	0.25	1	2	33308
66.632	0.25	1	2	33316
66.65	0.25	1	2	33325
66.666	0.25	1	2	33333
66.682	0.25	0	1	33341
66.7	0.25	0	1	33350
66.716	0.25	1	2	33358
66.732	0.25	1	2	33366
66.75	0.25	1	2	33375
66.766	0.25	1	2	33383
66.782	0.25	1	2	33391
66.8	0.25	1	2	33400
66.816	0.25	0	1	33408
66.832	0.25	0	1	33416
66.85	0.25	1	2	33425
66.866	0.25	1	2	33433
66.882	0.25	0	1	33441
66.9	0.25	0	1	33450
66.916	0.25	1	2	33458
66.932	0.25	1	2	33466
66.95	0.25	1	2	33475
66.966	0.25	1	2	33483
66.982	0.25	0	1	33491
67.0	0.25	0	1	33500
67.016	0.25	0	1	33508
67.032	0.25	0	1	33516
67.05	0.25	0	1	33525
67.066	0.25	0	1	33533
67.082	0.25	1	2	33541
67.1	0.25	1	2	33550
67.116	0.25	1	2	33558
67.132	0.25	1	2	33566
67.15	0.25	0	1	33575
67.166	0.25	0	1	33583
67.182	0.25	1	2	33591
67.2	0.25	1	2	33600
67.216	0.25	1	2	33608
67.232	0.25	1	2	33616
67.25	0.25	1	2	33625
67.266	0.25	1	2	33633
67.282	0.25	0	1	33641
67.3	0.25	0	1	33650
67.316	0.25	0	1	33658
67.332	0.25	0	1	33666
67.35	0.25	0	1	33675
67.366	0.25	0	1	33683
67.382	0.25	0	1	33691
67.4	0.25	0	1	33700
67.416	0.25	0	1	33708
67.432	0.25	0	1	33716
67.45	0.25	1	2	33725
67.466	0.25	1	2	33733
67.482	0.25	1	2	33741
67.5	0.25	1	2	33750
67.516	0.25	1	2	33758
69.0	0.25	0	1	34500
69.016	0.25	0	1	34508
69.032	0.25	0	1	34516
69.05	0.25	0	1	34525
69.066	0.25	1	2	34533
69.082	0.25	1	2	34541
69.1	0.25	1	2	34550
69.116	0.25	1	2	34558
69.132	0.25	0	1	34566
69.15	0.25	0	1	34575
69.166	0.25	0	1	34583
69.182	0.25	0	1	34591
69.2	0.25	0	1	34600
69.216	0.25	0	1	34608
69.232	0.25	0	1	34616
69.25	0.25	0	1	34625
69.266	0.25	1	2	34633
69.282	0.25	1	2	34641
69.3	0.25	1	2	34650
69.316	0.25	1	2	34658
69.332	0.25	1	2	34666
69.35	0.25	1	2	34675
69.366	0.25	1	2	34683
69.382	0.25	1	2	34691
69.4	0.25	1	2	34700
69.416	0.25	1	2	34708
69.432	0.25	0	1	34716
69.45	0.25	0	1	34725
69.466	0.25	0	1	34733
69.482	0.25	0	1	34741
69.5	0.25	0	1	34750
69.516	0.25	0	1	34758
69.532	0.25	0	1	34766
69.55	0.25	0	1	34775
69.566	0.25	0	1	34783
69.582	0.25	0	1	34791
69.6	0.25	0	1	34800
69.616	0.25	0	1	34808
69.632	0.25	1	2	34816
69.65	0.25	1	2	34825
69.666	0.25	1	2	34833
69.682	0.25	1	2	34841
69.7	0.25	0	1	34850
69.716	0.25	0	1	34858
69.732	0.25	0	1	34866
69.75	0.25	0	1	34875
69.766	0.25	1	2	34883
69.782	0.25	1	2	34891
69.8	0.25	0	1	34900
69.816	0.25	0	1	34908
69.832	0.25	1	2	34916
69.85	0.25	1	2	34925
69.866	0.25	0	1	34933
69.882	0.25	0	1	34941
69.9	0.25	1	2	34950
69.916	0.25	1	2	34958
69.932	0.25	0	1	34966
69.95	0.25	0	1	34975
69.966	0.25	1	2	34983
69.982	0.25	1	2	34991
70.0	0.25	1	2	35000
70.016	0.25	1	2	35008
70.032	0.25	0	1	35016
70.05	0.25	0	1	35025
70.066	0.25	1	2	35033
70.082	0.25	1	2	35041
70.1	0.25	0	1	35050
70.116	0.25	0	1	35058
70.132	0.25	0	1	35066
70.15	0.25	0	1	35075
70.166	0.25	0	1	35083
70.182	0.25	0	1	35091
70.2	0.25	1	2	35100
70.216	0.25	1	2	35108
70.232	0.25	0	1	35116
70.25	0.25	0	1	35125
70.266	0.25	0	1	35133
70.282	0.25	0	1	35141
70.3	0.25	0	1	35150
70.316	0.25	0	1	35158
70.332	0.25	1	2	35166
70.35	0.25	1	2	35175
70.366	0.25	1	2	35183
70.382	0.25	1	2	35191
70.4	0.25	1	2	35200
70.416	0.25	1	2	35208
70.432	0.25	0	1	35216
70.45	0.25	0	1	35225
70.466	0.25	1	2	35233
70.482	0.25	1	2	35241
70.5	0.25	0	1	35250
70.516	0.25	0	1	35258
70.532	0.25	1	2	35266
70.55	0.25	1	2	35275
70.566	0.25	1	2	35283
70.582	0.25	1	2	35291
70.6	0.25	1	2	35300
70.616	0.25	1	2	35308
70.632	0.25	1	2	35316
70.65	0.25	1	2	35325
70.666	0.25	1	2	35333
70.682	0.25	1	2	35341
70.7	0.25	0	1	35350
70.716	0.25	0	1	35358
70.732	0.25	0	1	35366
70.75	0.25	0	1	35375
70.766	0.25	1	2	35383
70.782	0.25	1	2	35391
70.8	0.25	0	1	35400
70.816	0.25	0	1	35408
70.832	0.25	0	1	35416
70.85	0.25	0	1	35425
70.866	0.25	0	1	35433
70.882	0.25	0	1	35441
70.9	0.25	1	2	35450
70.916	0.25	1	2	35458
70.932	0.25	1	2	35466
72.416	0.25	1	2	36208
72.432	0.25	1	2	36216
72.45	0.25	1	2	36225
72.466	0.25	1	2	36233
72.482	0.25	1	2	36241
72.5	0.25	1	2	36250
72.516	0.25	1	2	36258
72.532	0.25	1	2	36266
72.55	0.25	1	2	36275
72.566	0.25	1	2	36283
72.582	0.25	1	2	36291
72.6	0.25	1	2	36300
72.616	0.25	1	2	36308
72.632	0.25	1	2	36316
72.65	0.25	0	1	36325
72.666	0.25	0	1	36333
72.682	0.25	0	1	36341
72.7	0.25	0	1	36350
72.716	0.25	1	2	36358
72.732	0.25	1	2	36366
72.75	0.25	1	2	36375
72.766	0.25	1	2	36383
72.782	0.25	0	1	36391
72.8	0.25	0	1	36400
72.816	0.25	0	1	36408
72.832	0.25	0	1	36416
72.85	0.25	1	2	36425
72.866	0.25	1	2	36433
72.882	0.25	1	2	36441
72.9	0.25	1	2	36450
72.916	0.25	0	1	36458
72.932	0.25	0	1	36466
72.95	0.25	0	1	36475
72.966	0.25	0	1	36483
72.982	0.25	1	2	36491
73.0	0.25	1	2	36500
73.016	0.25	0	1	36508
73.032	0.25	0	1	36516
73.05	0.25	1	2	36525
73.066	0.25	1	2	36533
73.082	0.25	1	2	36541
73.1	0.25	1	2	36550
73.116	0.25	0	1	36558
73.132	0.25	0	1	36566
73.15	0.25	1	2	36575
73.166	0.25	1	2	36583
73.182	0.25	0	1	36591
73.2	0.25	0	1	36600
73.216	0.25	0	1	36608
73.232	0.25	0	1	36616
73.25	0.25	1	2	36625
73.266	0.25	1	2	36633
73.282	0.25	0	1	36641
73.3	0.25	0	1	36650
73.316	0.25	1	2	36658
73.332	0.25	1	2	36666
73.35	0.25	1	2	36675
73.366	0.25	1	2	36683
73.382	0.25	1	2	36691
73.4	0.25	1	2	36700
73.416	0.25	0	1	36708
73.432	0.25	0	1	36716
73.45	0.25	0	1	36725
73.466	0.25	0	1	36733
73.482	0.25	0	1	36741
73.5	0.25	0	1	36750
73.516	0.25	1	2	36758
73.532	0.25	1	2	36766
73.55	0.25	0	1	36775
73.566	0.25	0	1	36783
73.582	0.25	1	2	36791
73.6	0.25	1	2	36800
73.616	0.25	1	2	36808
73.632	0.25	1	2	36816
73.65	0.25	1	2	36825
73.666	0.25	1	2	36833
73.682	0.25	0	1	36841
73.7	0.25	0	1	36850
73.716	0.25	0	1	36858
73.732	0.25	0	1	36866
73.75	0.25	1	2	36875
73.766	0.25	1	2	36883
73.782	0.25	0	1	36891
73.8	0.25	0	1	36900
73.816	0.25	1	2	36908
73.832	0.25	1	2	36916
73.85	0.25	0	1	36925
73.866	0.25	0	1	36933
73.882	0.25	0	1	36941
73.9	0.25	0	1	36950
73.916	0.25	0	1	36958
73.932	0.25	0	1	36966
73.95	0.25	1	2	36975
73.966	0.25	1	2	36983
73.982	0.25	1	2	36991
74.0	0.25	1	2	37000
74.016	0.25	0	1	37008
74.032	0.25	0	1	37016
74.05	0.25	1	2	37025
74.066	0.25	1	2	37033
74.082	0.25	0	1	37041
74.1	0.25	0	1	37050
74.116	0.25	0	1	37058
74.132	0.25	0	1	37066
74.15	0.25	0	1	37075
74.166	0.25	0	1	37083
74.182	0.25	1	2	37091
74.2	0.25	1	2	37100
74.216	0.25	0	1	37108
74.232	0.25	0	1	37116
74.25	0.25	1	2	37125
74.266	0.25	1	2	37133
74.282	0.25	0	1	37141
74.3	0.25	0	1	37150
74.316	0.25	0	1	37158
74.332	0.25	0	1	37166
74.35	0.25	1	2	37175
75.832	0.25	1	2	37916
75.85	0.25	1	2	37925
75.866	0.25	1	2	37933
75.882	0.25	1	2	37941
75.9	0.25	0	1	37950
75.916	0.25	0	1	37958
75.932	0.25	1	2	37966
75.95	0.25	1	2	37975
75.966	0.25	1	2	37983
75.982	0.25	1	2	37991
76.0	0.25	0	1	38000
76.016	0.25	0	1	38008
76.032	0.25	1	2	38016
76.05	0.25	1	2	38025
76.066	0.25	1	2	38033
76.082	0.25	1	2	38041
76.1	0.25	0	1	38050
76.116	0.25	0	1	38058
76.132	0.25	1	2	38066
76.15	0.25	1	2	38075
76.166	0.25	1	2	38083
76.182	0.25	1	2	38091
76.2	0.25	0	1	38100
76.216	0.25	0	1	38108
76.232	0.25	0	1	38116
76.25	0.25	0	1	38125
76.266	0.25	0	1	38133
76.282	0.25	0	1	38141
76.3	0.25	1	2	38150
76.316	0.25	1	2	38158
76.332	0.25	1	2	38166
76.35	0.25	1	2	38175
76.366	0.25	1	2	38183
76.382	0.25	1	2	38191
76.4	0.25	0	1	38200
76.416	0.25	0	1	38208
76.432	0.25	0	1	38216
76.45	0.25	0	1	38225
76.466	0.25	0	1	38233
76.482	0.25	0	1	38241
76.5	0.25	1	2	38250
76.516	0.25	1	2	38258
76.532	0.25	1	2	38266
76.55	0.25	1	2	38275
76.566	0.25	1	2	38283
76.582	0.25	1	2	38291
76.6	0.25	1	2	38300
76.616	0.25	1	2	38308
76.632	0.25	1	2	38316
76.65	0.25	1	2	38325
76.666	0.25	0	1	38333
76.682	0.25	0	1	38341
76.7	0.25	0	1	38350
76.716	0.25	0	1	38358
76.732	0.25	1	2	38366
76.75	0.25	1	2	38375
76.766	0.25	0	1	38383
76.782	0.25	0	1	38391
76.8	0.25	1	2	38400
76.816	0.25	1	2	38408
76.832	0.25	0	1	38416
76.85	0.25	0	1	38425
76.866	0.25	0	1	38433
76.882	0.25	0	1	38441
76.9	0.25	1	2	38450
76.916	0.25	1	2	38458
76.932	0.25	1	2	38466
76.95	0.25	1	2	38475
76.966	0.25	0	1	38483
76.982	0.25	0	1	38491
77.0	0.25	0	1	38500
77.016	0.25	0	1	38508
77.032	0.25	0	1	38516
77.05	0.25	0	1	38525
77.066	0.25	0	1	38533
77.082	0.25	0	1	38541
77.1	0.25	1	2	38550
77.116	0.25	1	2	38558
77.132	0.25	0	1	38566
77.15	0.25	0	1	38575
77.166	0.25	0	1	38583
77.182	0.25	0	1	38591
77.2	0.25	0	1	38600
77.216	0.25	0	1	38608
77.232	0.25	0	1	38616
77.25	0.25	0	1	38625
77.266	0.25	1	2	38633
77.282	0.25	1	2	38641
77.3	0.25	1	2	38650
77.316	0.25	1	2	38658
77.332	0.25	1	2	38666
77.35	0.25	1	2	38675
77.366	0.25	1	2	38683
77.382	0.25	1	2	38691
77.4	0.25	1	2	38700
77.416	0.25	1	2	38708
77.432	0.25	1	2	38716
77.45	0.25	1	2	38725
77.466	0.25	0	1	38733
77.482	0.25	0	1	38741
77.5	0.25	1	2	38750
77.516	0.25	1	2	38758
77.532	0.25	0	1	38766
77.55	0.25	0	1	38775
77.566	0.25	1	2	38783
77.582	0.25	1	2	38791
77.6	0.25	0	1	38800
77.616	0.25	0	1	38808
77.632	0.25	0	1	38816
77.65	0.25	0	1	38825
77.666	0.25	1	2	38833
77.682	0.25	1	2	38841
77.7	0.25	1	2	38850
77.716	0.25	1	2	38858
77.732	0.25	0	1	38866
77.75	0.25	0	1	38875
77.766	0.25	0	1	38883
80.35	0.25	1	2	40175
80.366	0.25	1	2	40183
80.382	0.25	1	2	40191
80.4	0.25	1	2	40200
80.416	0.25	0	1	40208
80.432	0.25	0	1	40216
80.45	0.25	1	2	40225
80.466	0.25	1	2	40233
80.482	0.25	1	2	40241
80.5	0.25	1	2	40250
80.516	0.25	0	1	40258
80.532	0.25	0	1	40266
80.55	0.25	1	2	40275
80.566	0.25	1	2	40283
80.582	0.25	1	2	40291
80.6	0.25	1	2	40300
80.616	0.25	0	1	40308
80.632	0.25	0	1	40316
80.65	0.25	1	2	40325
80.666	0.25	1	2	40333
80.682	0.25	1	2	40341
80.7	0.25	1	2	40350
80.716	0.25	0	1	40358
80.732	0.25	0	1	40366
80.75	0.25	0	1	40375
80.766	0.25	0	1	40383
80.782	0.25	0	1	40391
80.8	0.25	0	1	40400
80.816	0.25	1	2	40408
80.832	0.25	1	2	40416
80.85	0.25	1	2	40425
80.866	0.25	1	2	40433
80.882	0.25	1	2	40441
80.9	0.25	1	2	40450
80.916	0.25	0	1	40458
80.932	0.25	0	1	40466
80.95	0.25	0	1	40475
80.966	0.25	0	1	40483
80.982	0.25	0	1	40491
81.0	0.25	0	1	40500
81.016	0.25	1	2	40508
81.032	0.25	1	2	40516
81.05	0.25	1	2	40525
81.066	0.25	1	2	40533
81.082	0.25	1	2	40541
81.1	0.25	1	2	40550
81.116	0.25	1	2	40558
81.132	0.25	1	2	40566
81.15	0.25	1	2	40575
81.166	0.25	1	2	40583
81.182	0.25	0	1	40591
81.2	0.25	0	1	40600
81.216	0.25	0	1	40608
81.232	0.25	0	1	40616
81.25	0.25	1	2	40625
81.266	0.25	1	2	40633
81.282	0.25	0	1	40641
81.3	0.25	0	1	40650
81.316	0.25	1	2	40658
81.332	0.25	1	2	40666
81.35	0.25	0	1	40675
81.366	0.25	0	1	40683
81.382	0.25	0	1	40691
81.4	0.25	0	1	40700
81.416	0.25	1	2	40708
81.432	0.25	1	2	40716
81.45	0.25	1	2	40725
81.466	0.25	1	2	40733
81.482	0.25	0	1	40741
81.5	0.25	0	1	40750
81.516	0.25	0	1	40758
81.532	0.25	0	1	40766
81.55	0.25	0	1	40775
81.566	0.25	0	1	40783
81.582	0.25	0	1	40791
81.6	0.25	0	1	40800
81.616	0.25	1	2	40808
81.632	0.25	1	2	40816
81.65	0.25	0	1	40825
81.666	0.25	0	1	40833
81.682	0.25	0	1	40841
81.7	0.25	0	1	40850
81.716	0.25	0	1	40858
81.732	0.25	0	1	40866
81.75	0.25	0	1	40875
81.766	0.25	0	1	40883
81.782	0.25	1	2	40891
81.8	0.25	1	2	40900
81.816	0.25	1	2	40908
81.832	0.25	1	2	40916
81.85	0.25	1	2	40925
81.866	0.25	1	2	40933
81.882	0.25	1	2	40941
81.9	0.25	1	2	40950
81.916	0.25	1	2	40958
81.932	0.25	1	2	40966
81.95	0.25	1	2	40975
81.966	0.25	1	2	40983
81.982	0.25	0	1	40991
82.0	0.25	0	1	41000
82.016	0.25	1	2	41008
82.032	0.25	1	2	41016
82.05	0.25	0	1	41025
82.066	0.25	0	1	41033
82.082	0.25	1	2	41041
82.1	0.25	1	2	41050
82.116	0.25	0	1	41058
82.132	0.25	0	1	41066
82.15	0.25	0	1	41075
82.166	0.25	0	1	41083
82.182	0.25	1	2	41091
82.2	0.25	1	2	41100
82.216	0.25	1	2	41108
82.232	0.25	1	2	41116
82.25	0.25	0	1	41125
82.266	0.25	0	1	41133
82.282	0.25	0	1	41141
83.766	0.25	1	2	41883
83.782	0.25	1	2	41891
83.8	0.25	1	2	41900
83.816	0.25	1	2	41908
83.832	0.25	1	2	41916
83.85	0.25	1	2	41925
83.866	0.25	1	2	41933
83.882	0.25	1	2	41941
83.9	0.25	1	2	41950
83.916	0.25	1	2	41958
83.932	0.25	1	2	41966
83.95	0.25	1	2	41975
83.966	0.25	1	2	41983
83.982	0.25	1	2	41991
84.0	0.25	0	1	42000
84.016	0.25	0	1	42008
84.032	0.25	0	1	42016
84.05	0.25	0	1	42025
84.066	0.25	1	2	42033
84.082	0.25	1	2	42041
84.1	0.25	1	2	42050
84.116	0.25	1	2	42058
84.132	0.25	0	1	42066
84.15	0.25	0	1	42075
84.166	0.25	0	1	42083
84.182	0.25	0	1	42091
84.2	0.25	1	2	42100
84.216	0.25	1	2	42108
84.232	0.25	1	2	42116
84.25	0.25	1	2	42125
84.266	0.25	0	1	42133
84.282	0.25	0	1	42141
84.3	0.25	0	1	42150
84.316	0.25	0	1	42158
84.332	0.25	1	2	42166
84.35	0.25	1	2	42175
84.366	0.25	0	1	42183
84.382	0.25	0	1	42191
84.4	0.25	1	2	42200
84.416	0.25	1	2	42208
84.432	0.25	1	2	42216
84.45	0.25	1	2	42225
84.466	0.25	0	1	42233
84.482	0.25	0	1	42241
84.5	0.25	1	2	42250
84.516	0.25	1	2	42258
84.532	0.25	0	1	42266
84.55	0.25	0	1	42275
84.566	0.25	0	1	42283
84.582	0.25	0	1	42291
84.6	0.25	1	2	42300
84.616	0.25	1	2	42308
84.632	0.25	0	1	42316
84.65	0.25	0	1	42325
84.666	0.25	1	2	42333
84.682	0.25	1	2	42341
84.7	0.25	1	2	42350
84.716	0.25	1	2	42358
84.732	0.25	1	2	42366
84.75	0.25	1	2	42375
84.766	0.25	0	1	42383
84.782	0.25	0	1	42391
84.8	0.25	0	1	42400
84.816	0.25	0	1	42408
84.832	0.25	0	1	42416
84.85	0.25	0	1	42425
84.866	0.25	1	2	42433
84.882	0.25	1	2	42441
84.9	0.25	0	1	42450
84.916	0.25	0	1	42458
84.932	0.25	1	2	42466
84.95	0.25	1	2	42475
84.966	0.25	1	2	42483
84.982	0.25	1	2	42491
85.0	0.25	1	2	42500
85.016	0.25	1	2	42508
85.032	0.25	0	1	42516
85.05	0.25	0	1	42525
85.066	0.25	0	1	42533
85.082	0.25	0	1	42541
85.1	0.25	1	2	42550
85.116	0.25	1	2	42558
85.132	0.25	0	1	42566
85.15	0.25	0	1	42575
85.166	0.25	1	2	42583
85.182	0.25	1	2	42591
85.2	0.25	0	1	42600
85.216	0.25	0	1	42608
85.232	0.25	0	1	42616
85.25	0.25	0	1	42625
85.266	0.25	0	1	42633
85.282	0.25	0	1	42641
85.3	0.25	1	2	42650
85.316	0.25	1	2	42658
85.332	0.25	1	2	42666
85.35	0.25	1	2	42675
85.366	0.25	0	1	42683
85.382	0.25	0	1	42691
85.4	0.25	1	2	42700
85.416	0.25	1	2	42708
85.432	0.25	0	1	42716
85.45	0.25	0	1	42725
85.466	0.25	0	1	42733
85.482	0.25	0	1	42741
85.5	0.25	0	1	42750
85.516	0.25	0	1	42758
85.532	0.25	1	2	42766
85.55	0.25	1	2	42775
85.566	0.25	0	1	42783
85.582	0.25	0	1	42791
85.6	0.25	1	2	42800
85.616	0.25	1	2	42808
85.632	0.25	0	1	42816
85.65	0.25	0	1	42825
85.666	0.25	0	1	42833
85.682	0.25	0	1	42841
85.7	0.25	1	2	42850
87.182	0.25	1	2	43591
87.2	0.25	1	2	43600
87.216	0.25	1	2	43608
87.232	0.25	1	2	43616
87.25	0.25	0	1	43625
87.266	0.25	0	1	43633
87.282	0.25	0	1	43641
87.3	0.25	0	1	43650
87.316	0.25	0	1	43658
87.332	0.25	0	1	43666
87.35	0.25	0	1	43675
87.366	0.25	0	1	43683
87.382	0.25	1	2	43691
87.4	0.25	1	2	43700
87.416	0.25	0	1	43708
87.432	0.25	0	1	43716
87.45	0.25	0	1	43725
87.466	0.25	0	1	43733
87.482	0.25	1	2	43741
87.5	0.25	1	2	43750
87.516	0.25	1	2	43758
87.532	0.25	1	2	43766
87.55	0.25	0	1	43775
87.566	0.25	0	1	43783
87.582	0.25	0	1	43791
87.6	0.25	0	1	43800
87.616	0.25	0	1	43808
87.632	0.25	0	1	43816
87.65	0.25	0	1	43825
87.666	0.25	0	1	43833
87.682	0.25	0	1	43841
87.7	0.25	0	1	43850
87.716	0.25	0	1	43858
87.732	0.25	0	1	43866
87.75	0.25	1	2	43875
87.766	0.25	1	2	43883
87.782	0.25	0	1	43891
87.8	0.25	0	1	43900
87.816	0.25	1	2	43908
87.832	0.25	1	2	43916
87.85	0.25	1	2	43925
87.866	0.25	1	2	43933
87.882	0.25	0	1	43941
87.9	0.25	0	1	43950
87.916	0.25	1	2	43958
87.932	0.25	1	2	43966
87.95	0.25	0	1	43975
87.966	0.25	0	1	43983
87.982	0.25	1	2	43991
88.0	0.25	1	2	44000
88.016	0.25	0	1	44008
88.032	0.25	0	1	44016
88.05	0.25	1	2	44025
88.066	0.25	1	2	44033
88.082	0.25	0	1	44041
88.1	0.25	0	1	44050
88.116	0.25	0	1	44058
88.132	0.25	0	1	44066
88.15	0.25	0	1	44075
88.166	0.25	0	1	44083
88.182	0.25	1	2	44091
88.2	0.25	1	2	44100
88.216	0.25	1	2	44108
88.232	0.25	1	2	44116
88.25	0.25	1	2	44125
88.266	0.25	1	2	44133
88.282	0.25	0	1	44141
88.3	0.25	0	1	44150
88.316	0.25	1	2	44158
88.332	0.25	1	2	44166
88.35	0.25	1	2	44175
88.366	0.25	1	2	44183
88.382	0.25	1	2	44191
88.4	0.25	1	2	44200
88.416	0.25	0	1	44208
88.432	0.25	0	1	44216
88.45	0.25	1	2	44225
88.466	0.25	1	2	44233
88.482	0.25	0	1	44241
88.5	0.25	0	1	44250
88.516	0.25	1	2	44258
88.532	0.25	1	2	44266
88.55	0.25	1	2	44275
88.566	0.25	1	2	44283
88.582	0.25	0	1	44291
88.6	0.25	0	1	44300
88.616	0.25	0	1	44308
88.632	0.25	0	1	44316
88.65	0.25	0	1	44325
88.666	0.25	0	1	44333
88.682	0.25	1	2	44341
88.7	0.25	1	2	44350
88.716	0.25	1	2	44358
88.732	0.25	1	2	44366
88.75	0.25	0	1	44375
88.766	0.25	0	1	44383
88.782	0.25	1	2	44391
88.8	0.25	1	2	44400
88.816	0.25	1	2	44408
88.832	0.25	1	2	44416
88.85	0.25	1	2	44425
88.866	0.25	1	2	44433
88.882	0.25	0	1	44441
88.9	0.25	0	1	44450
88.916	0.25	0	1	44458
88.932	0.25	0	1	44466
88.95	0.25	0	1	44475
88.966	0.25	0	1	44483
88.982	0.25	0	1	44491
89.0	0.25	0	1	44500
89.016	0.25	0	1	44508
89.032	0.25	0	1	44516
89.05	0.25	1	2	44525
89.066	0.25	1	2	44533
89.082	0.25	1	2	44541
89.1	0.25	1	2	44550
89.116	0.25	1	2	44558
90.6	0.25	0	1	45300
90.616	0.25	0	1	45308
90.632	0.25	0	1	45316
90.65	0.25	0	1	45325
90.666	0.25	1	2	45333
90.682	0.25	1	2	45341
90.7	0.25	1	2	45350
90.716	0.25	1	2	45358
90.732	0.25	0	1	45366
90.75	0.25	0	1	45375
90.766	0.25	0	1	45383
90.782	0.25	0	1	45391
90.8	0.25	0	1	45400
90.816	0.25	0	1	45408
90.832	0.25	0	1	45416
90.85	0.25	0	1	45425
90.866	0.25	1	2	45433
90.882	0.25	1	2	45441
90.9	0.25	1	2	45450
90.916	0.25	1	2	45458
90.932	0.25	1	2	45466
90.95	0.25	1	2	45475
90.966	0.25	1	2	45483
90.982	0.25	1	2	45491
91.0	0.25	1	2	45500
91.016	0.25	1	2	45508
91.032	0.25	0	1	45516
91.05	0.25	0	1	45525
91.066	0.25	0	1	45533
91.082	0.25	0	1	45541
91.1	0.25	0	1	45550
91.116	0.25	0	1	45558
91.132	0.25	0	1	45566
91.15	0.25	0	1	45575
91.166	0.25	0	1	45583
91.182	0.25	0	1	45591
91.2	0.25	0	1	45600
91.216	0.25	0	1	45608
91.232	0.25	1	2	45616
91.25	0.25	1	2	45625
91.266	0.25	1	2	45633
91.282	0.25	1	2	45641
91.3	0.25	0	1	45650
91.316	0.25	0	1	45658
91.332	0.25	0	1	45666
91.35	0.25	0	1	45675
91.366	0.25	1	2	45683
91.382	0.25	1	2	45691
91.4	0.25	0	1	45700
91.416	0.25	0	1	45708
91.432	0.25	1	2	45716
91.45	0.25	1	2	45725
91.466	0.25	0	1	45733
91.482	0.25	0	1	45741
91.5	0.25	1	2	45750
91.516	0.25	1	2	45758
91.532	0.25	0	1	45766
91.55	0.25	0	1	45775
91.566	0.25	1	2	45783
91.582	0.25	1	2	45791
91.6	0.25	1	2	45800
91.616	0.25	1	2	45808
91.632	0.25	0	1	45816
91.65	0.25	0	1	45825
91.666	0.25	1	2	45833
91.682	0.25	1	2	45841
91.7	0.25	0	1	45850
91.716	0.25	0	1	45858
91.732	0.25	0	1	45866
91.75	0.25	0	1	45875
91.766	0.25	0	1	45883
91.782	0.25	0	1	45891
91.8	0.25	1	2	45900
91.816	0.25	1	2	45908
91.832	0.25	0	1	45916
91.85	0.25	0	1	45925
91.866	0.25	0	1	45933
91.882	0.25	0	1	45941
91.9	0.25	0	1	45950
91.916	0.25	0	1	45958
91.932	0.25	1	2	45966
91.95	0.25	1	2	45975
91.966	0.25	1	2	45983
91.982	0.25	1	2	45991
92.0	0.25	1	2	46000
92.016	0.25	1	2	46008
92.032	0.25	0	1	46016
92.05	0.25	0	1	46025
92.066	0.25	1	2	46033
92.082	0.25	1	2	46041
92.1	0.25	0	1	46050
92.116	0.25	0	1	46058
92.132	0.25	1	2	46066
92.15	0.25	1	2	46075
92.166	0.25	1	2	46083
92.182	0.25	1	2	46091
92.2	0.25	1	2	46100
92.216	0.25	1	2	46108
92.232	0.25	1	2	46116
92.25	0.25	1	2	46125
92.266	0.25	1	2	46133
92.282	0.25	1	2	46141
92.3	0.25	0	1	46150
92.316	0.25	0	1	46158
92.332	0.25	0	1	46166
92.35	0.25	0	1	46175
92.366	0.25	1	2	46183
92.382	0.25	1	2	46191
92.4	0.25	0	1	46200
92.416	0.25	0	1	46208
92.432	0.25	0	1	46216
92.45	0.25	0	1	46225
92.466	0.25	0	1	46233
92.482	0.25	0	1	46241
92.5	0.25	1	2	46250
92.516	0.25	1	2	46258
92.532	0.25	1	2	46266
95.182	0.25	1	2	47591
95.2	0.25	1	2	47600
95.216	0.25	1	2	47608
95.232	0.25	1	2	47616
95.25	0.25	0	1	47625
95.266	0.25	0	1	47633
95.282	0.25	0	1	47641
95.3	0.25	0	1	47650
95.316	0.25	0	1	47658
95.332	0.25	0	1	47666
95.35	0.25	0	1	47675
95.366	0.25	0	1	47683
95.382	0.25	1	2	47691
95.4	0.25	1	2	47700
95.416	0.25	0	1	47708
95.432	0.25	0	1	47716
95.45	0.25	0	1	47725
95.466	0.25	0	1	47733
95.482	0.25	1	2	47741
95.5	0.25	1	2	47750
95.516	0.25	1	2	47758
95.532	0.25	1	2	47766
95.55	0.25	0	1	47775
95.566	0.25	0	1	47783
95.582	0.25	0	1	47791
95.6	0.25	0	1	47800
95.616	0.25	0	1	47808
95.632	0.25	0	1	47816
95.65	0.25	0	1	47825
95.666	0.25	0	1	47833
95.682	0.25	0	1	47841
95.7	0.25	0	1	47850
95.716	0.25	0	1	47858
95.732	0.25	0	1	47866
95.75	0.25	1	2	47875
95.766	0.25	1	2	47883
95.782	0.25	0	1	47891
95.8	0.25	0	1	47900
95.816	0.25	1	2	47908
95.832	0.25	1	2	47916
95.85	0.25	1	2	47925
95.866	0.25	1	2	47933
95.882	0.25	0	1	47941
95.9	0.25	0	1	47950
95.916	0.25	1	2	47958
95.932	0.25	1	2	47966
95.95	0.25	0	1	47975
95.966	0.25	0	1	47983
95.982	0.25	1	2	47991
96.0	0.25	1	2	48000
96.016	0.25	0	1	48008
96.032	0.25	0	1	48016
96.05	0.25	1	2	48025
96.066	0.25	1	2	48033
96.082	0.25	0	1	48041
96.1	0.25	0	1	48050
96.116	0.25	0	1	48058
96.132	0.25	0	1	48066
96.15	0.25	0	1	48075
96.166	0.25	0	1	48083
96.182	0.25	1	2	48091
96.2	0.25	1	2	48100
96.216	0.25	1	2	48108
96.232	0.25	1	2	48116
96.25	0.25	1	2	48125
96.266	0.25	1	2	48133
96.282	0.25	0	1	48141
96.3	0.25	0	1	48150
96.316	0.25	1	2	48158
96.332	0.25	1	2	48166
96.35	0.25	1	2	48175
96.366	0.25	1	2	48183
96.382	0.25	1	2	48191
96.4	0.25	1	2	48200
96.416	0.25	0	1	48208
96.432	0.25	0	1	48216
96.45	0.25	1	2	48225
96.466	0.25	1	2	48233
96.482	0.25	0	1	48241
96.5	0.25	0	1	48250
96.516	0.25	1	2	48258
96.532	0.25	1	2	48266
96.55	0.25	1	2	48275
96.566	0.25	1	2	48283
96.582	0.25	0	1	48291
96.6	0.25	0	1	48300
96.616	0.25	0	1	48308
96.632	0.25	0	1	48316
96.65	0.25	0	1	48325
96.666	0.25	0	1	48333
96.682	0.25	1	2	48341
96.7	0.25	1	2	48350
96.716	0.25	1	2	48358
96.732	0.25	1	2	48366
96.75	0.25	0	1	48375
96.766	0.25	0	1	48383
96.782	0.25	1	2	48391
96.8	0.25	1	2	48400
96.816	0.25	1	2	48408
96.832	0.25	1	2	48416
96.85	0.25	1	2	48425
96.866	0.25	1	2	48433
96.882	0.25	0	1	48441
96.9	0.25	0	1	48450
96.916	0.25	0	1	48458
96.932	0.25	0	1	48466
96.95	0.25	0	1	48475
96.966	0.25	0	1	48483
96.982	0.25	0	1	48491
97.0	0.25	0	1	48500
97.016	0.25	0	1	48508
97.032	0.25	0	1	48516
97.05	0.25	1	2	48525
97.066	0.25	1	2	48533
97.082	0.25	1	2	48541
97.1	0.25	1	2	48550
97.116	0.25	1	2	48558
98.6	0.25	1	2	49300
98.616	0.25	1	2	49308
98.632	0.25	1	2	49316
98.65	0.25	1	2	49325
98.666	0.25	0	1	49333
98.682	0.25	0	1	49341
98.7	0.25	1	2	49350
98.716	0.25	1	2	49358
98.732	0.25	1	2	49366
98.75	0.25	1	2	49375
98.766	0.25	0	1	49383
98.782	0.25	0	1	49391
98.8	0.25	1	2	49400
98.816	0.25	1	2	49408
98.832	0.25	1	2	49416
98.85	0.25	1	2	49425
98.866	0.25	0	1	49433
98.882	0.25	0	1	49441
98.9	0.25	1	2	49450
98.916	0.25	1	2	49458
98.932	0.25	1	2	49466
98.95	0.25	1	2	49475
98.966	0.25	0	1	49483
98.982	0.25	0	1	49491
99.0	0.25	0	1	49500
99.016	0.25	0	1	49508
99.032	0.25	0	1	49516
99.05	0.25	0	1	49525
99.066	0.25	1	2	49533
99.082	0.25	1	2	49541
99.1	0.25	1	2	49550
99.116	0.25	1	2	49558
99.132	0.25	1	2	49566
99.15	0.25	1	2	49575
99.166	0.25	0	1	49583
99.182	0.25	0	1	49591
99.2	0.25	0	1	49600
99.216	0.25	0	1	49608
99.232	0.25	0	1	49616
99.25	0.25	0	1	49625
99.266	0.25	1	2	49633
99.282	0.25	1	2	49641
99.3	0.25	1	2	49650
99.316	0.25	1	2	49658
99.332	0.25	1	2	49666
99.35	0.25	1	2	49675
99.366	0.25	1	2	49683
99.382	0.25	1	2	49691
99.4	0.25	1	2	49700
99.416	0.25	1	2	49708
99.432	0.25	0	1	49716
99.45	0.25	0	1	49725
99.466	0.25	0	1	49733
99.482	0.25	0	1	49741
99.5	0.25	1	2	49750
99.516	0.25	1	2	49758
99.532	0.25	0	1	49766
99.55	0.25	0	1	49775
99.566	0.25	1	2	49783
99.582	0.25	1	2	49791
99.6	0.25	0	1	49800
99.616	0.25	0	1	49808
99.632	0.25	0	1	49816
99.65	0.25	0	1	49825
99.666	0.25	1	2	49833
99.682	0.25	1	2	49841
99.7	0.25	1	2	49850
99.716	0.25	1	2	49858
99.732	0.25	0	1	49866
99.75	0.25	0	1	49875
99.766	0.25	0	1	49883
99.782	0.25	0	1	49891
99.8	0.25	0	1	49900
99.816	0.25	0	1	49908
99.832	0.25	0	1	49916
99.85	0.25	0	1	49925
99.866	0.25	1	2	49933
99.882	0.25	1	2	49941
99.9	0.25	0	1	49950
99.916	0.25	0	1	49958
99.932	0.25	0	1	49966
99.95	0.25	0	1	49975
99.966	0.25	0	1	49983
99.982	0.25	0	1	49991
100.0	0.25	0	1	50000
100.016	0.25	0	1	50008
100.032	0.25	1	2	50016
100.05	0.25	1	2	50025
100.066	0.25	1	2	50033
100.082	0.25	1	2	50041
100.1	0.25	1	2	50050
100.116	0.25	1	2	50058
100.132	0.25	1	2	50066
100.15	0.25	1	2	50075
100.166	0.25	1	2	50083
100.182	0.25	1	2	50091
100.2	0.25	1	2	50100
100.216	0.25	1	2	50108
100.232	0.25	0	1	50116
100.25	0.25	0	1	50125
100.266	0.25	1	2	50133
100.282	0.25	1	2	50141
100.3	0.25	0	1	50150
100.316	0.25	0	1	50158
100.332	0.25	1	2	50166
100.35	0.25	1	2	50175
100.366	0.25	0	1	50183
100.382	0.25	0	1	50191
100.4	0.25	0	1	50200
100.416	0.25	0	1	50208
100.432	0.25	1	2	50216
100.45	0.25	1	2	50225
100.466	0.25	1	2	50233
100.482	0.25	1	2	50241
100.5	0.25	0	1	50250
100.516	0.25	0	1	50258
100.532	0.25	0	1	50266
102.016	0.25	0	1	51008
102.032	0.25	0	1	51016
102.05	0.25	0	1	51025
102.066	0.25	0	1	51033
102.082	0.25	1	2	51041
102.1	0.25	1	2	51050
102.116	0.25	1	2	51058
102.132	0.25	1	2	51066
102.15	0.25	0	1	51075
102.166	0.25	0	1	51083
102.182	0.25	0	1	51091
102.2	0.25	0	1	51100
102.216	0.25	0	1	51108
102.232	0.25	0	1	51116
102.25	0.25	0	1	51125
102.266	0.25	0	1	51133
102.282	0.25	1	2	51141
102.3	0.25	1	2	51150
102.316	0.25	1	2	51158
102.332	0.25	1	2	51166
102.35	0.25	1	2	51175
102.366	0.25	1	2	51183
102.382	0.25	1	2	51191
102.4	0.25	1	2	51200
102.416	0.25	1	2	51208
102.432	0.25	1	2	51216
102.45	0.25	0	1	51225
102.466	0.25	0	1	51233
102.482	0.25	0	1	51241
102.5	0.25	0	1	51250
102.516	0.25	0	1	51258
102.532	0.25	0	1	51266
102.55	0.25	0	1	51275
102.566	0.25	0	1	51283
102.582	0.25	0	1	51291
102.6	0.25	0	1	51300
102.616	0.25	0	1	51308
102.632	0.25	0	1	51316
102.65	0.25	1	2	51325
102.666	0.25	1	2	51333
102.682	0.25	1	2	51341
102.7	0.25	1	2	51350
102.716	0.25	0	1	51358
102.732	0.25	0	1	51366
102.75	0.25	0	1	51375
102.766	0.25	0	1	51383
102.782	0.25	1	2	51391
102.8	0.25	1	2	51400
102.816	0.25	0	1	51408
102.832	0.25	0	1	51416
102.85	0.25	1	2	51425
102.866	0.25	1	2	51433
102.882	0.25	0	1	51441
102.9	0.25	0	1	51450
102.916	0.25	1	2	51458
102.932	0.25	1	2	51466
102.95	0.25	0	1	51475
102.966	0.25	0	1	51483
102.982	0.25	1	2	51491
103.0	0.25	1	2	51500
103.016	0.25	1	2	51508
103.032	0.25	1	2	51516
103.05	0.25	0	1	51525
103.066	0.25	0	1	51533
103.082	0.25	1	2	51541
103.1	0.25	1	2	51550
103.116	0.25	0	1	51558
103.132	0.25	0	1	51566
103.15	0.25	0	1	51575
103.166	0.25	0	1	51583
103.182	0.25	0	1	51591
103.2	0.25	0	1	51600
103.216	0.25	1	2	51608
103.232	0.25	1	2	51616
103.25	0.25	0	1	51625
103.266	0.25	0	1	51633
103.282	0.25	0	1	51641
103.3	0.25	0	1	51650
103.316	0.25	0	1	51658
103.332	0.25	0	1	51666
103.35	0.25	1	2	51675
103.366	0.25	1	2	51683
103.382	0.25	1	2	51691
103.4	0.25	1	2	51700
103.416	0.25	1	2	51708
103.432	0.25	1	2	51716
103.45	0.25	0	1	51725
103.466	0.25	0	1	51733
103.482	0.25	1	2	51741
103.5	0.25	1	2	51750
103.516	0.25	0	1	51758
103.532	0.25	0	1	51766
103.55	0.25	1	2	51775
103.566	0.25	1	2	51783
103.582	0.25	1	2	51791
103.6	0.25	1	2	51800
103.616	0.25	1	2	51808
103.632	0.25	1	2	51816
103.65	0.25	1	2	51825
103.666	0.25	1	2	51833
103.682	0.25	1	2	51841
103.7	0.25	1	2	51850
103.716	0.25	0	1	51858
103.732	0.25	0	1	51866
103.75	0.25	0	1	51875
103.766	0.25	0	1	51883
103.782	0.25	1	2	51891
103.8	0.25	1	2	51900
103.816	0.25	0	1	51908
103.832	0.25	0	1	51916
103.85	0.25	0	1	51925
103.866	0.25	0	1	51933
103.882	0.25	0	1	51941
103.9	0.25	0	1	51950
103.916	0.25	1	2	51958
103.932	0.25	1	2	51966
103.95	0.25	1	2	51975
105.432	0.25	1	2	52716
105.45	0.25	1	2	52725
105.466	0.25	1	2	52733
105.482	0.25	1	2	52741
105.5	0.25	1	2	52750
105.516	0.25	1	2	52758
105.532	0.25	1	2	52766
105.55	0.25	1	2	52775
105.566	0.25	1	2	52783
105.582	0.25	1	2	52791
105.6	0.25	1	2	52800
105.616	0.25	1	2	52808
105.632	0.25	1	2	52816
105.65	0.25	1	2	52825
105.666	0.25	0	1	52833
105.682	0.25	0	1	52841
105.7	0.25	0	1	52850
105.716	0.25	0	1	52858
105.732	0.25	1	2	52866
105.75	0.25	1	2	52875
105.766	0.25	1	2	52883
105.782	0.25	1	2	52891
105.8	0.25	0	1	52900
105.816	0.25	0	1	52908
105.832	0.25	0	1	52916
105.85	0.25	0	1	52925
105.866	0.25	1	2	52933
105.882	0.25	1	2	52941
105.9	0.25	1	2	52950
105.916	0.25	1	2	52958
105.932	0.25	0	1	52966
105.95	0.25	0	1	52975
105.966	0.25	0	1	52983
105.982	0.25	0	1	52991
106.0	0.25	1	2	53000
106.016	0.25	1	2	53008
106.032	0.25	0	1	53016
106.05	0.25	0	1	53025
106.066	0.25	1	2	53033
106.082	0.25	1	2	53041
106.1	0.25	1	2	53050
106.116	0.25	1	2	53058
106.132	0.25	0	1	53066
106.15	0.25	0	1	53075
106.166	0.25	1	2	53083
106.182	0.25	1	2	53091
106.2	0.25	0	1	53100
106.216	0.25	0	1	53108
106.232	0.25	0	1	53116
106.25	0.25	0	1	53125
106.266	0.25	1	2	53133
106.282	0.25	1	2	53141
106.3	0.25	0	1	53150
106.316	0.25	0	1	53158
106.332	0.25	1	2	53166
106.35	0.25	1	2	53175
106.366	0.25	1	2	53183
106.382	0.25	1	2	53191
106.4	0.25	1	2	53200
106.416	0.25	1	2	53208
106.432	0.25	0	1	53216
106.45	0.25	0	1	53225
106.466	0.25	0	1	53233
106.482	0.25	0	1	53241
106.5	0.25	0	1	53250
106.516	0.25	0	1	53258
106.532	0.25	1	2	53266
106.55	0.25	1	2	53275
106.566	0.25	0	1	53283
106.582	0.25	0	1	53291
106.6	0.25	1	2	53300
106.616	0.25	1	2	53308
106.632	0.25	1	2	53316
106.65	0.25	1	2	53325
106.666	0.25	1	2	53333
106.682	0.25	1	2	53341
106.7	0.25	0	1	53350
106.716	0.25	0	1	53358
106.732	0.25	0	1	53366
106.75	0.25	0	1	53375
106.766	0.25	1	2	53383
106.782	0.25	1	2	53391
106.8	0.25	0	1	53400
106.816	0.25	0	1	53408
106.832	0.25	1	2	53416
106.85	0.25	1	2	53425
106.866	0.25	0	1	53433
106.882	0.25	0	1	53441
106.9	0.25	0	1	53450
106.916	0.25	0	1	53458
106.932	0.25	0	1	53466
106.95	0.25	0	1	53475
106.966	0.25	1	2	53483
106.982	0.25	1	2	53491
107.0	0.25	1	2	53500
107.016	0.25	1	2	53508
107.032	0.25	0	1	53516
107.05	0.25	0	1	53525
107.066	0.25	1	2	53533
107.082	0.25	1	2	53541
107.1	0.25	0	1	53550
107.116	0.25	0	1	53558
107.132	0.25	0	1	53566
107.15	0.25	0	1	53575
107.166	0.25	0	1	53583
107.182	0.25	0	1	53591
107.2	0.25	1	2	53600
107.216	0.25	1	2	53608
107.232	0.25	0	1	53616
107.25	0.25	0	1	53625
107.266	0.25	1	2	53633
107.282	0.25	1	2	53641
107.3	0.25	0	1	53650
107.316	0.25	0	1	53658
107.332	0.25	0	1	53666
107.35	0.25	0	1	53675
107.366	0.25	1	2	53683
109.6	0.25	1	2	54800
109.616	0.25	1	2	54808
109.632	0.25	1	2	54816
109.65	0.25	1	2	54825
109.666	0.25	0	1	54833
109.682	0.25	0	1	54841
109.7	0.25	1	2	54850
109.716	0.25	1	2	54858
109.732	0.25	1	2	54866
109.75	0.25	1	2	54875
109.766	0.25	0	1	54883
109.782	0.25	0	1	54891
109.8	0.25	1	2	54900
109.816	0.25	1	2	54908
109.832	0.25	1	2	54916
109.85	0.25	1	2	54925
109.866	0.25	0	1	54933
109.882	0.25	0	1	54941
109.9	0.25	1	2	54950
109.916	0.25	1	2	54958
109.932	0.25	1	2	54966
109.95	0.25	1	2	54975
109.966	0.25	0	1	54983
109.982	0.25	0	1	54991
110.0	0.25	0	1	55000
110.016	0.25	0	1	55008
110.032	0.25	0	1	55016
110.05	0.25	0	1	55025
110.066	0.25	1	2	55033
110.082	0.25	1	2	55041
110.1	0.25	1	2	55050
110.116	0.25	1	2	55058
110.132	0.25	1	2	55066
110.15	0.25	1	2	55075
110.166	0.25	0	1	55083
110.182	0.25	0	1	55091
110.2	0.25	0	1	55100
110.216	0.25	0	1	55108
110.232	0.25	0	1	55116
110.25	0.25	0	1	55125
110.266	0.25	1	2	55133
110.282	0.25	1	2	55141
110.3	0.25	1	2	55150
110.316	0.25	1	2	55158
110.332	0.25	1	2	55166
110.35	0.25	1	2	55175
110.366	0.25	1	2	55183
110.382	0.25	1	2	55191
110.4	0.25	1	2	55200
110.416	0.25	1	2	55208
110.432	0.25	0	1	55216
110.45	0.25	0	1	55225
110.466	0.25	0	1	55233
110.482	0.25	0	1	55241
110.5	0.25	1	2	55250
110.516	0.25	1	2	55258
110.532	0.25	0	1	55266
110.55	0.25	0	1	55275
110.566	0.25	1	2	55283
110.582	0.25	1	2	55291
110.6	0.25	0	1	55300
110.616	0.25	0	1	55308
110.632	0.25	0	1	55316
110.65	0.25	0	1	55325
110.666	0.25	1	2	55333
110.682	0.25	1	2	55341
110.7	0.25	1	2	55350
110.716	0.25	1	2	55358
110.732	0.25	0	1	55366
110.75	0.25	0	1	55375
110.766	0.25	0	1	55383
110.782	0.25	0	1	55391
110.8	0.25	0	1	55400
110.816	0.25	0	1	55408
110.832	0.25	0	1	55416
110.85	0.25	0	1	55425
110.866	0.25	1	2	55433
110.882	0.25	1	2	55441
110.9	0.25	0	1	55450
110.916	0.25	0	1	55458
110.932	0.25	0	1	55466
110.95	0.25	0	1	55475
110.966	0.25	0	1	55483
110.982	0.25	0	1	55491
111.0	0.25	0	1	55500
111.016	0.25	0	1	55508
111.032	0.25	1	2	55516
111.05	0.25	1	2	55525
111.066	0.25	1	2	55533
111.082	0.25	1	2	55541
111.1	0.25	1	2	55550
111.116	0.25	1	2	55558
111.132	0.25	1	2	55566
111.15	0.25	1	2	55575
111.166	0.25	1	2	55583
111.182	0.25	1	2	55591
111.2	0.25	1	2	55600
111.216	0.25	1	2	55608
111.232	0.25	0	1	55616
111.25	0.25	0	1	55625
111.266	0.25	1	2	55633
111.282	0.25	1	2	55641
111.3	0.25	0	1	55650
111.316	0.25	0	1	55658
111.332	0.25	1	2	55666
111.35	0.25	1	2	55675
111.366	0.25	0	1	55683
111.382	0.25	0	1	55691
111.4	0.25	0	1	55700
111.416	0.25	0	1	55708
111.432	0.25	1	2	55716
111.45	0.25	1	2	55725
111.466	0.25	1	2	55733
111.482	0.25	1	2	55741
111.5	0.25	0	1	55750
111.516	0.25	0	1	55758
111.532	0.25	0	1	55766
113.016	0.25	0	1	56508
113.032	0.25	0	1	56516
113.05	0.25	0	1	56525
113.066	0.25	0	1	56533
113.082	0.25	1	2	56541
113.1	0.25	1	2	56550
113.116	0.25	1	2	56558
113.132	0.25	1	2	56566
113.15	0.25	0	1	56575
113.166	0.25	0	1	56583
113.182	0.25	0	1	56591
113.2	0.25	0	1	56600
113.216	0.25	0	1	56608
113.232	0.25	0	1	56616
113.25	0.25	0	1	56625
113.266	0.25	0	1	56633
113.282	0.25	1	2	56641
113.3	0.25	1	2	56650
113.316	0.25	1	2	56658
113.332	0.25	1	2	56666
113.35	0.25	1	2	56675
113.366	0.25	1	2	56683
113.382	0.25	1	2	56691
113.4	0.25	1	2	56700
113.416	0.25	1	2	56708
113.432	0.25	1	2	56716
113.45	0.25	0	1	56725
113.466	0.25	0	1	56733
113.482	0.25	0	1	56741
113.5	0.25	0	1	56750
113.516	0.25	0	1	56758
113.532	0.25	0	1	56766
113.55	0.25	0	1	56775
113.566	0.25	0	1	56783
113.582	0.25	0	1	56791
113.6	0.25	0	1	56800
113.616	0.25	0	1	56808
113.632	0.25	0	1	56816
113.65	0.25	1	2	56825
113.666	0.25	1	2	56833
113.682	0.25	1	2	56841
113.7	0.25	1	2	56850
113.716	0.25	0	1	56858
113.732	0.25	0	1	56866
113.75	0.25	0	1	56875
113.766	0.25	0	1	56883
113.782	0.25	1	2	56891
113.8	0.25	1	2	56900
113.816	0.25	0	1	56908
113.832	0.25	0	1	56916
113.85	0.25	1	2	56925
113.866	0.25	1	2	56933
113.882	0.25	0	1	56941
113.9	0.25	0	1	56950
113.916	0.25	1	2	56958
113.932	0.25	1	2	56966
113.95	0.25	0	1	56975
113.966	0.25	0	1	56983
113.982	0.25	1	2	56991
114.0	0.25	1	2	57000
114.016	0.25	1	2	57008
114.032	0.25	1	2	57016
114.05	0.25	0	1	57025
114.066	0.25	0	1	57033
114.082	0.25	1	2	57041
114.1	0.25	1	2	57050
114.116	0.25	0	1	57058
114.132	0.25	0	1	57066
114.15	0.25	0	1	57075
114.166	0.25	0	1	57083
114.182	0.25	0	1	57091
114.2	0.25	0	1	57100
114.216	0.25	1	2	57108
114.232	0.25	1	2	57116
114.25	0.25	0	1	57125
114.266	0.25	0	1	57133
114.282	0.25	0	1	57141
114.3	0.25	0	1	57150
114.316	0.25	0	1	57158
114.332	0.25	0	1	57166
114.35	0.25	1	2	57175
114.366	0.25	1	2	57183
114.382	0.25	1	2	57191
114.4	0.25	1	2	57200
114.416	0.25	1	2	57208
114.432	0.25	1	2	57216
114.45	0.25	0	1	57225
114.466	0.25	0	1	57233
114.482	0.25	1	2	57241
114.5	0.25	1	2	57250
114.516	0.25	0	1	57258
114.532	0.25	0	1	57266
114.55	0.25	1	2	57275
114.566	0.25	1	2	57283
114.582	0.25	1	2	57291
114.6	0.25	1	2	57300
114.616	0.25	1	2	57308
114.632	0.25	1	2	57316
114.65	0.25	1	2	57325
114.666	0.25	1	2	57333
114.682	0.25	1	2	57341
114.7	0.25	1	2	57350
114.716	0.25	0	1	57358
114.732	0.25	0	1	57366
114.75	0.25	0	1	57375
114.766	0.25	0	1	57383
114.782	0.25	1	2	57391
114.8	0.25	1	2	57400
114.816	0.25	0	1	57408
114.832	0.25	0	1	57416
114.85	0.25	0	1	57425
114.866	0.25	0	1	57433
114.882	0.25	0	1	57441
114.9	0.25	0	1	57450
114.916	0.25	1	2	57458
114.932	0.25	1	2	57466
114.95	0.25	1	2	57475
116.432	0.25	1	2	58216
116.45	0.25	1	2	58225
116.466	0.25	1	2	58233
116.482	0.25	1	2	58241
116.5	0.25	0	1	58250
116.516	0.25	0	1	58258
116.532	0.25	0	1	58266
116.55	0.25	0	1	58275
116.566	0.25	0	1	58283
116.582	0.25	0	1	58291
116.6	0.25	0	1	58300
116.616	0.25	0	1	58308
116.632	0.25	1	2	58316
116.65	0.25	1	2	58325
116.666	0.25	0	1	58333
116.682	0.25	0	1	58341
116.7	0.25	0	1	58350
116.716	0.25	0	1	58358
116.732	0.25	1	2	58366
116.75	0.25	1	2	58375
116.766	0.25	1	2	58383
116.782	0.25	1	2	58391
116.8	0.25	0	1	58400
116.816	0.25	0	1	58408
116.832	0.25	0	1	58416
116.85	0.25	0	1	58425
116.866	0.25	0	1	58433
116.882	0.25	0	1	58441
116.9	0.25	0	1	58450
116.916	0.25	0	1	58458
116.932	0.25	0	1	58466
116.95	0.25	0	1	58475
116.966	0.25	0	1	58483
116.982	0.25	0	1	58491
117.0	0.25	1	2	58500
117.016	0.25	1	2	58508
117.032	0.25	0	1	58516
117.05	0.25	0	1	58525
117.066	0.25	1	2	58533
117.082	0.25	1	2	58541
117.1	0.25	1	2	58550
117.116	0.25	1	2	58558
117.132	0.25	0	1	58566
117.15	0.25	0	1	58575
117.166	0.25	1	2	58583
117.182	0.25	1	2	58591
117.2	0.25	0	1	58600
117.216	0.25	0	1	58608
117.232	0.25	1	2	58616
117.25	0.25	1	2	58625
117.266	0.25	0	1	58633
117.282	0.25	0	1	58641
117.3	0.25	1	2	58650
117.316	0.25	1	2	58658
117.332	0.25	0	1	58666
117.35	0.25	0	1	58675
117.366	0.25	0	1	58683
117.382	0.25	0	1	58691
117.4	0.25	0	1	58700
117.416	0.25	0	1	58708
117.432	0.25	1	2	58716
117.45	0.25	1	2	58725
117.466	0.25	1	2	58733
117.482	0.25	1	2	58741
117.5	0.25	1	2	58750
117.516	0.25	1	2	58758
117.532	0.25	0	1	58766
117.55	0.25	0	1	58775
117.566	0.25	1	2	58783
117.582	0.25	1	2	58791
117.6	0.25	1	2	58800
117.616	0.25	1	2	58808
117.632	0.25	1	2	58816
117.65	0.25	1	2	58825
117.666	0.25	0	1	58833
117.682	0.25	0	1	58841
117.7	0.25	1	2	58850
117.716	0.25	1	2	58858
117.732	0.25	0	1	58866
117.75	0.25	0	1	58875
117.766	0.25	1	2	58883
117.782	0.25	1	2	58891
117.8	0.25	1	2	58900
117.816	0.25	1	2	58908
117.832	0.25	0	1	58916
117.85	0.25	0	1	58925
117.866	0.25	0	1	58933
117.882	0.25	0	1	58941
117.9	0.25	0	1	58950
117.916	0.25	0	1	58958
117.932	0.25	1	2	58966
117.95	0.25	1	2	58975
117.966	0.25	1	2	58983
117.982	0.25	1	2	58991
118.0	0.25	0	1	59000
118.016	0.25	0	1	59008
118.032	0.25	1	2	59016
118.05	0.25	1	2	59025
118.066	0.25	1	2	59033
118.082	0.25	1	2	59041
118.1	0.25	1	2	59050
118.116	0.25	1	2	59058
118.132	0.25	0	1	59066
118.15	0.25	0	1	59075
118.166	0.25	0	1	59083
118.182	0.25	0	1	59091
118.2	0.25	0	1	59100
118.216	0.25	0	1	59108
118.232	0.25	0	1	59116
118.25	0.25	0	1	59125
118.266	0.25	0	1	59133
118.282	0.25	0	1	59141
118.3	0.25	1	2	59150
118.316	0.25	1	2	59158
118.332	0.25	1	2	59166
118.35	0.25	1	2	59175
118.366	0.25	1	2	59183
119.85	0.25	1	2	59925
119.866	0.25	1	2	59933
119.882	0.25	1	2	59941
119.9	0.25	1	2	59950
119.916	0.25	1	2	59958
119.932	0.25	1	2	59966
119.95	0.25	1	2	59975
119.966	0.25	1	2	59983
119.982	0.25	1	2	59991
120.0	0.25	1	2	60000
120.016	0.25	1	2	60008
120.032	0.25	1	2	60016
120.05	0.25	1	2	60025
120.066	0.25	1	2	60033
120.082	0.25	0	1	60041
120.1	0.25	0	1	60050
120.116	0.25	0	1	60058
120.132	0.25	0	1	60066
120.15	0.25	1	2	60075
120.166	0.25	1	2	60083
120.182	0.25	1	2	60091
120.2	0.25	1	2	60100
120.216	0.25	0	1	60108
120.232	0.25	0	1	60116
120.25	0.25	0	1	60125
120.266	0.25	0	1	60133
120.282	0.25	1	2	60141
120.3	0.25	1	2	60150
120.316	0.25	1	2	60158
120.332	0.25	1	2	60166
120.35	0.25	0	1	60175
120.366	0.25	0	1	60183
120.382	0.25	0	1	60191
120.4	0.25	0	1	60200
120.416	0.25	1	2	60208
120.432	0.25	1	2	60216
120.45	0.25	0	1	60225
120.466	0.25	0	1	60233
120.482	0.25	1	2	60241
120.5	0.25	1	2	60250
120.516	0.25	1	2	60258
120.532	0.25	1	2	60266
120.55	0.25	0	1	60275
120.566	0.25	0	1	60283
120.582	0.25	1	2	60291
120.6	0.25	1	2	60300
120.616	0.25	0	1	60308
120.632	0.25	0	1	60316
120.65	0.25	0	1	60325
120.666	0.25	0	1	60333
120.682	0.25	1	2	60341
120.7	0.25	1	2	60350
120.716	0.25	0	1	60358
120.732	0.25	0	1	60366
120.75	0.25	1	2	60375
120.766	0.25	1	2	60383
120.782	0.25	1	2	60391
120.8	0.25	1	2	60400
120.816	0.25	1	2	60408
120.832	0.25	1	2	60416
120.85	0.25	0	1	60425
120.866	0.25	0	1	60433
120.882	0.25	0	1	60441
120.9	0.25	0	1	60450
120.916	0.25	0	1	60458
120.932	0.25	0	1	60466
120.95	0.25	1	2	60475
120.966	0.25	1	2	60483
120.982	0.25	0	1	60491
121.0	0.25	0	1	60500
121.016	0.25	1	2	60508
121.032	0.25	1	2	60516
121.05	0.25	1	2	60525
121.066	0.25	1	2	60533
121.082	0.25	1	2	60541
121.1	0.25	1	2	60550
121.116	0.25	0	1	60558
121.132	0.25	0	1	60566
121.15	0.25	0	1	60575
121.166	0.25	0	1	60583
121.182	0.25	1	2	60591
121.2	0.25	1	2	60600
121.216	0.25	0	1	60608
121.232	0.25	0	1	60616
121.25	0.25	1	2	60625
121.266	0.25	1	2	60633
121.282	0.25	0	1	60641
121.3	0.25	0	1	60650
121.316	0.25	0	1	60658
121.332	0.25	0	1	60666
121.35	0.25	0	1	60675
121.366	0.25	0	1	60683
121.382	0.25	1	2	60691
121.4	0.25	1	2	60700
121.416	0.25	1	2	60708
121.432	0.25	1	2	60716
121.45	0.25	0	1	60725
121.466	0.25	0	1	60733
121.482	0.25	1	2	60741
121.5	0.25	1	2	60750
121.516	0.25	0	1	60758
121.532	0.25	0	1	60766
121.55	0.25	0	1	60775
121.566	0.25	0	1	60783
121.582	0.25	0	1	60791
121.6	0.25	0	1	60800
121.616	0.25	1	2	60808
121.632	0.25	1	2	60816
121.65	0.25	0	1	60825
121.666	0.25	0	1	60833
121.682	0.25	1	2	60841
121.7	0.25	1	2	60850
121.716	0.25	0	1	60858
121.732	0.25	0	1	60866
121.75	0.25	0	1	60875
121.766	0.25	0	1	60883
121.782	0.25	1	2	60891
123.982	0.25	0	1	61991
124.0	0.25	0	1	62000
124.016	0.25	0	1	62008
124.032	0.25	0	1	62016
124.05	0.25	1	2	62025
124.066	0.25	1	2	62033
124.082	0.25	1	2	62041
124.1	0.25	1	2	62050
124.116	0.25	0	1	62058
124.132	0.25	0	1	62066
124.15	0.25	0	1	62075
124.166	0.25	0	1	62083
124.182	0.25	0	1	62091
124.2	0.25	0	1	62100
124.216	0.25	0	1	62108
124.232	0.25	0	1	62116
124.25	0.25	1	2	62125
124.266	0.25	1	2	62133
124.282	0.25	1	2	62141
124.3	0.25	1	2	62150
124.316	0.25	1	2	62158
124.332	0.25	1	2	62166
124.35	0.25	1	2	62175
124.366	0.25	1	2	62183
124.382	0.25	1	2	62191
124.4	0.25	1	2	62200
124.416	0.25	0	1	62208
124.432	0.25	0	1	62216
124.45	0.25	0	1	62225
124.466	0.25	0	1	62233
124.482	0.25	0	1	62241
124.5	0.25	0	1	62250
124.516	0.25	0	1	62258
124.532	0.25	0	1	62266
124.55	0.25	0	1	62275
124.566	0.25	0	1	62283
124.582	0.25	0	1	62291
124.6	0.25	0	1	62300
124.616	0.25	1	2	62308
124.632	0.25	1	2	62316
124.65	0.25	1	2	62325
124.666	0.25	1	2	62333
124.682	0.25	0	1	62341
124.7	0.25	0	1	62350
124.716	0.25	0	1	62358
124.732	0.25	0	1	62366
124.75	0.25	1	2	62375
124.766	0.25	1	2	62383
124.782	0.25	0	1	62391
124.8	0.25	0	1	62400
124.816	0.25	1	2	62408
124.832	0.25	1	2	62416
124.85	0.25	0	1	62425
124.866	0.25	0	1	62433
124.882	0.25	1	2	62441
124.9	0.25	1	2	62450
124.916	0.25	0	1	62458
124.932	0.25	0	1	62466
124.95	0.25	1	2	62475
124.966	0.25	1	2	62483
124.982	0.25	1	2	62491
125.0	0.25	1	2	62500
125.016	0.25	0	1	62508
125.032	0.25	0	1	62516
125.05	0.25	1	2	62525
125.066	0.25	1	2	62533
125.082	0.25	0	1	62541
125.1	0.25	0	1	62550
125.116	0.25	0	1	62558
125.132	0.25	0	1	62566
125.15	0.25	0	1	62575
125.166	0.25	0	1	62583
125.182	0.25	1	2	62591
125.2	0.25	1	2	62600
125.216	0.25	0	1	62608
125.232	0.25	0	1	62616
125.25	0.25	0	1	62625
125.266	0.25	0	1	62633
125.282	0.25	0	1	62641
125.3	0.25	0	1	62650
125.316	0.25	1	2	62658
125.332	0.25	1	2	62666
125.35	0.25	1	2	62675
125.366	0.25	1	2	62683
125.382	0.25	1	2	62691
125.4	0.25	1	2	62700
125.416	0.25	0	1	62708
125.432	0.25	0	1	62716
125.45	0.25	1	2	62725
125.466	0.25	1	2	62733
125.482	0.25	0	1	62741
125.5	0.25	0	1	62750
125.516	0.25	1	2	62758
125.532	0.25	1	2	62766
125.55	0.25	1	2	62775
125.566	0.25	1	2	62783
125.582	0.25	1	2	62791
125.6	0.25	1	2	62800
125.616	0.25	1	2	62808
125.632	0.25	1	2	62816
125.65	0.25	1	2	62825
125.666	0.25	1	2	62833
125.682	0.25	0	1	62841
125.7	0.25	0	1	62850
125.716	0.25	0	1	62858
125.732	0.25	0	1	62866
125.75	0.25	1	2	62875
125.766	0.25	1	2	62883
125.782	0.25	0	1	62891
125.8	0.25	0	1	62900
125.816	0.25	0	1	62908
125.832	0.25	0	1	62916
125.85	0.25	0	1	62925
125.866	0.25	0	1	62933
125.882	0.25	1	2	62941
125.9	0.25	1	2	62950
125.916	0.25	1	2	62958
127.4	0.25	1	2	63700
127.416	0.25	1	2	63708
127.432	0.25	1	2	63716
127.45	0.25	1	2	63725
127.466	0.25	0	1	63733
127.482	0.25	0	1	63741
127.5	0.25	1	2	63750
127.516	0.25	1	2	63758
127.532	0.25	1	2	63766
127.55	0.25	1	2	63775
127.566	0.25	0	1	63783
127.582	0.25	0	1	63791
127.6	0.25	1	2	63800
127.616	0.25	1	2	63808
127.632	0.25	1	2	63816
127.65	0.25	1	2	63825
127.666	0.25	0	1	63833
127.682	0.25	0	1	63841
127.7	0.25	1	2	63850
127.716	0.25	1	2	63858
127.732	0.25	1	2	63866
127.75	0.25	1	2	63875
127.766	0.25	0	1	63883
127.782	0.25	0	1	63891
127.8	0.25	0	1	63900
127.816	0.25	0	1	63908
127.832	0.25	0	1	63916
127.85	0.25	0	1	63925
127.866	0.25	1	2	63933
127.882	0.25	1	2	63941
127.9	0.25	1	2	63950
127.916	0.25	1	2	63958
127.932	0.25	1	2	63966
127.95	0.25	1	2	63975
127.966	0.25	0	1	63983
127.982	0.25	0	1	63991
128.0	0.25	0	1	64000
128.016	0.25	0	1	64008
128.032	0.25	0	1	64016
128.05	0.25	0	1	64025
128.066	0.25	1	2	64033
128.082	0.25	1	2	64041
128.1	0.25	1	2	64050
128.116	0.25	1	2	64058
128.132	0.25	1	2	64066
128.15	0.25	1	2	64075
128.166	0.25	1	2	64083
128.182	0.25	1	2	64091
128.198	0.25	1	2	64099
128.216	0.25	1	2	64108
128.232	0.25	0	1	64116
128.25	0.25	0	1	64125
128.266	0.25	0	1	64133
128.282	0.25	0	1	64141
128.3	0.25	1	2	64150
128.316	0.25	1	2	64158
128.332	0.25	0	1	64166
128.35	0.25	0	1	64175
128.366	0.25	1	2	64183
128.382	0.25	1	2	64191
128.4	0.25	0	1	64200
128.416	0.25	0	1	64208
128.432	0.25	0	1	64216
128.448	0.25	0	1	64224
128.466	0.25	1	2	64233
128.482	0.25	1	2	64241
128.5	0.25	1	2	64250
128.516	0.25	1	2	64258
128.532	0.25	0	1	64266
128.55	0.25	0	1	64275
128.566	0.25	0	1	64283
128.582	0.25	0	1	64291
128.6	0.25	0	1	64300
128.616	0.25	0	1	64308
128.632	0.25	0	1	64316
128.65	0.25	0	1	64325
128.666	0.25	1	2	64333
128.682	0.25	1	2	64341
128.698	0.25	0	1	64349
128.716	0.25	0	1	64358
128.732	0.25	0	1	64366
128.75	0.25	0	1	64375
128.766	0.25	0	1	64383
128.782	0.25	0	1	64391
128.8	0.25	0	1	64400
128.816	0.25	0	1	64408
128.832	0.25	1	2	64416
128.85	0.25	1	2	64425
128.866	0.25	1	2	64433
128.882	0.25	1	2	64441
128.9	0.25	1	2	64450
128.916	0.25	1	2	64458
128.932	0.25	1	2	64466
128.948	0.25	1	2	64474
128.966	0.25	1	2	64483
128.982	0.25	1	2	64491
129.0	0.25	1	2	64500
129.016	0.25	1	2	64508
129.032	0.25	0	1	64516
129.05	0.25	0	1	64525
129.066	0.25	1	2	64533
129.082	0.25	1	2	64541
129.1	0.25	0	1	64550
129.116	0.25	0	1	64558
129.132	0.25	1	2	64566
129.15	0.25	1	2	64575
129.166	0.25	0	1	64583
129.182	0.25	0	1	64591
129.198	0.25	0	1	64599
129.216	0.25	0	1	64608
129.232	0.25	1	2	64616
129.25	0.25	1	2	64625
129.266	0.25	1	2	64633
129.282	0.25	1	2	64641
129.3	0.25	0	1	64650
129.316	0.25	0	1	64658
129.332	0.25	0	1	64666
130.816	0.25	1	2	65408
130.832	0.25	1	2	65416
130.85	0.25	1	2	65425
130.866	0.25	1	2	65433
130.882	0.25	1	2	65441
130.9	0.25	1	2	65450
130.916	0.25	1	2	65458
130.932	0.25	1	2	65466
130.948	0.25	1	2	65474
130.966	0.25	1	2	65483
130.982	0.25	1	2	65491
131.0	0.25	1	2	65500
131.016	0.25	1	2	65508
131.032	0.25	1	2	65516
131.05	0.25	0	1	65525
131.066	0.25	0	1	65533
131.082	0.25	0	1	65541
131.1	0.25	0	1	65550
131.116	0.25	1	2	65558
131.132	0.25	1	2	65566
131.15	0.25	1	2	65575
131.166	0.25	1	2	65583
131.182	0.25	0	1	65591
131.2	0.25	0	1	65600
131.216	0.25	0	1	65608
131.232	0.25	0	1	65616
131.25	0.25	1	2	65625
131.266	0.25	1	2	65633
131.282	0.25	1	2	65641
131.3	0.25	1	2	65650
131.316	0.25	0	1	65658
131.332	0.25	0	1	65666
131.35	0.25	0	1	65675
131.366	0.25	0	1	65683
131.382	0.25	1	2	65691
131.4	0.25	1	2	65700
131.416	0.25	0	1	65708
131.432	0.25	0	1	65716
131.45	0.25	1	2	65725
131.466	0.25	1	2	65733
131.482	0.25	1	2	65741
131.5	0.25	1	2	65750
131.516	0.25	0	1	65758
131.532	0.25	0	1	65766
131.55	0.25	1	2	65775
131.566	0.25	1	2	65783
131.582	0.25	0	1	65791
131.6	0.25	0	1	65800
131.616	0.25	0	1	65808
131.632	0.25	0	1	65816
131.65	0.25	1	2	65825
131.666	0.25	1	2	65833
131.682	0.25	0	1	65841
131.7	0.25	0	1	65850
131.716	0.25	1	2	65858
131.732	0.25	1	2	65866
131.75	0.25	1	2	65875
131.766	0.25	1	2	65883
131.782	0.25	1	2	65891
131.8	0.25	1	2	65900
131.816	0.25	0	1	65908
131.832	0.25	0	1	65916
131.85	0.25	0	1	65925
131.866	0.25	0	1	65933
131.882	0.25	0	1	65941
131.9	0.25	0	1	65950
131.916	0.25	1	2	65958
131.932	0.25	1	2	65966
131.95	0.25	0	1	65975
131.966	0.25	0	1	65983
131.982	0.25	1	2	65991
132.0	0.25	1	2	66000
132.016	0.25	1	2	66008
132.032	0.25	1	2	66016
132.05	0.25	1	2	66025
132.066	0.25	1	2	66033
132.082	0.25	0	1	66041
132.1	0.25	0	1	66050
132.116	0.25	0	1	66058
132.132	0.25	0	1	66066
132.15	0.25	1	2	66075
132.166	0.25	1	2	66083
132.182	0.25	0	1	66091
132.2	0.25	0	1	66100
132.216	0.25	1	2	66108
132.232	0.25	1	2	66116
132.25	0.25	0	1	66125
132.266	0.25	0	1	66133
132.282	0.25	0	1	66141
132.3	0.25	0	1	66150
132.316	0.25	0	1	66158
132.332	0.25	0	1	66166
132.35	0.25	1	2	66175
132.366	0.25	1	2	66183
132.382	0.25	1	2	66191
132.4	0.25	1	2	66200
132.416	0.25	0	1	66208
132.432	0.25	0	1	66216
132.45	0.25	1	2	66225
132.466	0.25	1	2	66233
132.482	0.25	0	1	66241
132.5	0.25	0	1	66250
132.516	0.25	0	1	66258
132.532	0.25	0	1	66266
132.55	0.25	0	1	66275
132.566	0.25	0	1	66283
132.582	0.25	1	2	66291
132.6	0.25	1	2	66300
132.616	0.25	0	1	66308
132.632	0.25	0	1	66316
132.65	0.25	1	2	66325
132.666	0.25	1	2	66333
132.682	0.25	0	1	66341
132.7	0.25	0	1	66350
132.716	0.25	0	1	66358
132.732	0.25	0	1	66366
132.75	0.25	1	2	66375
134.232	0.25	1	2	67116
134.25	0.25	1	2	67125
134.266	0.25	1	2	67133
134.282	0.25	1	2	67141
134.3	0.25	0	1	67150
134.316	0.25	0	1	67158
134.332	0.25	0	1	67166
134.35	0.25	0	1	67175
134.366	0.25	0	1	67183
134.382	0.25	0	1	67191
134.4	0.25	0	1	67200
134.416	0.25	0	1	67208
134.432	0.25	1	2	67216
134.45	0.25	1	2	67225
134.466	0.25	0	1	67233
134.482	0.25	0	1	67241
134.5	0.25	0	1	67250
134.516	0.25	0	1	67258
134.532	0.25	1	2	67266
134.55	0.25	1	2	67275
134.566	0.25	1	2	67283
134.582	0.25	1	2	67291
134.6	0.25	0	1	67300
134.616	0.25	0	1	67308
134.632	0.25	0	1	67316
134.65	0.25	0	1	67325
134.666	0.25	0	1	67333
134.682	0.25	0	1	67341
134.7	0.25	0	1	67350
134.716	0.25	0	1	67358
134.732	0.25	0	1	67366
134.75	0.25	0	1	67375
134.766	0.25	0	1	67383
134.782	0.25	0	1	67391
134.8	0.25	1	2	67400
134.816	0.25	1	2	67408
134.832	0.25	0	1	67416
134.85	0.25	0	1	67425
134.866	0.25	1	2	67433
134.882	0.25	1	2	67441
134.9	0.25	1	2	67450
134.916	0.25	1	2	67458
134.932	0.25	0	1	67466
134.95	0.25	0	1	67475
134.966	0.25	1	2	67483
134.982	0.25	1	2	67491
135.0	0.25	0	1	67500
135.016	0.25	0	1	67508
135.032	0.25	1	2	67516
135.05	0.25	1	2	67525
135.066	0.25	0	1	67533
135.082	0.25	0	1	67541
135.1	0.25	1	2	67550
135.116	0.25	1	2	67558
135.132	0.25	0	1	67566
135.15	0.25	0	1	67575
135.166	0.25	0	1	67583
135.182	0.25	0	1	67591
135.2	0.25	0	1	67600
135.216	0.25	0	1	67608
135.232	0.25	1	2	67616
135.25	0.25	1	2	67625
135.266	0.25	1	2	67633
135.282	0.25	1	2	67641
135.3	0.25	1	2	67650
135.316	0.25	1	2	67658
135.332	0.25	0	1	67666
135.35	0.25	0	1	67675
135.366	0.25	1	2	67683
135.382	0.25	1	2	67691
135.4	0.25	1	2	67700
135.416	0.25	1	2	67708
135.432	0.25	1	2	67716
135.45	0.25	1	2	67725
135.466	0.25	0	1	67733
135.482	0.25	0	1	67741
135.5	0.25	1	2	67750
135.516	0.25	1	2	67758
135.532	0.25	0	1	67766
135.55	0.25	0	1	67775
135.566	0.25	1	2	67783
135.582	0.25	1	2	67791
135.6	0.25	1	2	67800
135.616	0.25	1	2	67808
135.632	0.25	0	1	67816
135.65	0.25	0	1	67825
135.666	0.25	0	1	67833
135.682	0.25	0	1	67841
135.7	0.25	0	1	67850
135.716	0.25	0	1	67858
135.732	0.25	1	2	67866
135.75	0.25	1	2	67875
135.766	0.25	1	2	67883
135.782	0.25	1	2	67891
135.8	0.25	0	1	67900
135.816	0.25	0	1	67908
135.832	0.25	1	2	67916
135.85	0.25	1	2	67925
135.866	0.25	1	2	67933
135.882	0.25	1	2	67941
135.9	0.25	1	2	67950
135.916	0.25	1	2	67958
135.932	0.25	0	1	67966
135.95	0.25	0	1	67975
135.966	0.25	0	1	67983
135.982	0.25	0	1	67991
136.0	0.25	0	1	68000
136.016	0.25	0	1	68008
136.032	0.25	0	1	68016
136.05	0.25	0	1	68025
136.066	0.25	0	1	68033
136.082	0.25	0	1	68041
136.1	0.25	1	2	68050
136.116	0.25	1	2	68058
136.132	0.25	1	2	68066
136.15	0.25	1	2	68075
136.166	0.25	1	2	68083
138.316	0.25	1	2	69158
138.332	0.25	1	2	69166
138.35	0.25	1	2	69175
138.366	0.25	1	2	69183
138.382	0.25	1	2	69191
138.4	0.25	1	2	69200
138.416	0.25	1	2	69208
138.432	0.25	1	2	69216
138.45	0.25	1	2	69225
138.466	0.25	1	2	69233
138.482	0.25	1	2	69241
138.5	0.25	1	2	69250
138.516	0.25	1	2	69258
138.532	0.25	1	2	69266
138.55	0.25	0	1	69275
138.566	0.25	0	1	69283
138.582	0.25	0	1	69291
138.6	0.25	0	1	69300
138.616	0.25	1	2	69308
138.632	0.25	1	2	69316
138.65	0.25	1	2	69325
138.666	0.25	1	2	69333
138.682	0.25	0	1	69341
138.7	0.25	0	1	69350
138.716	0.25	0	1	69358
138.732	0.25	0	1	69366
138.75	0.25	1	2	69375
138.766	0.25	1	2	69383
138.782	0.25	1	2	69391
138.8	0.25	1	2	69400
138.816	0.25	0	1	69408
138.832	0.25	0	1	69416
138.85	0.25	0	1	69425
138.866	0.25	0	1	69433
138.882	0.25	1	2	69441
138.9	0.25	1	2	69450
138.916	0.25	0	1	69458
138.932	0.25	0	1	69466
138.95	0.25	1	2	69475
138.966	0.25	1	2	69483
138.982	0.25	1	2	69491
139.0	0.25	1	2	69500
139.016	0.25	0	1	69508
139.032	0.25	0	1	69516
139.05	0.25	1	2	69525
139.066	0.25	1	2	69533
139.082	0.25	0	1	69541
139.1	0.25	0	1	69550
139.116	0.25	0	1	69558
139.132	0.25	0	1	69566
139.15	0.25	1	2	69575
139.166	0.25	1	2	69583
139.182	0.25	0	1	69591
139.2	0.25	0	1	69600
139.216	0.25	1	2	69608
139.232	0.25	1	2	69616
139.25	0.25	1	2	69625
139.266	0.25	1	2	69633
139.282	0.25	1	2	69641
139.3	0.25	1	2	69650
139.316	0.25	0	1	69658
139.332	0.25	0	1	69666
139.35	0.25	0	1	69675
139.366	0.25	0	1	69683
139.382	0.25	0	1	69691
139.4	0.25	0	1	69700
139.416	0.25	1	2	69708
139.432	0.25	1	2	69716
139.45	0.25	0	1	69725
139.466	0.25	0	1	69733
139.482	0.25	1	2	69741
139.5	0.25	1	2	69750
139.516	0.25	1	2	69758
139.532	0.25	1	2	69766
139.55	0.25	1	2	69775
139.566	0.25	1	2	69783
139.582	0.25	0	1	69791
139.6	0.25	0	1	69800
139.616	0.25	0	1	69808
139.632	0.25	0	1	69816
139.65	0.25	1	2	69825
139.666	0.25	1	2	69833
139.682	0.25	0	1	69841
139.7	0.25	0	1	69850
139.716	0.25	1	2	69858
139.732	0.25	1	2	69866
139.75	0.25	0	1	69875
139.766	0.25	0	1	69883
139.782	0.25	0	1	69891
139.8	0.25	0	1	69900
139.816	0.25	0	1	69908
139.832	0.25	0	1	69916
139.85	0.25	1	2	69925
139.866	0.25	1	2	69933
139.882	0.25	1	2	69941
139.9	0.25	1	2	69950
139.916	0.25	0	1	69958
139.932	0.25	0	1	69966
139.95	0.25	1	2	69975
139.966	0.25	1	2	69983
139.982	0.25	0	1	69991
140.0	0.25	0	1	70000
140.016	0.25	0	1	70008
140.032	0.25	0	1	70016
140.05	0.25	0	1	70025
140.066	0.25	0	1	70033
140.082	0.25	1	2	70041
140.1	0.25	1	2	70050
140.116	0.25	0	1	70058
140.132	0.25	0	1	70066
140.15	0.25	1	2	70075
140.166	0.25	1	2	70083
140.182	0.25	0	1	70091
140.2	0.25	0	1	70100
140.216	0.25	0	1	70108
140.232	0.25	0	1	70116
140.25	0.25	1	2	70125
141.732	0.25	1	2	70866
141.75	0.25	1	2	70875
141.766	0.25	1	2	70883
141.782	0.25	1	2	70891
141.8	0.25	0	1	70900
141.816	0.25	0	1	70908
141.832	0.25	1	2	70916
141.85	0.25	1	2	70925
141.866	0.25	1	2	70933
141.882	0.25	1	2	70941
141.9	0.25	0	1	70950
141.916	0.25	0	1	70958
141.932	0.25	1	2	70966
141.95	0.25	1	2	70975
141.966	0.25	1	2	70983
141.982	0.25	1	2	70991
142.0	0.25	0	1	71000
142.016	0.25	0	1	71008
142.032	0.25	1	2	71016
142.05	0.25	1	2	71025
142.066	0.25	1	2	71033
142.082	0.25	1	2	71041
142.1	0.25	0	1	71050
142.116	0.25	0	1	71058
142.132	0.25	0	1	71066
142.15	0.25	0	1	71075
142.166	0.25	0	1	71083
142.182	0.25	0	1	71091
142.2	0.25	1	2	71100
142.216	0.25	1	2	71108
142.232	0.25	1	2	71116
142.25	0.25	1	2	71125
142.266	0.25	1	2	71133
142.282	0.25	1	2	71141
142.3	0.25	0	1	71150
142.316	0.25	0	1	71158
142.332	0.25	0	1	71166
142.35	0.25	0	1	71175
142.366	0.25	0	1	71183
142.382	0.25	0	1	71191
142.4	0.25	1	2	71200
142.416	0.25	1	2	71208
142.432	0.25	1	2	71216
142.45	0.25	1	2	71225
142.466	0.25	1	2	71233
142.482	0.25	1	2	71241
142.5	0.25	1	2	71250
142.516	0.25	1	2	71258
142.532	0.25	1	2	71266
142.55	0.25	1	2	71275
142.566	0.25	0	1	71283
142.582	0.25	0	1	71291
142.6	0.25	0	1	71300
142.616	0.25	0	1	71308
142.632	0.25	1	2	71316
142.65	0.25	1	2	71325
142.666	0.25	0	1	71333
142.682	0.25	0	1	71341
142.7	0.25	1	2	71350
142.716	0.25	1	2	71358
142.732	0.25	0	1	71366
142.75	0.25	0	1	71375
142.766	0.25	0	1	71383
142.782	0.25	0	1	71391
142.8	0.25	1	2	71400
142.816	0.25	1	2	71408
142.832	0.25	1	2	71416
142.85	0.25	1	2	71425
142.866	0.25	0	1	71433
142.882	0.25	0	1	71441
142.9	0.25	0	1	71450
142.916	0.25	0	1	71458
142.932	0.25	0	1	71466
142.95	0.25	0	1	71475
142.966	0.25	0	1	71483
142.982	0.25	0	1	71491
143.0	0.25	1	2	71500
143.016	0.25	1	2	71508
143.032	0.25	0	1	71516
143.05	0.25	0	1	71525
143.066	0.25	0	1	71533
143.082	0.25	0	1	71541
143.1	0.25	0	1	71550
143.116	0.25	0	1	71558
143.132	0.25	0	1	71566
143.15	0.25	0	1	71575
143.166	0.25	1	2	71583
143.182	0.25	1	2	71591
143.2	0.25	1	2	71600
143.216	0.25	1	2	71608
143.232	0.25	1	2	71616
143.25	0.25	1	2	71625
143.266	0.25	1	2	71633
143.282	0.25	1	2	71641
143.3	0.25	1	2	71650
143.316	0.25	1	2	71658
143.332	0.25	1	2	71666
143.35	0.25	1	2	71675
143.366	0.25	0	1	71683
143.382	0.25	0	1	71691
143.4	0.25	1	2	71700
143.416	0.25	1	2	71708
143.432	0.25	0	1	71716
143.45	0.25	0	1	71725
143.466	0.25	1	2	71733
143.482	0.25	1	2	71741
143.5	0.25	0	1	71750
143.516	0.25	0	1	71758
143.532	0.25	0	1	71766
143.55	0.25	0	1	71775
143.566	0.25	1	2	71783
143.582	0.25	1	2	71791
143.6	0.25	1	2	71800
143.616	0.25	1	2	71808
143.632	0.25	0	1	71816
143.65	0.25	0	1	71825
143.666	0.25	0	1	71833
145.15	0.25	1	2	72575
145.166	0.25	1	2	72583
145.182	0.25	1	2	72591
145.2	0.25	1	2	72600
145.216	0.25	0	1	72608
145.232	0.25	0	1	72616
145.25	0.25	0	1	72625
145.266	0.25	0	1	72633
145.282	0.25	0	1	72641
145.3	0.25	0	1	72650
145.316	0.25	0	1	72658
145.332	0.25	0	1	72666
145.35	0.25	1	2	72675
145.366	0.25	1	2	72683
145.382	0.25	0	1	72691
145.4	0.25	0	1	72700
145.416	0.25	0	1	72708
145.432	0.25	0	1	72716
145.45	0.25	1	2	72725
145.466	0.25	1	2	72733
145.482	0.25	1	2	72741
145.5	0.25	1	2	72750
145.516	0.25	0	1	72758
145.532	0.25	0	1	72766
145.55	0.25	0	1	72775
145.566	0.25	0	1	72783
145.582	0.25	0	1	72791
145.6	0.25	0	1	72800
145.616	0.25	0	1	72808
145.632	0.25	0	1	72816
145.65	0.25	0	1	72825
145.666	0.25	0	1	72833
145.682	0.25	0	1	72841
145.7	0.25	0	1	72850
145.716	0.25	1	2	72858
145.732	0.25	1	2	72866
145.75	0.25	0	1	72875
145.766	0.25	0	1	72883
145.782	0.25	1	2	72891
145.8	0.25	1	2	72900
145.816	0.25	1	2	72908
145.832	0.25	1	2	72916
145.85	0.25	0	1	72925
145.866	0.25	0	1	72933
145.882	0.25	1	2	72941
145.9	0.25	1	2	72950
145.916	0.25	0	1	72958
145.932	0.25	0	1	72966
145.95	0.25	1	2	72975
145.966	0.25	1	2	72983
145.982	0.25	0	1	72991
146.0	0.25	0	1	73000
146.016	0.25	1	2	73008
146.032	0.25	1	2	73016
146.05	0.25	0	1	73025
146.066	0.25	0	1	73033
146.082	0.25	0	1	73041
146.1	0.25	0	1	73050
146.116	0.25	0	1	73058
146.132	0.25	0	1	73066
146.15	0.25	1	2	73075
146.166	0.25	1	2	73083
146.182	0.25	1	2	73091
146.2	0.25	1	2	73100
146.216	0.25	1	2	73108
146.232	0.25	1	2	73116
146.25	0.25	0	1	73125
146.266	0.25	0	1	73133
146.282	0.25	1	2	73141
146.3	0.25	1	2	73150
146.316	0.25	1	2	73158
146.332	0.25	1	2	73166
146.35	0.25	1	2	73175
146.366	0.25	1	2	73183
146.382	0.25	0	1	73191
146.4	0.25	0	1	73200
146.416	0.25	1	2	73208
146.432	0.25	1	2	73216
146.45	0.25	0	1	73225
146.466	0.25	0	1	73233
146.482	0.25	1	2	73241
146.5	0.25	1	2	73250
146.516	0.25	1	2	73258
146.532	0.25	1	2	73266
146.55	0.25	0	1	73275
146.566	0.25	0	1	73283
146.582	0.25	0	1	73291
146.6	0.25	0	1	73300
146.616	0.25	0	1	73308
146.632	0.25	0	1	73316
146.65	0.25	1	2	73325
146.666	0.25	1	2	73333
146.682	0.25	1	2	73341
146.7	0.25	1	2	73350
146.716	0.25	0	1	73358
146.732	0.25	0	1	73366
146.75	0.25	1	2	73375
146.766	0.25	1	2	73383
146.782	0.25	1	2	73391
146.8	0.25	1	2	73400
146.816	0.25	1	2	73408
146.832	0.25	1	2	73416
146.85	0.25	0	1	73425
146.866	0.25	0	1	73433
146.882	0.25	0	1	73441
146.9	0.25	0	1	73450
146.916	0.25	0	1	73458
146.932	0.25	0	1	73466
146.95	0.25	0	1	73475
146.966	0.25	0	1	73483
146.982	0.25	0	1	73491
147.0	0.25	0	1	73500
147.016	0.25	1	2	73508
147.032	0.25	1	2	73516
147.05	0.25	1	2	73525
147.066	0.25	1	2	73533
147.082	0.25	1	2	73541
148.566	0.25	0	1	74283
148.582	0.25	0	1	74291
148.6	0.25	0	1	74300
148.616	0.25	0	1	74308
148.632	0.25	1	2	74316
148.65	0.25	1	2	74325
148.666	0.25	1	2	74333
148.682	0.25	1	2	74341
148.7	0.25	0	1	74350
148.716	0.25	0	1	74358
148.732	0.25	0	1	74366
148.75	0.25	0	1	74375
148.766	0.25	0	1	74383
148.782	0.25	0	1	74391
148.8	0.25	0	1	74400
148.816	0.25	0	1	74408
148.832	0.25	1	2	74416
148.85	0.25	1	2	74425
148.866	0.25	1	2	74433
148.882	0.25	1	2	74441
148.9	0.25	1	2	74450
148.916	0.25	1	2	74458
148.932	0.25	1	2	74466
148.95	0.25	1	2	74475
148.966	0.25	1	2	74483
148.982	0.25	1	2	74491
149.0	0.25	0	1	74500
149.016	0.25	0	1	74508
149.032	0.25	0	1	74516
149.05	0.25	0	1	74525
149.066	0.25	0	1	74533
149.082	0.25	0	1	74541
149.1	0.25	0	1	74550
149.116	0.25	0	1	74558
149.132	0.25	0	1	74566
149.15	0.25	0	1	74575
149.166	0.25	0	1	74583
149.182	0.25	0	1	74591
149.2	0.25	1	2	74600
149.216	0.25	1	2	74608
149.232	0.25	1	2	74616
149.25	0.25	1	2	74625
149.266	0.25	0	1	74633
149.282	0.25	0	1	74641
149.3	0.25	0	1	74650
149.316	0.25	0	1	74658
149.332	0.25	1	2	74666
149.35	0.25	1	2	74675
149.366	0.25	0	1	74683
149.382	0.25	0	1	74691
149.4	0.25	1	2	74700
149.416	0.25	1	2	74708
149.432	0.25	0	1	74716
149.45	0.25	0	1	74725
149.466	0.25	1	2	74733
149.482	0.25	1	2	74741
149.5	0.25	0	1	74750
149.516	0.25	0	1	74758
149.532	0.25	1	2	74766
149.55	0.25	1	2	74775
149.566	0.25	1	2	74783
149.582	0.25	1	2	74791
149.6	0.25	0	1	74800
149.616	0.25	0	1	74808
149.632	0.25	1	2	74816
149.65	0.25	1	2	74825
149.666	0.25	0	1	74833
149.682	0.25	0	1	74841
149.7	0.25	0	1	74850
149.716	0.25	0	1	74858
149.732	0.25	0	1	74866
149.75	0.25	0	1	74875
149.766	0.25	1	2	74883
149.782	0.25	1	2	74891
149.8	0.25	0	1	74900
149.816	0.25	0	1	74908
149.832	0.25	0	1	74916
149.85	0.25	0	1	74925
149.866	0.25	0	1	74933
149.882	0.25	0	1	74941
149.9	0.25	1	2	74950
149.916	0.25	1	2	74958
149.932	0.25	1	2	74966
149.95	0.25	1	2	74975
149.966	0.25	1	2	74983
149.982	0.25	1	2	74991
150.0	0.25	0	1	75000
150.016	0.25	0	1	75008
150.032	0.25	1	2	75016
150.05	0.25	1	2	75025
150.066	0.25	0	1	75033
150.082	0.25	0	1	75041
150.1	0.25	1	2	75050
150.116	0.25	1	2	75058
150.132	0.25	1	2	75066
150.15	0.25	1	2	75075
150.166	0.25	1	2	75083
150.182	0.25	1	2	75091
150.2	0.25	1	2	75100
150.216	0.25	1	2	75108
150.232	0.25	1	2	75116
150.25	0.25	1	2	75125
150.266	0.25	0	1	75133
150.282	0.25	0	1	75141
150.3	0.25	0	1	75150
150.316	0.25	0	1	75158
150.332	0.25	1	2	75166
150.35	0.25	1	2	75175
150.366	0.25	0	1	75183
150.382	0.25	0	1	75191
150.4	0.25	0	1	75200
150.416	0.25	0	1	75208
150.432	0.25	0	1	75216
150.45	0.25	0	1	75225
150.466	0.25	1	2	75233
150.482	0.25	1	2	75241
150.5	0.25	1	2	75250
152.666	0.25	1	2	76333
152.682	0.25	1	2	76341
152.7	0.25	1	2	76350
152.716	0.25	1	2	76358
152.732	0.25	0	1	76366
152.75	0.25	0	1	76375
152.766	0.25	0	1	76383
152.782	0.25	0	1	76391
152.8	0.25	0	1	76400
152.816	0.25	0	1	76408
152.832	0.25	0	1	76416
152.85	0.25	0	1	76425
152.866	0.25	1	2	76433
152.882	0.25	1	2	76441
152.9	0.25	0	1	76450
152.916	0.25	0	1	76458
152.932	0.25	0	1	76466
152.95	0.25	0	1	76475
152.966	0.25	1	2	76483
152.982	0.25	1	2	76491
153.0	0.25	1	2	76500
153.016	0.25	1	2	76508
153.032	0.25	0	1	76516
153.05	0.25	0	1	76525
153.066	0.25	0	1	76533
153.082	0.25	0	1	76541
153.1	0.25	0	1	76550
153.116	0.25	0	1	76558
153.132	0.25	0	1	76566
153.15	0.25	0	1	76575
153.166	0.25	0	1	76583
153.182	0.25	0	1	76591
153.2	0.25	0	1	76600
153.216	0.25	0	1	76608
153.232	0.25	1	2	76616
153.25	0.25	1	2	76625
153.266	0.25	0	1	76633
153.282	0.25	0	1	76641
153.3	0.25	1	2	76650
153.316	0.25	1	2	76658
153.332	0.25	1	2	76666
153.35	0.25	1	2	76675
153.366	0.25	0	1	76683
153.382	0.25	0	1	76691
153.4	0.25	1	2	76700
153.416	0.25	1	2	76708
153.432	0.25	0	1	76716
153.45	0.25	0	1	76725
153.466	0.25	1	2	76733
153.482	0.25	1	2	76741
153.5	0.25	0	1	76750
153.516	0.25	0	1	76758
153.532	0.25	1	2	76766
153.55	0.25	1	2	76775
153.566	0.25	0	1	76783
153.582	0.25	0	1	76791
153.6	0.25	0	1	76800
153.616	0.25	0	1	76808
153.632	0.25	0	1	76816
153.65	0.25	0	1	76825
153.666	0.25	1	2	76833
153.682	0.25	1	2	76841
153.7	0.25	1	2	76850
153.716	0.25	1	2	76858
153.732	0.25	1	2	76866
153.75	0.25	1	2	76875
153.766	0.25	0	1	76883
153.782	0.25	0	1	76891
153.8	0.25	1	2	76900
153.816	0.25	1	2	76908
153.832	0.25	1	2	76916
153.85	0.25	1	2	76925
153.866	0.25	1	2	76933
153.882	0.25	1	2	76941
153.9	0.25	0	1	76950
153.916	0.25	0	1	76958
153.932	0.25	1	2	76966
153.95	0.25	1	2	76975
153.966	0.25	0	1	76983
153.982	0.25	0	1	76991
154.0	0.25	1	2	77000
154.016	0.25	1	2	77008
154.032	0.25	1	2	77016
154.05	0.25	1	2	77025
154.066	0.25	0	1	77033
154.082	0.25	0	1	77041
154.1	0.25	0	1	77050
154.116	0.25	0	1	77058
154.132	0.25	0	1	77066
154.15	0.25	0	1	77075
154.166	0.25	1	2	77083
154.182	0.25	1	2	77091
154.2	0.25	1	2	77100
154.216	0.25	1	2	77108
154.232	0.25	0	1	77116
154.25	0.25	0	1	77125
154.266	0.25	1	2	77133
154.282	0.25	1	2	77141
154.3	0.25	1	2	77150
154.316	0.25	1	2	77158
154.332	0.25	1	2	77166
154.35	0.25	1	2	77175
154.366	0.25	0	1	77183
154.382	0.25	0	1	77191
154.4	0.25	0	1	77200
154.416	0.25	0	1	77208
154.432	0.25	0	1	77216
154.45	0.25	0	1	77225
154.466	0.25	0	1	77233
154.482	0.25	0	1	77241
154.5	0.25	0	1	77250
154.516	0.25	0	1	77258
154.532	0.25	1	2	77266
154.55	0.25	1	2	77275
154.566	0.25	1	2	77283
154.582	0.25	1	2	77291
154.6	0.25	1	2	77300
156.082	0.25	1	2	78041
156.1	0.25	1	2	78050
156.116	0.25	1	2	78058
156.132	0.25	1	2	78066
156.15	0.25	1	2	78075
156.166	0.25	1	2	78083
156.182	0.25	1	2	78091
156.2	0.25	1	2	78100
156.216	0.25	1	2	78108
156.232	0.25	1	2	78116
156.25	0.25	1	2	78125
156.266	0.25	1	2	78133
156.282	0.25	1	2	78141
156.3	0.25	1	2	78150
156.316	0.25	0	1	78158
156.332	0.25	0	1	78166
156.35	0.25	0	1	78175
156.366	0.25	0	1	78183
156.382	0.25	1	2	78191
156.4	0.25	1	2	78200
156.416	0.25	1	2	78208
156.432	0.25	1	2	78216
156.45	0.25	0	1	78225
156.466	0.25	0	1	78233
156.482	0.25	0	1	78241
156.5	0.25	0	1	78250
156.516	0.25	1	2	78258
156.532	0.25	1	2	78266
156.55	0.25	1	2	78275
156.566	0.25	1	2	78283
156.582	0.25	0	1	78291
156.6	0.25	0	1	78300
156.616	0.25	0	1	78308
156.632	0.25	0	1	78316
156.65	0.25	1	2	78325
156.666	0.25	1	2	78333
156.682	0.25	0	1	78341
156.7	0.25	0	1	78350
156.716	0.25	1	2	78358
156.732	0.25	1	2	78366
156.75	0.25	1	2	78375
156.766	0.25	1	2	78383
156.782	0.25	0	1	78391
156.8	0.25	0	1	78400
156.816	0.25	1	2	78408
156.832	0.25	1	2	78416
156.85	0.25	0	1	78425
156.866	0.25	0	1	78433
156.882	0.25	0	1	78441
156.9	0.25	0	1	78450
156.916	0.25	1	2	78458
156.932	0.25	1	2	78466
156.95	0.25	0	1	78475
156.966	0.25	0	1	78483
156.982	0.25	1	2	78491
157.0	0.25	1	2	78500
157.016	0.25	1	2	78508
157.032	0.25	1	2	78516
157.05	0.25	1	2	78525
157.066	0.25	1	2	78533
157.082	0.25	0	1	78541
157.1	0.25	0	1	78550
157.116	0.25	0	1	78558
157.132	0.25	0	1	78566
157.15	0.25	0	1	78575
157.166	0.25	0	1	78583
157.182	0.25	1	2	78591
157.2	0.25	1	2	78600
157.216	0.25	0	1	78608
157.232	0.25	0	1	78616
157.25	0.25	1	2	78625
157.266	0.25	1	2	78633
157.282	0.25	1	2	78641
157.3	0.25	1	2	78650
157.316	0.25	1	2	78658
157.332	0.25	1	2	78666
157.35	0.25	0	1	78675
157.366	0.25	0	1	78683
157.382	0.25	0	1	78691
157.4	0.25	0	1	78700
157.416	0.25	1	2	78708
157.432	0.25	1	2	78716
157.45	0.25	0	1	78725
157.466	0.25	0	1	78733
157.482	0.25	1	2	78741
157.5	0.25	1	2	78750
157.516	0.25	0	1	78758
157.532	0.25	0	1	78766
157.55	0.25	0	1	78775
157.566	0.25	0	1	78783
157.582	0.25	0	1	78791
157.6	0.25	0	1	78800
157.616	0.25	1	2	78808
157.632	0.25	1	2	78816
157.65	0.25	1	2	78825
157.666	0.25	1	2	78833
157.682	0.25	0	1	78841
157.7	0.25	0	1	78850
157.716	0.25	1	2	78858
157.732	0.25	1	2	78866
157.75	0.25	0	1	78875
157.766	0.25	0	1	78883
157.782	0.25	0	1	78891
157.8	0.25	0	1	78900
157.816	0.25	0	1	78908
157.832	0.25	0	1	78916
157.85	0.25	1	2	78925
157.866	0.25	1	2	78933
157.882	0.25	0	1	78941
157.9	0.25	0	1	78950
157.916	0.25	1	2	78958
157.932	0.25	1	2	78966
157.95	0.25	0	1	78975
157.966	0.25	0	1	78983
157.982	0.25	0	1	78991
158.0	0.25	0	1	79000
158.016	0.25	1	2	79008
159.5	0.25	1	2	79750
159.516	0.25	1	2	79758
159.532	0.25	1	2	79766
159.55	0.25	1	2	79775
159.566	0.25	0	1	79783
159.582	0.25	0	1	79791
159.6	0.25	1	2	79800
159.616	0.25	1	2	79808
159.632	0.25	1	2	79816
159.65	0.25	1	2	79825
159.666	0.25	0	1	79833
159.682	0.25	0	1	79841
159.7	0.25	1	2	79850
159.716	0.25	1	2	79858
159.732	0.25	1	2	79866
159.75	0.25	1	2	79875
159.766	0.25	0	1	79883
159.782	0.25	0	1	79891
159.8	0.25	1	2	79900
159.816	0.25	1	2	79908
159.832	0.25	1	2	79916
159.85	0.25	1	2	79925
159.866	0.25	0	1	79933
159.882	0.25	0	1	79941
159.9	0.25	0	1	79950
159.916	0.25	0	1	79958
159.932	0.25	0	1	79966
159.95	0.25	0	1	79975
159.966	0.25	1	2	79983
159.982	0.25	1	2	79991
160.0	0.25	1	2	80000
160.016	0.25	1	2	80008
160.032	0.25	1	2	80016
160.05	0.25	1	2	80025
160.066	0.25	0	1	80033
160.082	0.25	0	1	80041
160.1	0.25	0	1	80050
160.116	0.25	0	1	80058
160.132	0.25	0	1	80066
160.15	0.25	0	1	80075
160.166	0.25	1	2	80083
160.182	0.25	1	2	80091
160.2	0.25	1	2	80100
160.216	0.25	1	2	80108
160.232	0.25	1	2	80116
160.25	0.25	1	2	80125
160.266	0.25	1	2	80133
160.282	0.25	1	2	80141
160.3	0.25	1	2	80150
160.316	0.25	1	2	80158
160.332	0.25	0	1	80166
160.35	0.25	0	1	80175
160.366	0.25	0	1	80183
160.382	0.25	0	1	80191
160.4	0.25	1	2	80200
160.416	0.25	1	2	80208
160.432	0.25	0	1	80216
160.45	0.25	0	1	80225
160.466	0.25	1	2	80233
160.482	0.25	1	2	80241
160.5	0.25	0	1	80250
160.516	0.25	0	1	80258
160.532	0.25	0	1	80266
160.55	0.25	0	1	80275
160.566	0.25	1	2	80283
160.582	0.25	1	2	80291
160.6	0.25	1	2	80300
160.616	0.25	1	2	80308
160.632	0.25	0	1	80316
160.65	0.25	0	1	80325
160.666	0.25	0	1	80333
160.682	0.25	0	1	80341
160.7	0.25	0	1	80350
160.716	0.25	0	1	80358
160.732	0.25	0	1	80366
160.75	0.25	0	1	80375
160.766	0.25	1	2	80383
160.782	0.25	1	2	80391
160.8	0.25	0	1	80400
160.816	0.25	0	1	80408
160.832	0.25	0	1	80416
160.85	0.25	0	1	80425
160.866	0.25	0	1	80433
160.882	0.25	0	1	80441
160.9	0.25	0	1	80450
160.916	0.25	0	1	80458
160.932	0.25	1	2	80466
160.95	0.25	1	2	80475
160.966	0.25	1	2	80483
160.982	0.25	1	2	80491
161.0	0.25	1	2	80500
161.016	0.25	1	2	80508
161.032	0.25	1	2	80516
161.05	0.25	1	2	80525
161.066	0.25	1	2	80533
161.082	0.25	1	2	80541
161.1	0.25	1	2	80550
161.116	0.25	1	2	80558
161.132	0.25	0	1	80566
161.15	0.25	0	1	80575
161.166	0.25	1	2	80583
161.182	0.25	1	2	80591
161.2	0.25	0	1	80600
161.216	0.25	0	1	80608
161.232	0.25	1	2	80616
161.25	0.25	1	2	80625
161.266	0.25	0	1	80633
161.282	0.25	0	1	80641
161.3	0.25	0	1	80650
161.316	0.25	0	1	80658
161.332	0.25	1	2	80666
161.35	0.25	1	2	80675
161.366	0.25	1	2	80683
161.382	0.25	1	2	80691
161.4	0.25	0	1	80700
161.416	0.25	0	1	80708
161.432	0.25	0	1	80716
162.916	0.25	0	1	81458
162.932	0.25	0	1	81466
162.95	0.25	0	1	81475
162.966	0.25	0	1	81483
162.982	0.25	1	2	81491
163.0	0.25	1	2	81500
163.016	0.25	1	2	81508
163.032	0.25	1	2	81516
163.05	0.25	0	1	81525
163.066	0.25	0	1	81533
163.082	0.25	0	1	81541
163.1	0.25	0	1	81550
163.116	0.25	0	1	81558
163.132	0.25	0	1	81566
163.15	0.25	0	1	81575
163.166	0.25	0	1	81583
163.182	0.25	1	2	81591
163.2	0.25	1	2	81600
163.216	0.25	1	2	81608
163.232	0.25	1	2	81616
163.25	0.25	1	2	81625
163.266	0.25	1	2	81633
163.282	0.25	1	2	81641
163.3	0.25	1	2	81650
163.316	0.25	1	2	81658
163.332	0.25	1	2	81666
163.35	0.25	0	1	81675
163.366	0.25	0	1	81683
163.382	0.25	0	1	81691
163.4	0.25	0	1	81700
163.416	0.25	0	1	81708
163.432	0.25	0	1	81716
163.45	0.25	0	1	81725
163.466	0.25	0	1	81733
163.482	0.25	0	1	81741
163.5	0.25	0	1	81750
163.516	0.25	0	1	81758
163.532	0.25	0	1	81766
163.55	0.25	1	2	81775
163.566	0.25	1	2	81783
163.582	0.25	1	2	81791
163.6	0.25	1	2	81800
163.616	0.25	0	1	81808
163.632	0.25	0	1	81816
163.65	0.25	0	1	81825
163.666	0.25	0	1	81833
163.682	0.25	1	2	81841
163.7	0.25	1	2	81850
163.716	0.25	0	1	81858
163.732	0.25	0	1	81866
163.75	0.25	1	2	81875
163.766	0.25	1	2	81883
163.782	0.25	0	1	81891
163.8	0.25	0	1	81900
163.816	0.25	1	2	81908
163.832	0.25	1	2	81916
163.85	0.25	0	1	81925
163.866	0.25	0	1	81933
163.882	0.25	1	2	81941
163.9	0.25	1	2	81950
163.916	0.25	1	2	81958
163.932	0.25	1	2	81966
163.95	0.25	0	1	81975
163.966	0.25	0	1	81983
163.982	0.25	1	2	81991
164.0	0.25	1	2	82000
164.016	0.25	0	1	82008
164.032	0.25	0	1	82016
164.05	0.25	0	1	82025
164.066	0.25	0	1	82033
164.082	0.25	0	1	82041
164.1	0.25	0	1	82050
164.116	0.25	1	2	82058
164.132	0.25	1	2	82066
164.15	0.25	0	1	82075
164.166	0.25	0	1	82083
164.182	0.25	0	1	82091
164.2	0.25	0	1	82100
164.216	0.25	0	1	82108
164.232	0.25	0	1	82116
164.25	0.25	1	2	82125
164.266	0.25	1	2	82133
164.282	0.25	1	2	82141
164.3	0.25	1	2	82150
164.316	0.25	1	2	82158
164.332	0.25	1	2	82166
164.35	0.25	0	1	82175
164.366	0.25	0	1	82183
164.382	0.25	1	2	82191
164.4	0.25	1	2	82200
164.416	0.25	0	1	82208
164.432	0.25	0	1	82216
164.45	0.25	1	2	82225
164.466	0.25	1	2	82233
164.482	0.25	1	2	82241
164.5	0.25	1	2	82250
164.516	0.25	1	2	82258
164.532	0.25	1	2	82266
164.55	0.25	1	2	82275
164.566	0.25	1	2	82283
164.582	0.25	1	2	82291
164.6	0.25	1	2	82300
164.616	0.25	0	1	82308
164.632	0.25	0	1	82316
164.65	0.25	0	1	82325
164.666	0.25	0	1	82333
164.682	0.25	1	2	82341
164.7	0.25	1	2	82350
164.716	0.25	0	1	82358
164.732	0.25	0	1	82366
164.75	0.25	0	1	82375
164.766	0.25	0	1	82383
164.782	0.25	0	1	82391
164.8	0.25	0	1	82400
164.816	0.25	1	2	82408
164.832	0.25	1	2	82416
164.85	0.25	1	2	82425
167.266	0.25	0	1	83633
167.282	0.25	0	1	83641
167.3	0.25	0	1	83650
167.316	0.25	0	1	83658
167.332	0.25	1	2	83666
167.35	0.25	1	2	83675
167.366	0.25	1	2	83683
167.382	0.25	1	2	83691
167.4	0.25	0	1	83700
167.416	0.25	0	1	83708
167.432	0.25	0	1	83716
167.45	0.25	0	1	83725
167.466	0.25	0	1	83733
167.482	0.25	0	1	83741
167.5	0.25	0	1	83750
167.516	0.25	0	1	83758
167.532	0.25	1	2	83766
167.55	0.25	1	2	83775
167.566	0.25	1	2	83783
167.582	0.25	1	2	83791
167.6	0.25	1	2	83800
167.616	0.25	1	2	83808
167.632	0.25	1	2	83816
167.65	0.25	1	2	83825
167.666	0.25	1	2	83833
167.682	0.25	1	2	83841
167.7	0.25	0	1	83850
167.716	0.25	0	1	83858
167.732	0.25	0	1	83866
167.75	0.25	0	1	83875
167.766	0.25	0	1	83883
167.782	0.25	0	1	83891
167.8	0.25	0	1	83900
167.816	0.25	0	1	83908
167.832	0.25	0	1	83916
167.85	0.25	0	1	83925
167.866	0.25	0	1	83933
167.882	0.25	0	1	83941
167.9	0.25	1	2	83950
167.916	0.25	1	2	83958
167.932	0.25	1	2	83966
167.95	0.25	1	2	83975
167.966	0.25	0	1	83983
167.982	0.25	0	1	83991
168.0	0.25	0	1	84000
168.016	0.25	0	1	84008
168.032	0.25	1	2	84016
168.05	0.25	1	2	84025
168.066	0.25	0	1	84033
168.082	0.25	0	1	84041
168.1	0.25	1	2	84050
168.116	0.25	1	2	84058
168.132	0.25	0	1	84066
168.15	0.25	0	1	84075
168.166	0.25	1	2	84083
168.182	0.25	1	2	84091
168.2	0.25	0	1	84100
168.216	0.25	0	1	84108
168.232	0.25	1	2	84116
168.25	0.25	1	2	84125
168.266	0.25	1	2	84133
168.282	0.25	1	2	84141
168.3	0.25	0	1	84150
168.316	0.25	0	1	84158
168.332	0.25	1	2	84166
168.35	0.25	1	2	84175
168.366	0.25	0	1	84183
168.382	0.25	0	1	84191
168.4	0.25	0	1	84200
168.416	0.25	0	1	84208
168.432	0.25	0	1	84216
168.45	0.25	0	1	84225
168.466	0.25	1	2	84233
168.482	0.25	1	2	84241
168.5	0.25	0	1	84250
168.516	0.25	0	1	84258
168.532	0.25	0	1	84266
168.55	0.25	0	1	84275
168.566	0.25	0	1	84283
168.582	0.25	0	1	84291
168.6	0.25	1	2	84300
168.616	0.25	1	2	84308
168.632	0.25	1	2	84316
168.65	0.25	1	2	84325
168.666	0.25	1	2	84333
168.682	0.25	1	2	84341
168.7	0.25	0	1	84350
168.716	0.25	0	1	84358
168.732	0.25	1	2	84366
168.75	0.25	1	2	84375
168.766	0.25	0	1	84383
168.782	0.25	0	1	84391
168.8	0.25	1	2	84400
168.816	0.25	1	2	84408
168.832	0.25	1	2	84416
168.85	0.25	1	2	84425
168.866	0.25	1	2	84433
168.882	0.25	1	2	84441
168.9	0.25	1	2	84450
168.916	0.25	1	2	84458
168.932	0.25	1	2	84466
168.95	0.25	1	2	84475
168.966	0.25	0	1	84483
168.982	0.25	0	1	84491
169.0	0.25	0	1	84500
169.016	0.25	0	1	84508
169.032	0.25	1	2	84516
169.05	0.25	1	2	84525
169.066	0.25	0	1	84533
169.082	0.25	0	1	84541
169.1	0.25	0	1	84550
169.116	0.25	0	1	84558
169.132	0.25	0	1	84566
169.15	0.25	0	1	84575
169.166	0.25	1	2	84583
169.182	0.25	1	2	84591
169.2	0.25	1	2	84600
170.682	0.25	1	2	85341
170.7	0.25	1	2	85350
170.716	0.25	1	2	85358
170.732	0.25	1	2	85366
170.75	0.25	0	1	85375
170.766	0.25	0	1	85383
170.782	0.25	1	2	85391
170.8	0.25	1	2	85400
170.816	0.25	1	2	85408
170.832	0.25	1	2	85416
170.85	0.25	0	1	85425
170.866	0.25	0	1	85433
170.882	0.25	1	2	85441
170.9	0.25	1	2	85450
170.916	0.25	1	2	85458
170.932	0.25	1	2	85466
170.95	0.25	0	1	85475
170.966	0.25	0	1	85483
170.982	0.25	1	2	85491
171.0	0.25	1	2	85500
171.016	0.25	1	2	85508
171.032	0.25	1	2	85516
171.05	0.25	0	1	85525
171.066	0.25	0	1	85533
171.082	0.25	0	1	85541
171.1	0.25	0	1	85550
171.116	0.25	0	1	85558
171.132	0.25	0	1	85566
171.15	0.25	1	2	85575
171.166	0.25	1	2	85583
171.182	0.25	1	2	85591
171.2	0.25	1	2	85600
171.216	0.25	1	2	85608
171.232	0.25	1	2	85616
171.25	0.25	0	1	85625
171.266	0.25	0	1	85633
171.282	0.25	0	1	85641
171.3	0.25	0	1	85650
171.316	0.25	0	1	85658
171.332	0.25	0	1	85666
171.35	0.25	1	2	85675
171.366	0.25	1	2	85683
171.382	0.25	1	2	85691
171.4	0.25	1	2	85700
171.416	0.25	1	2	85708
171.432	0.25	1	2	85716
171.45	0.25	1	2	85725
171.466	0.25	1	2	85733
171.482	0.25	1	2	85741
171.5	0.25	1	2	85750
171.516	0.25	0	1	85758
171.532	0.25	0	1	85766
171.55	0.25	0	1	85775
171.566	0.25	0	1	85783
171.582	0.25	1	2	85791
171.6	0.25	1	2	85800
171.616	0.25	0	1	85808
171.632	0.25	0	1	85816
171.65	0.25	1	2	85825
171.666	0.25	1	2	85833
171.682	0.25	0	1	85841
171.7	0.25	0	1	85850
171.716	0.25	0	1	85858
171.732	0.25	0	1	85866
171.75	0.25	1	2	85875
171.766	0.25	1	2	85883
171.782	0.25	1	2	85891
171.8	0.25	1	2	85900
171.816	0.25	0	1	85908
171.832	0.25	0	1	85916
171.85	0.25	0	1	85925
171.866	0.25	0	1	85933
171.882	0.25	0	1	85941
171.9	0.25	0	1	85950
171.916	0.25	0	1	85958
171.932	0.25	0	1	85966
171.95	0.25	1	2	85975
171.966	0.25	1	2	85983
171.982	0.25	0	1	85991
172.0	0.25	0	1	86000
172.016	0.25	0	1	86008
172.032	0.25	0	1	86016
172.05	0.25	0	1	86025
172.066	0.25	0	1	86033
172.082	0.25	0	1	86041
172.1	0.25	0	1	86050
172.116	0.25	1	2	86058
172.132	0.25	1	2	86066
172.15	0.25	1	2	86075
172.166	0.25	1	2	86083
172.182	0.25	1	2	86091
172.2	0.25	1	2	86100
172.216	0.25	1	2	86108
172.232	0.25	1	2	86116
172.25	0.25	1	2	86125
172.266	0.25	1	2	86133
172.282	0.25	1	2	86141
172.3	0.25	1	2	86150
172.316	0.25	0	1	86158
172.332	0.25	0	1	86166
172.35	0.25	1	2	86175
172.366	0.25	1	2	86183
172.382	0.25	0	1	86191
172.4	0.25	0	1	86200
172.416	0.25	1	2	86208
172.432	0.25	1	2	86216
172.45	0.25	0	1	86225
172.466	0.25	0	1	86233
172.482	0.25	0	1	86241
172.5	0.25	0	1	86250
172.516	0.25	1	2	86258
172.532	0.25	1	2	86266
172.55	0.25	1	2	86275
172.566	0.25	1	2	86283
172.582	0.25	0	1	86291
172.6	0.25	0	1	86300
172.616	0.25	0	1	86308
174.1	0.25	1	2	87050
174.116	0.25	1	2	87058
174.132	0.25	1	2	87066
174.15	0.25	1	2	87075
174.166	0.25	1	2	87083
174.182	0.25	1	2	87091
174.2	0.25	1	2	87100
174.216	0.25	1	2	87108
174.232	0.25	1	2	87116
174.25	0.25	1	2	87125
174.266	0.25	1	2	87133
174.282	0.25	1	2	87141
174.3	0.25	1	2	87150
174.316	0.25	1	2	87158
174.332	0.25	0	1	87166
174.35	0.25	0	1	87175
174.366	0.25	0	1	87183
174.382	0.25	0	1	87191
174.4	0.25	1	2	87200
174.416	0.25	1	2	87208
174.432	0.25	1	2	87216
174.45	0.25	1	2	87225
174.466	0.25	0	1	87233
174.482	0.25	0	1	87241
174.5	0.25	0	1	87250
174.516	0.25	0	1	87258
174.532	0.25	1	2	87266
174.55	0.25	1	2	87275
174.566	0.25	1	2	87283
174.582	0.25	1	2	87291
174.6	0.25	0	1	87300
174.616	0.25	0	1	87308
174.632	0.25	0	1	87316
174.65	0.25	0	1	87325
174.666	0.25	1	2	87333
174.682	0.25	1	2	87341
174.7	0.25	0	1	87350
174.716	0.25	0	1	87358
174.732	0.25	1	2	87366
174.75	0.25	1	2	87375
174.766	0.25	1	2	87383
174.782	0.25	1	2	87391
174.8	0.25	0	1	87400
174.816	0.25	0	1	87408
174.832	0.25	1	2	87416
174.85	0.25	1	2	87425
174.866	0.25	0	1	87433
174.882	0.25	0	1	87441
174.9	0.25	0	1	87450
174.916	0.25	0	1	87458
174.932	0.25	1	2	87466
174.95	0.25	1	2	87475
174.966	0.25	0	1	87483
174.982	0.25	0	1	87491
175.0	0.25	1	2	87500
175.016	0.25	1	2	87508
175.032	0.25	1	2	87516
175.05	0.25	1	2	87525
175.066	0.25	1	2	87533
175.082	0.25	1	2	87541
175.1	0.25	0	1	87550
175.116	0.25	0	1	87558
175.132	0.25	0	1	87566
175.15	0.25	0	1	87575
175.166	0.25	0	1	87583
175.182	0.25	0	1	87591
175.2	0.25	1	2	87600
175.216	0.25	1	2	87608
175.232	0.25	0	1	87616
175.25	0.25	0	1	87625
175.266	0.25	1	2	87633
175.282	0.25	1	2	87641
175.3	0.25	1	2	87650
175.316	0.25	1	2	87658
175.332	0.25	1	2	87666
175.35	0.25	1	2	87675
175.366	0.25	0	1	87683
175.382	0.25	0	1	87691
175.4	0.25	0	1	87700
175.416	0.25	0	1	87708
175.432	0.25	1	2	87716
175.45	0.25	1	2	87725
175.466	0.25	0	1	87733
175.482	0.25	0	1	87741
175.5	0.25	1	2	87750
175.516	0.25	1	2	87758
175.532	0.25	0	1	87766
175.55	0.25	0	1	87775
175.566	0.25	0	1	87783
175.582	0.25	0	1	87791
175.6	0.25	0	1	87800
175.616	0.25	0	1	87808
175.632	0.25	1	2	87816
175.65	0.25	1	2	87825
175.666	0.25	1	2	87833
175.682	0.25	1	2	87841
175.7	0.25	0	1	87850
175.716	0.25	0	1	87858
175.732	0.25	1	2	87866
175.75	0.25	1	2	87875
175.766	0.25	0	1	87883
175.782	0.25	0	1	87891
175.8	0.25	0	1	87900
175.816	0.25	0	1	87908
175.832	0.25	0	1	87916
175.85	0.25	0	1	87925
175.866	0.25	1	2	87933
175.882	0.25	1	2	87941
175.9	0.25	0	1	87950
175.916	0.25	0	1	87958
175.932	0.25	1	2	87966
175.95	0.25	1	2	87975
175.966	0.25	0	1	87983
175.982	0.25	0	1	87991
176.0	0.25	0	1	88000
176.016	0.25	0	1	88008
176.032	0.25	1	2	88016
177.516	0.25	1	2	88758
177.532	0.25	1	2	88766
177.55	0.25	1	2	88775
177.566	0.25	1	2	88783
177.582	0.25	0	1	88791
177.6	0.25	0	1	88800
177.616	0.25	0	1	88808
177.632	0.25	0	1	88816
177.65	0.25	0	1	88825
177.666	0.25	0	1	88833
177.682	0.25	0	1	88841
177.7	0.25	0	1	88850
177.716	0.25	1	2	88858
177.732	0.25	1	2	88866
177.75	0.25	0	1	88875
177.766	0.25	0	1	88883
177.782	0.25	0	1	88891
177.8	0.25	0	1	88900
177.816	0.25	1	2	88908
177.832	0.25	1	2	88916
177.85	0.25	1	2	88925
177.866	0.25	1	2	88933
177.882	0.25	0	1	88941
177.9	0.25	0	1	88950
177.916	0.25	0	1	88958
177.932	0.25	0	1	88966
177.95	0.25	0	1	88975
177.966	0.25	0	1	88983
177.982	0.25	0	1	88991
178.0	0.25	0	1	89000
178.016	0.25	0	1	89008
178.032	0.25	0	1	89016
178.05	0.25	0	1	89025
178.066	0.25	0	1	89033
178.082	0.25	1	2	89041
178.1	0.25	1	2	89050
178.116	0.25	0	1	89058
178.132	0.25	0	1	89066
178.15	0.25	1	2	89075
178.166	0.25	1	2	89083
178.182	0.25	1	2	89091
178.2	0.25	1	2	89100
178.216	0.25	0	1	89108
178.232	0.25	0	1	89116
178.25	0.25	1	2	89125
178.266	0.25	1	2	89133
178.282	0.25	0	1	89141
178.3	0.25	0	1	89150
178.316	0.25	1	2	89158
178.332	0.25	1	2	89166
178.35	0.25	0	1	89175
178.366	0.25	0	1	89183
178.382	0.25	1	2	89191
178.4	0.25	1	2	89200
178.416	0.25	0	1	89208
178.432	0.25	0	1	89216
178.45	0.25	0	1	89225
178.466	0.25	0	1	89233
178.482	0.25	0	1	89241
178.5	0.25	0	1	89250
178.516	0.25	1	2	89258
178.532	0.25	1	2	89266
178.55	0.25	1	2	89275
178.566	0.25	1	2	89283
178.582	0.25	1	2	89291
178.6	0.25	1	2	89300
178.616	0.25	0	1	89308
178.632	0.25	0	1	89316
178.65	0.25	1	2	89325
178.666	0.25	1	2	89333
178.682	0.25	1	2	89341
178.7	0.25	1	2	89350
178.716	0.25	1	2	89358
178.732	0.25	1	2	89366
178.75	0.25	0	1	89375
178.766	0.25	0	1	89383
178.782	0.25	1	2	89391
178.8	0.25	1	2	89400
178.816	0.25	0	1	89408
178.832	0.25	0	1	89416
178.85	0.25	1	2	89425
178.866	0.25	1	2	89433
178.882	0.25	1	2	89441
178.9	0.25	1	2	89450
178.916	0.25	0	1	89458
178.932	0.25	0	1	89466
178.95	0.25	0	1	89475
178.966	0.25	0	1	89483
178.982	0.25	0	1	89491
179.0	0.25	0	1	89500
179.016	0.25	1	2	89508
179.032	0.25	1	2	89516
179.05	0.25	1	2	89525
179.066	0.25	1	2	89533
179.082	0.25	0	1	89541
179.1	0.25	0	1	89550
179.116	0.25	1	2	89558
179.132	0.25	1	2	89566
179.15	0.25	1	2	89575
179.166	0.25	1	2	89583
179.182	0.25	1	2	89591
179.2	0.25	1	2	89600
179.216	0.25	0	1	89608
179.232	0.25	0	1	89616
179.25	0.25	0	1	89625
179.266	0.25	0	1	89633
179.282	0.25	0	1	89641
179.3	0.25	0	1	89650
179.316	0.25	0	1	89658
179.332	0.25	0	1	89666
179.35	0.25	0	1	89675
179.366	0.25	0	1	89683
179.382	0.25	1	2	89691
179.4	0.25	1	2	89700
179.416	0.25	1	2	89708
179.432	0.25	1	2	89716
179.45	0.25	1	2	89725
181.85	0.25	1	2	90925
181.866	0.25	1	2	90933
181.882	0.25	1	2	90941
181.9	0.25	1	2	90950
181.916	0.25	0	1	90958
181.932	0.25	0	1	90966
181.95	0.25	1	2	90975
181.966	0.25	1	2	90983
181.982	0.25	1	2	90991
182.0	0.25	1	2	91000
182.016	0.25	0	1	91008
182.032	0.25	0	1	91016
182.05	0.25	1	2	91025
182.066	0.25	1	2	91033
182.082	0.25	1	2	91041
182.1	0.25	1	2	91050
182.116	0.25	0	1	91058
182.132	0.25	0	1	91066
182.15	0.25	1	2	91075
182.166	0.25	1	2	91083
182.182	0.25	1	2	91091
182.2	0.25	1	2	91100
182.216	0.25	0	1	91108
182.232	0.25	0	1	91116
182.25	0.25	0	1	91125
182.266	0.25	0	1	91133
182.282	0.25	0	1	91141
182.3	0.25	0	1	91150
182.316	0.25	1	2	91158
182.332	0.25	1	2	91166
182.35	0.25	1	2	91175
182.366	0.25	1	2	91183
182.382	0.25	1	2	91191
182.4	0.25	1	2	91200
182.416	0.25	0	1	91208
182.432	0.25	0	1	91216
182.45	0.25	0	1	91225
182.466	0.25	0	1	91233
182.482	0.25	0	1	91241
182.5	0.25	0	1	91250
182.516	0.25	1	2	91258
182.532	0.25	1	2	91266
182.55	0.25	1	2	91275
182.566	0.25	1	2	91283
182.582	0.25	1	2	91291
182.6	0.25	1	2	91300
182.616	0.25	1	2	91308
182.632	0.25	1	2	91316
182.65	0.25	1	2	91325
182.666	0.25	1	2	91333
182.682	0.25	0	1	91341
182.7	0.25	0	1	91350
182.716	0.25	0	1	91358
182.732	0.25	0	1	91366
182.75	0.25	1	2	91375
182.766	0.25	1	2	91383
182.782	0.25	0	1	91391
182.8	0.25	0	1	91400
182.816	0.25	1	2	91408
182.832	0.25	1	2	91416
182.85	0.25	0	1	91425
182.866	0.25	0	1	91433
182.882	0.25	0	1	91441
182.9	0.25	0	1	91450
182.916	0.25	1	2	91458
182.932	0.25	1	2	91466
182.95	0.25	1	2	91475
182.966	0.25	1	2	91483
182.982	0.25	0	1	91491
183.0	0.25	0	1	91500
183.016	0.25	0	1	91508
183.032	0.25	0	1	91516
183.05	0.25	0	1	91525
183.066	0.25	0	1	91533
183.082	0.25	0	1	91541
183.1	0.25	0	1	91550
183.116	0.25	1	2	91558
183.132	0.25	1	2	91566
183.15	0.25	0	1	91575
183.166	0.25	0	1	91583
183.182	0.25	0	1	91591
183.2	0.25	0	1	91600
183.216	0.25	0	1	91608
183.232	0.25	0	1	91616
183.25	0.25	0	1	91625
183.266	0.25	0	1	91633
183.282	0.25	1	2	91641
183.3	0.25	1	2	91650
183.316	0.25	1	2	91658
183.332	0.25	1	2	91666
183.35	0.25	1	2	91675
183.366	0.25	1	2	91683
183.382	0.25	1	2	91691
183.4	0.25	1	2	91700
183.416	0.25	1	2	91708
183.432	0.25	1	2	91716
183.45	0.25	1	2	91725
183.466	0.25	1	2	91733
183.482	0.25	0	1	91741
183.5	0.25	0	1	91750
183.516	0.25	1	2	91758
183.532	0.25	1	2	91766
183.55	0.25	0	1	91775
183.566	0.25	0	1	91783
183.582	0.25	1	2	91791
183.6	0.25	1	2	91800
183.616	0.25	0	1	91808
183.632	0.25	0	1	91816
183.65	0.25	0	1	91825
183.666	0.25	0	1	91833
183.682	0.25	1	2	91841
183.7	0.25	1	2	91850
183.716	0.25	1	2	91858
183.732	0.25	1	2	91866
183.75	0.25	0	1	91875
183.766	0.25	0	1	91883
183.782	0.25	0	1	91891
185.266	0.25	1	2	92633
185.282	0.25	1	2	92641
185.3	0.25	1	2	92650
185.316	0.25	1	2	92658
185.332	0.25	0	1	92666
185.35	0.25	0	1	92675
185.366	0.25	0	1	92683
185.382	0.25	0	1	92691
185.4	0.25	0	1	92700
185.416	0.25	0	1	92708
185.432	0.25	0	1	92716
185.45	0.25	0	1	92725
185.466	0.25	1	2	92733
185.482	0.25	1	2	92741
185.5	0.25	0	1	92750
185.516	0.25	0	1	92758
185.532	0.25	0	1	92766
185.55	0.25	0	1	92775
185.566	0.25	1	2	92783
185.582	0.25	1	2	92791
185.6	0.25	1	2	92800
185.616	0.25	1	2	92808
185.632	0.25	0	1	92816
185.65	0.25	0	1	92825
185.666	0.25	0	1	92833
185.682	0.25	0	1	92841
185.7	0.25	0	1	92850
185.716	0.25	0	1	92858
185.732	0.25	0	1	92866
185.75	0.25	0	1	92875
185.766	0.25	0	1	92883
185.782	0.25	0	1	92891
185.8	0.25	0	1	92900
185.816	0.25	0	1	92908
185.832	0.25	1	2	92916
185.85	0.25	1	2	92925
185.866	0.25	0	1	92933
185.882	0.25	0	1	92941
185.9	0.25	1	2	92950
185.916	0.25	1	2	92958
185.932	0.25	1	2	92966
185.95	0.25	1	2	92975
185.966	0.25	0	1	92983
185.982	0.25	0	1	92991
186.0	0.25	1	2	93000
186.016	0.25	1	2	93008
186.032	0.25	0	1	93016
186.05	0.25	0	1	93025
186.066	0.25	1	2	93033
186.082	0.25	1	2	93041
186.1	0.25	0	1	93050
186.116	0.25	0	1	93058
186.132	0.25	1	2	93066
186.15	0.25	1	2	93075
186.166	0.25	0	1	93083
186.182	0.25	0	1	93091
186.2	0.25	0	1	93100
186.216	0.25	0	1	93108
186.232	0.25	0	1	93116
186.25	0.25	0	1	93125
186.266	0.25	1	2	93133
186.282	0.25	1	2	93141
186.3	0.25	1	2	93150
186.316	0.25	1	2	93158
186.332	0.25	1	2	93166
186.35	0.25	1	2	93175
186.366	0.25	0	1	93183
186.382	0.25	0	1	93191
186.4	0.25	1	2	93200
186.416	0.25	1	2	93208
186.432	0.25	1	2	93216
186.45	0.25	1	2	93225
186.466	0.25	1	2	93233
186.482	0.25	1	2	93241
186.5	0.25	0	1	93250
186.516	0.25	0	1	93258
186.532	0.25	1	2	93266
186.55	0.25	1	2	93275
186.566	0.25	0	1	93283
186.582	0.25	0	1	93291
186.6	0.25	1	2	93300
186.616	0.25	1	2	93308
186.632	0.25	1	2	93316
186.65	0.25	1	2	93325
186.666	0.25	0	1	93333
186.682	0.25	0	1	93341
186.7	0.25	0	1	93350
186.716	0.25	0	1	93358
186.732	0.25	0	1	93366
186.75	0.25	0	1	93375
186.766	0.25	1	2	93383
186.782	0.25	1	2	93391
186.8	0.25	1	2	93400
186.816	0.25	1	2	93408
186.832	0.25	0	1	93416
186.85	0.25	0	1	93425
186.866	0.25	1	2	93433
186.882	0.25	1	2	93441
186.9	0.25	1	2	93450
186.916	0.25	1	2	93458
186.932	0.25	1	2	93466
186.95	0.25	1	2	93475
186.966	0.25	0	1	93483
186.982	0.25	0	1	93491
187.0	0.25	0	1	93500
187.016	0.25	0	1	93508
187.032	0.25	0	1	93516
187.05	0.25	0	1	93525
187.066	0.25	0	1	93533
187.082	0.25	0	1	93541
187.1	0.25	0	1	93550
187.116	0.25	0	1	93558
187.132	0.25	1	2	93566
187.15	0.25	1	2	93575
187.166	0.25	1	2	93583
187.182	0.25	1	2	93591
187.2	0.25	1	2	93600
188.682	0.25	1	2	94341
188.7	0.25	1	2	94350
188.716	0.25	1	2	94358
188.732	0.25	1	2	94366
188.75	0.25	1	2	94375
188.766	0.25	1	2	94383
188.782	0.25	1	2	94391
188.8	0.25	1	2	94400
188.816	0.25	1	2	94408
188.832	0.25	1	2	94416
188.85	0.25	1	2	94425
188.866	0.25	1	2	94433
188.882	0.25	1	2	94441
188.9	0.25	1	2	94450
188.916	0.25	0	1	94458
188.932	0.25	0	1	94466
188.95	0.25	0	1	94475
188.966	0.25	0	1	94483
188.982	0.25	1	2	94491
189.0	0.25	1	2	94500
189.016	0.25	1	2	94508
189.032	0.25	1	2	94516
189.05	0.25	0	1	94525
189.066	0.25	0	1	94533
189.082	0.25	0	1	94541
189.1	0.25	0	1	94550
189.116	0.25	1	2	94558
189.132	0.25	1	2	94566
189.15	0.25	1	2	94575
189.166	0.25	1	2	94583
189.182	0.25	0	1	94591
189.2	0.25	0	1	94600
189.216	0.25	0	1	94608
189.232	0.25	0	1	94616
189.25	0.25	1	2	94625
189.266	0.25	1	2	94633
189.282	0.25	0	1	94641
189.3	0.25	0	1	94650
189.316	0.25	1	2	94658
189.332	0.25	1	2	94666
189.35	0.25	1	2	94675
189.366	0.25	1	2	94683
189.382	0.25	0	1	94691
189.4	0.25	0	1	94700
189.416	0.25	1	2	94708
189.432	0.25	1	2	94716
189.45	0.25	0	1	94725
189.466	0.25	0	1	94733
189.482	0.25	0	1	94741
189.5	0.25	0	1	94750
189.516	0.25	1	2	94758
189.532	0.25	1	2	94766
189.55	0.25	0	1	94775
189.566	0.25	0	1	94783
189.582	0.25	1	2	94791
189.6	0.25	1	2	94800
189.616	0.25	1	2	94808
189.632	0.25	1	2	94816
189.65	0.25	1	2	94825
189.666	0.25	1	2	94833
189.682	0.25	0	1	94841
189.7	0.25	0	1	94850
189.716	0.25	0	1	94858
189.732	0.25	0	1	94866
189.75	0.25	0	1	94875
189.766	0.25	0	1	94883
189.782	0.25	1	2	94891
189.8	0.25	1	2	94900
189.816	0.25	0	1	94908
189.832	0.25	0	1	94916
189.85	0.25	1	2	94925
189.866	0.25	1	2	94933
189.882	0.25	1	2	94941
189.9	0.25	1	2	94950
189.916	0.25	1	2	94958
189.932	0.25	1	2	94966
189.95	0.25	0	1	94975
189.966	0.25	0	1	94983
189.982	0.25	0	1	94991
190.0	0.25	0	1	95000
190.016	0.25	1	2	95008
190.032	0.25	1	2	95016
190.05	0.25	0	1	95025
190.066	0.25	0	1	95033
190.082	0.25	1	2	95041
190.1	0.25	1	2	95050
190.116	0.25	0	1	95058
190.132	0.25	0	1	95066
190.15	0.25	0	1	95075
190.166	0.25	0	1	95083
190.182	0.25	0	1	95091
190.2	0.25	0	1	95100
190.216	0.25	1	2	95108
190.232	0.25	1	2	95116
190.25	0.25	1	2	95125
190.266	0.25	1	2	95133
190.282	0.25	0	1	95141
190.3	0.25	0	1	95150
190.316	0.25	1	2	95158
190.332	0.25	1	2	95166
190.35	0.25	0	1	95175
190.366	0.25	0	1	95183
190.382	0.25	0	1	95191
190.4	0.25	0	1	95200
190.416	0.25	0	1	95208
190.432	0.25	0	1	95216
190.45	0.25	1	2	95225
190.466	0.25	1	2	95233
190.482	0.25	0	1	95241
190.5	0.25	0	1	95250
190.516	0.25	1	2	95258
190.532	0.25	1	2	95266
190.55	0.25	0	1	95275
190.566	0.25	0	1	95283
190.582	0.25	0	1	95291
190.6	0.25	0	1	95300
190.616	0.25	1	2	95308
192.1	0.25	0	1	96050
192.116	0.25	0	1	96058
192.132	0.25	0	1	96066
192.15	0.25	0	1	96075
192.166	0.25	1	2	96083
192.182	0.25	1	2	96091
192.2	0.25	1	2	96100
192.216	0.25	1	2	96108
192.232	0.25	0	1	96116
192.25	0.25	0	1	96125
192.266	0.25	0	1	96133
192.282	0.25	0	1	96141
192.3	0.25	0	1	96150
192.316	0.25	0	1	96158
192.332	0.25	0	1	96166
192.35	0.25	0	1	96175
192.366	0.25	1	2	96183
192.382	0.25	1	2	96191
192.4	0.25	1	2	96200
192.416	0.25	1	2	96208
192.432	0.25	1	2	96216
192.45	0.25	1	2	96225
192.466	0.25	1	2	96233
192.482	0.25	1	2	96241
192.5	0.25	1	2	96250
192.516	0.25	1	2	96258
192.532	0.25	0	1	96266
192.55	0.25	0	1	96275
192.566	0.25	0	1	96283
192.582	0.25	0	1	96291
192.6	0.25	0	1	96300
192.616	0.25	0	1	96308
192.632	0.25	0	1	96316
192.65	0.25	0	1	96325
192.666	0.25	0	1	96333
192.682	0.25	0	1	96341
192.7	0.25	0	1	96350
192.716	0.25	0	1	96358
192.732	0.25	1	2	96366
192.75	0.25	1	2	96375
192.766	0.25	1	2	96383
192.782	0.25	1	2	96391
192.8	0.25	0	1	96400
192.816	0.25	0	1	96408
192.832	0.25	0	1	96416
192.85	0.25	0	1	96425
192.866	0.25	1	2	96433
192.882	0.25	1	2	96441
192.9	0.25	0	1	96450
192.916	0.25	0	1	96458
192.932	0.25	1	2	96466
192.95	0.25	1	2	96475
192.966	0.25	0	1	96483
192.982	0.25	0	1	96491
193.0	0.25	1	2	96500
193.016	0.25	1	2	96508
193.032	0.25	0	1	96516
193.05	0.25	0	1	96525
193.066	0.25	1	2	96533
193.082	0.25	1	2	96541
193.1	0.25	1	2	96550
193.116	0.25	1	2	96558
193.132	0.25	0	1	96566
193.15	0.25	0	1	96575
193.166	0.25	1	2	96583
193.182	0.25	1	2	96591
193.2	0.25	0	1	96600
193.216	0.25	0	1	96608
193.232	0.25	0	1	96616
193.25	0.25	0	1	96625
193.266	0.25	0	1	96633
193.282	0.25	0	1	96641
193.3	0.25	1	2	96650
193.316	0.25	1	2	96658
193.332	0.25	0	1	96666
193.35	0.25	0	1	96675
193.366	0.25	0	1	96683
193.382	0.25	0	1	96691
193.4	0.25	0	1	96700
193.416	0.25	0	1	96708
193.432	0.25	1	2	96716
193.45	0.25	1	2	96725
193.466	0.25	1	2	96733
193.482	0.25	1	2	96741
193.5	0.25	1	2	96750
193.516	0.25	1	2	96758
193.532	0.25	0	1	96766
193.55	0.25	0	1	96775
193.566	0.25	1	2	96783
193.582	0.25	1	2	96791
193.6	0.25	0	1	96800
193.616	0.25	0	1	96808
193.632	0.25	1	2	96816
193.65	0.25	1	2	96825
193.666	0.25	1	2	96833
193.682	0.25	1	2	96841
193.7	0.25	1	2	96850
193.716	0.25	1	2	96858
193.732	0.25	1	2	96866
193.75	0.25	1	2	96875
193.766	0.25	1	2	96883
193.782	0.25	1	2	96891
193.8	0.25	0	1	96900
193.816	0.25	0	1	96908
193.832	0.25	0	1	96916
193.85	0.25	0	1	96925
193.866	0.25	1	2	96933
193.882	0.25	1	2	96941
193.9	0.25	0	1	96950
193.916	0.25	0	1	96958
193.932	0.25	0	1	96966
193.95	0.25	0	1	96975
193.966	0.25	0	1	96983
193.982	0.25	0	1	96991
194.0	0.25	1	2	97000
194.016	0.25	1	2	97008
194.032	0.25	1	2	97016
196.4	0.25	0	1	98200
196.416	0.25	0	1	98208
196.432	0.25	0	1	98216
196.45	0.25	0	1	98225
196.466	0.25	1	2	98233
196.482	0.25	1	2	98241
196.5	0.25	1	2	98250
196.516	0.25	1	2	98258
196.532	0.25	0	1	98266
196.55	0.25	0	1	98275
196.566	0.25	0	1	98283
196.582	0.25	0	1	98291
196.6	0.25	0	1	98300
196.616	0.25	0	1	98308
196.632	0.25	0	1	98316
196.65	0.25	0	1	98325
196.666	0.25	1	2	98333
196.682	0.25	1	2	98341
196.7	0.25	1	2	98350
196.716	0.25	1	2	98358
196.732	0.25	1	2	98366
196.75	0.25	1	2	98375
196.766	0.25	1	2	98383
196.782	0.25	1	2	98391
196.8	0.25	1	2	98400
196.816	0.25	1	2	98408
196.832	0.25	0	1	98416
196.85	0.25	0	1	98425
196.866	0.25	0	1	98433
196.882	0.25	0	1	98441
196.9	0.25	0	1	98450
196.916	0.25	0	1	98458
196.932	0.25	0	1	98466
196.95	0.25	0	1	98475
196.966	0.25	0	1	98483
196.982	0.25	0	1	98491
197.0	0.25	0	1	98500
197.016	0.25	0	1	98508
197.032	0.25	1	2	98516
197.05	0.25	1	2	98525
197.066	0.25	1	2	98533
197.082	0.25	1	2	98541
197.1	0.25	0	1	98550
197.116	0.25	0	1	98558
197.132	0.25	0	1	98566
197.15	0.25	0	1	98575
197.166	0.25	1	2	98583
197.182	0.25	1	2	98591
197.2	0.25	0	1	98600
197.216	0.25	0	1	98608
197.232	0.25	1	2	98616
197.25	0.25	1	2	98625
197.266	0.25	0	1	98633
197.282	0.25	0	1	98641
197.3	0.25	1	2	98650
197.316	0.25	1	2	98658
197.332	0.25	0	1	98666
197.35	0.25	0	1	98675
197.366	0.25	1	2	98683
197.382	0.25	1	2	98691
197.4	0.25	1	2	98700
197.416	0.25	1	2	98708
197.432	0.25	0	1	98716
197.45	0.25	0	1	98725
197.466	0.25	1	2	98733
197.482	0.25	1	2	98741
197.5	0.25	0	1	98750
197.516	0.25	0	1	98758
197.532	0.25	0	1	98766
197.55	0.25	0	1	98775
197.566	0.25	0	1	98783
197.582	0.25	0	1	98791
197.6	0.25	1	2	98800
197.616	0.25	1	2	98808
197.632	0.25	0	1	98816
197.65	0.25	0	1	98825
197.666	0.25	0	1	98833
197.682	0.25	0	1	98841
197.7	0.25	0	1	98850
197.716	0.25	0	1	98858
197.732	0.25	1	2	98866
197.75	0.25	1	2	98875
197.766	0.25	1	2	98883
197.782	0.25	1	2	98891
197.8	0.25	1	2	98900
197.816	0.25	1	2	98908
197.832	0.25	0	1	98916
197.85	0.25	0	1	98925
197.866	0.25	1	2	98933
197.882	0.25	1	2	98941
197.9	0.25	0	1	98950
197.916	0.25	0	1	98958
197.932	0.25	1	2	98966
197.95	0.25	1	2	98975
197.966	0.25	1	2	98983
197.982	0.25	1	2	98991
198.0	0.25	1	2	99000
198.016	0.25	1	2	99008
198.032	0.25	1	2	99016
198.05	0.25	1	2	99025
198.066	0.25	1	2	99033
198.082	0.25	1	2	99041
198.1	0.25	0	1	99050
198.116	0.25	0	1	99058
198.132	0.25	0	1	99066
198.15	0.25	0	1	99075
198.166	0.25	1	2	99083
198.182	0.25	1	2	99091
198.2	0.25	0	1	99100
198.216	0.25	0	1	99108
198.232	0.25	0	1	99116
198.25	0.25	0	1	99125
198.266	0.25	0	1	99133
198.282	0.25	0	1	99141
198.3	0.25	1	2	99150
198.316	0.25	1	2	99158
198.332	0.25	1	2	99166
199.816	0.25	1	2	99908
199.832	0.25	1	2	99916
199.85	0.25	1	2	99925
199.866	0.25	1	2	99933
199.882	0.25	0	1	99941
199.9	0.25	0	1	99950
199.916	0.25	1	2	99958
199.932	0.25	1	2	99966
199.95	0.25	1	2	99975
199.966	0.25	1	2	99983
199.982	0.25	0	1	99991
200.0	0.25	0	1	100000
200.016	0.25	1	2	100008
200.032	0.25	1	2	100016
200.05	0.25	1	2	100025
200.066	0.25	1	2	100033
200.082	0.25	0	1	100041
200.1	0.25	0	1	100050
200.116	0.25	1	2	100058
200.132	0.25	1	2	100066
200.15	0.25	1	2	100075
200.166	0.25	1	2	100083
200.182	0.25	0	1	100091
200.2	0.25	0	1	100100
200.216	0.25	0	1	100108
200.232	0.25	0	1	100116
200.25	0.25	0	1	100125
200.266	0.25	0	1	100133
200.282	0.25	1	2	100141
200.3	0.25	1	2	100150
200.316	0.25	1	2	100158
200.332	0.25	1	2	100166
200.35	0.25	1	2	100175
200.366	0.25	1	2	100183
200.382	0.25	0	1	100191
200.4	0.25	0	1	100200
200.416	0.25	0	1	100208
200.432	0.25	0	1	100216
200.45	0.25	0	1	100225
200.466	0.25	0	1	100233
200.482	0.25	1	2	100241
200.5	0.25	1	2	100250
200.516	0.25	1	2	100258
200.532	0.25	1	2	100266
200.55	0.25	1	2	100275
200.566	0.25	1	2	100283
200.582	0.25	1	2	100291
200.6	0.25	1	2	100300
200.616	0.25	1	2	100308
200.632	0.25	1	2	100316
200.65	0.25	0	1	100325
200.666	0.25	0	1	100333
200.682	0.25	0	1	100341
200.7	0.25	0	1	100350
200.716	0.25	1	2	100358
200.732	0.25	1	2	100366
200.75	0.25	0	1	100375
200.766	0.25	0	1	100383
200.782	0.25	1	2	100391
200.8	0.25	1	2	100400
200.816	0.25	0	1	100408
200.832	0.25	0	1	100416
200.85	0.25	0	1	100425
200.866	0.25	0	1	100433
200.882	0.25	1	2	100441
200.9	0.25	1	2	100450
200.916	0.25	1	2	100458
200.932	0.25	1	2	100466
200.95	0.25	0	1	100475
200.966	0.25	0	1	100483
200.982	0.25	0	1	100491
201.0	0.25	0	1	100500
201.016	0.25	0	1	100508
201.032	0.25	0	1	100516
201.05	0.25	0	1	100525
201.066	0.25	0	1	100533
201.082	0.25	1	2	100541
201.1	0.25	1	2	100550
201.116	0.25	0	1	100558
201.132	0.25	0	1	100566
201.15	0.25	0	1	100575
201.166	0.25	0	1	100583
201.182	0.25	0	1	100591
201.2	0.25	0	1	100600
201.216	0.25	0	1	100608
201.232	0.25	0	1	100616
201.25	0.25	1	2	100625
201.266	0.25	1	2	100633
201.282	0.25	1	2	100641
201.3	0.25	1	2	100650
201.316	0.25	1	2	100658
201.332	0.25	1	2	100666
201.35	0.25	1	2	100675
201.366	0.25	1	2	100683
201.382	0.25	1	2	100691
201.4	0.25	1	2	100700
201.416	0.25	1	2	100708
201.432	0.25	1	2	100716
201.45	0.25	0	1	100725
201.466	0.25	0	1	100733
201.482	0.25	1	2	100741
201.5	0.25	1	2	100750
201.516	0.25	0	1	100758
201.532	0.25	0	1	100766
201.55	0.25	1	2	100775
201.566	0.25	1	2	100783
201.582	0.25	0	1	100791
201.6	0.25	0	1	100800
201.616	0.25	0	1	100808
201.632	0.25	0	1	100816
201.65	0.25	1	2	100825
201.666	0.25	1	2	100833
201.682	0.25	1	2	100841
201.7	0.25	1	2	100850
201.716	0.25	0	1	100858
201.732	0.25	0	1	100866
201.75	0.25	0	1	100875
203.232	0.25	1	2	101616
203.25	0.25	1	2	101625
203.266	0.25	1	2	101633
203.282	0.25	1	2	101641
203.3	0.25	1	2	101650
203.316	0.25	1	2	101658
203.332	0.25	1	2	101666
203.35	0.25	1	2	101675
203.366	0.25	1	2	101683
203.382	0.25	1	2	101691
203.4	0.25	1	2	101700
203.416	0.25	1	2	101708
203.432	0.25	1	2	101716
203.45	0.25	1	2	101725
203.466	0.25	0	1	101733
203.482	0.25	0	1	101741
203.5	0.25	0	1	101750
203.516	0.25	0	1	101758
203.532	0.25	1	2	101766
203.55	0.25	1	2	101775
203.566	0.25	1	2	101783
203.582	0.25	1	2	101791
203.6	0.25	0	1	101800
203.616	0.25	0	1	101808
203.632	0.25	0	1	101816
203.65	0.25	0	1	101825
203.666	0.25	1	2	101833
203.682	0.25	1	2	101841
203.7	0.25	1	2	101850
203.716	0.25	1	2	101858
203.732	0.25	0	1	101866
203.75	0.25	0	1	101875
203.766	0.25	0	1	101883
203.782	0.25	0	1	101891
203.8	0.25	1	2	101900
203.816	0.25	1	2	101908
203.832	0.25	0	1	101916
203.85	0.25	0	1	101925
203.866	0.25	1	2	101933
203.882	0.25	1	2	101941
203.9	0.25	1	2	101950
203.916	0.25	1	2	101958
203.932	0.25	0	1	101966
203.95	0.25	0	1	101975
203.966	0.25	1	2	101983
203.982	0.25	1	2	101991
204.0	0.25	0	1	102000
204.016	0.25	0	1	102008
204.032	0.25	0	1	102016
204.05	0.25	0	1	102025
204.066	0.25	1	2	102033
204.082	0.25	1	2	102041
204.1	0.25	0	1	102050
204.116	0.25	0	1	102058
204.132	0.25	1	2	102066
204.15	0.25	1	2	102075
204.166	0.25	1	2	102083
204.182	0.25	1	2	102091
204.2	0.25	1	2	102100
204.216	0.25	1	2	102108
204.232	0.25	0	1	102116
204.25	0.25	0	1	102125
204.266	0.25	0	1	102133
204.282	0.25	0	1	102141
204.3	0.25	0	1	102150
204.316	0.25	0	1	102158
204.332	0.25	1	2	102166
204.35	0.25	1	2	102175
204.366	0.25	0	1	102183
204.382	0.25	0	1	102191
204.4	0.25	1	2	102200
204.416	0.25	1	2	102208
204.432	0.25	1	2	102216
204.45	0.25	1	2	102225
204.466	0.25	1	2	102233
204.482	0.25	1	2	102241
204.5	0.25	0	1	102250
204.516	0.25	0	1	102258
204.532	0.25	0	1	102266
204.55	0.25	0	1	102275
204.566	0.25	1	2	102283
204.582	0.25	1	2	102291
204.6	0.25	0	1	102300
204.616	0.25	0	1	102308
204.632	0.25	1	2	102316
204.65	0.25	1	2	102325
204.666	0.25	0	1	102333
204.682	0.25	0	1	102341
204.7	0.25	0	1	102350
204.716	0.25	0	1	102358
204.732	0.25	0	1	102366
204.75	0.25	0	1	102375
204.766	0.25	1	2	102383
204.782	0.25	1	2	102391
204.8	0.25	1	2	102400
204.816	0.25	1	2	102408
204.832	0.25	0	1	102416
204.85	0.25	0	1	102425
204.866	0.25	1	2	102433
204.882	0.25	1	2	102441
204.9	0.25	0	1	102450
204.916	0.25	0	1	102458
204.932	0.25	0	1	102466
204.95	0.25	0	1	102475
204.966	0.25	0	1	102483
204.982	0.25	0	1	102491
205.0	0.25	1	2	102500
205.016	0.25	1	2	102508
205.032	0.25	0	1	102516
205.05	0.25	0	1	102525
205.066	0.25	1	2	102533
205.082	0.25	1	2	102541
205.1	0.25	0	1	102550
205.116	0.25	0	1	102558
205.132	0.25	0	1	102566
205.15	0.25	0	1	102575
205.166	0.25	1	2	102583
206.65	0.25	1	2	103325
206.666	0.25	1	2	103333
206.682	0.25	1	2	103341
206.7	0.25	1	2	103350
206.716	0.25	0	1	103358
206.732	0.25	0	1	103366
206.75	0.25	0	1	103375
206.766	0.25	0	1	103383
206.782	0.25	0	1	103391
206.8	0.25	0	1	103400
206.816	0.25	0	1	103408
206.832	0.25	0	1	103416
206.85	0.25	1	2	103425
206.866	0.25	1	2	103433
206.882	0.25	0	1	103441
206.9	0.25	0	1	103450
206.916	0.25	0	1	103458
206.932	0.25	0	1	103466
206.95	0.25	1	2	103475
206.966	0.25	1	2	103483
206.982	0.25	1	2	103491
207.0	0.25	1	2	103500
207.016	0.25	0	1	103508
207.032	0.25	0	1	103516
207.05	0.25	0	1	103525
207.066	0.25	0	1	103533
207.082	0.25	0	1	103541
207.1	0.25	0	1	103550
207.116	0.25	0	1	103558
207.132	0.25	0	1	103566
207.15	0.25	0	1	103575
207.166	0.25	0	1	103583
207.182	0.25	0	1	103591
207.2	0.25	0	1	103600
207.216	0.25	1	2	103608
207.232	0.25	1	2	103616
207.25	0.25	0	1	103625
207.266	0.25	0	1	103633
207.282	0.25	1	2	103641
207.3	0.25	1	2	103650
207.316	0.25	1	2	103658
207.332	0.25	1	2	103666
207.35	0.25	0	1	103675
207.366	0.25	0	1	103683
207.382	0.25	1	2	103691
207.4	0.25	1	2	103700
207.416	0.25	0	1	103708
207.432	0.25	0	1	103716
207.45	0.25	1	2	103725
207.466	0.25	1	2	103733
207.482	0.25	0	1	103741
207.5	0.25	0	1	103750
207.516	0.25	1	2	103758
207.532	0.25	1	2	103766
207.55	0.25	0	1	103775
207.566	0.25	0	1	103783
207.582	0.25	0	1	103791
207.6	0.25	0	1	103800
207.616	0.25	0	1	103808
207.632	0.25	0	1	103816
207.65	0.25	1	2	103825
207.666	0.25	1	2	103833
207.682	0.25	1	2	103841
207.7	0.25	1	2	103850
207.716	0.25	1	2	103858
207.732	0.25	1	2	103866
207.75	0.25	0	1	103875
207.766	0.25	0	1	103883
207.782	0.25	1	2	103891
207.8	0.25	1	2	103900
207.816	0.25	1	2	103908
207.832	0.25	1	2	103916
207.85	0.25	1	2	103925
207.866	0.25	1	2	103933
207.882	0.25	0	1	103941
207.9	0.25	0	1	103950
207.916	0.25	1	2	103958
207.932	0.25	1	2	103966
207.95	0.25	0	1	103975
207.966	0.25	0	1	103983
207.982	0.25	1	2	103991
208.0	0.25	1	2	104000
208.016	0.25	1	2	104008
208.032	0.25	1	2	104016
208.05	0.25	0	1	104025
208.066	0.25	0	1	104033
208.082	0.25	0	1	104041
208.1	0.25	0	1	104050
208.116	0.25	0	1	104058
208.132	0.25	0	1	104066
208.15	0.25	1	2	104075
208.166	0.25	1	2	104083
208.182	0.25	1	2	104091
208.2	0.25	1	2	104100
208.216	0.25	0	1	104108
208.232	0.25	0	1	104116
208.25	0.25	1	2	104125
208.266	0.25	1	2	104133
208.282	0.25	1	2	104141
208.3	0.25	1	2	104150
208.316	0.25	1	2	104158
208.332	0.25	1	2	104166
208.35	0.25	0	1	104175
208.366	0.25	0	1	104183
208.382	0.25	0	1	104191
208.4	0.25	0	1	104200
208.416	0.25	0	1	104208
208.432	0.25	0	1	104216
208.45	0.25	0	1	104225
208.466	0.25	0	1	104233
208.482	0.25	0	1	104241
208.5	0.25	0	1	104250
208.516	0.25	1	2	104258
208.532	0.25	1	2	104266
208.55	0.25	1	2	104275
208.566	0.25	1	2	104283
208.582	0.25	1	2	104291
213.232	0.25	0	1	106616
213.25	0.25	0	1	106625
213.266	0.25	0	1	106633
213.282	0.25	0	1	106641
213.3	0.25	1	2	106650
213.316	0.25	1	2	106658
213.332	0.25	1	2	106666
213.35	0.25	1	2	106675
213.366	0.25	0	1	106683
213.382	0.25	0	1	106691
213.4	0.25	0	1	106700
213.416	0.25	0	1	106708
213.432	0.25	0	1	106716
213.45	0.25	0	1	106725
213.466	0.25	0	1	106733
213.482	0.25	0	1	106741
213.5	0.25	1	2	106750
213.516	0.25	1	2	106758
213.532	0.25	1	2	106766
213.55	0.25	1	2	106775
213.566	0.25	1	2	106783
213.582	0.25	1	2	106791
213.6	0.25	1	2	106800
213.616	0.25	1	2	106808
213.632	0.25	1	2	106816
213.65	0.25	1	2	106825
213.666	0.25	0	1	106833
213.682	0.25	0	1	106841
213.7	0.25	0	1	106850
213.716	0.25	0	1	106858
213.732	0.25	0	1	106866
213.75	0.25	0	1	106875
213.766	0.25	0	1	106883
213.782	0.25	0	1	106891
213.8	0.25	0	1	106900
213.816	0.25	0	1	106908
213.832	0.25	0	1	106916
213.85	0.25	0	1	106925
213.866	0.25	1	2	106933
213.882	0.25	1	2	106941
213.9	0.25	1	2	106950
213.916	0.25	1	2	106958
213.932	0.25	0	1	106966
213.95	0.25	0	1	106975
213.966	0.25	0	1	106983
213.982	0.25	0	1	106991
214.0	0.25	1	2	107000
214.016	0.25	1	2	107008
214.032	0.25	0	1	107016
214.05	0.25	0	1	107025
214.066	0.25	1	2	107033
214.082	0.25	1	2	107041
214.1	0.25	0	1	107050
214.116	0.25	0	1	107058
214.132	0.25	1	2	107066
214.15	0.25	1	2	107075
214.166	0.25	0	1	107083
214.182	0.25	0	1	107091
214.2	0.25	1	2	107100
214.216	0.25	1	2	107108
214.232	0.25	1	2	107116
214.25	0.25	1	2	107125
214.266	0.25	0	1	107133
214.282	0.25	0	1	107141
214.3	0.25	1	2	107150
214.316	0.25	1	2	107158
214.332	0.25	0	1	107166
214.35	0.25	0	1	107175
214.366	0.25	0	1	107183
214.382	0.25	0	1	107191
214.4	0.25	0	1	107200
214.416	0.25	0	1	107208
214.432	0.25	1	2	107216
214.45	0.25	1	2	107225
214.466	0.25	0	1	107233
214.482	0.25	0	1	107241
214.5	0.25	0	1	107250
214.516	0.25	0	1	107258
214.532	0.25	0	1	107266
214.55	0.25	0	1	107275
214.566	0.25	1	2	107283
214.582	0.25	1	2	107291
214.6	0.25	1	2	107300
214.616	0.25	1	2	107308
214.632	0.25	1	2	107316
214.65	0.25	1	2	107325
214.666	0.25	0	1	107333
214.682	0.25	0	1	107341
214.7	0.25	1	2	107350
214.716	0.25	1	2	107358
214.732	0.25	0	1	107366
214.75	0.25	0	1	107375
214.766	0.25	1	2	107383
214.782	0.25	1	2	107391
214.8	0.25	1	2	107400
214.816	0.25	1	2	107408
214.832	0.25	1	2	107416
214.85	0.25	1	2	107425
214.866	0.25	1	2	107433
214.882	0.25	1	2	107441
214.9	0.25	1	2	107450
214.916	0.25	1	2	107458
214.932	0.25	0	1	107466
214.95	0.25	0	1	107475
214.966	0.25	0	1	107483
214.982	0.25	0	1	107491
215.0	0.25	1	2	107500
215.016	0.25	1	2	107508
215.032	0.25	0	1	107516
215.05	0.25	0	1	107525
215.066	0.25	0	1	107533
215.082	0.25	0	1	107541
215.1	0.25	0	1	107550
215.116	0.25	0	1	107558
215.132	0.25	1	2	107566
215.15	0.25	1	2	107575
215.166	0.25	1	2	107583
216.65	0.25	1	2	108325
216.666	0.25	1	2	108333
216.682	0.25	1	2	108341
216.7	0.25	1	2	108350
216.716	0.25	1	2	108358
216.732	0.25	1	2	108366
216.75	0.25	1	2	108375
216.766	0.25	1	2	108383
216.782	0.25	1	2	108391
216.8	0.25	1	2	108400
216.816	0.25	1	2	108408
216.832	0.25	1	2	108416
216.85	0.25	1	2	108425
216.866	0.25	1	2	108433
216.882	0.25	0	1	108441
216.9	0.25	0	1	108450
216.916	0.25	0	1	108458
216.932	0.25	0	1	108466
216.95	0.25	1	2	108475
216.966	0.25	1	2	108483
216.982	0.25	1	2	108491
217.0	0.25	1	2	108500
217.016	0.25	0	1	108508
217.032	0.25	0	1	108516
217.05	0.25	0	1	108525
217.066	0.25	0	1	108533
217.082	0.25	1	2	108541
217.1	0.25	1	2	108550
217.116	0.25	1	2	108558
217.132	0.25	1	2	108566
217.15	0.25	0	1	108575
217.166	0.25	0	1	108583
217.182	0.25	0	1	108591
217.2	0.25	0	1	108600
217.216	0.25	1	2	108608
217.232	0.25	1	2	108616
217.25	0.25	0	1	108625
217.266	0.25	0	1	108633
217.282	0.25	1	2	108641
217.3	0.25	1	2	108650
217.316	0.25	1	2	108658
217.332	0.25	1	2	108666
217.35	0.25	0	1	108675
217.366	0.25	0	1	108683
217.382	0.25	1	2	108691
217.4	0.25	1	2	108700
217.416	0.25	0	1	108708
217.432	0.25	0	1	108716
217.45	0.25	0	1	108725
217.466	0.25	0	1	108733
217.482	0.25	1	2	108741
217.5	0.25	1	2	108750
217.516	0.25	0	1	108758
217.532	0.25	0	1	108766
217.55	0.25	1	2	108775
217.566	0.25	1	2	108783
217.582	0.25	1	2	108791
217.6	0.25	1	2	108800
217.616	0.25	1	2	108808
217.632	0.25	1	2	108816
217.65	0.25	0	1	108825
217.666	0.25	0	1	108833
217.682	0.25	0	1	108841
217.7	0.25	0	1	108850
217.716	0.25	0	1	108858
217.732	0.25	0	1	108866
217.75	0.25	1	2	108875
217.766	0.25	1	2	108883
217.782	0.25	0	1	108891
217.8	0.25	0	1	108900
217.816	0.25	1	2	108908
217.832	0.25	1	2	108916
217.85	0.25	1	2	108925
217.866	0.25	1	2	108933
217.882	0.25	1	2	108941
217.9	0.25	1	2	108950
217.916	0.25	0	1	108958
217.932	0.25	0	1	108966
217.95	0.25	0	1	108975
217.966	0.25	0	1	108983
217.982	0.25	1	2	108991
218.0	0.25	1	2	109000
218.016	0.25	0	1	109008
218.032	0.25	0	1	109016
218.05	0.25	1	2	109025
218.066	0.25	1	2	109033
218.082	0.25	0	1	109041
218.1	0.25	0	1	109050
218.116	0.25	0	1	109058
218.132	0.25	0	1	109066
218.15	0.25	0	1	109075
218.166	0.25	0	1	109083
218.182	0.25	1	2	109091
218.2	0.25	1	2	109100
218.216	0.25	1	2	109108
218.232	0.25	1	2	109116
218.25	0.25	0	1	109125
218.266	0.25	0	1	109133
218.282	0.25	1	2	109141
218.3	0.25	1	2	109150
218.316	0.25	0	1	109158
218.332	0.25	0	1	109166
218.35	0.25	0	1	109175
218.366	0.25	0	1	109183
218.382	0.25	0	1	109191
218.4	0.25	0	1	109200
218.416	0.25	1	2	109208
218.432	0.25	1	2	109216
218.45	0.25	0	1	109225
218.466	0.25	0	1	109233
218.482	0.25	1	2	109241
218.5	0.25	1	2	109250
218.516	0.25	0	1	109258
218.532	0.25	0	1	109266
218.55	0.25	0	1	109275
218.566	0.25	0	1	109283
218.582	0.25	1	2	109291
220.066	0.25	1	2	110033
220.082	0.25	1	2	110041
220.1	0.25	1	2	110050
220.116	0.25	1	2	110058
220.132	0.25	0	1	110066
220.15	0.25	0	1	110075
220.166	0.25	1	2	110083
220.182	0.25	1	2	110091
220.2	0.25	1	2	110100
220.216	0.25	1	2	110108
220.232	0.25	0	1	110116
220.25	0.25	0	1	110125
220.266	0.25	1	2	110133
220.282	0.25	1	2	110141
220.3	0.25	1	2	110150
220.316	0.25	1	2	110158
220.332	0.25	0	1	110166
220.35	0.25	0	1	110175
220.366	0.25	1	2	110183
220.382	0.25	1	2	110191
220.4	0.25	1	2	110200
220.416	0.25	1	2	110208
220.432	0.25	0	1	110216
220.45	0.25	0	1	110225
220.466	0.25	0	1	110233
220.482	0.25	0	1	110241
220.5	0.25	0	1	110250
220.516	0.25	0	1	110258
220.532	0.25	1	2	110266
220.55	0.25	1	2	110275
220.566	0.25	1	2	110283
220.582	0.25	1	2	110291
220.6	0.25	1	2	110300
220.616	0.25	1	2	110308
220.632	0.25	0	1	110316
220.65	0.25	0	1	110325
220.666	0.25	0	1	110333
220.682	0.25	0	1	110341
220.7	0.25	0	1	110350
220.716	0.25	0	1	110358
220.732	0.25	1	2	110366
220.75	0.25	1	2	110375
220.766	0.25	1	2	110383
220.782	0.25	1	2	110391
220.8	0.25	1	2	110400
220.816	0.25	1	2	110408
220.832	0.25	1	2	110416
220.85	0.25	1	2	110425
220.866	0.25	1	2	110433
220.882	0.25	1	2	110441
220.9	0.25	0	1	110450
220.916	0.25	0	1	110458
220.932	0.25	0	1	110466
220.95	0.25	0	1	110475
220.966	0.25	1	2	110483
220.982	0.25	1	2	110491
221.0	0.25	0	1	110500
221.016	0.25	0	1	110508
221.032	0.25	1	2	110516
221.05	0.25	1	2	110525
221.066	0.25	0	1	110533
221.082	0.25	0	1	110541
221.1	0.25	0	1	110550
221.116	0.25	0	1	110558
221.132	0.25	1	2	110566
221.15	0.25	1	2	110575
221.166	0.25	1	2	110583
221.182	0.25	1	2	110591
221.2	0.25	0	1	110600
221.216	0.25	0	1	110608
221.232	0.25	0	1	110616
221.25	0.25	0	1	110625
221.266	0.25	0	1	110633
221.282	0.25	0	1	110641
221.3	0.25	0	1	110650
221.316	0.25	0	1	110658
221.332	0.25	1	2	110666
221.35	0.25	1	2	110675
221.366	0.25	0	1	110683
221.382	0.25	0	1	110691
221.4	0.25	0	1	110700
221.416	0.25	0	1	110708
221.432	0.25	0	1	110716
221.45	0.25	0	1	110725
221.466	0.25	0	1	110733
221.482	0.25	0	1	110741
221.5	0.25	1	2	110750
221.516	0.25	1	2	110758
221.532	0.25	1	2	110766
221.55	0.25	1	2	110775
221.566	0.25	1	2	110783
221.582	0.25	1	2	110791
221.6	0.25	1	2	110800
221.616	0.25	1	2	110808
221.632	0.25	1	2	110816
221.65	0.25	1	2	110825
221.666	0.25	1	2	110833
221.682	0.25	1	2	110841
221.7	0.25	0	1	110850
221.716	0.25	0	1	110858
221.732	0.25	1	2	110866
221.75	0.25	1	2	110875
221.766	0.25	0	1	110883
221.782	0.25	0	1	110891
221.8	0.25	1	2	110900
221.816	0.25	1	2	110908
221.832	0.25	0	1	110916
221.85	0.25	0	1	110925
221.866	0.25	0	1	110933
221.882	0.25	0	1	110941
221.9	0.25	1	2	110950
221.916	0.25	1	2	110958
221.932	0.25	1	2	110966
221.95	0.25	1	2	110975
221.966	0.25	0	1	110983
221.982	0.25	0	1	110991
222.0	0.25	0	1	111000
223.482	0.25	1	2	111741
223.5	0.25	1	2	111750
223.516	0.25	1	2	111758
223.532	0.25	1	2	111766
223.55	0.25	0	1	111775
223.566	0.25	0	1	111783
223.582	0.25	0	1	111791
223.6	0.25	0	1	111800
223.616	0.25	0	1	111808
223.632	0.25	0	1	111816
223.65	0.25	0	1	111825
223.666	0.25	0	1	111833
223.682	0.25	1	2	111841
223.7	0.25	1	2	111850
223.716	0.25	0	1	111858
223.732	0.25	0	1	111866
223.75	0.25	0	1	111875
223.766	0.25	0	1	111883
223.782	0.25	1	2	111891
223.8	0.25	1	2	111900
223.816	0.25	1	2	111908
223.832	0.25	1	2	111916
223.85	0.25	0	1	111925
223.866	0.25	0	1	111933
223.882	0.25	0	1	111941
223.9	0.25	0	1	111950
223.916	0.25	0	1	111958
223.932	0.25	0	1	111966
223.95	0.25	0	1	111975
223.966	0.25	0	1	111983
223.982	0.25	0	1	111991
224.0	0.25	0	1	112000
224.016	0.25	0	1	112008
224.032	0.25	0	1	112016
224.05	0.25	1	2	112025
224.066	0.25	1	2	112033
224.082	0.25	0	1	112041
224.1	0.25	0	1	112050
224.116	0.25	1	2	112058
224.132	0.25	1	2	112066
224.15	0.25	1	2	112075
224.166	0.25	1	2	112083
224.182	0.25	0	1	112091
224.2	0.25	0	1	112100
224.216	0.25	1	2	112108
224.232	0.25	1	2	112116
224.25	0.25	0	1	112125
224.266	0.25	0	1	112133
224.282	0.25	1	2	112141
224.3	0.25	1	2	112150
224.316	0.25	0	1	112158
224.332	0.25	0	1	112166
224.35	0.25	1	2	112175
224.366	0.25	1	2	112183
224.382	0.25	0	1	112191
224.4	0.25	0	1	112200
224.416	0.25	0	1	112208
224.432	0.25	0	1	112216
224.45	0.25	0	1	112225
224.466	0.25	0	1	112233
224.482	0.25	1	2	112241
224.5	0.25	1	2	112250
224.516	0.25	1	2	112258
224.532	0.25	1	2	112266
224.55	0.25	1	2	112275
224.566	0.25	1	2	112283
224.582	0.25	0	1	112291
224.6	0.25	0	1	112300
224.616	0.25	1	2	112308
224.632	0.25	1	2	112316
224.65	0.25	1	2	112325
224.666	0.25	1	2	112333
224.682	0.25	1	2	112341
224.7	0.25	1	2	112350
224.716	0.25	0	1	112358
224.732	0.25	0	1	112366
224.75	0.25	1	2	112375
224.766	0.25	1	2	112383
224.782	0.25	0	1	112391
224.8	0.25	0	1	112400
224.816	0.25	1	2	112408
224.832	0.25	1	2	112416
224.85	0.25	1	2	112425
224.866	0.25	1	2	112433
224.882	0.25	0	1	112441
224.9	0.25	0	1	112450
224.916	0.25	0	1	112458
224.932	0.25	0	1	112466
224.95	0.25	0	1	112475
224.966	0.25	0	1	112483
224.982	0.25	1	2	112491
225.0	0.25	1	2	112500
225.016	0.25	1	2	112508
225.032	0.25	1	2	112516
225.05	0.25	0	1	112525
225.066	0.25	0	1	112533
225.082	0.25	1	2	112541
225.1	0.25	1	2	112550
225.116	0.25	1	2	112558
225.132	0.25	1	2	112566
225.15	0.25	1	2	112575
225.166	0.25	1	2	112583
225.182	0.25	0	1	112591
225.2	0.25	0	1	112600
225.216	0.25	0	1	112608
225.232	0.25	0	1	112616
225.25	0.25	0	1	112625
225.266	0.25	0	1	112633
225.282	0.25	0	1	112641
225.3	0.25	0	1	112650
225.316	0.25	0	1	112658
225.332	0.25	0	1	112666
225.35	0.25	1	2	112675
225.366	0.25	1	2	112683
225.382	0.25	1	2	112691
225.4	0.25	1	2	112700
225.416	0.25	1	2	112708
