onset	duration	trial_type	value	sample
13.966	0.25	1	2	6983
13.982	0.25	1	2	6991
14.0	0.25	1	2	7000
14.016	0.25	1	2	7008
14.032	0.25	0	1	7016
14.05	0.25	0	1	7025
14.066	0.25	0	1	7033
14.082	0.25	0	1	7041
14.1	0.25	0	1	7050
14.116	0.25	0	1	7058
14.132	0.25	0	1	7066
14.15	0.25	0	1	7075
14.166	0.25	1	2	7083
14.182	0.25	1	2	7091
14.2	0.25	0	1	7100
14.216	0.25	0	1	7108
14.232	0.25	0	1	7116
14.25	0.25	0	1	7125
14.266	0.25	1	2	7133
14.282	0.25	1	2	7141
14.3	0.25	1	2	7150
14.316	0.25	1	2	7158
14.332	0.25	0	1	7166
14.35	0.25	0	1	7175
14.366	0.25	0	1	7183
14.382	0.25	0	1	7191
14.4	0.25	0	1	7200
14.416	0.25	0	1	7208
14.432	0.25	0	1	7216
14.45	0.25	0	1	7225
14.466	0.25	0	1	7233
14.482	0.25	0	1	7241
14.5	0.25	0	1	7250
14.516	0.25	0	1	7258
14.532	0.25	1	2	7266
14.55	0.25	1	2	7275
14.566	0.25	0	1	7283
14.582	0.25	0	1	7291
14.6	0.25	1	2	7300
14.616	0.25	1	2	7308
14.632	0.25	1	2	7316
14.65	0.25	1	2	7325
14.666	0.25	0	1	7333
14.682	0.25	0	1	7341
14.7	0.25	1	2	7350
14.716	0.25	1	2	7358
14.732	0.25	0	1	7366
14.75	0.25	0	1	7375
14.766	0.25	1	2	7383
14.782	0.25	1	2	7391
14.8	0.25	0	1	7400
14.816	0.25	0	1	7408
14.832	0.25	1	2	7416
14.85	0.25	1	2	7425
14.866	0.25	0	1	7433
14.882	0.25	0	1	7441
14.9	0.25	0	1	7450
14.916	0.25	0	1	7458
14.932	0.25	0	1	7466
14.95	0.25	0	1	7475
14.966	0.25	1	2	7483
14.982	0.25	1	2	7491
15.0	0.25	1	2	7500
15.016	0.25	1	2	7508
15.032	0.25	1	2	7516
15.05	0.25	1	2	7525
15.066	0.25	0	1	7533
15.082	0.25	0	1	7541
15.1	0.25	1	2	7550
15.116	0.25	1	2	7558
15.132	0.25	1	2	7566
15.15	0.25	1	2	7575
15.166	0.25	1	2	7583
15.182	0.25	1	2	7591
15.2	0.25	0	1	7600
15.216	0.25	0	1	7608
15.232	0.25	1	2	7616
15.25	0.25	1	2	7625
15.266	0.25	0	1	7633
15.282	0.25	0	1	7641
15.3	0.25	1	2	7650
15.316	0.25	1	2	7658
15.332	0.25	1	2	7666
15.35	0.25	1	2	7675
15.366	0.25	0	1	7683
15.382	0.25	0	1	7691
15.4	0.25	0	1	7700
15.416	0.25	0	1	7708
15.432	0.25	0	1	7716
15.45	0.25	0	1	7725
15.466	0.25	1	2	7733
15.482	0.25	1	2	7741
15.5	0.25	1	2	7750
15.516	0.25	1	2	7758
15.532	0.25	0	1	7766
15.55	0.25	0	1	7775
15.566	0.25	1	2	7783
15.582	0.25	1	2	7791
15.6	0.25	1	2	7800
15.616	0.25	1	2	7808
15.632	0.25	1	2	7816
15.65	0.25	1	2	7825
15.666	0.25	0	1	7833
15.682	0.25	0	1	7841
15.7	0.25	0	1	7850
15.716	0.25	0	1	7858
15.732	0.25	0	1	7866
15.75	0.25	0	1	7875
15.766	0.25	0	1	7883
15.782	0.25	0	1	7891
15.8	0.25	0	1	7900
15.816	0.25	0	1	7908
15.832	0.25	1	2	7916
15.85	0.25	1	2	7925
15.866	0.25	1	2	7933
15.882	0.25	1	2	7941
15.9	0.25	1	2	7950
17.4	0.25	0	1	8700
17.416	0.25	0	1	8708
17.432	0.25	0	1	8716
17.45	0.25	0	1	8725
17.466	0.25	1	2	8733
17.482	0.25	1	2	8741
17.5	0.25	1	2	8750
17.516	0.25	1	2	8758
17.532	0.25	0	1	8766
17.55	0.25	0	1	8775
17.566	0.25	0	1	8783
17.582	0.25	0	1	8791
17.6	0.25	0	1	8800
17.616	0.25	0	1	8808
17.632	0.25	0	1	8816
17.65	0.25	0	1	8825
17.666	0.25	1	2	8833
17.682	0.25	1	2	8841
17.7	0.25	1	2	8850
17.716	0.25	1	2	8858
17.732	0.25	1	2	8866
17.75	0.25	1	2	8875
17.766	0.25	1	2	8883
17.782	0.25	1	2	8891
17.8	0.25	1	2	8900
17.816	0.25	1	2	8908
17.832	0.25	0	1	8916
17.85	0.25	0	1	8925
17.866	0.25	0	1	8933
17.882	0.25	0	1	8941
17.9	0.25	0	1	8950
17.916	0.25	0	1	8958
17.932	0.25	0	1	8966
17.95	0.25	0	1	8975
17.966	0.25	0	1	8983
17.982	0.25	0	1	8991
18.0	0.25	0	1	9000
18.016	0.25	0	1	9008
18.032	0.25	1	2	9016
18.05	0.25	1	2	9025
18.066	0.25	1	2	9033
18.082	0.25	1	2	9041
18.1	0.25	0	1	9050
18.116	0.25	0	1	9058
18.132	0.25	0	1	9066
18.15	0.25	0	1	9075
18.166	0.25	1	2	9083
18.182	0.25	1	2	9091
18.2	0.25	0	1	9100
18.216	0.25	0	1	9108
18.232	0.25	1	2	9116
18.25	0.25	1	2	9125
18.266	0.25	0	1	9133
18.282	0.25	0	1	9141
18.3	0.25	1	2	9150
18.316	0.25	1	2	9158
18.332	0.25	0	1	9166
18.35	0.25	0	1	9175
18.366	0.25	1	2	9183
18.382	0.25	1	2	9191
18.4	0.25	1	2	9200
18.416	0.25	1	2	9208
18.432	0.25	0	1	9216
18.45	0.25	0	1	9225
18.466	0.25	1	2	9233
18.482	0.25	1	2	9241
18.5	0.25	0	1	9250
18.516	0.25	0	1	9258
18.532	0.25	0	1	9266
18.55	0.25	0	1	9275
18.566	0.25	0	1	9283
18.582	0.25	0	1	9291
18.6	0.25	1	2	9300
18.616	0.25	1	2	9308
18.632	0.25	0	1	9316
18.65	0.25	0	1	9325
18.666	0.25	0	1	9333
18.682	0.25	0	1	9341
18.7	0.25	0	1	9350
18.716	0.25	0	1	9358
18.732	0.25	1	2	9366
18.75	0.25	1	2	9375
18.766	0.25	1	2	9383
18.782	0.25	1	2	9391
18.8	0.25	1	2	9400
18.816	0.25	1	2	9408
18.832	0.25	0	1	9416
18.85	0.25	0	1	9425
18.866	0.25	1	2	9433
18.882	0.25	1	2	9441
18.9	0.25	0	1	9450
18.916	0.25	0	1	9458
18.932	0.25	1	2	9466
18.95	0.25	1	2	9475
18.966	0.25	1	2	9483
18.982	0.25	1	2	9491
19.0	0.25	1	2	9500
19.016	0.25	1	2	9508
19.032	0.25	1	2	9516
19.05	0.25	1	2	9525
19.066	0.25	1	2	9533
19.082	0.25	1	2	9541
19.1	0.25	0	1	9550
19.116	0.25	0	1	9558
19.132	0.25	0	1	9566
19.15	0.25	0	1	9575
19.166	0.25	1	2	9583
19.182	0.25	1	2	9591
19.2	0.25	0	1	9600
19.216	0.25	0	1	9608
19.232	0.25	0	1	9616
19.25	0.25	0	1	9625
19.266	0.25	0	1	9633
19.282	0.25	0	1	9641
19.3	0.25	1	2	9650
19.316	0.25	1	2	9658
19.332	0.25	1	2	9666
20.8	0.25	1	2	10400
20.816	0.25	1	2	10408
20.832	0.25	1	2	10416
20.85	0.25	1	2	10425
20.866	0.25	0	1	10433
20.882	0.25	0	1	10441
20.9	0.25	1	2	10450
20.916	0.25	1	2	10458
20.932	0.25	1	2	10466
20.95	0.25	1	2	10475
20.966	0.25	0	1	10483
20.982	0.25	0	1	10491
21.0	0.25	1	2	10500
21.016	0.25	1	2	10508
21.032	0.25	1	2	10516
21.05	0.25	1	2	10525
21.066	0.25	0	1	10533
21.082	0.25	0	1	10541
21.1	0.25	1	2	10550
21.116	0.25	1	2	10558
21.132	0.25	1	2	10566
21.15	0.25	1	2	10575
21.166	0.25	0	1	10583
21.182	0.25	0	1	10591
21.2	0.25	0	1	10600
21.216	0.25	0	1	10608
21.232	0.25	0	1	10616
21.25	0.25	0	1	10625
21.266	0.25	1	2	10633
21.282	0.25	1	2	10641
21.3	0.25	1	2	10650
21.316	0.25	1	2	10658
21.332	0.25	1	2	10666
21.35	0.25	1	2	10675
21.366	0.25	0	1	10683
21.382	0.25	0	1	10691
21.4	0.25	0	1	10700
21.416	0.25	0	1	10708
21.432	0.25	0	1	10716
21.45	0.25	0	1	10725
21.466	0.25	1	2	10733
21.482	0.25	1	2	10741
21.5	0.25	1	2	10750
21.516	0.25	1	2	10758
21.532	0.25	1	2	10766
21.55	0.25	1	2	10775
21.566	0.25	1	2	10783
21.582	0.25	1	2	10791
21.6	0.25	1	2	10800
21.616	0.25	1	2	10808
21.632	0.25	0	1	10816
21.65	0.25	0	1	10825
21.666	0.25	0	1	10833
21.682	0.25	0	1	10841
21.7	0.25	1	2	10850
21.716	0.25	1	2	10858
21.732	0.25	0	1	10866
21.75	0.25	0	1	10875
21.766	0.25	1	2	10883
21.782	0.25	1	2	10891
21.8	0.25	0	1	10900
21.816	0.25	0	1	10908
21.832	0.25	0	1	10916
21.85	0.25	0	1	10925
21.866	0.25	1	2	10933
21.882	0.25	1	2	10941
21.9	0.25	1	2	10950
21.916	0.25	1	2	10958
21.932	0.25	0	1	10966
21.95	0.25	0	1	10975
21.966	0.25	0	1	10983
21.982	0.25	0	1	10991
22.0	0.25	0	1	11000
22.016	0.25	0	1	11008
22.032	0.25	0	1	11016
22.05	0.25	0	1	11025
22.066	0.25	1	2	11033
22.082	0.25	1	2	11041
22.1	0.25	0	1	11050
22.116	0.25	0	1	11058
22.132	0.25	0	1	11066
22.15	0.25	0	1	11075
22.166	0.25	0	1	11083
22.182	0.25	0	1	11091
22.2	0.25	0	1	11100
22.216	0.25	0	1	11108
22.232	0.25	1	2	11116
22.25	0.25	1	2	11125
22.266	0.25	1	2	11133
22.282	0.25	1	2	11141
22.3	0.25	1	2	11150
22.316	0.25	1	2	11158
22.332	0.25	1	2	11166
22.35	0.25	1	2	11175
22.366	0.25	1	2	11183
22.382	0.25	1	2	11191
22.4	0.25	1	2	11200
22.416	0.25	1	2	11208
22.432	0.25	0	1	11216
22.45	0.25	0	1	11225
22.466	0.25	1	2	11233
22.482	0.25	1	2	11241
22.5	0.25	0	1	11250
22.516	0.25	0	1	11258
22.532	0.25	1	2	11266
22.55	0.25	1	2	11275
22.566	0.25	0	1	11283
22.582	0.25	0	1	11291
22.6	0.25	0	1	11300
22.616	0.25	0	1	11308
22.632	0.25	1	2	11316
22.65	0.25	1	2	11325
22.666	0.25	1	2	11333
22.682	0.25	1	2	11341
22.7	0.25	0	1	11350
22.716	0.25	0	1	11358
22.732	0.25	0	1	11366
24.216	0.25	1	2	12108
24.232	0.25	1	2	12116
24.25	0.25	1	2	12125
24.266	0.25	1	2	12133
24.282	0.25	1	2	12141
24.3	0.25	1	2	12150
24.316	0.25	1	2	12158
24.332	0.25	1	2	12166
24.35	0.25	1	2	12175
24.366	0.25	1	2	12183
24.382	0.25	1	2	12191
24.4	0.25	1	2	12200
24.416	0.25	1	2	12208
24.432	0.25	1	2	12216
24.45	0.25	0	1	12225
24.466	0.25	0	1	12233
24.482	0.25	0	1	12241
24.5	0.25	0	1	12250
24.516	0.25	1	2	12258
24.532	0.25	1	2	12266
24.55	0.25	1	2	12275
24.566	0.25	1	2	12283
24.582	0.25	0	1	12291
24.6	0.25	0	1	12300
24.616	0.25	0	1	12308
24.632	0.25	0	1	12316
24.65	0.25	1	2	12325
24.666	0.25	1	2	12333
24.682	0.25	1	2	12341
24.7	0.25	1	2	12350
24.716	0.25	0	1	12358
24.732	0.25	0	1	12366
24.75	0.25	0	1	12375
24.766	0.25	0	1	12383
24.782	0.25	1	2	12391
24.8	0.25	1	2	12400
24.816	0.25	0	1	12408
24.832	0.25	0	1	12416
24.85	0.25	1	2	12425
24.866	0.25	1	2	12433
24.882	0.25	1	2	12441
24.9	0.25	1	2	12450
24.916	0.25	0	1	12458
24.932	0.25	0	1	12466
24.95	0.25	1	2	12475
24.966	0.25	1	2	12483
24.982	0.25	0	1	12491
25.0	0.25	0	1	12500
25.016	0.25	0	1	12508
25.032	0.25	0	1	12516
25.05	0.25	1	2	12525
25.066	0.25	1	2	12533
25.082	0.25	0	1	12541
25.1	0.25	0	1	12550
25.116	0.25	1	2	12558
25.132	0.25	1	2	12566
25.15	0.25	1	2	12575
25.166	0.25	1	2	12583
25.182	0.25	1	2	12591
25.2	0.25	1	2	12600
25.216	0.25	0	1	12608
25.232	0.25	0	1	12616
25.25	0.25	0	1	12625
25.266	0.25	0	1	12633
25.282	0.25	0	1	12641
25.3	0.25	0	1	12650
25.316	0.25	1	2	12658
25.332	0.25	1	2	12666
25.35	0.25	0	1	12675
25.366	0.25	0	1	12683
25.382	0.25	1	2	12691
25.4	0.25	1	2	12700
25.416	0.25	1	2	12708
25.432	0.25	1	2	12716
25.45	0.25	1	2	12725
25.466	0.25	1	2	12733
25.482	0.25	0	1	12741
25.5	0.25	0	1	12750
25.516	0.25	0	1	12758
25.532	0.25	0	1	12766
25.55	0.25	1	2	12775
25.566	0.25	1	2	12783
25.582	0.25	0	1	12791
25.6	0.25	0	1	12800
25.616	0.25	1	2	12808
25.632	0.25	1	2	12816
25.65	0.25	0	1	12825
25.666	0.25	0	1	12833
25.682	0.25	0	1	12841
25.7	0.25	0	1	12850
25.716	0.25	0	1	12858
25.732	0.25	0	1	12866
25.75	0.25	1	2	12875
25.766	0.25	1	2	12883
25.782	0.25	1	2	12891
25.8	0.25	1	2	12900
25.816	0.25	0	1	12908
25.832	0.25	0	1	12916
25.85	0.25	1	2	12925
25.866	0.25	1	2	12933
25.882	0.25	0	1	12941
25.9	0.25	0	1	12950
25.916	0.25	0	1	12958
25.932	0.25	0	1	12966
25.95	0.25	0	1	12975
25.966	0.25	0	1	12983
25.982	0.25	1	2	12991
26.0	0.25	1	2	13000
26.016	0.25	0	1	13008
26.032	0.25	0	1	13016
26.05	0.25	1	2	13025
26.066	0.25	1	2	13033
26.082	0.25	0	1	13041
26.1	0.25	0	1	13050
26.116	0.25	0	1	13058
26.132	0.25	0	1	13066
26.15	0.25	1	2	13075
28.632	0.25	1	2	14316
28.65	0.25	1	2	14325
28.666	0.25	1	2	14333
28.682	0.25	1	2	14341
28.7	0.25	1	2	14350
28.716	0.25	1	2	14358
28.732	0.25	1	2	14366
28.75	0.25	1	2	14375
28.766	0.25	1	2	14383
28.782	0.25	1	2	14391
28.8	0.25	1	2	14400
28.816	0.25	1	2	14408
28.832	0.25	1	2	14416
28.85	0.25	1	2	14425
28.866	0.25	0	1	14433
28.882	0.25	0	1	14441
28.9	0.25	0	1	14450
28.916	0.25	0	1	14458
28.932	0.25	1	2	14466
28.95	0.25	1	2	14475
28.966	0.25	1	2	14483
28.982	0.25	1	2	14491
29.0	0.25	0	1	14500
29.016	0.25	0	1	14508
29.032	0.25	0	1	14516
29.05	0.25	0	1	14525
29.066	0.25	1	2	14533
29.082	0.25	1	2	14541
29.1	0.25	1	2	14550
29.116	0.25	1	2	14558
29.132	0.25	0	1	14566
29.15	0.25	0	1	14575
29.166	0.25	0	1	14583
29.182	0.25	0	1	14591
29.2	0.25	1	2	14600
29.216	0.25	1	2	14608
29.232	0.25	0	1	14616
29.25	0.25	0	1	14625
29.266	0.25	1	2	14633
29.282	0.25	1	2	14641
29.3	0.25	1	2	14650
29.316	0.25	1	2	14658
29.332	0.25	0	1	14666
29.35	0.25	0	1	14675
29.366	0.25	1	2	14683
29.382	0.25	1	2	14691
29.4	0.25	0	1	14700
29.416	0.25	0	1	14708
29.432	0.25	0	1	14716
29.45	0.25	0	1	14725
29.466	0.25	1	2	14733
29.482	0.25	1	2	14741
29.5	0.25	0	1	14750
29.516	0.25	0	1	14758
29.532	0.25	1	2	14766
29.55	0.25	1	2	14775
29.566	0.25	1	2	14783
29.582	0.25	1	2	14791
29.6	0.25	1	2	14800
29.616	0.25	1	2	14808
29.632	0.25	0	1	14816
29.65	0.25	0	1	14825
29.666	0.25	0	1	14833
29.682	0.25	0	1	14841
29.7	0.25	0	1	14850
29.716	0.25	0	1	14858
29.732	0.25	1	2	14866
29.75	0.25	1	2	14875
29.766	0.25	0	1	14883
29.782	0.25	0	1	14891
29.8	0.25	1	2	14900
29.816	0.25	1	2	14908
29.832	0.25	1	2	14916
29.85	0.25	1	2	14925
29.866	0.25	1	2	14933
29.882	0.25	1	2	14941
29.9	0.25	0	1	14950
29.916	0.25	0	1	14958
29.932	0.25	0	1	14966
29.95	0.25	0	1	14975
29.966	0.25	1	2	14983
29.982	0.25	1	2	14991
30.0	0.25	0	1	15000
30.016	0.25	0	1	15008
30.032	0.25	1	2	15016
30.05	0.25	1	2	15025
30.066	0.25	0	1	15033
30.082	0.25	0	1	15041
30.1	0.25	0	1	15050
30.116	0.25	0	1	15058
30.132	0.25	0	1	15066
30.15	0.25	0	1	15075
30.166	0.25	1	2	15083
30.182	0.25	1	2	15091
30.2	0.25	1	2	15100
30.216	0.25	1	2	15108
30.232	0.25	0	1	15116
30.25	0.25	0	1	15125
30.266	0.25	1	2	15133
30.282	0.25	1	2	15141
30.3	0.25	0	1	15150
30.316	0.25	0	1	15158
30.332	0.25	0	1	15166
30.35	0.25	0	1	15175
30.366	0.25	0	1	15183
30.382	0.25	0	1	15191
30.4	0.25	1	2	15200
30.416	0.25	1	2	15208
30.432	0.25	0	1	15216
30.45	0.25	0	1	15225
30.466	0.25	1	2	15233
30.482	0.25	1	2	15241
30.5	0.25	0	1	15250
30.516	0.25	0	1	15258
30.532	0.25	0	1	15266
30.55	0.25	0	1	15275
30.566	0.25	1	2	15283
32.048	0.25	0	1	16024
32.066	0.25	0	1	16033
32.082	0.25	0	1	16041
32.1	0.25	0	1	16050
32.116	0.25	1	2	16058
32.132	0.25	1	2	16066
32.15	0.25	1	2	16075
32.166	0.25	1	2	16083
32.182	0.25	0	1	16091
32.2	0.25	0	1	16100
32.216	0.25	0	1	16108
32.232	0.25	0	1	16116
32.25	0.25	0	1	16125
32.266	0.25	0	1	16133
32.282	0.25	0	1	16141
32.298	0.25	0	1	16149
32.316	0.25	1	2	16158
32.332	0.25	1	2	16166
32.35	0.25	1	2	16175
32.366	0.25	1	2	16183
32.382	0.25	1	2	16191
32.4	0.25	1	2	16200
32.416	0.25	1	2	16208
32.432	0.25	1	2	16216
32.45	0.25	1	2	16225
32.466	0.25	1	2	16233
32.482	0.25	0	1	16241
32.5	0.25	0	1	16250
32.516	0.25	0	1	16258
32.532	0.25	0	1	16266
32.548	0.25	0	1	16274
32.566	0.25	0	1	16283
32.582	0.25	0	1	16291
32.6	0.25	0	1	16300
32.616	0.25	0	1	16308
32.632	0.25	0	1	16316
32.65	0.25	0	1	16325
32.666	0.25	0	1	16333
32.682	0.25	1	2	16341
32.7	0.25	1	2	16350
32.716	0.25	1	2	16358
32.732	0.25	1	2	16366
32.75	0.25	0	1	16375
32.766	0.25	0	1	16383
32.782	0.25	0	1	16391
32.8	0.25	0	1	16400
32.816	0.25	1	2	16408
32.832	0.25	1	2	16416
32.85	0.25	0	1	16425
32.866	0.25	0	1	16433
32.882	0.25	1	2	16441
32.9	0.25	1	2	16450
32.916	0.25	0	1	16458
32.932	0.25	0	1	16466
32.95	0.25	1	2	16475
32.966	0.25	1	2	16483
32.982	0.25	0	1	16491
33.0	0.25	0	1	16500
33.016	0.25	1	2	16508
33.032	0.25	1	2	16516
33.05	0.25	1	2	16525
33.066	0.25	1	2	16533
33.082	0.25	0	1	16541
33.1	0.25	0	1	16550
33.116	0.25	1	2	16558
33.132	0.25	1	2	16566
33.15	0.25	0	1	16575
33.166	0.25	0	1	16583
33.182	0.25	0	1	16591
33.2	0.25	0	1	16600
33.216	0.25	0	1	16608
33.232	0.25	0	1	16616
33.25	0.25	1	2	16625
33.266	0.25	1	2	16633
33.282	0.25	0	1	16641
33.3	0.25	0	1	16650
33.316	0.25	0	1	16658
33.332	0.25	0	1	16666
33.35	0.25	0	1	16675
33.366	0.25	0	1	16683
33.382	0.25	1	2	16691
33.4	0.25	1	2	16700
33.416	0.25	1	2	16708
33.432	0.25	1	2	16716
33.45	0.25	1	2	16725
33.466	0.25	1	2	16733
33.482	0.25	0	1	16741
33.5	0.25	0	1	16750
33.516	0.25	1	2	16758
33.532	0.25	1	2	16766
33.55	0.25	0	1	16775
33.566	0.25	0	1	16783
33.582	0.25	1	2	16791
33.6	0.25	1	2	16800
33.616	0.25	1	2	16808
33.632	0.25	1	2	16816
33.65	0.25	1	2	16825
33.666	0.25	1	2	16833
33.682	0.25	1	2	16841
33.7	0.25	1	2	16850
33.716	0.25	1	2	16858
33.732	0.25	1	2	16866
33.75	0.25	0	1	16875
33.766	0.25	0	1	16883
33.782	0.25	0	1	16891
33.8	0.25	0	1	16900
33.816	0.25	1	2	16908
33.832	0.25	1	2	16916
33.85	0.25	0	1	16925
33.866	0.25	0	1	16933
33.882	0.25	0	1	16941
33.9	0.25	0	1	16950
33.916	0.25	0	1	16958
33.932	0.25	0	1	16966
33.95	0.25	1	2	16975
33.966	0.25	1	2	16983
33.982	0.25	1	2	16991
35.466	0.25	1	2	17733
35.482	0.25	1	2	17741
35.5	0.25	1	2	17750
35.516	0.25	1	2	17758
35.532	0.25	0	1	17766
35.55	0.25	0	1	17775
35.566	0.25	0	1	17783
35.582	0.25	0	1	17791
35.6	0.25	0	1	17800
35.616	0.25	0	1	17808
35.632	0.25	0	1	17816
35.65	0.25	0	1	17825
35.666	0.25	1	2	17833
35.682	0.25	1	2	17841
35.7	0.25	0	1	17850
35.716	0.25	0	1	17858
35.732	0.25	0	1	17866
35.75	0.25	0	1	17875
35.766	0.25	1	2	17883
35.782	0.25	1	2	17891
35.8	0.25	1	2	17900
35.816	0.25	1	2	17908
35.832	0.25	0	1	17916
35.85	0.25	0	1	17925
35.866	0.25	0	1	17933
35.882	0.25	0	1	17941
35.9	0.25	0	1	17950
35.916	0.25	0	1	17958
35.932	0.25	0	1	17966
35.95	0.25	0	1	17975
35.966	0.25	0	1	17983
35.982	0.25	0	1	17991
36.0	0.25	0	1	18000
36.016	0.25	0	1	18008
36.032	0.25	1	2	18016
36.05	0.25	1	2	18025
36.066	0.25	0	1	18033
36.082	0.25	0	1	18041
36.1	0.25	1	2	18050
36.116	0.25	1	2	18058
36.132	0.25	1	2	18066
36.15	0.25	1	2	18075
36.166	0.25	0	1	18083
36.182	0.25	0	1	18091
36.2	0.25	1	2	18100
36.216	0.25	1	2	18108
36.232	0.25	0	1	18116
36.25	0.25	0	1	18125
36.266	0.25	1	2	18133
36.282	0.25	1	2	18141
36.3	0.25	0	1	18150
36.316	0.25	0	1	18158
36.332	0.25	1	2	18166
36.35	0.25	1	2	18175
36.366	0.25	0	1	18183
36.382	0.25	0	1	18191
36.4	0.25	0	1	18200
36.416	0.25	0	1	18208
36.432	0.25	0	1	18216
36.45	0.25	0	1	18225
36.466	0.25	1	2	18233
36.482	0.25	1	2	18241
36.5	0.25	1	2	18250
36.516	0.25	1	2	18258
36.532	0.25	1	2	18266
36.55	0.25	1	2	18275
36.566	0.25	0	1	18283
36.582	0.25	0	1	18291
36.6	0.25	1	2	18300
36.616	0.25	1	2	18308
36.632	0.25	1	2	18316
36.65	0.25	1	2	18325
36.666	0.25	1	2	18333
36.682	0.25	1	2	18341
36.7	0.25	0	1	18350
36.716	0.25	0	1	18358
36.732	0.25	1	2	18366
36.75	0.25	1	2	18375
36.766	0.25	0	1	18383
36.782	0.25	0	1	18391
36.8	0.25	1	2	18400
36.816	0.25	1	2	18408
36.832	0.25	1	2	18416
36.85	0.25	1	2	18425
36.866	0.25	0	1	18433
36.882	0.25	0	1	18441
36.9	0.25	0	1	18450
36.916	0.25	0	1	18458
36.932	0.25	0	1	18466
36.95	0.25	0	1	18475
36.966	0.25	1	2	18483
36.982	0.25	1	2	18491
37.0	0.25	1	2	18500
37.016	0.25	1	2	18508
37.032	0.25	0	1	18516
37.05	0.25	0	1	18525
37.066	0.25	1	2	18533
37.082	0.25	1	2	18541
37.1	0.25	1	2	18550
37.116	0.25	1	2	18558
37.132	0.25	1	2	18566
37.15	0.25	1	2	18575
37.166	0.25	0	1	18583
37.182	0.25	0	1	18591
37.2	0.25	0	1	18600
37.216	0.25	0	1	18608
37.232	0.25	0	1	18616
37.25	0.25	0	1	18625
37.266	0.25	0	1	18633
37.282	0.25	0	1	18641
37.3	0.25	0	1	18650
37.316	0.25	0	1	18658
37.332	0.25	1	2	18666
37.35	0.25	1	2	18675
37.366	0.25	1	2	18683
37.382	0.25	1	2	18691
37.4	0.25	1	2	18700
38.882	0.25	1	2	19441
38.9	0.25	1	2	19450
38.916	0.25	1	2	19458
38.932	0.25	1	2	19466
38.95	0.25	0	1	19475
38.966	0.25	0	1	19483
38.982	0.25	1	2	19491
39.0	0.25	1	2	19500
39.016	0.25	1	2	19508
39.032	0.25	1	2	19516
39.05	0.25	0	1	19525
39.066	0.25	0	1	19533
39.082	0.25	1	2	19541
39.1	0.25	1	2	19550
39.116	0.25	1	2	19558
39.132	0.25	1	2	19566
39.15	0.25	0	1	19575
39.166	0.25	0	1	19583
39.182	0.25	1	2	19591
39.2	0.25	1	2	19600
39.216	0.25	1	2	19608
39.232	0.25	1	2	19616
39.25	0.25	0	1	19625
39.266	0.25	0	1	19633
39.282	0.25	0	1	19641
39.3	0.25	0	1	19650
39.316	0.25	0	1	19658
39.332	0.25	0	1	19666
39.35	0.25	1	2	19675
39.366	0.25	1	2	19683
39.382	0.25	1	2	19691
39.4	0.25	1	2	19700
39.416	0.25	1	2	19708
39.432	0.25	1	2	19716
39.45	0.25	0	1	19725
39.466	0.25	0	1	19733
39.482	0.25	0	1	19741
39.5	0.25	0	1	19750
39.516	0.25	0	1	19758
39.532	0.25	0	1	19766
39.55	0.25	1	2	19775
39.566	0.25	1	2	19783
39.582	0.25	1	2	19791
39.6	0.25	1	2	19800
39.616	0.25	1	2	19808
39.632	0.25	1	2	19816
39.65	0.25	1	2	19825
39.666	0.25	1	2	19833
39.682	0.25	1	2	19841
39.7	0.25	1	2	19850
39.716	0.25	0	1	19858
39.732	0.25	0	1	19866
39.75	0.25	0	1	19875
39.766	0.25	0	1	19883
39.782	0.25	1	2	19891
39.8	0.25	1	2	19900
39.816	0.25	0	1	19908
39.832	0.25	0	1	19916
39.85	0.25	1	2	19925
39.866	0.25	1	2	19933
39.882	0.25	0	1	19941
39.9	0.25	0	1	19950
39.916	0.25	0	1	19958
39.932	0.25	0	1	19966
39.95	0.25	1	2	19975
39.966	0.25	1	2	19983
39.982	0.25	1	2	19991
40.0	0.25	1	2	20000
40.016	0.25	0	1	20008
40.032	0.25	0	1	20016
40.05	0.25	0	1	20025
40.066	0.25	0	1	20033
40.082	0.25	0	1	20041
40.1	0.25	0	1	20050
40.116	0.25	0	1	20058
40.132	0.25	0	1	20066
40.15	0.25	1	2	20075
40.166	0.25	1	2	20083
40.182	0.25	0	1	20091
40.2	0.25	0	1	20100
40.216	0.25	0	1	20108
40.232	0.25	0	1	20116
40.25	0.25	0	1	20125
40.266	0.25	0	1	20133
40.282	0.25	0	1	20141
40.3	0.25	0	1	20150
40.316	0.25	1	2	20158
40.332	0.25	1	2	20166
40.35	0.25	1	2	20175
40.366	0.25	1	2	20183
40.382	0.25	1	2	20191
40.4	0.25	1	2	20200
40.416	0.25	1	2	20208
40.432	0.25	1	2	20216
40.45	0.25	1	2	20225
40.466	0.25	1	2	20233
40.482	0.25	1	2	20241
40.5	0.25	1	2	20250
40.516	0.25	0	1	20258
40.532	0.25	0	1	20266
40.55	0.25	1	2	20275
40.566	0.25	1	2	20283
40.582	0.25	0	1	20291
40.6	0.25	0	1	20300
40.616	0.25	1	2	20308
40.632	0.25	1	2	20316
40.65	0.25	0	1	20325
40.666	0.25	0	1	20333
40.682	0.25	0	1	20341
40.7	0.25	0	1	20350
40.716	0.25	1	2	20358
40.732	0.25	1	2	20366
40.75	0.25	1	2	20375
40.766	0.25	1	2	20383
40.782	0.25	0	1	20391
40.8	0.25	0	1	20400
40.816	0.25	0	1	20408
43.166	0.25	1	2	21583
43.182	0.25	1	2	21591
43.2	0.25	1	2	21600
43.216	0.25	1	2	21608
43.232	0.25	0	1	21616
43.25	0.25	0	1	21625
43.266	0.25	1	2	21633
43.282	0.25	1	2	21641
43.3	0.25	1	2	21650
43.316	0.25	1	2	21658
43.332	0.25	0	1	21666
43.35	0.25	0	1	21675
43.366	0.25	1	2	21683
43.382	0.25	1	2	21691
43.4	0.25	1	2	21700
43.416	0.25	1	2	21708
43.432	0.25	0	1	21716
43.45	0.25	0	1	21725
43.466	0.25	1	2	21733
43.482	0.25	1	2	21741
43.5	0.25	1	2	21750
43.516	0.25	1	2	21758
43.532	0.25	0	1	21766
43.55	0.25	0	1	21775
43.566	0.25	0	1	21783
43.582	0.25	0	1	21791
43.6	0.25	0	1	21800
43.616	0.25	0	1	21808
43.632	0.25	1	2	21816
43.65	0.25	1	2	21825
43.666	0.25	1	2	21833
43.682	0.25	1	2	21841
43.7	0.25	1	2	21850
43.716	0.25	1	2	21858
43.732	0.25	0	1	21866
43.75	0.25	0	1	21875
43.766	0.25	0	1	21883
43.782	0.25	0	1	21891
43.8	0.25	0	1	21900
43.816	0.25	0	1	21908
43.832	0.25	1	2	21916
43.85	0.25	1	2	21925
43.866	0.25	1	2	21933
43.882	0.25	1	2	21941
43.9	0.25	1	2	21950
43.916	0.25	1	2	21958
43.932	0.25	1	2	21966
43.95	0.25	1	2	21975
43.966	0.25	1	2	21983
43.982	0.25	1	2	21991
44.0	0.25	0	1	22000
44.016	0.25	0	1	22008
44.032	0.25	0	1	22016
44.05	0.25	0	1	22025
44.066	0.25	1	2	22033
44.082	0.25	1	2	22041
44.1	0.25	0	1	22050
44.116	0.25	0	1	22058
44.132	0.25	1	2	22066
44.15	0.25	1	2	22075
44.166	0.25	0	1	22083
44.182	0.25	0	1	22091
44.2	0.25	0	1	22100
44.216	0.25	0	1	22108
44.232	0.25	1	2	22116
44.25	0.25	1	2	22125
44.266	0.25	1	2	22133
44.282	0.25	1	2	22141
44.3	0.25	0	1	22150
44.316	0.25	0	1	22158
44.332	0.25	0	1	22166
44.35	0.25	0	1	22175
44.366	0.25	0	1	22183
44.382	0.25	0	1	22191
44.4	0.25	0	1	22200
44.416	0.25	0	1	22208
44.432	0.25	1	2	22216
44.45	0.25	1	2	22225
44.466	0.25	0	1	22233
44.482	0.25	0	1	22241
44.5	0.25	0	1	22250
44.516	0.25	0	1	22258
44.532	0.25	0	1	22266
44.55	0.25	0	1	22275
44.566	0.25	0	1	22283
44.582	0.25	0	1	22291
44.6	0.25	1	2	22300
44.616	0.25	1	2	22308
44.632	0.25	1	2	22316
44.65	0.25	1	2	22325
44.666	0.25	1	2	22333
44.682	0.25	1	2	22341
44.7	0.25	1	2	22350
44.716	0.25	1	2	22358
44.732	0.25	1	2	22366
44.75	0.25	1	2	22375
44.766	0.25	1	2	22383
44.782	0.25	1	2	22391
44.8	0.25	0	1	22400
44.816	0.25	0	1	22408
44.832	0.25	1	2	22416
44.85	0.25	1	2	22425
44.866	0.25	0	1	22433
44.882	0.25	0	1	22441
44.9	0.25	1	2	22450
44.916	0.25	1	2	22458
44.932	0.25	0	1	22466
44.95	0.25	0	1	22475
44.966	0.25	0	1	22483
44.982	0.25	0	1	22491
45.0	0.25	1	2	22500
45.016	0.25	1	2	22508
45.032	0.25	1	2	22516
45.05	0.25	1	2	22525
45.066	0.25	0	1	22533
45.082	0.25	0	1	22541
45.1	0.25	0	1	22550
46.582	0.25	0	1	23291
46.6	0.25	0	1	23300
46.616	0.25	0	1	23308
46.632	0.25	0	1	23316
46.65	0.25	1	2	23325
46.666	0.25	1	2	23333
46.682	0.25	1	2	23341
46.7	0.25	1	2	23350
46.716	0.25	0	1	23358
46.732	0.25	0	1	23366
46.75	0.25	0	1	23375
46.766	0.25	0	1	23383
46.782	0.25	0	1	23391
46.8	0.25	0	1	23400
46.816	0.25	0	1	23408
46.832	0.25	0	1	23416
46.85	0.25	1	2	23425
46.866	0.25	1	2	23433
46.882	0.25	1	2	23441
46.9	0.25	1	2	23450
46.916	0.25	1	2	23458
46.932	0.25	1	2	23466
46.95	0.25	1	2	23475
46.966	0.25	1	2	23483
46.982	0.25	1	2	23491
47.0	0.25	1	2	23500
47.016	0.25	0	1	23508
47.032	0.25	0	1	23516
47.05	0.25	0	1	23525
47.066	0.25	0	1	23533
47.082	0.25	0	1	23541
47.1	0.25	0	1	23550
47.116	0.25	0	1	23558
47.132	0.25	0	1	23566
47.15	0.25	0	1	23575
47.166	0.25	0	1	23583
47.182	0.25	0	1	23591
47.2	0.25	0	1	23600
47.216	0.25	1	2	23608
47.232	0.25	1	2	23616
47.25	0.25	1	2	23625
47.266	0.25	1	2	23633
47.282	0.25	0	1	23641
47.3	0.25	0	1	23650
47.316	0.25	0	1	23658
47.332	0.25	0	1	23666
47.35	0.25	1	2	23675
47.366	0.25	1	2	23683
47.382	0.25	0	1	23691
47.4	0.25	0	1	23700
47.416	0.25	1	2	23708
47.432	0.25	1	2	23716
47.45	0.25	0	1	23725
47.466	0.25	0	1	23733
47.482	0.25	1	2	23741
47.5	0.25	1	2	23750
47.516	0.25	0	1	23758
47.532	0.25	0	1	23766
47.55	0.25	1	2	23775
47.566	0.25	1	2	23783
47.582	0.25	1	2	23791
47.6	0.25	1	2	23800
47.616	0.25	0	1	23808
47.632	0.25	0	1	23816
47.65	0.25	1	2	23825
47.666	0.25	1	2	23833
47.682	0.25	0	1	23841
47.7	0.25	0	1	23850
47.716	0.25	0	1	23858
47.732	0.25	0	1	23866
47.75	0.25	0	1	23875
47.766	0.25	0	1	23883
47.782	0.25	1	2	23891
47.8	0.25	1	2	23900
47.816	0.25	0	1	23908
47.832	0.25	0	1	23916
47.85	0.25	0	1	23925
47.866	0.25	0	1	23933
47.882	0.25	0	1	23941
47.9	0.25	0	1	23950
47.916	0.25	1	2	23958
47.932	0.25	1	2	23966
47.95	0.25	1	2	23975
47.966	0.25	1	2	23983
47.982	0.25	1	2	23991
48.0	0.25	1	2	24000
48.016	0.25	0	1	24008
48.032	0.25	0	1	24016
48.05	0.25	1	2	24025
48.066	0.25	1	2	24033
48.082	0.25	0	1	24041
48.1	0.25	0	1	24050
48.116	0.25	1	2	24058
48.132	0.25	1	2	24066
48.15	0.25	1	2	24075
48.166	0.25	1	2	24083
48.182	0.25	1	2	24091
48.2	0.25	1	2	24100
48.216	0.25	1	2	24108
48.232	0.25	1	2	24116
48.25	0.25	1	2	24125
48.266	0.25	1	2	24133
48.282	0.25	0	1	24141
48.3	0.25	0	1	24150
48.316	0.25	0	1	24158
48.332	0.25	0	1	24166
48.35	0.25	1	2	24175
48.366	0.25	1	2	24183
48.382	0.25	0	1	24191
48.4	0.25	0	1	24200
48.416	0.25	0	1	24208
48.432	0.25	0	1	24216
48.45	0.25	0	1	24225
48.466	0.25	0	1	24233
48.482	0.25	1	2	24241
48.5	0.25	1	2	24250
48.516	0.25	1	2	24258
50.0	0.25	1	2	25000
50.016	0.25	1	2	25008
50.032	0.25	1	2	25016
50.05	0.25	1	2	25025
50.066	0.25	0	1	25033
50.082	0.25	0	1	25041
50.1	0.25	0	1	25050
50.116	0.25	0	1	25058
50.132	0.25	0	1	25066
50.15	0.25	0	1	25075
50.166	0.25	0	1	25083
50.182	0.25	0	1	25091
50.2	0.25	1	2	25100
50.216	0.25	1	2	25108
50.232	0.25	0	1	25116
50.25	0.25	0	1	25125
50.266	0.25	0	1	25133
50.282	0.25	0	1	25141
50.3	0.25	1	2	25150
50.316	0.25	1	2	25158
50.332	0.25	1	2	25166
50.35	0.25	1	2	25175
50.366	0.25	0	1	25183
50.382	0.25	0	1	25191
50.4	0.25	0	1	25200
50.416	0.25	0	1	25208
50.432	0.25	0	1	25216
50.45	0.25	0	1	25225
50.466	0.25	0	1	25233
50.482	0.25	0	1	25241
50.5	0.25	0	1	25250
50.516	0.25	0	1	25258
50.532	0.25	0	1	25266
50.55	0.25	0	1	25275
50.566	0.25	1	2	25283
50.582	0.25	1	2	25291
50.6	0.25	0	1	25300
50.616	0.25	0	1	25308
50.632	0.25	1	2	25316
50.65	0.25	1	2	25325
50.666	0.25	1	2	25333
50.682	0.25	1	2	25341
50.7	0.25	0	1	25350
50.716	0.25	0	1	25358
50.732	0.25	1	2	25366
50.75	0.25	1	2	25375
50.766	0.25	0	1	25383
50.782	0.25	0	1	25391
50.8	0.25	1	2	25400
50.816	0.25	1	2	25408
50.832	0.25	0	1	25416
50.85	0.25	0	1	25425
50.866	0.25	1	2	25433
50.882	0.25	1	2	25441
50.9	0.25	0	1	25450
50.916	0.25	0	1	25458
50.932	0.25	0	1	25466
50.95	0.25	0	1	25475
50.966	0.25	0	1	25483
50.982	0.25	0	1	25491
51.0	0.25	1	2	25500
51.016	0.25	1	2	25508
51.032	0.25	1	2	25516
51.05	0.25	1	2	25525
51.066	0.25	1	2	25533
51.082	0.25	1	2	25541
51.1	0.25	0	1	25550
51.116	0.25	0	1	25558
51.132	0.25	1	2	25566
51.15	0.25	1	2	25575
51.166	0.25	1	2	25583
51.182	0.25	1	2	25591
51.2	0.25	1	2	25600
51.216	0.25	1	2	25608
51.232	0.25	0	1	25616
51.25	0.25	0	1	25625
51.266	0.25	1	2	25633
51.282	0.25	1	2	25641
51.3	0.25	0	1	25650
51.316	0.25	0	1	25658
51.332	0.25	1	2	25666
51.35	0.25	1	2	25675
51.366	0.25	1	2	25683
51.382	0.25	1	2	25691
51.4	0.25	0	1	25700
51.416	0.25	0	1	25708
51.432	0.25	0	1	25716
51.45	0.25	0	1	25725
51.466	0.25	0	1	25733
51.482	0.25	0	1	25741
51.5	0.25	1	2	25750
51.516	0.25	1	2	25758
51.532	0.25	1	2	25766
51.55	0.25	1	2	25775
51.566	0.25	0	1	25783
51.582	0.25	0	1	25791
51.6	0.25	1	2	25800
51.616	0.25	1	2	25808
51.632	0.25	1	2	25816
51.65	0.25	1	2	25825
51.666	0.25	1	2	25833
51.682	0.25	1	2	25841
51.7	0.25	0	1	25850
51.716	0.25	0	1	25858
51.732	0.25	0	1	25866
51.75	0.25	0	1	25875
51.766	0.25	0	1	25883
51.782	0.25	0	1	25891
51.8	0.25	0	1	25900
51.816	0.25	0	1	25908
51.832	0.25	0	1	25916
51.85	0.25	0	1	25925
51.866	0.25	1	2	25933
51.882	0.25	1	2	25941
51.9	0.25	1	2	25950
51.916	0.25	1	2	25958
51.932	0.25	1	2	25966
53.416	0.25	1	2	26708
53.432	0.25	1	2	26716
53.45	0.25	1	2	26725
53.466	0.25	1	2	26733
53.482	0.25	1	2	26741
53.5	0.25	1	2	26750
53.516	0.25	1	2	26758
53.532	0.25	1	2	26766
53.55	0.25	1	2	26775
53.566	0.25	1	2	26783
53.582	0.25	1	2	26791
53.6	0.25	1	2	26800
53.616	0.25	1	2	26808
53.632	0.25	1	2	26816
53.65	0.25	0	1	26825
53.666	0.25	0	1	26833
53.682	0.25	0	1	26841
53.7	0.25	0	1	26850
53.716	0.25	1	2	26858
53.732	0.25	1	2	26866
53.75	0.25	1	2	26875
53.766	0.25	1	2	26883
53.782	0.25	0	1	26891
53.8	0.25	0	1	26900
53.816	0.25	0	1	26908
53.832	0.25	0	1	26916
53.85	0.25	1	2	26925
53.866	0.25	1	2	26933
53.882	0.25	1	2	26941
53.9	0.25	1	2	26950
53.916	0.25	0	1	26958
53.932	0.25	0	1	26966
53.95	0.25	0	1	26975
53.966	0.25	0	1	26983
53.982	0.25	1	2	26991
54.0	0.25	1	2	27000
54.016	0.25	0	1	27008
54.032	0.25	0	1	27016
54.05	0.25	1	2	27025
54.066	0.25	1	2	27033
54.082	0.25	1	2	27041
54.1	0.25	1	2	27050
54.116	0.25	0	1	27058
54.132	0.25	0	1	27066
54.15	0.25	1	2	27075
54.166	0.25	1	2	27083
54.182	0.25	0	1	27091
54.2	0.25	0	1	27100
54.216	0.25	0	1	27108
54.232	0.25	0	1	27116
54.25	0.25	1	2	27125
54.266	0.25	1	2	27133
54.282	0.25	0	1	27141
54.3	0.25	0	1	27150
54.316	0.25	1	2	27158
54.332	0.25	1	2	27166
54.35	0.25	1	2	27175
54.366	0.25	1	2	27183
54.382	0.25	1	2	27191
54.4	0.25	1	2	27200
54.416	0.25	0	1	27208
54.432	0.25	0	1	27216
54.45	0.25	0	1	27225
54.466	0.25	0	1	27233
54.482	0.25	0	1	27241
54.5	0.25	0	1	27250
54.516	0.25	1	2	27258
54.532	0.25	1	2	27266
54.55	0.25	0	1	27275
54.566	0.25	0	1	27283
54.582	0.25	1	2	27291
54.6	0.25	1	2	27300
54.616	0.25	1	2	27308
54.632	0.25	1	2	27316
54.65	0.25	1	2	27325
54.666	0.25	1	2	27333
54.682	0.25	0	1	27341
54.7	0.25	0	1	27350
54.716	0.25	0	1	27358
54.732	0.25	0	1	27366
54.75	0.25	1	2	27375
54.766	0.25	1	2	27383
54.782	0.25	0	1	27391
54.8	0.25	0	1	27400
54.816	0.25	1	2	27408
54.832	0.25	1	2	27416
54.85	0.25	0	1	27425
54.866	0.25	0	1	27433
54.882	0.25	0	1	27441
54.9	0.25	0	1	27450
54.916	0.25	0	1	27458
54.932	0.25	0	1	27466
54.95	0.25	1	2	27475
54.966	0.25	1	2	27483
54.982	0.25	1	2	27491
55.0	0.25	1	2	27500
55.016	0.25	0	1	27508
55.032	0.25	0	1	27516
55.05	0.25	1	2	27525
55.066	0.25	1	2	27533
55.082	0.25	0	1	27541
55.1	0.25	0	1	27550
55.116	0.25	0	1	27558
55.132	0.25	0	1	27566
55.15	0.25	0	1	27575
55.166	0.25	0	1	27583
55.182	0.25	1	2	27591
55.2	0.25	1	2	27600
55.216	0.25	0	1	27608
55.232	0.25	0	1	27616
55.25	0.25	1	2	27625
55.266	0.25	1	2	27633
55.282	0.25	0	1	27641
55.3	0.25	0	1	27650
55.316	0.25	0	1	27658
55.332	0.25	0	1	27666
55.35	0.25	1	2	27675
57.9	0.25	1	2	28950
57.916	0.25	1	2	28958
57.932	0.25	1	2	28966
57.95	0.25	1	2	28975
57.966	0.25	0	1	28983
57.982	0.25	0	1	28991
58.0	0.25	0	1	29000
58.016	0.25	0	1	29008
58.032	0.25	0	1	29016
58.05	0.25	0	1	29025
58.066	0.25	0	1	29033
58.082	0.25	0	1	29041
58.1	0.25	1	2	29050
58.116	0.25	1	2	29058
58.132	0.25	0	1	29066
58.15	0.25	0	1	29075
58.166	0.25	0	1	29083
58.182	0.25	0	1	29091
58.2	0.25	1	2	29100
58.216	0.25	1	2	29108
58.232	0.25	1	2	29116
58.25	0.25	1	2	29125
58.266	0.25	0	1	29133
58.282	0.25	0	1	29141
58.3	0.25	0	1	29150
58.316	0.25	0	1	29158
58.332	0.25	0	1	29166
58.35	0.25	0	1	29175
58.366	0.25	0	1	29183
58.382	0.25	0	1	29191
58.4	0.25	0	1	29200
58.416	0.25	0	1	29208
58.432	0.25	0	1	29216
58.45	0.25	0	1	29225
58.466	0.25	1	2	29233
58.482	0.25	1	2	29241
58.5	0.25	0	1	29250
58.516	0.25	0	1	29258
58.532	0.25	1	2	29266
58.55	0.25	1	2	29275
58.566	0.25	1	2	29283
58.582	0.25	1	2	29291
58.6	0.25	0	1	29300
58.616	0.25	0	1	29308
58.632	0.25	1	2	29316
58.65	0.25	1	2	29325
58.666	0.25	0	1	29333
58.682	0.25	0	1	29341
58.7	0.25	1	2	29350
58.716	0.25	1	2	29358
58.732	0.25	0	1	29366
58.75	0.25	0	1	29375
58.766	0.25	1	2	29383
58.782	0.25	1	2	29391
58.8	0.25	0	1	29400
58.816	0.25	0	1	29408
58.832	0.25	0	1	29416
58.85	0.25	0	1	29425
58.866	0.25	0	1	29433
58.882	0.25	0	1	29441
58.9	0.25	1	2	29450
58.916	0.25	1	2	29458
58.932	0.25	1	2	29466
58.95	0.25	1	2	29475
58.966	0.25	1	2	29483
58.982	0.25	1	2	29491
59.0	0.25	0	1	29500
59.016	0.25	0	1	29508
59.032	0.25	1	2	29516
59.05	0.25	1	2	29525
59.066	0.25	1	2	29533
59.082	0.25	1	2	29541
59.1	0.25	1	2	29550
59.116	0.25	1	2	29558
59.132	0.25	0	1	29566
59.15	0.25	0	1	29575
59.166	0.25	1	2	29583
59.182	0.25	1	2	29591
59.2	0.25	0	1	29600
59.216	0.25	0	1	29608
59.232	0.25	1	2	29616
59.25	0.25	1	2	29625
59.266	0.25	1	2	29633
59.282	0.25	1	2	29641
59.3	0.25	0	1	29650
59.316	0.25	0	1	29658
59.332	0.25	0	1	29666
59.35	0.25	0	1	29675
59.366	0.25	0	1	29683
59.382	0.25	0	1	29691
59.4	0.25	1	2	29700
59.416	0.25	1	2	29708
59.432	0.25	1	2	29716
59.45	0.25	1	2	29725
59.466	0.25	0	1	29733
59.482	0.25	0	1	29741
59.5	0.25	1	2	29750
59.516	0.25	1	2	29758
59.532	0.25	1	2	29766
59.55	0.25	1	2	29775
59.566	0.25	1	2	29783
59.582	0.25	1	2	29791
59.6	0.25	0	1	29800
59.616	0.25	0	1	29808
59.632	0.25	0	1	29816
59.65	0.25	0	1	29825
59.666	0.25	0	1	29833
59.682	0.25	0	1	29841
59.7	0.25	0	1	29850
59.716	0.25	0	1	29858
59.732	0.25	0	1	29866
59.75	0.25	0	1	29875
59.766	0.25	1	2	29883
59.782	0.25	1	2	29891
59.8	0.25	1	2	29900
59.816	0.25	1	2	29908
59.832	0.25	1	2	29916
61.316	0.25	0	1	30658
61.332	0.25	0	1	30666
61.35	0.25	0	1	30675
61.366	0.25	0	1	30683
61.382	0.25	1	2	30691
61.4	0.25	1	2	30700
61.416	0.25	1	2	30708
61.432	0.25	1	2	30716
61.45	0.25	0	1	30725
61.466	0.25	0	1	30733
61.482	0.25	0	1	30741
61.5	0.25	0	1	30750
61.516	0.25	0	1	30758
61.532	0.25	0	1	30766
61.55	0.25	0	1	30775
61.566	0.25	0	1	30783
61.582	0.25	1	2	30791
61.6	0.25	1	2	30800
61.616	0.25	1	2	30808
61.632	0.25	1	2	30816
61.65	0.25	1	2	30825
61.666	0.25	1	2	30833
61.682	0.25	1	2	30841
61.7	0.25	1	2	30850
61.716	0.25	1	2	30858
61.732	0.25	1	2	30866
61.75	0.25	0	1	30875
61.766	0.25	0	1	30883
61.782	0.25	0	1	30891
61.8	0.25	0	1	30900
61.816	0.25	0	1	30908
61.832	0.25	0	1	30916
61.85	0.25	0	1	30925
61.866	0.25	0	1	30933
61.882	0.25	0	1	30941
61.9	0.25	0	1	30950
61.916	0.25	0	1	30958
61.932	0.25	0	1	30966
61.95	0.25	1	2	30975
61.966	0.25	1	2	30983
61.982	0.25	1	2	30991
62.0	0.25	1	2	31000
62.016	0.25	0	1	31008
62.032	0.25	0	1	31016
62.05	0.25	0	1	31025
62.066	0.25	0	1	31033
62.082	0.25	1	2	31041
62.1	0.25	1	2	31050
62.116	0.25	0	1	31058
62.132	0.25	0	1	31066
62.15	0.25	1	2	31075
62.166	0.25	1	2	31083
62.182	0.25	0	1	31091
62.2	0.25	0	1	31100
62.216	0.25	1	2	31108
62.232	0.25	1	2	31116
62.25	0.25	0	1	31125
62.266	0.25	0	1	31133
62.282	0.25	1	2	31141
62.3	0.25	1	2	31150
62.316	0.25	1	2	31158
62.332	0.25	1	2	31166
62.35	0.25	0	1	31175
62.366	0.25	0	1	31183
62.382	0.25	1	2	31191
62.4	0.25	1	2	31200
62.416	0.25	0	1	31208
62.432	0.25	0	1	31216
62.45	0.25	0	1	31225
62.466	0.25	0	1	31233
62.482	0.25	0	1	31241
62.5	0.25	0	1	31250
62.516	0.25	1	2	31258
62.532	0.25	1	2	31266
62.55	0.25	0	1	31275
62.566	0.25	0	1	31283
62.582	0.25	0	1	31291
62.6	0.25	0	1	31300
62.616	0.25	0	1	31308
62.632	0.25	0	1	31316
62.65	0.25	1	2	31325
62.666	0.25	1	2	31333
62.682	0.25	1	2	31341
62.7	0.25	1	2	31350
62.716	0.25	1	2	31358
62.732	0.25	1	2	31366
62.75	0.25	0	1	31375
62.766	0.25	0	1	31383
62.782	0.25	1	2	31391
62.8	0.25	1	2	31400
62.816	0.25	0	1	31408
62.832	0.25	0	1	31416
62.85	0.25	1	2	31425
62.866	0.25	1	2	31433
62.882	0.25	1	2	31441
62.9	0.25	1	2	31450
62.916	0.25	1	2	31458
62.932	0.25	1	2	31466
62.95	0.25	1	2	31475
62.966	0.25	1	2	31483
62.982	0.25	1	2	31491
63.0	0.25	1	2	31500
63.016	0.25	0	1	31508
63.032	0.25	0	1	31516
63.05	0.25	0	1	31525
63.066	0.25	0	1	31533
63.082	0.25	1	2	31541
63.1	0.25	1	2	31550
63.116	0.25	0	1	31558
63.132	0.25	0	1	31566
63.15	0.25	0	1	31575
63.166	0.25	0	1	31583
63.182	0.25	0	1	31591
63.2	0.25	0	1	31600
63.216	0.25	1	2	31608
63.232	0.25	1	2	31616
63.25	0.25	1	2	31625
64.732	0.25	1	2	32366
64.75	0.25	1	2	32375
64.766	0.25	1	2	32383
64.782	0.25	1	2	32391
64.8	0.25	0	1	32400
64.816	0.25	0	1	32408
64.832	0.25	1	2	32416
64.848	0.25	1	2	32424
64.866	0.25	1	2	32433
64.882	0.25	1	2	32441
64.9	0.25	0	1	32450
64.916	0.25	0	1	32458
64.932	0.25	1	2	32466
64.95	0.25	1	2	32475
64.966	0.25	1	2	32483
64.982	0.25	1	2	32491
65.0	0.25	0	1	32500
65.016	0.25	0	1	32508
65.032	0.25	1	2	32516
65.05	0.25	1	2	32525
65.066	0.25	1	2	32533
65.082	0.25	1	2	32541
65.098	0.25	0	1	32549
65.116	0.25	0	1	32558
65.132	0.25	0	1	32566
65.15	0.25	0	1	32575
65.166	0.25	0	1	32583
65.182	0.25	0	1	32591
65.2	0.25	1	2	32600
65.216	0.25	1	2	32608
65.232	0.25	1	2	32616
65.25	0.25	1	2	32625
65.266	0.25	1	2	32633
65.282	0.25	1	2	32641
65.3	0.25	0	1	32650
65.316	0.25	0	1	32658
65.332	0.25	0	1	32666
65.348	0.25	0	1	32674
65.366	0.25	0	1	32683
65.382	0.25	0	1	32691
65.4	0.25	1	2	32700
65.416	0.25	1	2	32708
65.432	0.25	1	2	32716
65.45	0.25	1	2	32725
65.466	0.25	1	2	32733
65.482	0.25	1	2	32741
65.5	0.25	1	2	32750
65.516	0.25	1	2	32758
65.532	0.25	1	2	32766
65.55	0.25	1	2	32775
65.566	0.25	0	1	32783
65.582	0.25	0	1	32791
65.6	0.25	0	1	32800
65.616	0.25	0	1	32808
65.632	0.25	1	2	32816
65.65	0.25	1	2	32825
65.666	0.25	0	1	32833
65.682	0.25	0	1	32841
65.7	0.25	1	2	32850
65.716	0.25	1	2	32858
65.732	0.25	0	1	32866
65.75	0.25	0	1	32875
65.766	0.25	0	1	32883
65.782	0.25	0	1	32891
65.8	0.25	1	2	32900
65.816	0.25	1	2	32908
65.832	0.25	1	2	32916
65.85	0.25	1	2	32925
65.866	0.25	0	1	32933
65.882	0.25	0	1	32941
65.9	0.25	0	1	32950
65.916	0.25	0	1	32958
65.932	0.25	0	1	32966
65.95	0.25	0	1	32975
65.966	0.25	0	1	32983
65.982	0.25	0	1	32991
66.0	0.25	1	2	33000
66.016	0.25	1	2	33008
66.032	0.25	0	1	33016
66.05	0.25	0	1	33025
66.066	0.25	0	1	33033
66.082	0.25	0	1	33041
66.1	0.25	0	1	33050
66.116	0.25	0	1	33058
66.132	0.25	0	1	33066
66.15	0.25	0	1	33075
66.166	0.25	1	2	33083
66.182	0.25	1	2	33091
66.2	0.25	1	2	33100
66.216	0.25	1	2	33108
66.232	0.25	1	2	33116
66.25	0.25	1	2	33125
66.266	0.25	1	2	33133
66.282	0.25	1	2	33141
66.3	0.25	1	2	33150
66.316	0.25	1	2	33158
66.332	0.25	1	2	33166
66.35	0.25	1	2	33175
66.366	0.25	0	1	33183
66.382	0.25	0	1	33191
66.4	0.25	1	2	33200
66.416	0.25	1	2	33208
66.432	0.25	0	1	33216
66.45	0.25	0	1	33225
66.466	0.25	1	2	33233
66.482	0.25	1	2	33241
66.5	0.25	0	1	33250
66.516	0.25	0	1	33258
66.532	0.25	0	1	33266
66.55	0.25	0	1	33275
66.566	0.25	1	2	33283
66.582	0.25	1	2	33291
66.6	0.25	1	2	33300
66.616	0.25	1	2	33308
66.632	0.25	0	1	33316
66.65	0.25	0	1	33325
66.666	0.25	0	1	33333
68.15	0.25	1	2	34075
68.166	0.25	1	2	34083
68.182	0.25	1	2	34091
68.2	0.25	1	2	34100
68.216	0.25	1	2	34108
68.232	0.25	1	2	34116
68.25	0.25	1	2	34125
68.266	0.25	1	2	34133
68.282	0.25	1	2	34141
68.3	0.25	1	2	34150
68.316	0.25	1	2	34158
68.332	0.25	1	2	34166
68.35	0.25	1	2	34175
68.366	0.25	1	2	34183
68.382	0.25	0	1	34191
68.4	0.25	0	1	34200
68.416	0.25	0	1	34208
68.432	0.25	0	1	34216
68.45	0.25	1	2	34225
68.466	0.25	1	2	34233
68.482	0.25	1	2	34241
68.5	0.25	1	2	34250
68.516	0.25	0	1	34258
68.532	0.25	0	1	34266
68.55	0.25	0	1	34275
68.566	0.25	0	1	34283
68.582	0.25	1	2	34291
68.6	0.25	1	2	34300
68.616	0.25	1	2	34308
68.632	0.25	1	2	34316
68.65	0.25	0	1	34325
68.666	0.25	0	1	34333
68.682	0.25	0	1	34341
68.7	0.25	0	1	34350
68.716	0.25	1	2	34358
68.732	0.25	1	2	34366
68.75	0.25	0	1	34375
68.766	0.25	0	1	34383
68.782	0.25	1	2	34391
68.8	0.25	1	2	34400
68.816	0.25	1	2	34408
68.832	0.25	1	2	34416
68.85	0.25	0	1	34425
68.866	0.25	0	1	34433
68.882	0.25	1	2	34441
68.9	0.25	1	2	34450
68.916	0.25	0	1	34458
68.932	0.25	0	1	34466
68.95	0.25	0	1	34475
68.966	0.25	0	1	34483
68.982	0.25	1	2	34491
69.0	0.25	1	2	34500
69.016	0.25	0	1	34508
69.032	0.25	0	1	34516
69.05	0.25	1	2	34525
69.066	0.25	1	2	34533
69.082	0.25	1	2	34541
69.1	0.25	1	2	34550
69.116	0.25	1	2	34558
69.132	0.25	1	2	34566
69.15	0.25	0	1	34575
69.166	0.25	0	1	34583
69.182	0.25	0	1	34591
69.2	0.25	0	1	34600
69.216	0.25	0	1	34608
69.232	0.25	0	1	34616
69.25	0.25	1	2	34625
69.266	0.25	1	2	34633
69.282	0.25	0	1	34641
69.3	0.25	0	1	34650
69.316	0.25	1	2	34658
69.332	0.25	1	2	34666
69.35	0.25	1	2	34675
69.366	0.25	1	2	34683
69.382	0.25	1	2	34691
69.4	0.25	1	2	34700
69.416	0.25	0	1	34708
69.432	0.25	0	1	34716
69.45	0.25	0	1	34725
69.466	0.25	0	1	34733
69.482	0.25	1	2	34741
69.5	0.25	1	2	34750
69.516	0.25	0	1	34758
69.532	0.25	0	1	34766
69.55	0.25	1	2	34775
69.566	0.25	1	2	34783
69.582	0.25	0	1	34791
69.6	0.25	0	1	34800
69.616	0.25	0	1	34808
69.632	0.25	0	1	34816
69.65	0.25	0	1	34825
69.666	0.25	0	1	34833
69.682	0.25	1	2	34841
69.7	0.25	1	2	34850
69.716	0.25	1	2	34858
69.732	0.25	1	2	34866
69.75	0.25	0	1	34875
69.766	0.25	0	1	34883
69.782	0.25	1	2	34891
69.8	0.25	1	2	34900
69.816	0.25	0	1	34908
69.832	0.25	0	1	34916
69.85	0.25	0	1	34925
69.866	0.25	0	1	34933
69.882	0.25	0	1	34941
69.9	0.25	0	1	34950
69.916	0.25	1	2	34958
69.932	0.25	1	2	34966
69.95	0.25	0	1	34975
69.966	0.25	0	1	34983
69.982	0.25	1	2	34991
70.0	0.25	1	2	35000
70.016	0.25	0	1	35008
70.032	0.25	0	1	35016
70.05	0.25	0	1	35025
70.066	0.25	0	1	35033
70.082	0.25	1	2	35041
82.1	0.25	0	1	41050
82.116	0.25	0	1	41058
82.132	0.25	0	1	41066
82.15	0.25	0	1	41075
82.166	0.25	1	2	41083
82.182	0.25	1	2	41091
82.2	0.25	1	2	41100
82.216	0.25	1	2	41108
82.232	0.25	0	1	41116
82.25	0.25	0	1	41125
82.266	0.25	0	1	41133
82.282	0.25	0	1	41141
82.3	0.25	0	1	41150
82.316	0.25	0	1	41158
82.332	0.25	0	1	41166
82.35	0.25	0	1	41175
82.366	0.25	1	2	41183
82.382	0.25	1	2	41191
82.4	0.25	1	2	41200
82.416	0.25	1	2	41208
82.432	0.25	1	2	41216
82.45	0.25	1	2	41225
82.466	0.25	1	2	41233
82.482	0.25	1	2	41241
82.5	0.25	1	2	41250
82.516	0.25	1	2	41258
82.532	0.25	0	1	41266
82.55	0.25	0	1	41275
82.566	0.25	0	1	41283
82.582	0.25	0	1	41291
82.6	0.25	0	1	41300
82.616	0.25	0	1	41308
82.632	0.25	0	1	41316
82.65	0.25	0	1	41325
82.666	0.25	0	1	41333
82.682	0.25	0	1	41341
82.7	0.25	0	1	41350
82.716	0.25	0	1	41358
82.732	0.25	1	2	41366
82.75	0.25	1	2	41375
82.766	0.25	1	2	41383
82.782	0.25	1	2	41391
82.8	0.25	0	1	41400
82.816	0.25	0	1	41408
82.832	0.25	0	1	41416
82.85	0.25	0	1	41425
82.866	0.25	1	2	41433
82.882	0.25	1	2	41441
82.9	0.25	0	1	41450
82.916	0.25	0	1	41458
82.932	0.25	1	2	41466
82.95	0.25	1	2	41475
82.966	0.25	0	1	41483
82.982	0.25	0	1	41491
83.0	0.25	1	2	41500
83.016	0.25	1	2	41508
83.032	0.25	0	1	41516
83.05	0.25	0	1	41525
83.066	0.25	1	2	41533
83.082	0.25	1	2	41541
83.1	0.25	1	2	41550
83.116	0.25	1	2	41558
83.132	0.25	0	1	41566
83.15	0.25	0	1	41575
83.166	0.25	1	2	41583
83.182	0.25	1	2	41591
83.2	0.25	0	1	41600
83.216	0.25	0	1	41608
83.232	0.25	0	1	41616
83.25	0.25	0	1	41625
83.266	0.25	0	1	41633
83.282	0.25	0	1	41641
83.3	0.25	1	2	41650
83.316	0.25	1	2	41658
83.332	0.25	0	1	41666
83.35	0.25	0	1	41675
83.366	0.25	0	1	41683
83.382	0.25	0	1	41691
83.4	0.25	0	1	41700
83.416	0.25	0	1	41708
83.432	0.25	1	2	41716
83.45	0.25	1	2	41725
83.466	0.25	1	2	41733
83.482	0.25	1	2	41741
83.5	0.25	1	2	41750
83.516	0.25	1	2	41758
83.532	0.25	0	1	41766
83.55	0.25	0	1	41775
83.566	0.25	1	2	41783
83.582	0.25	1	2	41791
83.6	0.25	0	1	41800
83.616	0.25	0	1	41808
83.632	0.25	1	2	41816
83.65	0.25	1	2	41825
83.666	0.25	1	2	41833
83.682	0.25	1	2	41841
83.7	0.25	1	2	41850
83.716	0.25	1	2	41858
83.732	0.25	1	2	41866
83.75	0.25	1	2	41875
83.766	0.25	1	2	41883
83.782	0.25	1	2	41891
83.8	0.25	0	1	41900
83.816	0.25	0	1	41908
83.832	0.25	0	1	41916
83.85	0.25	0	1	41925
83.866	0.25	1	2	41933
83.882	0.25	1	2	41941
83.9	0.25	0	1	41950
83.916	0.25	0	1	41958
83.932	0.25	0	1	41966
83.95	0.25	0	1	41975
83.966	0.25	0	1	41983
83.982	0.25	0	1	41991
84.0	0.25	1	2	42000
84.016	0.25	1	2	42008
84.032	0.25	1	2	42016
85.516	0.25	1	2	42758
85.532	0.25	1	2	42766
85.55	0.25	1	2	42775
85.566	0.25	1	2	42783
85.582	0.25	1	2	42791
85.6	0.25	1	2	42800
85.616	0.25	1	2	42808
85.632	0.25	1	2	42816
85.65	0.25	1	2	42825
85.666	0.25	1	2	42833
85.682	0.25	1	2	42841
85.7	0.25	1	2	42850
85.716	0.25	1	2	42858
85.732	0.25	1	2	42866
85.75	0.25	0	1	42875
85.766	0.25	0	1	42883
85.782	0.25	0	1	42891
85.8	0.25	0	1	42900
85.816	0.25	1	2	42908
85.832	0.25	1	2	42916
85.85	0.25	1	2	42925
85.866	0.25	1	2	42933
85.882	0.25	0	1	42941
85.9	0.25	0	1	42950
85.916	0.25	0	1	42958
85.932	0.25	0	1	42966
85.95	0.25	1	2	42975
85.966	0.25	1	2	42983
85.982	0.25	1	2	42991
86.0	0.25	1	2	43000
86.016	0.25	0	1	43008
86.032	0.25	0	1	43016
86.05	0.25	0	1	43025
86.066	0.25	0	1	43033
86.082	0.25	1	2	43041
86.1	0.25	1	2	43050
86.116	0.25	0	1	43058
86.132	0.25	0	1	43066
86.15	0.25	1	2	43075
86.166	0.25	1	2	43083
86.182	0.25	1	2	43091
86.2	0.25	1	2	43100
86.216	0.25	0	1	43108
86.232	0.25	0	1	43116
86.25	0.25	1	2	43125
86.266	0.25	1	2	43133
86.282	0.25	0	1	43141
86.3	0.25	0	1	43150
86.316	0.25	0	1	43158
86.332	0.25	0	1	43166
86.35	0.25	1	2	43175
86.366	0.25	1	2	43183
86.382	0.25	0	1	43191
86.4	0.25	0	1	43200
86.416	0.25	1	2	43208
86.432	0.25	1	2	43216
86.45	0.25	1	2	43225
86.466	0.25	1	2	43233
86.482	0.25	1	2	43241
86.5	0.25	1	2	43250
86.516	0.25	0	1	43258
86.532	0.25	0	1	43266
86.55	0.25	0	1	43275
86.566	0.25	0	1	43283
86.582	0.25	0	1	43291
86.6	0.25	0	1	43300
86.616	0.25	1	2	43308
86.632	0.25	1	2	43316
86.65	0.25	0	1	43325
86.666	0.25	0	1	43333
86.682	0.25	1	2	43341
86.7	0.25	1	2	43350
86.716	0.25	1	2	43358
86.732	0.25	1	2	43366
86.75	0.25	1	2	43375
86.766	0.25	1	2	43383
86.782	0.25	0	1	43391
86.8	0.25	0	1	43400
86.816	0.25	0	1	43408
86.832	0.25	0	1	43416
86.85	0.25	1	2	43425
86.866	0.25	1	2	43433
86.882	0.25	0	1	43441
86.9	0.25	0	1	43450
86.916	0.25	1	2	43458
86.932	0.25	1	2	43466
86.95	0.25	0	1	43475
86.966	0.25	0	1	43483
86.982	0.25	0	1	43491
87.0	0.25	0	1	43500
87.016	0.25	0	1	43508
87.032	0.25	0	1	43516
87.05	0.25	1	2	43525
87.066	0.25	1	2	43533
87.082	0.25	1	2	43541
87.1	0.25	1	2	43550
87.116	0.25	0	1	43558
87.132	0.25	0	1	43566
87.15	0.25	1	2	43575
87.166	0.25	1	2	43583
87.182	0.25	0	1	43591
87.2	0.25	0	1	43600
87.216	0.25	0	1	43608
87.232	0.25	0	1	43616
87.25	0.25	0	1	43625
87.266	0.25	0	1	43633
87.282	0.25	1	2	43641
87.3	0.25	1	2	43650
87.316	0.25	0	1	43658
87.332	0.25	0	1	43666
87.35	0.25	1	2	43675
87.366	0.25	1	2	43683
87.382	0.25	0	1	43691
87.4	0.25	0	1	43700
87.416	0.25	0	1	43708
87.432	0.25	0	1	43716
87.45	0.25	1	2	43725
88.932	0.25	1	2	44466
88.95	0.25	1	2	44475
88.966	0.25	1	2	44483
88.982	0.25	1	2	44491
89.0	0.25	0	1	44500
89.016	0.25	0	1	44508
89.032	0.25	0	1	44516
89.05	0.25	0	1	44525
89.066	0.25	0	1	44533
89.082	0.25	0	1	44541
89.1	0.25	0	1	44550
89.116	0.25	0	1	44558
89.132	0.25	1	2	44566
89.15	0.25	1	2	44575
89.166	0.25	0	1	44583
89.182	0.25	0	1	44591
89.2	0.25	0	1	44600
89.216	0.25	0	1	44608
89.232	0.25	1	2	44616
89.25	0.25	1	2	44625
89.266	0.25	1	2	44633
89.282	0.25	1	2	44641
89.3	0.25	0	1	44650
89.316	0.25	0	1	44658
89.332	0.25	0	1	44666
89.35	0.25	0	1	44675
89.366	0.25	0	1	44683
89.382	0.25	0	1	44691
89.4	0.25	0	1	44700
89.416	0.25	0	1	44708
89.432	0.25	0	1	44716
89.45	0.25	0	1	44725
89.466	0.25	0	1	44733
89.482	0.25	0	1	44741
89.5	0.25	1	2	44750
89.516	0.25	1	2	44758
89.532	0.25	0	1	44766
89.55	0.25	0	1	44775
89.566	0.25	1	2	44783
89.582	0.25	1	2	44791
89.6	0.25	1	2	44800
89.616	0.25	1	2	44808
89.632	0.25	0	1	44816
89.65	0.25	0	1	44825
89.666	0.25	1	2	44833
89.682	0.25	1	2	44841
89.7	0.25	0	1	44850
89.716	0.25	0	1	44858
89.732	0.25	1	2	44866
89.75	0.25	1	2	44875
89.766	0.25	0	1	44883
89.782	0.25	0	1	44891
89.8	0.25	1	2	44900
89.816	0.25	1	2	44908
89.832	0.25	0	1	44916
89.85	0.25	0	1	44925
89.866	0.25	0	1	44933
89.882	0.25	0	1	44941
89.9	0.25	0	1	44950
89.916	0.25	0	1	44958
89.932	0.25	1	2	44966
89.95	0.25	1	2	44975
89.966	0.25	1	2	44983
89.982	0.25	1	2	44991
90.0	0.25	1	2	45000
90.016	0.25	1	2	45008
90.032	0.25	0	1	45016
90.05	0.25	0	1	45025
90.066	0.25	1	2	45033
90.082	0.25	1	2	45041
90.1	0.25	1	2	45050
90.116	0.25	1	2	45058
90.132	0.25	1	2	45066
90.15	0.25	1	2	45075
90.166	0.25	0	1	45083
90.182	0.25	0	1	45091
90.2	0.25	1	2	45100
90.216	0.25	1	2	45108
90.232	0.25	0	1	45116
90.25	0.25	0	1	45125
90.266	0.25	1	2	45133
90.282	0.25	1	2	45141
90.3	0.25	1	2	45150
90.316	0.25	1	2	45158
90.332	0.25	0	1	45166
90.35	0.25	0	1	45175
90.366	0.25	0	1	45183
90.382	0.25	0	1	45191
90.4	0.25	0	1	45200
90.416	0.25	0	1	45208
90.432	0.25	1	2	45216
90.45	0.25	1	2	45225
90.466	0.25	1	2	45233
90.482	0.25	1	2	45241
90.5	0.25	0	1	45250
90.516	0.25	0	1	45258
90.532	0.25	1	2	45266
90.55	0.25	1	2	45275
90.566	0.25	1	2	45283
90.582	0.25	1	2	45291
90.6	0.25	1	2	45300
90.616	0.25	1	2	45308
90.632	0.25	0	1	45316
90.65	0.25	0	1	45325
90.666	0.25	0	1	45333
90.682	0.25	0	1	45341
90.7	0.25	0	1	45350
90.716	0.25	0	1	45358
90.732	0.25	0	1	45366
90.75	0.25	0	1	45375
90.766	0.25	0	1	45383
90.782	0.25	0	1	45391
90.8	0.25	1	2	45400
90.816	0.25	1	2	45408
90.832	0.25	1	2	45416
90.85	0.25	1	2	45425
90.866	0.25	1	2	45433
92.35	0.25	1	2	46175
92.366	0.25	1	2	46183
92.382	0.25	1	2	46191
92.4	0.25	1	2	46200
92.416	0.25	0	1	46208
92.432	0.25	0	1	46216
92.45	0.25	1	2	46225
92.466	0.25	1	2	46233
92.482	0.25	1	2	46241
92.5	0.25	1	2	46250
92.516	0.25	0	1	46258
92.532	0.25	0	1	46266
92.55	0.25	1	2	46275
92.566	0.25	1	2	46283
92.582	0.25	1	2	46291
92.6	0.25	1	2	46300
92.616	0.25	0	1	46308
92.632	0.25	0	1	46316
92.65	0.25	1	2	46325
92.666	0.25	1	2	46333
92.682	0.25	1	2	46341
92.7	0.25	1	2	46350
92.716	0.25	0	1	46358
92.732	0.25	0	1	46366
92.75	0.25	0	1	46375
92.766	0.25	0	1	46383
92.782	0.25	0	1	46391
92.8	0.25	0	1	46400
92.816	0.25	1	2	46408
92.832	0.25	1	2	46416
92.85	0.25	1	2	46425
92.866	0.25	1	2	46433
92.882	0.25	1	2	46441
92.9	0.25	1	2	46450
92.916	0.25	0	1	46458
92.932	0.25	0	1	46466
92.95	0.25	0	1	46475
92.966	0.25	0	1	46483
92.982	0.25	0	1	46491
93.0	0.25	0	1	46500
93.016	0.25	1	2	46508
93.032	0.25	1	2	46516
93.05	0.25	1	2	46525
93.066	0.25	1	2	46533
93.082	0.25	1	2	46541
93.1	0.25	1	2	46550
93.116	0.25	1	2	46558
93.132	0.25	1	2	46566
93.15	0.25	1	2	46575
93.166	0.25	1	2	46583
93.182	0.25	0	1	46591
93.2	0.25	0	1	46600
93.216	0.25	0	1	46608
93.232	0.25	0	1	46616
93.25	0.25	1	2	46625
93.266	0.25	1	2	46633
93.282	0.25	0	1	46641
93.3	0.25	0	1	46650
93.316	0.25	1	2	46658
93.332	0.25	1	2	46666
93.35	0.25	0	1	46675
93.366	0.25	0	1	46683
93.382	0.25	0	1	46691
93.4	0.25	0	1	46700
93.416	0.25	1	2	46708
93.432	0.25	1	2	46716
93.45	0.25	1	2	46725
93.466	0.25	1	2	46733
93.482	0.25	0	1	46741
93.5	0.25	0	1	46750
93.516	0.25	0	1	46758
93.532	0.25	0	1	46766
93.55	0.25	0	1	46775
93.566	0.25	0	1	46783
93.582	0.25	0	1	46791
93.6	0.25	0	1	46800
93.616	0.25	1	2	46808
93.632	0.25	1	2	46816
93.65	0.25	0	1	46825
93.666	0.25	0	1	46833
93.682	0.25	0	1	46841
93.7	0.25	0	1	46850
93.716	0.25	0	1	46858
93.732	0.25	0	1	46866
93.75	0.25	0	1	46875
93.766	0.25	0	1	46883
93.782	0.25	1	2	46891
93.8	0.25	1	2	46900
93.816	0.25	1	2	46908
93.832	0.25	1	2	46916
93.85	0.25	1	2	46925
93.866	0.25	1	2	46933
93.882	0.25	1	2	46941
93.9	0.25	1	2	46950
93.916	0.25	1	2	46958
93.932	0.25	1	2	46966
93.95	0.25	1	2	46975
93.966	0.25	1	2	46983
93.982	0.25	0	1	46991
94.0	0.25	0	1	47000
94.016	0.25	1	2	47008
94.032	0.25	1	2	47016
94.05	0.25	0	1	47025
94.066	0.25	0	1	47033
94.082	0.25	1	2	47041
94.1	0.25	1	2	47050
94.116	0.25	0	1	47058
94.132	0.25	0	1	47066
94.15	0.25	0	1	47075
94.166	0.25	0	1	47083
94.182	0.25	1	2	47091
94.2	0.25	1	2	47100
94.216	0.25	1	2	47108
94.232	0.25	1	2	47116
94.25	0.25	0	1	47125
94.266	0.25	0	1	47133
94.282	0.25	0	1	47141
96.482	0.25	1	2	48241
96.5	0.25	1	2	48250
96.516	0.25	1	2	48258
96.532	0.25	1	2	48266
96.55	0.25	0	1	48275
96.566	0.25	0	1	48283
96.582	0.25	0	1	48291
96.6	0.25	0	1	48300
96.616	0.25	0	1	48308
96.632	0.25	0	1	48316
96.65	0.25	0	1	48325
96.666	0.25	0	1	48333
96.682	0.25	1	2	48341
96.7	0.25	1	2	48350
96.716	0.25	0	1	48358
96.732	0.25	0	1	48366
96.75	0.25	0	1	48375
96.766	0.25	0	1	48383
96.782	0.25	1	2	48391
96.8	0.25	1	2	48400
96.816	0.25	1	2	48408
96.832	0.25	1	2	48416
96.85	0.25	0	1	48425
96.866	0.25	0	1	48433
96.882	0.25	0	1	48441
96.9	0.25	0	1	48450
96.916	0.25	0	1	48458
96.932	0.25	0	1	48466
96.95	0.25	0	1	48475
96.966	0.25	0	1	48483
96.982	0.25	0	1	48491
97.0	0.25	0	1	48500
97.016	0.25	0	1	48508
97.032	0.25	0	1	48516
97.05	0.25	1	2	48525
97.066	0.25	1	2	48533
97.082	0.25	0	1	48541
97.1	0.25	0	1	48550
97.116	0.25	1	2	48558
97.132	0.25	1	2	48566
97.15	0.25	1	2	48575
97.166	0.25	1	2	48583
97.182	0.25	0	1	48591
97.2	0.25	0	1	48600
97.216	0.25	1	2	48608
97.232	0.25	1	2	48616
97.25	0.25	0	1	48625
97.266	0.25	0	1	48633
97.282	0.25	1	2	48641
97.3	0.25	1	2	48650
97.316	0.25	0	1	48658
97.332	0.25	0	1	48666
97.35	0.25	1	2	48675
97.366	0.25	1	2	48683
97.382	0.25	0	1	48691
97.4	0.25	0	1	48700
97.416	0.25	0	1	48708
97.432	0.25	0	1	48716
97.45	0.25	0	1	48725
97.466	0.25	0	1	48733
97.482	0.25	1	2	48741
97.5	0.25	1	2	48750
97.516	0.25	1	2	48758
97.532	0.25	1	2	48766
97.55	0.25	1	2	48775
97.566	0.25	1	2	48783
97.582	0.25	0	1	48791
97.6	0.25	0	1	48800
97.616	0.25	1	2	48808
97.632	0.25	1	2	48816
97.65	0.25	1	2	48825
97.666	0.25	1	2	48833
97.682	0.25	1	2	48841
97.7	0.25	1	2	48850
97.716	0.25	0	1	48858
97.732	0.25	0	1	48866
97.75	0.25	1	2	48875
97.766	0.25	1	2	48883
97.782	0.25	0	1	48891
97.8	0.25	0	1	48900
97.816	0.25	1	2	48908
97.832	0.25	1	2	48916
97.85	0.25	1	2	48925
97.866	0.25	1	2	48933
97.882	0.25	0	1	48941
97.9	0.25	0	1	48950
97.916	0.25	0	1	48958
97.932	0.25	0	1	48966
97.95	0.25	0	1	48975
97.966	0.25	0	1	48983
97.982	0.25	1	2	48991
98.0	0.25	1	2	49000
98.016	0.25	1	2	49008
98.032	0.25	1	2	49016
98.05	0.25	0	1	49025
98.066	0.25	0	1	49033
98.082	0.25	1	2	49041
98.1	0.25	1	2	49050
98.116	0.25	1	2	49058
98.132	0.25	1	2	49066
98.15	0.25	1	2	49075
98.166	0.25	1	2	49083
98.182	0.25	0	1	49091
98.2	0.25	0	1	49100
98.216	0.25	0	1	49108
98.232	0.25	0	1	49116
98.25	0.25	0	1	49125
98.266	0.25	0	1	49133
98.282	0.25	0	1	49141
98.3	0.25	0	1	49150
98.316	0.25	0	1	49158
98.332	0.25	0	1	49166
98.35	0.25	1	2	49175
98.366	0.25	1	2	49183
98.382	0.25	1	2	49191
98.4	0.25	1	2	49200
98.416	0.25	1	2	49208
99.9	0.25	1	2	49950
99.916	0.25	1	2	49958
99.932	0.25	1	2	49966
99.95	0.25	1	2	49975
99.966	0.25	1	2	49983
99.982	0.25	1	2	49991
100.0	0.25	1	2	50000
100.016	0.25	1	2	50008
100.032	0.25	1	2	50016
100.05	0.25	1	2	50025
100.066	0.25	1	2	50033
100.082	0.25	1	2	50041
100.1	0.25	1	2	50050
100.116	0.25	1	2	50058
100.132	0.25	0	1	50066
100.15	0.25	0	1	50075
100.166	0.25	0	1	50083
100.182	0.25	0	1	50091
100.2	0.25	1	2	50100
100.216	0.25	1	2	50108
100.232	0.25	1	2	50116
100.25	0.25	1	2	50125
100.266	0.25	0	1	50133
100.282	0.25	0	1	50141
100.3	0.25	0	1	50150
100.316	0.25	0	1	50158
100.332	0.25	1	2	50166
100.35	0.25	1	2	50175
100.366	0.25	1	2	50183
100.382	0.25	1	2	50191
100.4	0.25	0	1	50200
100.416	0.25	0	1	50208
100.432	0.25	0	1	50216
100.45	0.25	0	1	50225
100.466	0.25	1	2	50233
100.482	0.25	1	2	50241
100.5	0.25	0	1	50250
100.516	0.25	0	1	50258
100.532	0.25	1	2	50266
100.55	0.25	1	2	50275
100.566	0.25	1	2	50283
100.582	0.25	1	2	50291
100.6	0.25	0	1	50300
100.616	0.25	0	1	50308
100.632	0.25	1	2	50316
100.65	0.25	1	2	50325
100.666	0.25	0	1	50333
100.682	0.25	0	1	50341
100.7	0.25	0	1	50350
100.716	0.25	0	1	50358
100.732	0.25	1	2	50366
100.75	0.25	1	2	50375
100.766	0.25	0	1	50383
100.782	0.25	0	1	50391
100.8	0.25	1	2	50400
100.816	0.25	1	2	50408
100.832	0.25	1	2	50416
100.85	0.25	1	2	50425
100.866	0.25	1	2	50433
100.882	0.25	1	2	50441
100.9	0.25	0	1	50450
100.916	0.25	0	1	50458
100.932	0.25	0	1	50466
100.95	0.25	0	1	50475
100.966	0.25	0	1	50483
100.982	0.25	0	1	50491
101.0	0.25	1	2	50500
101.016	0.25	1	2	50508
101.032	0.25	0	1	50516
101.05	0.25	0	1	50525
101.066	0.25	1	2	50533
101.082	0.25	1	2	50541
101.1	0.25	1	2	50550
101.116	0.25	1	2	50558
101.132	0.25	1	2	50566
101.15	0.25	1	2	50575
101.166	0.25	0	1	50583
101.182	0.25	0	1	50591
101.2	0.25	0	1	50600
101.216	0.25	0	1	50608
101.232	0.25	1	2	50616
101.25	0.25	1	2	50625
101.266	0.25	0	1	50633
101.282	0.25	0	1	50641
101.3	0.25	1	2	50650
101.316	0.25	1	2	50658
101.332	0.25	0	1	50666
101.35	0.25	0	1	50675
101.366	0.25	0	1	50683
101.382	0.25	0	1	50691
101.4	0.25	0	1	50700
101.416	0.25	0	1	50708
101.432	0.25	1	2	50716
101.45	0.25	1	2	50725
101.466	0.25	1	2	50733
101.482	0.25	1	2	50741
101.5	0.25	0	1	50750
101.516	0.25	0	1	50758
101.532	0.25	1	2	50766
101.55	0.25	1	2	50775
101.566	0.25	0	1	50783
101.582	0.25	0	1	50791
101.6	0.25	0	1	50800
101.616	0.25	0	1	50808
101.632	0.25	0	1	50816
101.65	0.25	0	1	50825
101.666	0.25	1	2	50833
101.682	0.25	1	2	50841
101.7	0.25	0	1	50850
101.716	0.25	0	1	50858
101.732	0.25	1	2	50866
101.75	0.25	1	2	50875
101.766	0.25	0	1	50883
101.782	0.25	0	1	50891
101.8	0.25	0	1	50900
101.816	0.25	0	1	50908
101.832	0.25	1	2	50916
103.316	0.25	0	1	51658
103.332	0.25	0	1	51666
103.35	0.25	0	1	51675
103.366	0.25	0	1	51683
103.382	0.25	1	2	51691
103.4	0.25	1	2	51700
103.416	0.25	1	2	51708
103.432	0.25	1	2	51716
103.45	0.25	0	1	51725
103.466	0.25	0	1	51733
103.482	0.25	0	1	51741
103.5	0.25	0	1	51750
103.516	0.25	0	1	51758
103.532	0.25	0	1	51766
103.55	0.25	0	1	51775
103.566	0.25	0	1	51783
103.582	0.25	1	2	51791
103.6	0.25	1	2	51800
103.616	0.25	1	2	51808
103.632	0.25	1	2	51816
103.65	0.25	1	2	51825
103.666	0.25	1	2	51833
103.682	0.25	1	2	51841
103.7	0.25	1	2	51850
103.716	0.25	1	2	51858
103.732	0.25	1	2	51866
103.75	0.25	0	1	51875
103.766	0.25	0	1	51883
103.782	0.25	0	1	51891
103.8	0.25	0	1	51900
103.816	0.25	0	1	51908
103.832	0.25	0	1	51916
103.85	0.25	0	1	51925
103.866	0.25	0	1	51933
103.882	0.25	0	1	51941
103.9	0.25	0	1	51950
103.916	0.25	0	1	51958
103.932	0.25	0	1	51966
103.95	0.25	1	2	51975
103.966	0.25	1	2	51983
103.982	0.25	1	2	51991
104.0	0.25	1	2	52000
104.016	0.25	0	1	52008
104.032	0.25	0	1	52016
104.05	0.25	0	1	52025
104.066	0.25	0	1	52033
104.082	0.25	1	2	52041
104.1	0.25	1	2	52050
104.116	0.25	0	1	52058
104.132	0.25	0	1	52066
104.15	0.25	1	2	52075
104.166	0.25	1	2	52083
104.182	0.25	0	1	52091
104.2	0.25	0	1	52100
104.216	0.25	1	2	52108
104.232	0.25	1	2	52116
104.25	0.25	0	1	52125
104.266	0.25	0	1	52133
104.282	0.25	1	2	52141
104.3	0.25	1	2	52150
104.316	0.25	1	2	52158
104.332	0.25	1	2	52166
104.35	0.25	0	1	52175
104.366	0.25	0	1	52183
104.382	0.25	1	2	52191
104.4	0.25	1	2	52200
104.416	0.25	0	1	52208
104.432	0.25	0	1	52216
104.45	0.25	0	1	52225
104.466	0.25	0	1	52233
104.482	0.25	0	1	52241
104.5	0.25	0	1	52250
104.516	0.25	1	2	52258
104.532	0.25	1	2	52266
104.55	0.25	0	1	52275
104.566	0.25	0	1	52283
104.582	0.25	0	1	52291
104.6	0.25	0	1	52300
104.616	0.25	0	1	52308
104.632	0.25	0	1	52316
104.65	0.25	1	2	52325
104.666	0.25	1	2	52333
104.682	0.25	1	2	52341
104.7	0.25	1	2	52350
104.716	0.25	1	2	52358
104.732	0.25	1	2	52366
104.75	0.25	0	1	52375
104.766	0.25	0	1	52383
104.782	0.25	1	2	52391
104.8	0.25	1	2	52400
104.816	0.25	0	1	52408
104.832	0.25	0	1	52416
104.85	0.25	1	2	52425
104.866	0.25	1	2	52433
104.882	0.25	1	2	52441
104.9	0.25	1	2	52450
104.916	0.25	1	2	52458
104.932	0.25	1	2	52466
104.95	0.25	1	2	52475
104.966	0.25	1	2	52483
104.982	0.25	1	2	52491
105.0	0.25	1	2	52500
105.016	0.25	0	1	52508
105.032	0.25	0	1	52516
105.05	0.25	0	1	52525
105.066	0.25	0	1	52533
105.082	0.25	1	2	52541
105.1	0.25	1	2	52550
105.116	0.25	0	1	52558
105.132	0.25	0	1	52566
105.15	0.25	0	1	52575
105.166	0.25	0	1	52583
105.182	0.25	0	1	52591
105.2	0.25	0	1	52600
105.216	0.25	1	2	52608
105.232	0.25	1	2	52616
105.25	0.25	1	2	52625
106.732	0.25	1	2	53366
106.75	0.25	1	2	53375
106.766	0.25	1	2	53383
106.782	0.25	1	2	53391
106.8	0.25	0	1	53400
106.816	0.25	0	1	53408
106.832	0.25	1	2	53416
106.85	0.25	1	2	53425
106.866	0.25	1	2	53433
106.882	0.25	1	2	53441
106.9	0.25	0	1	53450
106.916	0.25	0	1	53458
106.932	0.25	1	2	53466
106.95	0.25	1	2	53475
106.966	0.25	1	2	53483
106.982	0.25	1	2	53491
107.0	0.25	0	1	53500
107.016	0.25	0	1	53508
107.032	0.25	1	2	53516
107.05	0.25	1	2	53525
107.066	0.25	1	2	53533
107.082	0.25	1	2	53541
107.1	0.25	0	1	53550
107.116	0.25	0	1	53558
107.132	0.25	0	1	53566
107.15	0.25	0	1	53575
107.166	0.25	0	1	53583
107.182	0.25	0	1	53591
107.2	0.25	1	2	53600
107.216	0.25	1	2	53608
107.232	0.25	1	2	53616
107.25	0.25	1	2	53625
107.266	0.25	1	2	53633
107.282	0.25	1	2	53641
107.3	0.25	0	1	53650
107.316	0.25	0	1	53658
107.332	0.25	0	1	53666
107.35	0.25	0	1	53675
107.366	0.25	0	1	53683
107.382	0.25	0	1	53691
107.4	0.25	1	2	53700
107.416	0.25	1	2	53708
107.432	0.25	1	2	53716
107.45	0.25	1	2	53725
107.466	0.25	1	2	53733
107.482	0.25	1	2	53741
107.5	0.25	1	2	53750
107.516	0.25	1	2	53758
107.532	0.25	1	2	53766
107.55	0.25	1	2	53775
107.566	0.25	0	1	53783
107.582	0.25	0	1	53791
107.6	0.25	0	1	53800
107.616	0.25	0	1	53808
107.632	0.25	1	2	53816
107.65	0.25	1	2	53825
107.666	0.25	0	1	53833
107.682	0.25	0	1	53841
107.7	0.25	1	2	53850
107.716	0.25	1	2	53858
107.732	0.25	0	1	53866
107.75	0.25	0	1	53875
107.766	0.25	0	1	53883
107.782	0.25	0	1	53891
107.8	0.25	1	2	53900
107.816	0.25	1	2	53908
107.832	0.25	1	2	53916
107.85	0.25	1	2	53925
107.866	0.25	0	1	53933
107.882	0.25	0	1	53941
107.9	0.25	0	1	53950
107.916	0.25	0	1	53958
107.932	0.25	0	1	53966
107.95	0.25	0	1	53975
107.966	0.25	0	1	53983
107.982	0.25	0	1	53991
108.0	0.25	1	2	54000
108.016	0.25	1	2	54008
108.032	0.25	0	1	54016
108.05	0.25	0	1	54025
108.066	0.25	0	1	54033
108.082	0.25	0	1	54041
108.1	0.25	0	1	54050
108.116	0.25	0	1	54058
108.132	0.25	0	1	54066
108.15	0.25	0	1	54075
108.166	0.25	1	2	54083
108.182	0.25	1	2	54091
108.2	0.25	1	2	54100
108.216	0.25	1	2	54108
108.232	0.25	1	2	54116
108.25	0.25	1	2	54125
108.266	0.25	1	2	54133
108.282	0.25	1	2	54141
108.3	0.25	1	2	54150
108.316	0.25	1	2	54158
108.332	0.25	1	2	54166
108.35	0.25	1	2	54175
108.366	0.25	0	1	54183
108.382	0.25	0	1	54191
108.4	0.25	1	2	54200
108.416	0.25	1	2	54208
108.432	0.25	0	1	54216
108.45	0.25	0	1	54225
108.466	0.25	1	2	54233
108.482	0.25	1	2	54241
108.5	0.25	0	1	54250
108.516	0.25	0	1	54258
108.532	0.25	0	1	54266
108.55	0.25	0	1	54275
108.566	0.25	1	2	54283
108.582	0.25	1	2	54291
108.6	0.25	1	2	54300
108.616	0.25	1	2	54308
108.632	0.25	0	1	54316
108.65	0.25	0	1	54325
108.666	0.25	0	1	54333
111.132	0.25	1	2	55566
111.15	0.25	1	2	55575
111.166	0.25	1	2	55583
111.182	0.25	1	2	55591
111.2	0.25	0	1	55600
111.216	0.25	0	1	55608
111.232	0.25	0	1	55616
111.25	0.25	0	1	55625
111.266	0.25	0	1	55633
111.282	0.25	0	1	55641
111.3	0.25	0	1	55650
111.316	0.25	0	1	55658
111.332	0.25	1	2	55666
111.35	0.25	1	2	55675
111.366	0.25	0	1	55683
111.382	0.25	0	1	55691
111.4	0.25	0	1	55700
111.416	0.25	0	1	55708
111.432	0.25	1	2	55716
111.45	0.25	1	2	55725
111.466	0.25	1	2	55733
111.482	0.25	1	2	55741
111.5	0.25	0	1	55750
111.516	0.25	0	1	55758
111.532	0.25	0	1	55766
111.55	0.25	0	1	55775
111.566	0.25	0	1	55783
111.582	0.25	0	1	55791
111.6	0.25	0	1	55800
111.616	0.25	0	1	55808
111.632	0.25	0	1	55816
111.65	0.25	0	1	55825
111.666	0.25	0	1	55833
111.682	0.25	0	1	55841
111.7	0.25	1	2	55850
111.716	0.25	1	2	55858
111.732	0.25	0	1	55866
111.75	0.25	0	1	55875
111.766	0.25	1	2	55883
111.782	0.25	1	2	55891
111.8	0.25	1	2	55900
111.816	0.25	1	2	55908
111.832	0.25	0	1	55916
111.85	0.25	0	1	55925
111.866	0.25	1	2	55933
111.882	0.25	1	2	55941
111.9	0.25	0	1	55950
111.916	0.25	0	1	55958
111.932	0.25	1	2	55966
111.95	0.25	1	2	55975
111.966	0.25	0	1	55983
111.982	0.25	0	1	55991
112.0	0.25	1	2	56000
112.016	0.25	1	2	56008
112.032	0.25	0	1	56016
112.05	0.25	0	1	56025
112.066	0.25	0	1	56033
112.082	0.25	0	1	56041
112.1	0.25	0	1	56050
112.116	0.25	0	1	56058
112.132	0.25	1	2	56066
112.15	0.25	1	2	56075
112.166	0.25	1	2	56083
112.182	0.25	1	2	56091
112.2	0.25	1	2	56100
112.216	0.25	1	2	56108
112.232	0.25	0	1	56116
112.25	0.25	0	1	56125
112.266	0.25	1	2	56133
112.282	0.25	1	2	56141
112.3	0.25	1	2	56150
112.316	0.25	1	2	56158
112.332	0.25	1	2	56166
112.35	0.25	1	2	56175
112.366	0.25	0	1	56183
112.382	0.25	0	1	56191
112.4	0.25	1	2	56200
112.416	0.25	1	2	56208
112.432	0.25	0	1	56216
112.45	0.25	0	1	56225
112.466	0.25	1	2	56233
112.482	0.25	1	2	56241
112.5	0.25	1	2	56250
112.516	0.25	1	2	56258
112.532	0.25	0	1	56266
112.55	0.25	0	1	56275
112.566	0.25	0	1	56283
112.582	0.25	0	1	56291
112.6	0.25	0	1	56300
112.616	0.25	0	1	56308
112.632	0.25	1	2	56316
112.65	0.25	1	2	56325
112.666	0.25	1	2	56333
112.682	0.25	1	2	56341
112.7	0.25	0	1	56350
112.716	0.25	0	1	56358
112.732	0.25	1	2	56366
112.75	0.25	1	2	56375
112.766	0.25	1	2	56383
112.782	0.25	1	2	56391
112.8	0.25	1	2	56400
112.816	0.25	1	2	56408
112.832	0.25	0	1	56416
112.85	0.25	0	1	56425
112.866	0.25	0	1	56433
112.882	0.25	0	1	56441
112.9	0.25	0	1	56450
112.916	0.25	0	1	56458
112.932	0.25	0	1	56466
112.95	0.25	0	1	56475
112.966	0.25	0	1	56483
112.982	0.25	0	1	56491
113.0	0.25	1	2	56500
113.016	0.25	1	2	56508
113.032	0.25	1	2	56516
113.05	0.25	1	2	56525
113.066	0.25	1	2	56533
114.55	0.25	0	1	57275
114.566	0.25	0	1	57283
114.582	0.25	0	1	57291
114.6	0.25	0	1	57300
114.616	0.25	1	2	57308
114.632	0.25	1	2	57316
114.65	0.25	1	2	57325
114.666	0.25	1	2	57333
114.682	0.25	0	1	57341
114.7	0.25	0	1	57350
114.716	0.25	0	1	57358
114.732	0.25	0	1	57366
114.75	0.25	0	1	57375
114.766	0.25	0	1	57383
114.782	0.25	0	1	57391
114.8	0.25	0	1	57400
114.816	0.25	1	2	57408
114.832	0.25	1	2	57416
114.85	0.25	1	2	57425
114.866	0.25	1	2	57433
114.882	0.25	1	2	57441
114.9	0.25	1	2	57450
114.916	0.25	1	2	57458
114.932	0.25	1	2	57466
114.95	0.25	1	2	57475
114.966	0.25	1	2	57483
114.982	0.25	0	1	57491
115.0	0.25	0	1	57500
115.016	0.25	0	1	57508
115.032	0.25	0	1	57516
115.05	0.25	0	1	57525
115.066	0.25	0	1	57533
115.082	0.25	0	1	57541
115.1	0.25	0	1	57550
115.116	0.25	0	1	57558
115.132	0.25	0	1	57566
115.15	0.25	0	1	57575
115.166	0.25	0	1	57583
115.182	0.25	1	2	57591
115.2	0.25	1	2	57600
115.216	0.25	1	2	57608
115.232	0.25	1	2	57616
115.25	0.25	0	1	57625
115.266	0.25	0	1	57633
115.282	0.25	0	1	57641
115.3	0.25	0	1	57650
115.316	0.25	1	2	57658
115.332	0.25	1	2	57666
115.35	0.25	0	1	57675
115.366	0.25	0	1	57683
115.382	0.25	1	2	57691
115.4	0.25	1	2	57700
115.416	0.25	0	1	57708
115.432	0.25	0	1	57716
115.45	0.25	1	2	57725
115.466	0.25	1	2	57733
115.482	0.25	0	1	57741
115.5	0.25	0	1	57750
115.516	0.25	1	2	57758
115.532	0.25	1	2	57766
115.55	0.25	1	2	57775
115.566	0.25	1	2	57783
115.582	0.25	0	1	57791
115.6	0.25	0	1	57800
115.616	0.25	1	2	57808
115.632	0.25	1	2	57816
115.65	0.25	0	1	57825
115.666	0.25	0	1	57833
115.682	0.25	0	1	57841
115.7	0.25	0	1	57850
115.716	0.25	0	1	57858
115.732	0.25	0	1	57866
115.75	0.25	1	2	57875
115.766	0.25	1	2	57883
115.782	0.25	0	1	57891
115.8	0.25	0	1	57900
115.816	0.25	0	1	57908
115.832	0.25	0	1	57916
115.85	0.25	0	1	57925
115.866	0.25	0	1	57933
115.882	0.25	1	2	57941
115.9	0.25	1	2	57950
115.916	0.25	1	2	57958
115.932	0.25	1	2	57966
115.95	0.25	1	2	57975
115.966	0.25	1	2	57983
115.982	0.25	0	1	57991
116.0	0.25	0	1	58000
116.016	0.25	1	2	58008
116.032	0.25	1	2	58016
116.05	0.25	0	1	58025
116.066	0.25	0	1	58033
116.082	0.25	1	2	58041
116.1	0.25	1	2	58050
116.116	0.25	1	2	58058
116.132	0.25	1	2	58066
116.15	0.25	1	2	58075
116.166	0.25	1	2	58083
116.182	0.25	1	2	58091
116.2	0.25	1	2	58100
116.216	0.25	1	2	58108
116.232	0.25	1	2	58116
116.25	0.25	0	1	58125
116.266	0.25	0	1	58133
116.282	0.25	0	1	58141
116.3	0.25	0	1	58150
116.316	0.25	1	2	58158
116.332	0.25	1	2	58166
116.35	0.25	0	1	58175
116.366	0.25	0	1	58183
116.382	0.25	0	1	58191
116.4	0.25	0	1	58200
116.416	0.25	0	1	58208
116.432	0.25	0	1	58216
116.45	0.25	1	2	58225
116.466	0.25	1	2	58233
116.482	0.25	1	2	58241
117.966	0.25	1	2	58983
117.982	0.25	1	2	58991
118.0	0.25	1	2	59000
118.016	0.25	1	2	59008
118.032	0.25	1	2	59016
118.05	0.25	1	2	59025
118.066	0.25	1	2	59033
118.082	0.25	1	2	59041
118.1	0.25	1	2	59050
118.116	0.25	1	2	59058
118.132	0.25	1	2	59066
118.15	0.25	1	2	59075
118.166	0.25	1	2	59083
118.182	0.25	1	2	59091
118.2	0.25	0	1	59100
118.216	0.25	0	1	59108
118.232	0.25	0	1	59116
118.25	0.25	0	1	59125
118.266	0.25	1	2	59133
118.282	0.25	1	2	59141
118.3	0.25	1	2	59150
118.316	0.25	1	2	59158
118.332	0.25	0	1	59166
118.35	0.25	0	1	59175
118.366	0.25	0	1	59183
118.382	0.25	0	1	59191
118.4	0.25	1	2	59200
118.416	0.25	1	2	59208
118.432	0.25	1	2	59216
118.45	0.25	1	2	59225
118.466	0.25	0	1	59233
118.482	0.25	0	1	59241
118.5	0.25	0	1	59250
118.516	0.25	0	1	59258
118.532	0.25	1	2	59266
118.55	0.25	1	2	59275
118.566	0.25	0	1	59283
118.582	0.25	0	1	59291
118.6	0.25	1	2	59300
118.616	0.25	1	2	59308
118.632	0.25	1	2	59316
118.65	0.25	1	2	59325
118.666	0.25	0	1	59333
118.682	0.25	0	1	59341
118.7	0.25	1	2	59350
118.716	0.25	1	2	59358
118.732	0.25	0	1	59366
118.75	0.25	0	1	59375
118.766	0.25	0	1	59383
118.782	0.25	0	1	59391
118.8	0.25	1	2	59400
118.816	0.25	1	2	59408
118.832	0.25	0	1	59416
118.85	0.25	0	1	59425
118.866	0.25	1	2	59433
118.882	0.25	1	2	59441
118.9	0.25	1	2	59450
118.916	0.25	1	2	59458
118.932	0.25	1	2	59466
118.95	0.25	1	2	59475
118.966	0.25	0	1	59483
118.982	0.25	0	1	59491
119.0	0.25	0	1	59500
119.016	0.25	0	1	59508
119.032	0.25	0	1	59516
119.05	0.25	0	1	59525
119.066	0.25	1	2	59533
119.082	0.25	1	2	59541
119.1	0.25	0	1	59550
119.116	0.25	0	1	59558
119.132	0.25	1	2	59566
119.15	0.25	1	2	59575
119.166	0.25	1	2	59583
119.182	0.25	1	2	59591
119.2	0.25	1	2	59600
119.216	0.25	1	2	59608
119.232	0.25	0	1	59616
119.25	0.25	0	1	59625
119.266	0.25	0	1	59633
119.282	0.25	0	1	59641
119.3	0.25	1	2	59650
119.316	0.25	1	2	59658
119.332	0.25	0	1	59666
119.35	0.25	0	1	59675
119.366	0.25	1	2	59683
119.382	0.25	1	2	59691
119.4	0.25	0	1	59700
119.416	0.25	0	1	59708
119.432	0.25	0	1	59716
119.45	0.25	0	1	59725
119.466	0.25	0	1	59733
119.482	0.25	0	1	59741
119.5	0.25	1	2	59750
119.516	0.25	1	2	59758
119.532	0.25	1	2	59766
119.55	0.25	1	2	59775
119.566	0.25	0	1	59783
119.582	0.25	0	1	59791
119.6	0.25	1	2	59800
119.616	0.25	1	2	59808
119.632	0.25	0	1	59816
119.65	0.25	0	1	59825
119.666	0.25	0	1	59833
119.682	0.25	0	1	59841
119.7	0.25	0	1	59850
119.716	0.25	0	1	59858
119.732	0.25	1	2	59866
119.75	0.25	1	2	59875
119.766	0.25	0	1	59883
119.782	0.25	0	1	59891
119.8	0.25	1	2	59900
119.816	0.25	1	2	59908
119.832	0.25	0	1	59916
119.85	0.25	0	1	59925
119.866	0.25	0	1	59933
119.882	0.25	0	1	59941
119.9	0.25	1	2	59950
121.382	0.25	1	2	60691
121.4	0.25	1	2	60700
121.416	0.25	1	2	60708
121.432	0.25	1	2	60716
121.45	0.25	0	1	60725
121.466	0.25	0	1	60733
121.482	0.25	1	2	60741
121.5	0.25	1	2	60750
121.516	0.25	1	2	60758
121.532	0.25	1	2	60766
121.55	0.25	0	1	60775
121.566	0.25	0	1	60783
121.582	0.25	1	2	60791
121.6	0.25	1	2	60800
121.616	0.25	1	2	60808
121.632	0.25	1	2	60816
121.65	0.25	0	1	60825
121.666	0.25	0	1	60833
121.682	0.25	1	2	60841
121.7	0.25	1	2	60850
121.716	0.25	1	2	60858
121.732	0.25	1	2	60866
121.75	0.25	0	1	60875
121.766	0.25	0	1	60883
121.782	0.25	0	1	60891
121.8	0.25	0	1	60900
121.816	0.25	0	1	60908
121.832	0.25	0	1	60916
121.85	0.25	1	2	60925
121.866	0.25	1	2	60933
121.882	0.25	1	2	60941
121.9	0.25	1	2	60950
121.916	0.25	1	2	60958
121.932	0.25	1	2	60966
121.95	0.25	0	1	60975
121.966	0.25	0	1	60983
121.982	0.25	0	1	60991
122.0	0.25	0	1	61000
122.016	0.25	0	1	61008
122.032	0.25	0	1	61016
122.05	0.25	1	2	61025
122.066	0.25	1	2	61033
122.082	0.25	1	2	61041
122.1	0.25	1	2	61050
122.116	0.25	1	2	61058
122.132	0.25	1	2	61066
122.15	0.25	1	2	61075
122.166	0.25	1	2	61083
122.182	0.25	1	2	61091
122.2	0.25	1	2	61100
122.216	0.25	0	1	61108
122.232	0.25	0	1	61116
122.25	0.25	0	1	61125
122.266	0.25	0	1	61133
122.282	0.25	1	2	61141
122.3	0.25	1	2	61150
122.316	0.25	0	1	61158
122.332	0.25	0	1	61166
122.35	0.25	1	2	61175
122.366	0.25	1	2	61183
122.382	0.25	0	1	61191
122.4	0.25	0	1	61200
122.416	0.25	0	1	61208
122.432	0.25	0	1	61216
122.45	0.25	1	2	61225
122.466	0.25	1	2	61233
122.482	0.25	1	2	61241
122.5	0.25	1	2	61250
122.516	0.25	0	1	61258
122.532	0.25	0	1	61266
122.55	0.25	0	1	61275
122.566	0.25	0	1	61283
122.582	0.25	0	1	61291
122.6	0.25	0	1	61300
122.616	0.25	0	1	61308
122.632	0.25	0	1	61316
122.65	0.25	1	2	61325
122.666	0.25	1	2	61333
122.682	0.25	0	1	61341
122.7	0.25	0	1	61350
122.716	0.25	0	1	61358
122.732	0.25	0	1	61366
122.75	0.25	0	1	61375
122.766	0.25	0	1	61383
122.782	0.25	0	1	61391
122.8	0.25	0	1	61400
122.816	0.25	1	2	61408
122.832	0.25	1	2	61416
122.85	0.25	1	2	61425
122.866	0.25	1	2	61433
122.882	0.25	1	2	61441
122.9	0.25	1	2	61450
122.916	0.25	1	2	61458
122.932	0.25	1	2	61466
122.95	0.25	1	2	61475
122.966	0.25	1	2	61483
122.982	0.25	1	2	61491
123.0	0.25	1	2	61500
123.016	0.25	0	1	61508
123.032	0.25	0	1	61516
123.05	0.25	1	2	61525
123.066	0.25	1	2	61533
123.082	0.25	0	1	61541
123.1	0.25	0	1	61550
123.116	0.25	1	2	61558
123.132	0.25	1	2	61566
123.15	0.25	0	1	61575
123.166	0.25	0	1	61583
123.182	0.25	0	1	61591
123.2	0.25	0	1	61600
123.216	0.25	1	2	61608
123.232	0.25	1	2	61616
123.25	0.25	1	2	61625
123.266	0.25	1	2	61633
123.282	0.25	0	1	61641
123.3	0.25	0	1	61650
123.316	0.25	0	1	61658
125.9	0.25	1	2	62950
125.916	0.25	1	2	62958
125.932	0.25	1	2	62966
125.95	0.25	1	2	62975
125.966	0.25	0	1	62983
125.982	0.25	0	1	62991
126.0	0.25	0	1	63000
126.016	0.25	0	1	63008
126.032	0.25	0	1	63016
126.05	0.25	0	1	63025
126.066	0.25	0	1	63033
126.082	0.25	0	1	63041
126.1	0.25	1	2	63050
126.116	0.25	1	2	63058
126.132	0.25	0	1	63066
126.15	0.25	0	1	63075
126.166	0.25	0	1	63083
126.182	0.25	0	1	63091
126.2	0.25	1	2	63100
126.216	0.25	1	2	63108
126.232	0.25	1	2	63116
126.25	0.25	1	2	63125
126.266	0.25	0	1	63133
126.282	0.25	0	1	63141
126.3	0.25	0	1	63150
126.316	0.25	0	1	63158
126.332	0.25	0	1	63166
126.35	0.25	0	1	63175
126.366	0.25	0	1	63183
126.382	0.25	0	1	63191
126.4	0.25	0	1	63200
126.416	0.25	0	1	63208
126.432	0.25	0	1	63216
126.45	0.25	0	1	63225
126.466	0.25	1	2	63233
126.482	0.25	1	2	63241
126.5	0.25	0	1	63250
126.516	0.25	0	1	63258
126.532	0.25	1	2	63266
126.55	0.25	1	2	63275
126.566	0.25	1	2	63283
126.582	0.25	1	2	63291
126.6	0.25	0	1	63300
126.616	0.25	0	1	63308
126.632	0.25	1	2	63316
126.65	0.25	1	2	63325
126.666	0.25	0	1	63333
126.682	0.25	0	1	63341
126.7	0.25	1	2	63350
126.716	0.25	1	2	63358
126.732	0.25	0	1	63366
126.75	0.25	0	1	63375
126.766	0.25	1	2	63383
126.782	0.25	1	2	63391
126.8	0.25	0	1	63400
126.816	0.25	0	1	63408
126.832	0.25	0	1	63416
126.85	0.25	0	1	63425
126.866	0.25	0	1	63433
126.882	0.25	0	1	63441
126.9	0.25	1	2	63450
126.916	0.25	1	2	63458
126.932	0.25	1	2	63466
126.95	0.25	1	2	63475
126.966	0.25	1	2	63483
126.982	0.25	1	2	63491
127.0	0.25	0	1	63500
127.016	0.25	0	1	63508
127.032	0.25	1	2	63516
127.05	0.25	1	2	63525
127.066	0.25	1	2	63533
127.082	0.25	1	2	63541
127.1	0.25	1	2	63550
127.116	0.25	1	2	63558
127.132	0.25	0	1	63566
127.15	0.25	0	1	63575
127.166	0.25	1	2	63583
127.182	0.25	1	2	63591
127.2	0.25	0	1	63600
127.216	0.25	0	1	63608
127.232	0.25	1	2	63616
127.25	0.25	1	2	63625
127.266	0.25	1	2	63633
127.282	0.25	1	2	63641
127.3	0.25	0	1	63650
127.316	0.25	0	1	63658
127.332	0.25	0	1	63666
127.35	0.25	0	1	63675
127.366	0.25	0	1	63683
127.382	0.25	0	1	63691
127.4	0.25	1	2	63700
127.416	0.25	1	2	63708
127.432	0.25	1	2	63716
127.45	0.25	1	2	63725
127.466	0.25	0	1	63733
127.482	0.25	0	1	63741
127.5	0.25	1	2	63750
127.516	0.25	1	2	63758
127.532	0.25	1	2	63766
127.55	0.25	1	2	63775
127.566	0.25	1	2	63783
127.582	0.25	1	2	63791
127.6	0.25	0	1	63800
127.616	0.25	0	1	63808
127.632	0.25	0	1	63816
127.65	0.25	0	1	63825
127.666	0.25	0	1	63833
127.682	0.25	0	1	63841
127.7	0.25	0	1	63850
127.716	0.25	0	1	63858
127.732	0.25	0	1	63866
127.75	0.25	0	1	63875
127.766	0.25	1	2	63883
127.782	0.25	1	2	63891
127.8	0.25	1	2	63900
127.816	0.25	1	2	63908
127.832	0.25	1	2	63916
129.316	0.25	1	2	64658
129.332	0.25	1	2	64666
129.35	0.25	1	2	64675
129.366	0.25	1	2	64683
129.382	0.25	0	1	64691
129.4	0.25	0	1	64700
129.416	0.25	1	2	64708
129.432	0.25	1	2	64716
129.448	0.25	1	2	64724
129.466	0.25	1	2	64733
129.482	0.25	0	1	64741
129.5	0.25	0	1	64750
129.516	0.25	1	2	64758
129.532	0.25	1	2	64766
129.55	0.25	1	2	64775
129.566	0.25	1	2	64783
129.582	0.25	0	1	64791
129.6	0.25	0	1	64800
129.616	0.25	1	2	64808
129.632	0.25	1	2	64816
129.65	0.25	1	2	64825
129.666	0.25	1	2	64833
129.682	0.25	0	1	64841
129.698	0.25	0	1	64849
129.716	0.25	0	1	64858
129.732	0.25	0	1	64866
129.75	0.25	0	1	64875
129.766	0.25	0	1	64883
129.782	0.25	1	2	64891
129.8	0.25	1	2	64900
129.816	0.25	1	2	64908
129.832	0.25	1	2	64916
129.85	0.25	1	2	64925
129.866	0.25	1	2	64933
129.882	0.25	0	1	64941
129.9	0.25	0	1	64950
129.916	0.25	0	1	64958
129.932	0.25	0	1	64966
129.948	0.25	0	1	64974
129.966	0.25	0	1	64983
129.982	0.25	1	2	64991
130.0	0.25	1	2	65000
130.016	0.25	1	2	65008
130.032	0.25	1	2	65016
130.05	0.25	1	2	65025
130.066	0.25	1	2	65033
130.082	0.25	1	2	65041
130.1	0.25	1	2	65050
130.116	0.25	1	2	65058
130.132	0.25	1	2	65066
130.15	0.25	0	1	65075
130.166	0.25	0	1	65083
130.182	0.25	0	1	65091
130.198	0.25	0	1	65099
130.216	0.25	1	2	65108
130.232	0.25	1	2	65116
130.25	0.25	0	1	65125
130.266	0.25	0	1	65133
130.282	0.25	1	2	65141
130.3	0.25	1	2	65150
130.316	0.25	0	1	65158
130.332	0.25	0	1	65166
130.35	0.25	0	1	65175
130.366	0.25	0	1	65183
130.382	0.25	1	2	65191
130.4	0.25	1	2	65200
130.416	0.25	1	2	65208
130.432	0.25	1	2	65216
130.448	0.25	0	1	65224
130.466	0.25	0	1	65233
130.482	0.25	0	1	65241
130.5	0.25	0	1	65250
130.516	0.25	0	1	65258
130.532	0.25	0	1	65266
130.55	0.25	0	1	65275
130.566	0.25	0	1	65283
130.582	0.25	1	2	65291
130.6	0.25	1	2	65300
130.616	0.25	0	1	65308
130.632	0.25	0	1	65316
130.65	0.25	0	1	65325
130.666	0.25	0	1	65333
130.682	0.25	0	1	65341
130.698	0.25	0	1	65349
130.716	0.25	0	1	65358
130.732	0.25	0	1	65366
130.75	0.25	1	2	65375
130.766	0.25	1	2	65383
130.782	0.25	1	2	65391
130.8	0.25	1	2	65400
130.816	0.25	1	2	65408
130.832	0.25	1	2	65416
130.85	0.25	1	2	65425
130.866	0.25	1	2	65433
130.882	0.25	1	2	65441
130.9	0.25	1	2	65450
130.916	0.25	1	2	65458
130.932	0.25	1	2	65466
130.948	0.25	0	1	65474
130.966	0.25	0	1	65483
130.982	0.25	1	2	65491
131.0	0.25	1	2	65500
131.016	0.25	0	1	65508
131.032	0.25	0	1	65516
131.05	0.25	1	2	65525
131.066	0.25	1	2	65533
131.082	0.25	0	1	65541
131.1	0.25	0	1	65550
131.116	0.25	0	1	65558
131.132	0.25	0	1	65566
131.15	0.25	1	2	65575
131.166	0.25	1	2	65583
131.182	0.25	1	2	65591
131.2	0.25	1	2	65600
131.216	0.25	0	1	65608
131.232	0.25	0	1	65616
131.25	0.25	0	1	65625
132.732	0.25	0	1	66366
132.75	0.25	0	1	66375
132.766	0.25	0	1	66383
132.782	0.25	0	1	66391
132.8	0.25	1	2	66400
132.816	0.25	1	2	66408
132.832	0.25	1	2	66416
132.85	0.25	1	2	66425
132.866	0.25	0	1	66433
132.882	0.25	0	1	66441
132.9	0.25	0	1	66450
132.916	0.25	0	1	66458
132.932	0.25	0	1	66466
132.95	0.25	0	1	66475
132.966	0.25	0	1	66483
132.982	0.25	0	1	66491
133.0	0.25	1	2	66500
133.016	0.25	1	2	66508
133.032	0.25	1	2	66516
133.05	0.25	1	2	66525
133.066	0.25	1	2	66533
133.082	0.25	1	2	66541
133.1	0.25	1	2	66550
133.116	0.25	1	2	66558
133.132	0.25	1	2	66566
133.15	0.25	1	2	66575
133.166	0.25	0	1	66583
133.182	0.25	0	1	66591
133.2	0.25	0	1	66600
133.216	0.25	0	1	66608
133.232	0.25	0	1	66616
133.25	0.25	0	1	66625
133.266	0.25	0	1	66633
133.282	0.25	0	1	66641
133.3	0.25	0	1	66650
133.316	0.25	0	1	66658
133.332	0.25	0	1	66666
133.35	0.25	0	1	66675
133.366	0.25	1	2	66683
133.382	0.25	1	2	66691
133.4	0.25	1	2	66700
133.416	0.25	1	2	66708
133.432	0.25	0	1	66716
133.45	0.25	0	1	66725
133.466	0.25	0	1	66733
133.482	0.25	0	1	66741
133.5	0.25	1	2	66750
133.516	0.25	1	2	66758
133.532	0.25	0	1	66766
133.55	0.25	0	1	66775
133.566	0.25	1	2	66783
133.582	0.25	1	2	66791
133.6	0.25	0	1	66800
133.616	0.25	0	1	66808
133.632	0.25	1	2	66816
133.65	0.25	1	2	66825
133.666	0.25	0	1	66833
133.682	0.25	0	1	66841
133.7	0.25	1	2	66850
133.716	0.25	1	2	66858
133.732	0.25	1	2	66866
133.75	0.25	1	2	66875
133.766	0.25	0	1	66883
133.782	0.25	0	1	66891
133.8	0.25	1	2	66900
133.816	0.25	1	2	66908
133.832	0.25	0	1	66916
133.85	0.25	0	1	66925
133.866	0.25	0	1	66933
133.882	0.25	0	1	66941
133.9	0.25	0	1	66950
133.916	0.25	0	1	66958
133.932	0.25	1	2	66966
133.95	0.25	1	2	66975
133.966	0.25	0	1	66983
133.982	0.25	0	1	66991
134.0	0.25	0	1	67000
134.016	0.25	0	1	67008
134.032	0.25	0	1	67016
134.05	0.25	0	1	67025
134.066	0.25	1	2	67033
134.082	0.25	1	2	67041
134.1	0.25	1	2	67050
134.116	0.25	1	2	67058
134.132	0.25	1	2	67066
134.15	0.25	1	2	67075
134.166	0.25	0	1	67083
134.182	0.25	0	1	67091
134.2	0.25	1	2	67100
134.216	0.25	1	2	67108
134.232	0.25	0	1	67116
134.25	0.25	0	1	67125
134.266	0.25	1	2	67133
134.282	0.25	1	2	67141
134.3	0.25	1	2	67150
134.316	0.25	1	2	67158
134.332	0.25	1	2	67166
134.35	0.25	1	2	67175
134.366	0.25	1	2	67183
134.382	0.25	1	2	67191
134.4	0.25	1	2	67200
134.416	0.25	1	2	67208
134.432	0.25	0	1	67216
134.45	0.25	0	1	67225
134.466	0.25	0	1	67233
134.482	0.25	0	1	67241
134.5	0.25	1	2	67250
134.516	0.25	1	2	67258
134.532	0.25	0	1	67266
134.55	0.25	0	1	67275
134.566	0.25	0	1	67283
134.582	0.25	0	1	67291
134.6	0.25	0	1	67300
134.616	0.25	0	1	67308
134.632	0.25	1	2	67316
134.65	0.25	1	2	67325
134.666	0.25	1	2	67333
136.15	0.25	1	2	68075
136.166	0.25	1	2	68083
136.182	0.25	1	2	68091
136.2	0.25	1	2	68100
136.216	0.25	1	2	68108
136.232	0.25	1	2	68116
136.25	0.25	1	2	68125
136.266	0.25	1	2	68133
136.282	0.25	1	2	68141
136.3	0.25	1	2	68150
136.316	0.25	1	2	68158
136.332	0.25	1	2	68166
136.35	0.25	1	2	68175
136.366	0.25	1	2	68183
136.382	0.25	0	1	68191
136.4	0.25	0	1	68200
136.416	0.25	0	1	68208
136.432	0.25	0	1	68216
136.45	0.25	1	2	68225
136.466	0.25	1	2	68233
136.482	0.25	1	2	68241
136.5	0.25	1	2	68250
136.516	0.25	0	1	68258
136.532	0.25	0	1	68266
136.55	0.25	0	1	68275
136.566	0.25	0	1	68283
136.582	0.25	1	2	68291
136.6	0.25	1	2	68300
136.616	0.25	1	2	68308
136.632	0.25	1	2	68316
136.65	0.25	0	1	68325
136.666	0.25	0	1	68333
136.682	0.25	0	1	68341
136.7	0.25	0	1	68350
136.716	0.25	1	2	68358
136.732	0.25	1	2	68366
136.75	0.25	0	1	68375
136.766	0.25	0	1	68383
136.782	0.25	1	2	68391
136.8	0.25	1	2	68400
136.816	0.25	1	2	68408
136.832	0.25	1	2	68416
136.85	0.25	0	1	68425
136.866	0.25	0	1	68433
136.882	0.25	1	2	68441
136.9	0.25	1	2	68450
136.916	0.25	0	1	68458
136.932	0.25	0	1	68466
136.95	0.25	0	1	68475
136.966	0.25	0	1	68483
136.982	0.25	1	2	68491
137.0	0.25	1	2	68500
137.016	0.25	0	1	68508
137.032	0.25	0	1	68516
137.05	0.25	1	2	68525
137.066	0.25	1	2	68533
137.082	0.25	1	2	68541
137.1	0.25	1	2	68550
137.116	0.25	1	2	68558
137.132	0.25	1	2	68566
137.15	0.25	0	1	68575
137.166	0.25	0	1	68583
137.182	0.25	0	1	68591
137.2	0.25	0	1	68600
137.216	0.25	0	1	68608
137.232	0.25	0	1	68616
137.25	0.25	1	2	68625
137.266	0.25	1	2	68633
137.282	0.25	0	1	68641
137.3	0.25	0	1	68650
137.316	0.25	1	2	68658
137.332	0.25	1	2	68666
137.35	0.25	1	2	68675
137.366	0.25	1	2	68683
137.382	0.25	1	2	68691
137.4	0.25	1	2	68700
137.416	0.25	0	1	68708
137.432	0.25	0	1	68716
137.45	0.25	0	1	68725
137.466	0.25	0	1	68733
137.482	0.25	1	2	68741
137.5	0.25	1	2	68750
137.516	0.25	0	1	68758
137.532	0.25	0	1	68766
137.55	0.25	1	2	68775
137.566	0.25	1	2	68783
137.582	0.25	0	1	68791
137.6	0.25	0	1	68800
137.616	0.25	0	1	68808
137.632	0.25	0	1	68816
137.65	0.25	0	1	68825
137.666	0.25	0	1	68833
137.682	0.25	1	2	68841
137.7	0.25	1	2	68850
137.716	0.25	1	2	68858
137.732	0.25	1	2	68866
137.75	0.25	0	1	68875
137.766	0.25	0	1	68883
137.782	0.25	1	2	68891
137.8	0.25	1	2	68900
137.816	0.25	0	1	68908
137.832	0.25	0	1	68916
137.85	0.25	0	1	68925
137.866	0.25	0	1	68933
137.882	0.25	0	1	68941
137.9	0.25	0	1	68950
137.916	0.25	1	2	68958
137.932	0.25	1	2	68966
137.95	0.25	0	1	68975
137.966	0.25	0	1	68983
137.982	0.25	1	2	68991
138.0	0.25	1	2	69000
138.016	0.25	0	1	69008
138.032	0.25	0	1	69016
138.05	0.25	0	1	69025
138.066	0.25	0	1	69033
138.082	0.25	1	2	69041
140.832	0.25	1	2	70416
140.85	0.25	1	2	70425
140.866	0.25	1	2	70433
140.882	0.25	1	2	70441
140.9	0.25	0	1	70450
140.916	0.25	0	1	70458
140.932	0.25	1	2	70466
140.95	0.25	1	2	70475
140.966	0.25	1	2	70483
140.982	0.25	1	2	70491
141.0	0.25	0	1	70500
141.016	0.25	0	1	70508
141.032	0.25	1	2	70516
141.05	0.25	1	2	70525
141.066	0.25	1	2	70533
141.082	0.25	1	2	70541
141.1	0.25	0	1	70550
141.116	0.25	0	1	70558
141.132	0.25	1	2	70566
141.15	0.25	1	2	70575
141.166	0.25	1	2	70583
141.182	0.25	1	2	70591
141.2	0.25	0	1	70600
141.216	0.25	0	1	70608
141.232	0.25	0	1	70616
141.25	0.25	0	1	70625
141.266	0.25	0	1	70633
141.282	0.25	0	1	70641
141.3	0.25	1	2	70650
141.316	0.25	1	2	70658
141.332	0.25	1	2	70666
141.35	0.25	1	2	70675
141.366	0.25	1	2	70683
141.382	0.25	1	2	70691
141.4	0.25	0	1	70700
141.416	0.25	0	1	70708
141.432	0.25	0	1	70716
141.45	0.25	0	1	70725
141.466	0.25	0	1	70733
141.482	0.25	0	1	70741
141.5	0.25	1	2	70750
141.516	0.25	1	2	70758
141.532	0.25	1	2	70766
141.55	0.25	1	2	70775
141.566	0.25	1	2	70783
141.582	0.25	1	2	70791
141.6	0.25	1	2	70800
141.616	0.25	1	2	70808
141.632	0.25	1	2	70816
141.65	0.25	1	2	70825
141.666	0.25	0	1	70833
141.682	0.25	0	1	70841
141.7	0.25	0	1	70850
141.716	0.25	0	1	70858
141.732	0.25	1	2	70866
141.75	0.25	1	2	70875
141.766	0.25	0	1	70883
141.782	0.25	0	1	70891
141.8	0.25	1	2	70900
141.816	0.25	1	2	70908
141.832	0.25	0	1	70916
141.85	0.25	0	1	70925
141.866	0.25	0	1	70933
141.882	0.25	0	1	70941
141.9	0.25	1	2	70950
141.916	0.25	1	2	70958
141.932	0.25	1	2	70966
141.95	0.25	1	2	70975
141.966	0.25	0	1	70983
141.982	0.25	0	1	70991
142.0	0.25	0	1	71000
142.016	0.25	0	1	71008
142.032	0.25	0	1	71016
142.05	0.25	0	1	71025
142.066	0.25	0	1	71033
142.082	0.25	0	1	71041
142.1	0.25	1	2	71050
142.116	0.25	1	2	71058
142.132	0.25	0	1	71066
142.15	0.25	0	1	71075
142.166	0.25	0	1	71083
142.182	0.25	0	1	71091
142.2	0.25	0	1	71100
142.216	0.25	0	1	71108
142.232	0.25	0	1	71116
142.25	0.25	0	1	71125
142.266	0.25	1	2	71133
142.282	0.25	1	2	71141
142.3	0.25	1	2	71150
142.316	0.25	1	2	71158
142.332	0.25	1	2	71166
142.35	0.25	1	2	71175
142.366	0.25	1	2	71183
142.382	0.25	1	2	71191
142.4	0.25	1	2	71200
142.416	0.25	1	2	71208
142.432	0.25	1	2	71216
142.45	0.25	1	2	71225
142.466	0.25	0	1	71233
142.482	0.25	0	1	71241
142.5	0.25	1	2	71250
142.516	0.25	1	2	71258
142.532	0.25	0	1	71266
142.55	0.25	0	1	71275
142.566	0.25	1	2	71283
142.582	0.25	1	2	71291
142.6	0.25	0	1	71300
142.616	0.25	0	1	71308
142.632	0.25	0	1	71316
142.65	0.25	0	1	71325
142.666	0.25	1	2	71333
142.682	0.25	1	2	71341
142.7	0.25	1	2	71350
142.716	0.25	1	2	71358
142.732	0.25	0	1	71366
142.75	0.25	0	1	71375
142.766	0.25	0	1	71383
144.25	0.25	1	2	72125
144.266	0.25	1	2	72133
144.282	0.25	1	2	72141
144.3	0.25	1	2	72150
144.316	0.25	1	2	72158
144.332	0.25	1	2	72166
144.35	0.25	1	2	72175
144.366	0.25	1	2	72183
144.382	0.25	1	2	72191
144.4	0.25	1	2	72200
144.416	0.25	1	2	72208
144.432	0.25	1	2	72216
144.45	0.25	1	2	72225
144.466	0.25	1	2	72233
144.482	0.25	0	1	72241
144.5	0.25	0	1	72250
144.516	0.25	0	1	72258
144.532	0.25	0	1	72266
144.55	0.25	1	2	72275
144.566	0.25	1	2	72283
144.582	0.25	1	2	72291
144.6	0.25	1	2	72300
144.616	0.25	0	1	72308
144.632	0.25	0	1	72316
144.65	0.25	0	1	72325
144.666	0.25	0	1	72333
144.682	0.25	1	2	72341
144.7	0.25	1	2	72350
144.716	0.25	1	2	72358
144.732	0.25	1	2	72366
144.75	0.25	0	1	72375
144.766	0.25	0	1	72383
144.782	0.25	0	1	72391
144.8	0.25	0	1	72400
144.816	0.25	1	2	72408
144.832	0.25	1	2	72416
144.85	0.25	0	1	72425
144.866	0.25	0	1	72433
144.882	0.25	1	2	72441
144.9	0.25	1	2	72450
144.916	0.25	1	2	72458
144.932	0.25	1	2	72466
144.95	0.25	0	1	72475
144.966	0.25	0	1	72483
144.982	0.25	1	2	72491
145.0	0.25	1	2	72500
145.016	0.25	0	1	72508
145.032	0.25	0	1	72516
145.05	0.25	0	1	72525
145.066	0.25	0	1	72533
145.082	0.25	1	2	72541
145.1	0.25	1	2	72550
145.116	0.25	0	1	72558
145.132	0.25	0	1	72566
145.15	0.25	1	2	72575
145.166	0.25	1	2	72583
145.182	0.25	1	2	72591
145.2	0.25	1	2	72600
145.216	0.25	1	2	72608
145.232	0.25	1	2	72616
145.25	0.25	0	1	72625
145.266	0.25	0	1	72633
145.282	0.25	0	1	72641
145.3	0.25	0	1	72650
145.316	0.25	0	1	72658
145.332	0.25	0	1	72666
145.35	0.25	1	2	72675
145.366	0.25	1	2	72683
145.382	0.25	0	1	72691
145.4	0.25	0	1	72700
145.416	0.25	1	2	72708
145.432	0.25	1	2	72716
145.45	0.25	1	2	72725
145.466	0.25	1	2	72733
145.482	0.25	1	2	72741
145.5	0.25	1	2	72750
145.516	0.25	0	1	72758
145.532	0.25	0	1	72766
145.55	0.25	0	1	72775
145.566	0.25	0	1	72783
145.582	0.25	1	2	72791
145.6	0.25	1	2	72800
145.616	0.25	0	1	72808
145.632	0.25	0	1	72816
145.65	0.25	1	2	72825
145.666	0.25	1	2	72833
145.682	0.25	0	1	72841
145.7	0.25	0	1	72850
145.716	0.25	0	1	72858
145.732	0.25	0	1	72866
145.75	0.25	0	1	72875
145.766	0.25	0	1	72883
145.782	0.25	1	2	72891
145.8	0.25	1	2	72900
145.816	0.25	1	2	72908
145.832	0.25	1	2	72916
145.85	0.25	0	1	72925
145.866	0.25	0	1	72933
145.882	0.25	1	2	72941
145.9	0.25	1	2	72950
145.916	0.25	0	1	72958
145.932	0.25	0	1	72966
145.95	0.25	0	1	72975
145.966	0.25	0	1	72983
145.982	0.25	0	1	72991
146.0	0.25	0	1	73000
146.016	0.25	1	2	73008
146.032	0.25	1	2	73016
146.05	0.25	0	1	73025
146.066	0.25	0	1	73033
146.082	0.25	1	2	73041
146.1	0.25	1	2	73050
146.116	0.25	0	1	73058
146.132	0.25	0	1	73066
146.15	0.25	0	1	73075
146.166	0.25	0	1	73083
146.182	0.25	1	2	73091
147.666	0.25	1	2	73833
147.682	0.25	1	2	73841
147.7	0.25	1	2	73850
147.716	0.25	1	2	73858
147.732	0.25	0	1	73866
147.75	0.25	0	1	73875
147.766	0.25	0	1	73883
147.782	0.25	0	1	73891
147.8	0.25	0	1	73900
147.816	0.25	0	1	73908
147.832	0.25	0	1	73916
147.85	0.25	0	1	73925
147.866	0.25	1	2	73933
147.882	0.25	1	2	73941
147.9	0.25	0	1	73950
147.916	0.25	0	1	73958
147.932	0.25	0	1	73966
147.95	0.25	0	1	73975
147.966	0.25	1	2	73983
147.982	0.25	1	2	73991
148.0	0.25	1	2	74000
148.016	0.25	1	2	74008
148.032	0.25	0	1	74016
148.05	0.25	0	1	74025
148.066	0.25	0	1	74033
148.082	0.25	0	1	74041
148.1	0.25	0	1	74050
148.116	0.25	0	1	74058
148.132	0.25	0	1	74066
148.15	0.25	0	1	74075
148.166	0.25	0	1	74083
148.182	0.25	0	1	74091
148.2	0.25	0	1	74100
148.216	0.25	0	1	74108
148.232	0.25	1	2	74116
148.25	0.25	1	2	74125
148.266	0.25	0	1	74133
148.282	0.25	0	1	74141
148.3	0.25	1	2	74150
148.316	0.25	1	2	74158
148.332	0.25	1	2	74166
148.35	0.25	1	2	74175
148.366	0.25	0	1	74183
148.382	0.25	0	1	74191
148.4	0.25	1	2	74200
148.416	0.25	1	2	74208
148.432	0.25	0	1	74216
148.45	0.25	0	1	74225
148.466	0.25	1	2	74233
148.482	0.25	1	2	74241
148.5	0.25	0	1	74250
148.516	0.25	0	1	74258
148.532	0.25	1	2	74266
148.55	0.25	1	2	74275
148.566	0.25	0	1	74283
148.582	0.25	0	1	74291
148.6	0.25	0	1	74300
148.616	0.25	0	1	74308
148.632	0.25	0	1	74316
148.65	0.25	0	1	74325
148.666	0.25	1	2	74333
148.682	0.25	1	2	74341
148.7	0.25	1	2	74350
148.716	0.25	1	2	74358
148.732	0.25	1	2	74366
148.75	0.25	1	2	74375
148.766	0.25	0	1	74383
148.782	0.25	0	1	74391
148.8	0.25	1	2	74400
148.816	0.25	1	2	74408
148.832	0.25	1	2	74416
148.85	0.25	1	2	74425
148.866	0.25	1	2	74433
148.882	0.25	1	2	74441
148.9	0.25	0	1	74450
148.916	0.25	0	1	74458
148.932	0.25	1	2	74466
148.95	0.25	1	2	74475
148.966	0.25	0	1	74483
148.982	0.25	0	1	74491
149.0	0.25	1	2	74500
149.016	0.25	1	2	74508
149.032	0.25	1	2	74516
149.05	0.25	1	2	74525
149.066	0.25	0	1	74533
149.082	0.25	0	1	74541
149.1	0.25	0	1	74550
149.116	0.25	0	1	74558
149.132	0.25	0	1	74566
149.15	0.25	0	1	74575
149.166	0.25	1	2	74583
149.182	0.25	1	2	74591
149.2	0.25	1	2	74600
149.216	0.25	1	2	74608
149.232	0.25	0	1	74616
149.25	0.25	0	1	74625
149.266	0.25	1	2	74633
149.282	0.25	1	2	74641
149.3	0.25	1	2	74650
149.316	0.25	1	2	74658
149.332	0.25	1	2	74666
149.35	0.25	1	2	74675
149.366	0.25	0	1	74683
149.382	0.25	0	1	74691
149.4	0.25	0	1	74700
149.416	0.25	0	1	74708
149.432	0.25	0	1	74716
149.45	0.25	0	1	74725
149.466	0.25	0	1	74733
149.482	0.25	0	1	74741
149.5	0.25	0	1	74750
149.516	0.25	0	1	74758
149.532	0.25	1	2	74766
149.55	0.25	1	2	74775
149.566	0.25	1	2	74783
149.582	0.25	1	2	74791
149.6	0.25	1	2	74800
151.082	0.25	0	1	75541
151.1	0.25	0	1	75550
151.116	0.25	0	1	75558
151.132	0.25	0	1	75566
151.15	0.25	1	2	75575
151.166	0.25	1	2	75583
151.182	0.25	1	2	75591
151.2	0.25	1	2	75600
151.216	0.25	0	1	75608
151.232	0.25	0	1	75616
151.25	0.25	0	1	75625
151.266	0.25	0	1	75633
151.282	0.25	0	1	75641
151.3	0.25	0	1	75650
151.316	0.25	0	1	75658
151.332	0.25	0	1	75666
151.35	0.25	1	2	75675
151.366	0.25	1	2	75683
151.382	0.25	1	2	75691
151.4	0.25	1	2	75700
151.416	0.25	1	2	75708
151.432	0.25	1	2	75716
151.45	0.25	1	2	75725
151.466	0.25	1	2	75733
151.482	0.25	1	2	75741
151.5	0.25	1	2	75750
151.516	0.25	0	1	75758
151.532	0.25	0	1	75766
151.55	0.25	0	1	75775
151.566	0.25	0	1	75783
151.582	0.25	0	1	75791
151.6	0.25	0	1	75800
151.616	0.25	0	1	75808
151.632	0.25	0	1	75816
151.65	0.25	0	1	75825
151.666	0.25	0	1	75833
151.682	0.25	0	1	75841
151.7	0.25	0	1	75850
151.716	0.25	1	2	75858
151.732	0.25	1	2	75866
151.75	0.25	1	2	75875
151.766	0.25	1	2	75883
151.782	0.25	0	1	75891
151.8	0.25	0	1	75900
151.816	0.25	0	1	75908
151.832	0.25	0	1	75916
151.85	0.25	1	2	75925
151.866	0.25	1	2	75933
151.882	0.25	0	1	75941
151.9	0.25	0	1	75950
151.916	0.25	1	2	75958
151.932	0.25	1	2	75966
151.95	0.25	0	1	75975
151.966	0.25	0	1	75983
151.982	0.25	1	2	75991
152.0	0.25	1	2	76000
152.016	0.25	0	1	76008
152.032	0.25	0	1	76016
152.05	0.25	1	2	76025
152.066	0.25	1	2	76033
152.082	0.25	1	2	76041
152.1	0.25	1	2	76050
152.116	0.25	0	1	76058
152.132	0.25	0	1	76066
152.15	0.25	1	2	76075
152.166	0.25	1	2	76083
152.182	0.25	0	1	76091
152.2	0.25	0	1	76100
152.216	0.25	0	1	76108
152.232	0.25	0	1	76116
152.25	0.25	0	1	76125
152.266	0.25	0	1	76133
152.282	0.25	1	2	76141
152.3	0.25	1	2	76150
152.316	0.25	0	1	76158
152.332	0.25	0	1	76166
152.35	0.25	0	1	76175
152.366	0.25	0	1	76183
152.382	0.25	0	1	76191
152.4	0.25	0	1	76200
152.416	0.25	1	2	76208
152.432	0.25	1	2	76216
152.45	0.25	1	2	76225
152.466	0.25	1	2	76233
152.482	0.25	1	2	76241
152.5	0.25	1	2	76250
152.516	0.25	0	1	76258
152.532	0.25	0	1	76266
152.55	0.25	1	2	76275
152.566	0.25	1	2	76283
152.582	0.25	0	1	76291
152.6	0.25	0	1	76300
152.616	0.25	1	2	76308
152.632	0.25	1	2	76316
152.65	0.25	1	2	76325
152.666	0.25	1	2	76333
152.682	0.25	1	2	76341
152.7	0.25	1	2	76350
152.716	0.25	1	2	76358
152.732	0.25	1	2	76366
152.75	0.25	1	2	76375
152.766	0.25	1	2	76383
152.782	0.25	0	1	76391
152.8	0.25	0	1	76400
152.816	0.25	0	1	76408
152.832	0.25	0	1	76416
152.85	0.25	1	2	76425
152.866	0.25	1	2	76433
152.882	0.25	0	1	76441
152.9	0.25	0	1	76450
152.916	0.25	0	1	76458
152.932	0.25	0	1	76466
152.95	0.25	0	1	76475
152.966	0.25	0	1	76483
152.982	0.25	1	2	76491
153.0	0.25	1	2	76500
153.016	0.25	1	2	76508
155.232	0.25	0	1	77616
155.25	0.25	0	1	77625
155.266	0.25	0	1	77633
155.282	0.25	0	1	77641
155.3	0.25	1	2	77650
155.316	0.25	1	2	77658
155.332	0.25	1	2	77666
155.35	0.25	1	2	77675
155.366	0.25	0	1	77683
155.382	0.25	0	1	77691
155.4	0.25	0	1	77700
155.416	0.25	0	1	77708
155.432	0.25	0	1	77716
155.45	0.25	0	1	77725
155.466	0.25	0	1	77733
155.482	0.25	0	1	77741
155.5	0.25	1	2	77750
155.516	0.25	1	2	77758
155.532	0.25	1	2	77766
155.55	0.25	1	2	77775
155.566	0.25	1	2	77783
155.582	0.25	1	2	77791
155.6	0.25	1	2	77800
155.616	0.25	1	2	77808
155.632	0.25	1	2	77816
155.65	0.25	1	2	77825
155.666	0.25	0	1	77833
155.682	0.25	0	1	77841
155.7	0.25	0	1	77850
155.716	0.25	0	1	77858
155.732	0.25	0	1	77866
155.75	0.25	0	1	77875
155.766	0.25	0	1	77883
155.782	0.25	0	1	77891
155.8	0.25	0	1	77900
155.816	0.25	0	1	77908
155.832	0.25	0	1	77916
155.85	0.25	0	1	77925
155.866	0.25	1	2	77933
155.882	0.25	1	2	77941
155.9	0.25	1	2	77950
155.916	0.25	1	2	77958
155.932	0.25	0	1	77966
155.95	0.25	0	1	77975
155.966	0.25	0	1	77983
155.982	0.25	0	1	77991
156.0	0.25	1	2	78000
156.016	0.25	1	2	78008
156.032	0.25	0	1	78016
156.05	0.25	0	1	78025
156.066	0.25	1	2	78033
156.082	0.25	1	2	78041
156.1	0.25	0	1	78050
156.116	0.25	0	1	78058
156.132	0.25	1	2	78066
156.15	0.25	1	2	78075
156.166	0.25	0	1	78083
156.182	0.25	0	1	78091
156.2	0.25	1	2	78100
156.216	0.25	1	2	78108
156.232	0.25	1	2	78116
156.25	0.25	1	2	78125
156.266	0.25	0	1	78133
156.282	0.25	0	1	78141
156.3	0.25	1	2	78150
156.316	0.25	1	2	78158
156.332	0.25	0	1	78166
156.35	0.25	0	1	78175
156.366	0.25	0	1	78183
156.382	0.25	0	1	78191
156.4	0.25	0	1	78200
156.416	0.25	0	1	78208
156.432	0.25	1	2	78216
156.45	0.25	1	2	78225
156.466	0.25	0	1	78233
156.482	0.25	0	1	78241
156.5	0.25	0	1	78250
156.516	0.25	0	1	78258
156.532	0.25	0	1	78266
156.55	0.25	0	1	78275
156.566	0.25	1	2	78283
156.582	0.25	1	2	78291
156.6	0.25	1	2	78300
156.616	0.25	1	2	78308
156.632	0.25	1	2	78316
156.65	0.25	1	2	78325
156.666	0.25	0	1	78333
156.682	0.25	0	1	78341
156.7	0.25	1	2	78350
156.716	0.25	1	2	78358
156.732	0.25	0	1	78366
156.75	0.25	0	1	78375
156.766	0.25	1	2	78383
156.782	0.25	1	2	78391
156.8	0.25	1	2	78400
156.816	0.25	1	2	78408
156.832	0.25	1	2	78416
156.85	0.25	1	2	78425
156.866	0.25	1	2	78433
156.882	0.25	1	2	78441
156.9	0.25	1	2	78450
156.916	0.25	1	2	78458
156.932	0.25	0	1	78466
156.95	0.25	0	1	78475
156.966	0.25	0	1	78483
156.982	0.25	0	1	78491
157.0	0.25	1	2	78500
157.016	0.25	1	2	78508
157.032	0.25	0	1	78516
157.05	0.25	0	1	78525
157.066	0.25	0	1	78533
157.082	0.25	0	1	78541
157.1	0.25	0	1	78550
157.116	0.25	0	1	78558
157.132	0.25	1	2	78566
157.15	0.25	1	2	78575
157.166	0.25	1	2	78583
158.65	0.25	1	2	79325
158.666	0.25	1	2	79333
158.682	0.25	1	2	79341
158.7	0.25	1	2	79350
158.716	0.25	0	1	79358
158.732	0.25	0	1	79366
158.75	0.25	0	1	79375
158.766	0.25	0	1	79383
158.782	0.25	0	1	79391
158.8	0.25	0	1	79400
158.816	0.25	0	1	79408
158.832	0.25	0	1	79416
158.85	0.25	1	2	79425
158.866	0.25	1	2	79433
158.882	0.25	0	1	79441
158.9	0.25	0	1	79450
158.916	0.25	0	1	79458
158.932	0.25	0	1	79466
158.95	0.25	1	2	79475
158.966	0.25	1	2	79483
158.982	0.25	1	2	79491
159.0	0.25	1	2	79500
159.016	0.25	0	1	79508
159.032	0.25	0	1	79516
159.05	0.25	0	1	79525
159.066	0.25	0	1	79533
159.082	0.25	0	1	79541
159.1	0.25	0	1	79550
159.116	0.25	0	1	79558
159.132	0.25	0	1	79566
159.15	0.25	0	1	79575
159.166	0.25	0	1	79583
159.182	0.25	0	1	79591
159.2	0.25	0	1	79600
159.216	0.25	1	2	79608
159.232	0.25	1	2	79616
159.25	0.25	0	1	79625
159.266	0.25	0	1	79633
159.282	0.25	1	2	79641
159.3	0.25	1	2	79650
159.316	0.25	1	2	79658
159.332	0.25	1	2	79666
159.35	0.25	0	1	79675
159.366	0.25	0	1	79683
159.382	0.25	1	2	79691
159.4	0.25	1	2	79700
159.416	0.25	0	1	79708
159.432	0.25	0	1	79716
159.45	0.25	1	2	79725
159.466	0.25	1	2	79733
159.482	0.25	0	1	79741
159.5	0.25	0	1	79750
159.516	0.25	1	2	79758
159.532	0.25	1	2	79766
159.55	0.25	0	1	79775
159.566	0.25	0	1	79783
159.582	0.25	0	1	79791
159.6	0.25	0	1	79800
159.616	0.25	0	1	79808
159.632	0.25	0	1	79816
159.65	0.25	1	2	79825
159.666	0.25	1	2	79833
159.682	0.25	1	2	79841
159.7	0.25	1	2	79850
159.716	0.25	1	2	79858
159.732	0.25	1	2	79866
159.75	0.25	0	1	79875
159.766	0.25	0	1	79883
159.782	0.25	1	2	79891
159.8	0.25	1	2	79900
159.816	0.25	1	2	79908
159.832	0.25	1	2	79916
159.85	0.25	1	2	79925
159.866	0.25	1	2	79933
159.882	0.25	0	1	79941
159.9	0.25	0	1	79950
159.916	0.25	1	2	79958
159.932	0.25	1	2	79966
159.95	0.25	0	1	79975
159.966	0.25	0	1	79983
159.982	0.25	1	2	79991
160.0	0.25	1	2	80000
160.016	0.25	1	2	80008
160.032	0.25	1	2	80016
160.05	0.25	0	1	80025
160.066	0.25	0	1	80033
160.082	0.25	0	1	80041
160.1	0.25	0	1	80050
160.116	0.25	0	1	80058
160.132	0.25	0	1	80066
160.15	0.25	1	2	80075
160.166	0.25	1	2	80083
160.182	0.25	1	2	80091
160.2	0.25	1	2	80100
160.216	0.25	0	1	80108
160.232	0.25	0	1	80116
160.25	0.25	1	2	80125
160.266	0.25	1	2	80133
160.282	0.25	1	2	80141
160.3	0.25	1	2	80150
160.316	0.25	1	2	80158
160.332	0.25	1	2	80166
160.35	0.25	0	1	80175
160.366	0.25	0	1	80183
160.382	0.25	0	1	80191
160.4	0.25	0	1	80200
160.416	0.25	0	1	80208
160.432	0.25	0	1	80216
160.45	0.25	0	1	80225
160.466	0.25	0	1	80233
160.482	0.25	0	1	80241
160.5	0.25	0	1	80250
160.516	0.25	1	2	80258
160.532	0.25	1	2	80266
160.55	0.25	1	2	80275
160.566	0.25	1	2	80283
160.582	0.25	1	2	80291
162.066	0.25	1	2	81033
162.082	0.25	1	2	81041
162.1	0.25	1	2	81050
162.116	0.25	1	2	81058
162.132	0.25	0	1	81066
162.15	0.25	0	1	81075
162.166	0.25	1	2	81083
162.182	0.25	1	2	81091
162.2	0.25	1	2	81100
162.216	0.25	1	2	81108
162.232	0.25	0	1	81116
162.25	0.25	0	1	81125
162.266	0.25	1	2	81133
162.282	0.25	1	2	81141
162.3	0.25	1	2	81150
162.316	0.25	1	2	81158
162.332	0.25	0	1	81166
162.35	0.25	0	1	81175
162.366	0.25	1	2	81183
162.382	0.25	1	2	81191
162.4	0.25	1	2	81200
162.416	0.25	1	2	81208
162.432	0.25	0	1	81216
162.45	0.25	0	1	81225
162.466	0.25	0	1	81233
162.482	0.25	0	1	81241
162.5	0.25	0	1	81250
162.516	0.25	0	1	81258
162.532	0.25	1	2	81266
162.55	0.25	1	2	81275
162.566	0.25	1	2	81283
162.582	0.25	1	2	81291
162.6	0.25	1	2	81300
162.616	0.25	1	2	81308
162.632	0.25	0	1	81316
162.65	0.25	0	1	81325
162.666	0.25	0	1	81333
162.682	0.25	0	1	81341
162.7	0.25	0	1	81350
162.716	0.25	0	1	81358
162.732	0.25	1	2	81366
162.75	0.25	1	2	81375
162.766	0.25	1	2	81383
162.782	0.25	1	2	81391
162.8	0.25	1	2	81400
162.816	0.25	1	2	81408
162.832	0.25	1	2	81416
162.85	0.25	1	2	81425
162.866	0.25	1	2	81433
162.882	0.25	1	2	81441
162.9	0.25	0	1	81450
162.916	0.25	0	1	81458
162.932	0.25	0	1	81466
162.95	0.25	0	1	81475
162.966	0.25	1	2	81483
162.982	0.25	1	2	81491
163.0	0.25	0	1	81500
163.016	0.25	0	1	81508
163.032	0.25	1	2	81516
163.05	0.25	1	2	81525
163.066	0.25	0	1	81533
163.082	0.25	0	1	81541
163.1	0.25	0	1	81550
163.116	0.25	0	1	81558
163.132	0.25	1	2	81566
163.15	0.25	1	2	81575
163.166	0.25	1	2	81583
163.182	0.25	1	2	81591
163.2	0.25	0	1	81600
163.216	0.25	0	1	81608
163.232	0.25	0	1	81616
163.25	0.25	0	1	81625
163.266	0.25	0	1	81633
163.282	0.25	0	1	81641
163.3	0.25	0	1	81650
163.316	0.25	0	1	81658
163.332	0.25	1	2	81666
163.35	0.25	1	2	81675
163.366	0.25	0	1	81683
163.382	0.25	0	1	81691
163.4	0.25	0	1	81700
163.416	0.25	0	1	81708
163.432	0.25	0	1	81716
163.45	0.25	0	1	81725
163.466	0.25	0	1	81733
163.482	0.25	0	1	81741
163.5	0.25	1	2	81750
163.516	0.25	1	2	81758
163.532	0.25	1	2	81766
163.55	0.25	1	2	81775
163.566	0.25	1	2	81783
163.582	0.25	1	2	81791
163.6	0.25	1	2	81800
163.616	0.25	1	2	81808
163.632	0.25	1	2	81816
163.65	0.25	1	2	81825
163.666	0.25	1	2	81833
163.682	0.25	1	2	81841
163.7	0.25	0	1	81850
163.716	0.25	0	1	81858
163.732	0.25	1	2	81866
163.75	0.25	1	2	81875
163.766	0.25	0	1	81883
163.782	0.25	0	1	81891
163.8	0.25	1	2	81900
163.816	0.25	1	2	81908
163.832	0.25	0	1	81916
163.85	0.25	0	1	81925
163.866	0.25	0	1	81933
163.882	0.25	0	1	81941
163.9	0.25	1	2	81950
163.916	0.25	1	2	81958
163.932	0.25	1	2	81966
163.95	0.25	1	2	81975
163.966	0.25	0	1	81983
163.982	0.25	0	1	81991
164.0	0.25	0	1	82000
165.482	0.25	1	2	82741
165.5	0.25	1	2	82750
165.516	0.25	1	2	82758
165.532	0.25	1	2	82766
165.55	0.25	1	2	82775
165.566	0.25	1	2	82783
165.582	0.25	1	2	82791
165.6	0.25	1	2	82800
165.616	0.25	1	2	82808
165.632	0.25	1	2	82816
165.65	0.25	1	2	82825
165.666	0.25	1	2	82833
165.682	0.25	1	2	82841
165.7	0.25	1	2	82850
165.716	0.25	0	1	82858
165.732	0.25	0	1	82866
165.75	0.25	0	1	82875
165.766	0.25	0	1	82883
165.782	0.25	1	2	82891
165.8	0.25	1	2	82900
165.816	0.25	1	2	82908
165.832	0.25	1	2	82916
165.85	0.25	0	1	82925
165.866	0.25	0	1	82933
165.882	0.25	0	1	82941
165.9	0.25	0	1	82950
165.916	0.25	1	2	82958
165.932	0.25	1	2	82966
165.95	0.25	1	2	82975
165.966	0.25	1	2	82983
165.982	0.25	0	1	82991
166.0	0.25	0	1	83000
166.016	0.25	0	1	83008
166.032	0.25	0	1	83016
166.05	0.25	1	2	83025
166.066	0.25	1	2	83033
166.082	0.25	0	1	83041
166.1	0.25	0	1	83050
166.116	0.25	1	2	83058
166.132	0.25	1	2	83066
166.15	0.25	1	2	83075
166.166	0.25	1	2	83083
166.182	0.25	0	1	83091
166.2	0.25	0	1	83100
166.216	0.25	1	2	83108
166.232	0.25	1	2	83116
166.25	0.25	0	1	83125
166.266	0.25	0	1	83133
166.282	0.25	0	1	83141
166.3	0.25	0	1	83150
166.316	0.25	1	2	83158
166.332	0.25	1	2	83166
166.35	0.25	0	1	83175
166.366	0.25	0	1	83183
166.382	0.25	1	2	83191
166.4	0.25	1	2	83200
166.416	0.25	1	2	83208
166.432	0.25	1	2	83216
166.45	0.25	1	2	83225
166.466	0.25	1	2	83233
166.482	0.25	0	1	83241
166.5	0.25	0	1	83250
166.516	0.25	0	1	83258
166.532	0.25	0	1	83266
166.55	0.25	0	1	83275
166.566	0.25	0	1	83283
166.582	0.25	1	2	83291
166.6	0.25	1	2	83300
166.616	0.25	0	1	83308
166.632	0.25	0	1	83316
166.65	0.25	1	2	83325
166.666	0.25	1	2	83333
166.682	0.25	1	2	83341
166.7	0.25	1	2	83350
166.716	0.25	1	2	83358
166.732	0.25	1	2	83366
166.75	0.25	0	1	83375
166.766	0.25	0	1	83383
166.782	0.25	0	1	83391
166.8	0.25	0	1	83400
166.816	0.25	1	2	83408
166.832	0.25	1	2	83416
166.85	0.25	0	1	83425
166.866	0.25	0	1	83433
166.882	0.25	1	2	83441
166.9	0.25	1	2	83450
166.916	0.25	0	1	83458
166.932	0.25	0	1	83466
166.95	0.25	0	1	83475
166.966	0.25	0	1	83483
166.982	0.25	0	1	83491
167.0	0.25	0	1	83500
167.016	0.25	1	2	83508
167.032	0.25	1	2	83516
167.05	0.25	1	2	83525
167.066	0.25	1	2	83533
167.082	0.25	0	1	83541
167.1	0.25	0	1	83550
167.116	0.25	1	2	83558
167.132	0.25	1	2	83566
167.15	0.25	0	1	83575
167.166	0.25	0	1	83583
167.182	0.25	0	1	83591
167.2	0.25	0	1	83600
167.216	0.25	0	1	83608
167.232	0.25	0	1	83616
167.25	0.25	1	2	83625
167.266	0.25	1	2	83633
167.282	0.25	0	1	83641
167.3	0.25	0	1	83650
167.316	0.25	1	2	83658
167.332	0.25	1	2	83666
167.35	0.25	0	1	83675
167.366	0.25	0	1	83683
167.382	0.25	0	1	83691
167.4	0.25	0	1	83700
167.416	0.25	1	2	83708
170.05	0.25	0	1	85025
170.066	0.25	0	1	85033
170.082	0.25	0	1	85041
170.1	0.25	0	1	85050
170.116	0.25	1	2	85058
170.132	0.25	1	2	85066
170.15	0.25	1	2	85075
170.166	0.25	1	2	85083
170.182	0.25	0	1	85091
170.2	0.25	0	1	85100
170.216	0.25	0	1	85108
170.232	0.25	0	1	85116
170.25	0.25	0	1	85125
170.266	0.25	0	1	85133
170.282	0.25	0	1	85141
170.3	0.25	0	1	85150
170.316	0.25	1	2	85158
170.332	0.25	1	2	85166
170.35	0.25	1	2	85175
170.366	0.25	1	2	85183
170.382	0.25	1	2	85191
170.4	0.25	1	2	85200
170.416	0.25	1	2	85208
170.432	0.25	1	2	85216
170.45	0.25	1	2	85225
170.466	0.25	1	2	85233
170.482	0.25	0	1	85241
170.5	0.25	0	1	85250
170.516	0.25	0	1	85258
170.532	0.25	0	1	85266
170.55	0.25	0	1	85275
170.566	0.25	0	1	85283
170.582	0.25	0	1	85291
170.6	0.25	0	1	85300
170.616	0.25	0	1	85308
170.632	0.25	0	1	85316
170.65	0.25	0	1	85325
170.666	0.25	0	1	85333
170.682	0.25	1	2	85341
170.7	0.25	1	2	85350
170.716	0.25	1	2	85358
170.732	0.25	1	2	85366
170.75	0.25	0	1	85375
170.766	0.25	0	1	85383
170.782	0.25	0	1	85391
170.8	0.25	0	1	85400
170.816	0.25	1	2	85408
170.832	0.25	1	2	85416
170.85	0.25	0	1	85425
170.866	0.25	0	1	85433
170.882	0.25	1	2	85441
170.9	0.25	1	2	85450
170.916	0.25	0	1	85458
170.932	0.25	0	1	85466
170.95	0.25	1	2	85475
170.966	0.25	1	2	85483
170.982	0.25	0	1	85491
171.0	0.25	0	1	85500
171.016	0.25	1	2	85508
171.032	0.25	1	2	85516
171.05	0.25	1	2	85525
171.066	0.25	1	2	85533
171.082	0.25	0	1	85541
171.1	0.25	0	1	85550
171.116	0.25	1	2	85558
171.132	0.25	1	2	85566
171.15	0.25	0	1	85575
171.166	0.25	0	1	85583
171.182	0.25	0	1	85591
171.2	0.25	0	1	85600
171.216	0.25	0	1	85608
171.232	0.25	0	1	85616
171.25	0.25	1	2	85625
171.266	0.25	1	2	85633
171.282	0.25	0	1	85641
171.3	0.25	0	1	85650
171.316	0.25	0	1	85658
171.332	0.25	0	1	85666
171.35	0.25	0	1	85675
171.366	0.25	0	1	85683
171.382	0.25	1	2	85691
171.4	0.25	1	2	85700
171.416	0.25	1	2	85708
171.432	0.25	1	2	85716
171.45	0.25	1	2	85725
171.466	0.25	1	2	85733
171.482	0.25	0	1	85741
171.5	0.25	0	1	85750
171.516	0.25	1	2	85758
171.532	0.25	1	2	85766
171.55	0.25	0	1	85775
171.566	0.25	0	1	85783
171.582	0.25	1	2	85791
171.6	0.25	1	2	85800
171.616	0.25	1	2	85808
171.632	0.25	1	2	85816
171.65	0.25	1	2	85825
171.666	0.25	1	2	85833
171.682	0.25	1	2	85841
171.7	0.25	1	2	85850
171.716	0.25	1	2	85858
171.732	0.25	1	2	85866
171.75	0.25	0	1	85875
171.766	0.25	0	1	85883
171.782	0.25	0	1	85891
171.8	0.25	0	1	85900
171.816	0.25	1	2	85908
171.832	0.25	1	2	85916
171.85	0.25	0	1	85925
171.866	0.25	0	1	85933
171.882	0.25	0	1	85941
171.9	0.25	0	1	85950
171.916	0.25	0	1	85958
171.932	0.25	0	1	85966
171.95	0.25	1	2	85975
171.966	0.25	1	2	85983
171.982	0.25	1	2	85991
173.466	0.25	1	2	86733
173.482	0.25	1	2	86741
173.5	0.25	1	2	86750
173.516	0.25	1	2	86758
173.532	0.25	1	2	86766
173.55	0.25	1	2	86775
173.566	0.25	1	2	86783
173.582	0.25	1	2	86791
173.6	0.25	1	2	86800
173.616	0.25	1	2	86808
173.632	0.25	1	2	86816
173.65	0.25	1	2	86825
173.666	0.25	1	2	86833
173.682	0.25	1	2	86841
173.7	0.25	0	1	86850
173.716	0.25	0	1	86858
173.732	0.25	0	1	86866
173.75	0.25	0	1	86875
173.766	0.25	1	2	86883
173.782	0.25	1	2	86891
173.8	0.25	1	2	86900
173.816	0.25	1	2	86908
173.832	0.25	0	1	86916
173.85	0.25	0	1	86925
173.866	0.25	0	1	86933
173.882	0.25	0	1	86941
173.9	0.25	1	2	86950
173.916	0.25	1	2	86958
173.932	0.25	1	2	86966
173.95	0.25	1	2	86975
173.966	0.25	0	1	86983
173.982	0.25	0	1	86991
174.0	0.25	0	1	87000
174.016	0.25	0	1	87008
174.032	0.25	1	2	87016
174.05	0.25	1	2	87025
174.066	0.25	0	1	87033
174.082	0.25	0	1	87041
174.1	0.25	1	2	87050
174.116	0.25	1	2	87058
174.132	0.25	1	2	87066
174.15	0.25	1	2	87075
174.166	0.25	0	1	87083
174.182	0.25	0	1	87091
174.2	0.25	1	2	87100
174.216	0.25	1	2	87108
174.232	0.25	0	1	87116
174.25	0.25	0	1	87125
174.266	0.25	0	1	87133
174.282	0.25	0	1	87141
174.3	0.25	1	2	87150
174.316	0.25	1	2	87158
174.332	0.25	0	1	87166
174.35	0.25	0	1	87175
174.366	0.25	1	2	87183
174.382	0.25	1	2	87191
174.4	0.25	1	2	87200
174.416	0.25	1	2	87208
174.432	0.25	1	2	87216
174.45	0.25	1	2	87225
174.466	0.25	0	1	87233
174.482	0.25	0	1	87241
174.5	0.25	0	1	87250
174.516	0.25	0	1	87258
174.532	0.25	0	1	87266
174.55	0.25	0	1	87275
174.566	0.25	1	2	87283
174.582	0.25	1	2	87291
174.6	0.25	0	1	87300
174.616	0.25	0	1	87308
174.632	0.25	1	2	87316
174.65	0.25	1	2	87325
174.666	0.25	1	2	87333
174.682	0.25	1	2	87341
174.7	0.25	1	2	87350
174.716	0.25	1	2	87358
174.732	0.25	0	1	87366
174.75	0.25	0	1	87375
174.766	0.25	0	1	87383
174.782	0.25	0	1	87391
174.8	0.25	1	2	87400
174.816	0.25	1	2	87408
174.832	0.25	0	1	87416
174.85	0.25	0	1	87425
174.866	0.25	1	2	87433
174.882	0.25	1	2	87441
174.9	0.25	0	1	87450
174.916	0.25	0	1	87458
174.932	0.25	0	1	87466
174.95	0.25	0	1	87475
174.966	0.25	0	1	87483
174.982	0.25	0	1	87491
175.0	0.25	1	2	87500
175.016	0.25	1	2	87508
175.032	0.25	1	2	87516
175.05	0.25	1	2	87525
175.066	0.25	0	1	87533
175.082	0.25	0	1	87541
175.1	0.25	1	2	87550
175.116	0.25	1	2	87558
175.132	0.25	0	1	87566
175.15	0.25	0	1	87575
175.166	0.25	0	1	87583
175.182	0.25	0	1	87591
175.2	0.25	0	1	87600
175.216	0.25	0	1	87608
175.232	0.25	1	2	87616
175.25	0.25	1	2	87625
175.266	0.25	0	1	87633
175.282	0.25	0	1	87641
175.3	0.25	1	2	87650
175.316	0.25	1	2	87658
175.332	0.25	0	1	87666
175.35	0.25	0	1	87675
175.366	0.25	0	1	87683
175.382	0.25	0	1	87691
175.4	0.25	1	2	87700
176.882	0.25	1	2	88441
176.9	0.25	1	2	88450
176.916	0.25	1	2	88458
176.932	0.25	1	2	88466
176.95	0.25	0	1	88475
176.966	0.25	0	1	88483
176.982	0.25	1	2	88491
177.0	0.25	1	2	88500
177.016	0.25	1	2	88508
177.032	0.25	1	2	88516
177.05	0.25	0	1	88525
177.066	0.25	0	1	88533
177.082	0.25	1	2	88541
177.1	0.25	1	2	88550
177.116	0.25	1	2	88558
177.132	0.25	1	2	88566
177.15	0.25	0	1	88575
177.166	0.25	0	1	88583
177.182	0.25	1	2	88591
177.2	0.25	1	2	88600
177.216	0.25	1	2	88608
177.232	0.25	1	2	88616
177.25	0.25	0	1	88625
177.266	0.25	0	1	88633
177.282	0.25	0	1	88641
177.3	0.25	0	1	88650
177.316	0.25	0	1	88658
177.332	0.25	0	1	88666
177.35	0.25	1	2	88675
177.366	0.25	1	2	88683
177.382	0.25	1	2	88691
177.4	0.25	1	2	88700
177.416	0.25	1	2	88708
177.432	0.25	1	2	88716
177.45	0.25	0	1	88725
177.466	0.25	0	1	88733
177.482	0.25	0	1	88741
177.5	0.25	0	1	88750
177.516	0.25	0	1	88758
177.532	0.25	0	1	88766
177.55	0.25	1	2	88775
177.566	0.25	1	2	88783
177.582	0.25	1	2	88791
177.6	0.25	1	2	88800
177.616	0.25	1	2	88808
177.632	0.25	1	2	88816
177.65	0.25	1	2	88825
177.666	0.25	1	2	88833
177.682	0.25	1	2	88841
177.7	0.25	1	2	88850
177.716	0.25	0	1	88858
177.732	0.25	0	1	88866
177.75	0.25	0	1	88875
177.766	0.25	0	1	88883
177.782	0.25	1	2	88891
177.8	0.25	1	2	88900
177.816	0.25	0	1	88908
177.832	0.25	0	1	88916
177.85	0.25	1	2	88925
177.866	0.25	1	2	88933
177.882	0.25	0	1	88941
177.9	0.25	0	1	88950
177.916	0.25	0	1	88958
177.932	0.25	0	1	88966
177.95	0.25	1	2	88975
177.966	0.25	1	2	88983
177.982	0.25	1	2	88991
178.0	0.25	1	2	89000
178.016	0.25	0	1	89008
178.032	0.25	0	1	89016
178.05	0.25	0	1	89025
178.066	0.25	0	1	89033
178.082	0.25	0	1	89041
178.1	0.25	0	1	89050
178.116	0.25	0	1	89058
178.132	0.25	0	1	89066
178.15	0.25	1	2	89075
178.166	0.25	1	2	89083
178.182	0.25	0	1	89091
178.2	0.25	0	1	89100
178.216	0.25	0	1	89108
178.232	0.25	0	1	89116
178.25	0.25	0	1	89125
178.266	0.25	0	1	89133
178.282	0.25	0	1	89141
178.3	0.25	0	1	89150
178.316	0.25	1	2	89158
178.332	0.25	1	2	89166
178.35	0.25	1	2	89175
178.366	0.25	1	2	89183
178.382	0.25	1	2	89191
178.4	0.25	1	2	89200
178.416	0.25	1	2	89208
178.432	0.25	1	2	89216
178.45	0.25	1	2	89225
178.466	0.25	1	2	89233
178.482	0.25	1	2	89241
178.5	0.25	1	2	89250
178.516	0.25	0	1	89258
178.532	0.25	0	1	89266
178.55	0.25	1	2	89275
178.566	0.25	1	2	89283
178.582	0.25	0	1	89291
178.6	0.25	0	1	89300
178.616	0.25	1	2	89308
178.632	0.25	1	2	89316
178.65	0.25	0	1	89325
178.666	0.25	0	1	89333
178.682	0.25	0	1	89341
178.7	0.25	0	1	89350
178.716	0.25	1	2	89358
178.732	0.25	1	2	89366
178.75	0.25	1	2	89375
178.766	0.25	1	2	89383
178.782	0.25	0	1	89391
178.8	0.25	0	1	89400
178.816	0.25	0	1	89408
180.3	0.25	1	2	90150
180.316	0.25	1	2	90158
180.332	0.25	1	2	90166
180.35	0.25	1	2	90175
180.366	0.25	0	1	90183
180.382	0.25	0	1	90191
180.4	0.25	0	1	90200
180.416	0.25	0	1	90208
180.432	0.25	0	1	90216
180.45	0.25	0	1	90225
180.466	0.25	0	1	90233
180.482	0.25	0	1	90241
180.5	0.25	1	2	90250
180.516	0.25	1	2	90258
180.532	0.25	0	1	90266
180.55	0.25	0	1	90275
180.566	0.25	0	1	90283
180.582	0.25	0	1	90291
180.6	0.25	1	2	90300
180.616	0.25	1	2	90308
180.632	0.25	1	2	90316
180.65	0.25	1	2	90325
180.666	0.25	0	1	90333
180.682	0.25	0	1	90341
180.7	0.25	0	1	90350
180.716	0.25	0	1	90358
180.732	0.25	0	1	90366
180.75	0.25	0	1	90375
180.766	0.25	0	1	90383
180.782	0.25	0	1	90391
180.8	0.25	0	1	90400
180.816	0.25	0	1	90408
180.832	0.25	0	1	90416
180.85	0.25	0	1	90425
180.866	0.25	1	2	90433
180.882	0.25	1	2	90441
180.9	0.25	0	1	90450
180.916	0.25	0	1	90458
180.932	0.25	1	2	90466
180.95	0.25	1	2	90475
180.966	0.25	1	2	90483
180.982	0.25	1	2	90491
181.0	0.25	0	1	90500
181.016	0.25	0	1	90508
181.032	0.25	1	2	90516
181.05	0.25	1	2	90525
181.066	0.25	0	1	90533
181.082	0.25	0	1	90541
181.1	0.25	1	2	90550
181.116	0.25	1	2	90558
181.132	0.25	0	1	90566
181.15	0.25	0	1	90575
181.166	0.25	1	2	90583
181.182	0.25	1	2	90591
181.2	0.25	0	1	90600
181.216	0.25	0	1	90608
181.232	0.25	0	1	90616
181.25	0.25	0	1	90625
181.266	0.25	0	1	90633
181.282	0.25	0	1	90641
181.3	0.25	1	2	90650
181.316	0.25	1	2	90658
181.332	0.25	1	2	90666
181.35	0.25	1	2	90675
181.366	0.25	1	2	90683
181.382	0.25	1	2	90691
181.4	0.25	0	1	90700
181.416	0.25	0	1	90708
181.432	0.25	1	2	90716
181.45	0.25	1	2	90725
181.466	0.25	1	2	90733
181.482	0.25	1	2	90741
181.5	0.25	1	2	90750
181.516	0.25	1	2	90758
181.532	0.25	0	1	90766
181.55	0.25	0	1	90775
181.566	0.25	1	2	90783
181.582	0.25	1	2	90791
181.6	0.25	0	1	90800
181.616	0.25	0	1	90808
181.632	0.25	1	2	90816
181.65	0.25	1	2	90825
181.666	0.25	1	2	90833
181.682	0.25	1	2	90841
181.7	0.25	0	1	90850
181.716	0.25	0	1	90858
181.732	0.25	0	1	90866
181.75	0.25	0	1	90875
181.766	0.25	0	1	90883
181.782	0.25	0	1	90891
181.8	0.25	1	2	90900
181.816	0.25	1	2	90908
181.832	0.25	1	2	90916
181.85	0.25	1	2	90925
181.866	0.25	0	1	90933
181.882	0.25	0	1	90941
181.9	0.25	1	2	90950
181.916	0.25	1	2	90958
181.932	0.25	1	2	90966
181.95	0.25	1	2	90975
181.966	0.25	1	2	90983
181.982	0.25	1	2	90991
182.0	0.25	0	1	91000
182.016	0.25	0	1	91008
182.032	0.25	0	1	91016
182.05	0.25	0	1	91025
182.066	0.25	0	1	91033
182.082	0.25	0	1	91041
182.1	0.25	0	1	91050
182.116	0.25	0	1	91058
182.132	0.25	0	1	91066
182.15	0.25	0	1	91075
182.166	0.25	1	2	91083
182.182	0.25	1	2	91091
182.2	0.25	1	2	91100
182.216	0.25	1	2	91108
182.232	0.25	1	2	91116
184.582	0.25	1	2	92291
184.6	0.25	1	2	92300
184.616	0.25	1	2	92308
184.632	0.25	1	2	92316
184.65	0.25	0	1	92325
184.666	0.25	0	1	92333
184.682	0.25	0	1	92341
184.7	0.25	0	1	92350
184.716	0.25	0	1	92358
184.732	0.25	0	1	92366
184.75	0.25	0	1	92375
184.766	0.25	0	1	92383
184.782	0.25	1	2	92391
184.8	0.25	1	2	92400
184.816	0.25	0	1	92408
184.832	0.25	0	1	92416
184.85	0.25	0	1	92425
184.866	0.25	0	1	92433
184.882	0.25	1	2	92441
184.9	0.25	1	2	92450
184.916	0.25	1	2	92458
184.932	0.25	1	2	92466
184.95	0.25	0	1	92475
184.966	0.25	0	1	92483
184.982	0.25	0	1	92491
185.0	0.25	0	1	92500
185.016	0.25	0	1	92508
185.032	0.25	0	1	92516
185.05	0.25	0	1	92525
185.066	0.25	0	1	92533
185.082	0.25	0	1	92541
185.1	0.25	0	1	92550
185.116	0.25	0	1	92558
185.132	0.25	0	1	92566
185.15	0.25	1	2	92575
185.166	0.25	1	2	92583
185.182	0.25	0	1	92591
185.2	0.25	0	1	92600
185.216	0.25	1	2	92608
185.232	0.25	1	2	92616
185.25	0.25	1	2	92625
185.266	0.25	1	2	92633
185.282	0.25	0	1	92641
185.3	0.25	0	1	92650
185.316	0.25	1	2	92658
185.332	0.25	1	2	92666
185.35	0.25	0	1	92675
185.366	0.25	0	1	92683
185.382	0.25	1	2	92691
185.4	0.25	1	2	92700
185.416	0.25	0	1	92708
185.432	0.25	0	1	92716
185.45	0.25	1	2	92725
185.466	0.25	1	2	92733
185.482	0.25	0	1	92741
185.5	0.25	0	1	92750
185.516	0.25	0	1	92758
185.532	0.25	0	1	92766
185.55	0.25	0	1	92775
185.566	0.25	0	1	92783
185.582	0.25	1	2	92791
185.6	0.25	1	2	92800
185.616	0.25	1	2	92808
185.632	0.25	1	2	92816
185.65	0.25	1	2	92825
185.666	0.25	1	2	92833
185.682	0.25	0	1	92841
185.7	0.25	0	1	92850
185.716	0.25	1	2	92858
185.732	0.25	1	2	92866
185.75	0.25	1	2	92875
185.766	0.25	1	2	92883
185.782	0.25	1	2	92891
185.8	0.25	1	2	92900
185.816	0.25	0	1	92908
185.832	0.25	0	1	92916
185.85	0.25	1	2	92925
185.866	0.25	1	2	92933
185.882	0.25	0	1	92941
185.9	0.25	0	1	92950
185.916	0.25	1	2	92958
185.932	0.25	1	2	92966
185.95	0.25	1	2	92975
185.966	0.25	1	2	92983
185.982	0.25	0	1	92991
186.0	0.25	0	1	93000
186.016	0.25	0	1	93008
186.032	0.25	0	1	93016
186.05	0.25	0	1	93025
186.066	0.25	0	1	93033
186.082	0.25	1	2	93041
186.1	0.25	1	2	93050
186.116	0.25	1	2	93058
186.132	0.25	1	2	93066
186.15	0.25	0	1	93075
186.166	0.25	0	1	93083
186.182	0.25	1	2	93091
186.2	0.25	1	2	93100
186.216	0.25	1	2	93108
186.232	0.25	1	2	93116
186.25	0.25	1	2	93125
186.266	0.25	1	2	93133
186.282	0.25	0	1	93141
186.3	0.25	0	1	93150
186.316	0.25	0	1	93158
186.332	0.25	0	1	93166
186.35	0.25	0	1	93175
186.366	0.25	0	1	93183
186.382	0.25	0	1	93191
186.4	0.25	0	1	93200
186.416	0.25	0	1	93208
186.432	0.25	0	1	93216
186.45	0.25	1	2	93225
186.466	0.25	1	2	93233
186.482	0.25	1	2	93241
186.5	0.25	1	2	93250
186.516	0.25	1	2	93258
188.0	0.25	1	2	94000
188.016	0.25	1	2	94008
188.032	0.25	1	2	94016
188.05	0.25	1	2	94025
188.066	0.25	1	2	94033
188.082	0.25	1	2	94041
188.1	0.25	1	2	94050
188.116	0.25	1	2	94058
188.132	0.25	1	2	94066
188.15	0.25	1	2	94075
188.166	0.25	1	2	94083
188.182	0.25	1	2	94091
188.2	0.25	1	2	94100
188.216	0.25	1	2	94108
188.232	0.25	0	1	94116
188.25	0.25	0	1	94125
188.266	0.25	0	1	94133
188.282	0.25	0	1	94141
188.3	0.25	1	2	94150
188.316	0.25	1	2	94158
188.332	0.25	1	2	94166
188.35	0.25	1	2	94175
188.366	0.25	0	1	94183
188.382	0.25	0	1	94191
188.4	0.25	0	1	94200
188.416	0.25	0	1	94208
188.432	0.25	1	2	94216
188.45	0.25	1	2	94225
188.466	0.25	1	2	94233
188.482	0.25	1	2	94241
188.5	0.25	0	1	94250
188.516	0.25	0	1	94258
188.532	0.25	0	1	94266
188.55	0.25	0	1	94275
188.566	0.25	1	2	94283
188.582	0.25	1	2	94291
188.6	0.25	0	1	94300
188.616	0.25	0	1	94308
188.632	0.25	1	2	94316
188.65	0.25	1	2	94325
188.666	0.25	1	2	94333
188.682	0.25	1	2	94341
188.7	0.25	0	1	94350
188.716	0.25	0	1	94358
188.732	0.25	1	2	94366
188.75	0.25	1	2	94375
188.766	0.25	0	1	94383
188.782	0.25	0	1	94391
188.8	0.25	0	1	94400
188.816	0.25	0	1	94408
188.832	0.25	1	2	94416
188.85	0.25	1	2	94425
188.866	0.25	0	1	94433
188.882	0.25	0	1	94441
188.9	0.25	1	2	94450
188.916	0.25	1	2	94458
188.932	0.25	1	2	94466
188.95	0.25	1	2	94475
188.966	0.25	1	2	94483
188.982	0.25	1	2	94491
189.0	0.25	0	1	94500
189.016	0.25	0	1	94508
189.032	0.25	0	1	94516
189.05	0.25	0	1	94525
189.066	0.25	0	1	94533
189.082	0.25	0	1	94541
189.1	0.25	1	2	94550
189.116	0.25	1	2	94558
189.132	0.25	0	1	94566
189.15	0.25	0	1	94575
189.166	0.25	1	2	94583
189.182	0.25	1	2	94591
189.2	0.25	1	2	94600
189.216	0.25	1	2	94608
189.232	0.25	1	2	94616
189.25	0.25	1	2	94625
189.266	0.25	0	1	94633
189.282	0.25	0	1	94641
189.3	0.25	0	1	94650
189.316	0.25	0	1	94658
189.332	0.25	1	2	94666
189.35	0.25	1	2	94675
189.366	0.25	0	1	94683
189.382	0.25	0	1	94691
189.4	0.25	1	2	94700
189.416	0.25	1	2	94708
189.432	0.25	0	1	94716
189.45	0.25	0	1	94725
189.466	0.25	0	1	94733
189.482	0.25	0	1	94741
189.5	0.25	0	1	94750
189.516	0.25	0	1	94758
189.532	0.25	1	2	94766
189.55	0.25	1	2	94775
189.566	0.25	1	2	94783
189.582	0.25	1	2	94791
189.6	0.25	0	1	94800
189.616	0.25	0	1	94808
189.632	0.25	1	2	94816
189.65	0.25	1	2	94825
189.666	0.25	0	1	94833
189.682	0.25	0	1	94841
189.7	0.25	0	1	94850
189.716	0.25	0	1	94858
189.732	0.25	0	1	94866
189.75	0.25	0	1	94875
189.766	0.25	1	2	94883
189.782	0.25	1	2	94891
189.8	0.25	0	1	94900
189.816	0.25	0	1	94908
189.832	0.25	1	2	94916
189.85	0.25	1	2	94925
189.866	0.25	0	1	94933
189.882	0.25	0	1	94941
189.9	0.25	0	1	94950
189.916	0.25	0	1	94958
189.932	0.25	1	2	94966
191.416	0.25	1	2	95708
191.432	0.25	1	2	95716
191.45	0.25	1	2	95725
191.466	0.25	1	2	95733
191.482	0.25	0	1	95741
191.5	0.25	0	1	95750
191.516	0.25	1	2	95758
191.532	0.25	1	2	95766
191.55	0.25	1	2	95775
191.566	0.25	1	2	95783
191.582	0.25	0	1	95791
191.6	0.25	0	1	95800
191.616	0.25	1	2	95808
191.632	0.25	1	2	95816
191.65	0.25	1	2	95825
191.666	0.25	1	2	95833
191.682	0.25	0	1	95841
191.7	0.25	0	1	95850
191.716	0.25	1	2	95858
191.732	0.25	1	2	95866
191.75	0.25	1	2	95875
191.766	0.25	1	2	95883
191.782	0.25	0	1	95891
191.8	0.25	0	1	95900
191.816	0.25	0	1	95908
191.832	0.25	0	1	95916
191.85	0.25	0	1	95925
191.866	0.25	0	1	95933
191.882	0.25	1	2	95941
191.9	0.25	1	2	95950
191.916	0.25	1	2	95958
191.932	0.25	1	2	95966
191.95	0.25	1	2	95975
191.966	0.25	1	2	95983
191.982	0.25	0	1	95991
192.0	0.25	0	1	96000
192.016	0.25	0	1	96008
192.032	0.25	0	1	96016
192.05	0.25	0	1	96025
192.066	0.25	0	1	96033
192.082	0.25	1	2	96041
192.1	0.25	1	2	96050
192.116	0.25	1	2	96058
192.132	0.25	1	2	96066
192.15	0.25	1	2	96075
192.166	0.25	1	2	96083
192.182	0.25	1	2	96091
192.2	0.25	1	2	96100
192.216	0.25	1	2	96108
192.232	0.25	1	2	96116
192.25	0.25	0	1	96125
192.266	0.25	0	1	96133
192.282	0.25	0	1	96141
192.3	0.25	0	1	96150
192.316	0.25	1	2	96158
192.332	0.25	1	2	96166
192.35	0.25	0	1	96175
192.366	0.25	0	1	96183
192.382	0.25	1	2	96191
192.4	0.25	1	2	96200
192.416	0.25	0	1	96208
192.432	0.25	0	1	96216
192.45	0.25	0	1	96225
192.466	0.25	0	1	96233
192.482	0.25	1	2	96241
192.5	0.25	1	2	96250
192.516	0.25	1	2	96258
192.532	0.25	1	2	96266
192.55	0.25	0	1	96275
192.566	0.25	0	1	96283
192.582	0.25	0	1	96291
192.6	0.25	0	1	96300
192.616	0.25	0	1	96308
192.632	0.25	0	1	96316
192.65	0.25	0	1	96325
192.666	0.25	0	1	96333
192.682	0.25	1	2	96341
192.7	0.25	1	2	96350
192.716	0.25	0	1	96358
192.732	0.25	0	1	96366
192.75	0.25	0	1	96375
192.766	0.25	0	1	96383
192.782	0.25	0	1	96391
192.8	0.25	0	1	96400
192.816	0.25	0	1	96408
192.832	0.25	0	1	96416
192.85	0.25	1	2	96425
192.866	0.25	1	2	96433
192.882	0.25	1	2	96441
192.9	0.25	1	2	96450
192.916	0.25	1	2	96458
192.932	0.25	1	2	96466
192.95	0.25	1	2	96475
192.966	0.25	1	2	96483
192.982	0.25	1	2	96491
193.0	0.25	1	2	96500
193.016	0.25	1	2	96508
193.032	0.25	1	2	96516
193.05	0.25	0	1	96525
193.066	0.25	0	1	96533
193.082	0.25	1	2	96541
193.1	0.25	1	2	96550
193.116	0.25	0	1	96558
193.132	0.25	0	1	96566
193.15	0.25	1	2	96575
193.166	0.25	1	2	96583
193.182	0.25	0	1	96591
193.2	0.25	0	1	96600
193.216	0.25	0	1	96608
193.232	0.25	0	1	96616
193.25	0.25	1	2	96625
193.266	0.25	1	2	96633
193.282	0.25	1	2	96641
193.3	0.25	1	2	96650
193.316	0.25	0	1	96658
193.332	0.25	0	1	96666
193.35	0.25	0	1	96675
194.832	0.25	0	1	97416
194.85	0.25	0	1	97425
194.866	0.25	0	1	97433
194.882	0.25	0	1	97441
194.9	0.25	1	2	97450
194.916	0.25	1	2	97458
194.932	0.25	1	2	97466
194.95	0.25	1	2	97475
194.966	0.25	0	1	97483
194.982	0.25	0	1	97491
195.0	0.25	0	1	97500
195.016	0.25	0	1	97508
195.032	0.25	0	1	97516
195.05	0.25	0	1	97525
195.066	0.25	0	1	97533
195.082	0.25	0	1	97541
195.1	0.25	1	2	97550
195.116	0.25	1	2	97558
195.132	0.25	1	2	97566
195.15	0.25	1	2	97575
195.166	0.25	1	2	97583
195.182	0.25	1	2	97591
195.2	0.25	1	2	97600
195.216	0.25	1	2	97608
195.232	0.25	1	2	97616
195.25	0.25	1	2	97625
195.266	0.25	0	1	97633
195.282	0.25	0	1	97641
195.3	0.25	0	1	97650
195.316	0.25	0	1	97658
195.332	0.25	0	1	97666
195.35	0.25	0	1	97675
195.366	0.25	0	1	97683
195.382	0.25	0	1	97691
195.4	0.25	0	1	97700
195.416	0.25	0	1	97708
195.432	0.25	0	1	97716
195.45	0.25	0	1	97725
195.466	0.25	1	2	97733
195.482	0.25	1	2	97741
195.5	0.25	1	2	97750
195.516	0.25	1	2	97758
195.532	0.25	0	1	97766
195.55	0.25	0	1	97775
195.566	0.25	0	1	97783
195.582	0.25	0	1	97791
195.6	0.25	1	2	97800
195.616	0.25	1	2	97808
195.632	0.25	0	1	97816
195.65	0.25	0	1	97825
195.666	0.25	1	2	97833
195.682	0.25	1	2	97841
195.7	0.25	0	1	97850
195.716	0.25	0	1	97858
195.732	0.25	1	2	97866
195.75	0.25	1	2	97875
195.766	0.25	0	1	97883
195.782	0.25	0	1	97891
195.8	0.25	1	2	97900
195.816	0.25	1	2	97908
195.832	0.25	1	2	97916
195.85	0.25	1	2	97925
195.866	0.25	0	1	97933
195.882	0.25	0	1	97941
195.9	0.25	1	2	97950
195.916	0.25	1	2	97958
195.932	0.25	0	1	97966
195.95	0.25	0	1	97975
195.966	0.25	0	1	97983
195.982	0.25	0	1	97991
196.0	0.25	0	1	98000
196.016	0.25	0	1	98008
196.032	0.25	1	2	98016
196.05	0.25	1	2	98025
196.066	0.25	0	1	98033
196.082	0.25	0	1	98041
196.1	0.25	0	1	98050
196.116	0.25	0	1	98058
196.132	0.25	0	1	98066
196.15	0.25	0	1	98075
196.166	0.25	1	2	98083
196.182	0.25	1	2	98091
196.2	0.25	1	2	98100
196.216	0.25	1	2	98108
196.232	0.25	1	2	98116
196.25	0.25	1	2	98125
196.266	0.25	0	1	98133
196.282	0.25	0	1	98141
196.3	0.25	1	2	98150
196.316	0.25	1	2	98158
196.332	0.25	0	1	98166
196.35	0.25	0	1	98175
196.366	0.25	1	2	98183
196.382	0.25	1	2	98191
196.4	0.25	1	2	98200
196.416	0.25	1	2	98208
196.432	0.25	1	2	98216
196.45	0.25	1	2	98225
196.466	0.25	1	2	98233
196.482	0.25	1	2	98241
196.5	0.25	1	2	98250
196.516	0.25	1	2	98258
196.532	0.25	0	1	98266
196.55	0.25	0	1	98275
196.566	0.25	0	1	98283
196.582	0.25	0	1	98291
196.6	0.25	1	2	98300
196.616	0.25	1	2	98308
196.632	0.25	0	1	98316
196.65	0.25	0	1	98325
196.666	0.25	0	1	98333
196.682	0.25	0	1	98341
196.7	0.25	0	1	98350
196.716	0.25	0	1	98358
196.732	0.25	1	2	98366
196.75	0.25	1	2	98375
196.766	0.25	1	2	98383
200.1	0.25	0	1	100050
200.116	0.25	0	1	100058
200.132	0.25	0	1	100066
200.15	0.25	0	1	100075
200.166	0.25	1	2	100083
200.182	0.25	1	2	100091
200.2	0.25	1	2	100100
200.216	0.25	1	2	100108
200.232	0.25	0	1	100116
200.25	0.25	0	1	100125
200.266	0.25	0	1	100133
200.282	0.25	0	1	100141
200.3	0.25	0	1	100150
200.316	0.25	0	1	100158
200.332	0.25	0	1	100166
200.35	0.25	0	1	100175
200.366	0.25	1	2	100183
200.382	0.25	1	2	100191
200.4	0.25	1	2	100200
200.416	0.25	1	2	100208
200.432	0.25	1	2	100216
200.45	0.25	1	2	100225
200.466	0.25	1	2	100233
200.482	0.25	1	2	100241
200.5	0.25	1	2	100250
200.516	0.25	1	2	100258
200.532	0.25	0	1	100266
200.55	0.25	0	1	100275
200.566	0.25	0	1	100283
200.582	0.25	0	1	100291
200.6	0.25	0	1	100300
200.616	0.25	0	1	100308
200.632	0.25	0	1	100316
200.65	0.25	0	1	100325
200.666	0.25	0	1	100333
200.682	0.25	0	1	100341
200.7	0.25	0	1	100350
200.716	0.25	0	1	100358
200.732	0.25	1	2	100366
200.75	0.25	1	2	100375
200.766	0.25	1	2	100383
200.782	0.25	1	2	100391
200.8	0.25	0	1	100400
200.816	0.25	0	1	100408
200.832	0.25	0	1	100416
200.85	0.25	0	1	100425
200.866	0.25	1	2	100433
200.882	0.25	1	2	100441
200.9	0.25	0	1	100450
200.916	0.25	0	1	100458
200.932	0.25	1	2	100466
200.95	0.25	1	2	100475
200.966	0.25	0	1	100483
200.982	0.25	0	1	100491
201.0	0.25	1	2	100500
201.016	0.25	1	2	100508
201.032	0.25	0	1	100516
201.05	0.25	0	1	100525
201.066	0.25	1	2	100533
201.082	0.25	1	2	100541
201.1	0.25	1	2	100550
201.116	0.25	1	2	100558
201.132	0.25	0	1	100566
201.15	0.25	0	1	100575
201.166	0.25	1	2	100583
201.182	0.25	1	2	100591
201.2	0.25	0	1	100600
201.216	0.25	0	1	100608
201.232	0.25	0	1	100616
201.25	0.25	0	1	100625
201.266	0.25	0	1	100633
201.282	0.25	0	1	100641
201.3	0.25	1	2	100650
201.316	0.25	1	2	100658
201.332	0.25	0	1	100666
201.35	0.25	0	1	100675
201.366	0.25	0	1	100683
201.382	0.25	0	1	100691
201.4	0.25	0	1	100700
201.416	0.25	0	1	100708
201.432	0.25	1	2	100716
201.45	0.25	1	2	100725
201.466	0.25	1	2	100733
201.482	0.25	1	2	100741
201.5	0.25	1	2	100750
201.516	0.25	1	2	100758
201.532	0.25	0	1	100766
201.55	0.25	0	1	100775
201.566	0.25	1	2	100783
201.582	0.25	1	2	100791
201.6	0.25	0	1	100800
201.616	0.25	0	1	100808
201.632	0.25	1	2	100816
201.65	0.25	1	2	100825
201.666	0.25	1	2	100833
201.682	0.25	1	2	100841
201.7	0.25	1	2	100850
201.716	0.25	1	2	100858
201.732	0.25	1	2	100866
201.75	0.25	1	2	100875
201.766	0.25	1	2	100883
201.782	0.25	1	2	100891
201.8	0.25	0	1	100900
201.816	0.25	0	1	100908
201.832	0.25	0	1	100916
201.85	0.25	0	1	100925
201.866	0.25	1	2	100933
201.882	0.25	1	2	100941
201.9	0.25	0	1	100950
201.916	0.25	0	1	100958
201.932	0.25	0	1	100966
201.95	0.25	0	1	100975
201.966	0.25	0	1	100983
201.982	0.25	0	1	100991
202.0	0.25	1	2	101000
202.016	0.25	1	2	101008
202.032	0.25	1	2	101016
203.516	0.25	1	2	101758
203.532	0.25	1	2	101766
203.55	0.25	1	2	101775
203.566	0.25	1	2	101783
203.582	0.25	0	1	101791
203.6	0.25	0	1	101800
203.616	0.25	0	1	101808
203.632	0.25	0	1	101816
203.65	0.25	0	1	101825
203.666	0.25	0	1	101833
203.682	0.25	0	1	101841
203.7	0.25	0	1	101850
203.716	0.25	1	2	101858
203.732	0.25	1	2	101866
203.75	0.25	0	1	101875
203.766	0.25	0	1	101883
203.782	0.25	0	1	101891
203.8	0.25	0	1	101900
203.816	0.25	1	2	101908
203.832	0.25	1	2	101916
203.85	0.25	1	2	101925
203.866	0.25	1	2	101933
203.882	0.25	0	1	101941
203.9	0.25	0	1	101950
203.916	0.25	0	1	101958
203.932	0.25	0	1	101966
203.95	0.25	0	1	101975
203.966	0.25	0	1	101983
203.982	0.25	0	1	101991
204.0	0.25	0	1	102000
204.016	0.25	0	1	102008
204.032	0.25	0	1	102016
204.05	0.25	0	1	102025
204.066	0.25	0	1	102033
204.082	0.25	1	2	102041
204.1	0.25	1	2	102050
204.116	0.25	0	1	102058
204.132	0.25	0	1	102066
204.15	0.25	1	2	102075
204.166	0.25	1	2	102083
204.182	0.25	1	2	102091
204.2	0.25	1	2	102100
204.216	0.25	0	1	102108
204.232	0.25	0	1	102116
204.25	0.25	1	2	102125
204.266	0.25	1	2	102133
204.282	0.25	0	1	102141
204.3	0.25	0	1	102150
204.316	0.25	1	2	102158
204.332	0.25	1	2	102166
204.35	0.25	0	1	102175
204.366	0.25	0	1	102183
204.382	0.25	1	2	102191
204.4	0.25	1	2	102200
204.416	0.25	0	1	102208
204.432	0.25	0	1	102216
204.45	0.25	0	1	102225
204.466	0.25	0	1	102233
204.482	0.25	0	1	102241
204.5	0.25	0	1	102250
204.516	0.25	1	2	102258
204.532	0.25	1	2	102266
204.55	0.25	1	2	102275
204.566	0.25	1	2	102283
204.582	0.25	1	2	102291
204.6	0.25	1	2	102300
204.616	0.25	0	1	102308
204.632	0.25	0	1	102316
204.65	0.25	1	2	102325
204.666	0.25	1	2	102333
204.682	0.25	1	2	102341
204.7	0.25	1	2	102350
204.716	0.25	1	2	102358
204.732	0.25	1	2	102366
204.75	0.25	0	1	102375
204.766	0.25	0	1	102383
204.782	0.25	1	2	102391
204.8	0.25	1	2	102400
204.816	0.25	0	1	102408
204.832	0.25	0	1	102416
204.85	0.25	1	2	102425
204.866	0.25	1	2	102433
204.882	0.25	1	2	102441
204.9	0.25	1	2	102450
204.916	0.25	0	1	102458
204.932	0.25	0	1	102466
204.95	0.25	0	1	102475
204.966	0.25	0	1	102483
204.982	0.25	0	1	102491
205.0	0.25	0	1	102500
205.016	0.25	1	2	102508
205.032	0.25	1	2	102516
205.05	0.25	1	2	102525
205.066	0.25	1	2	102533
205.082	0.25	0	1	102541
205.1	0.25	0	1	102550
205.116	0.25	1	2	102558
205.132	0.25	1	2	102566
205.15	0.25	1	2	102575
205.166	0.25	1	2	102583
205.182	0.25	1	2	102591
205.2	0.25	1	2	102600
205.216	0.25	0	1	102608
205.232	0.25	0	1	102616
205.25	0.25	0	1	102625
205.266	0.25	0	1	102633
205.282	0.25	0	1	102641
205.3	0.25	0	1	102650
205.316	0.25	0	1	102658
205.332	0.25	0	1	102666
205.35	0.25	0	1	102675
205.366	0.25	0	1	102683
205.382	0.25	1	2	102691
205.4	0.25	1	2	102700
205.416	0.25	1	2	102708
205.432	0.25	1	2	102716
205.45	0.25	1	2	102725
206.932	0.25	1	2	103466
206.95	0.25	1	2	103475
206.966	0.25	1	2	103483
206.982	0.25	1	2	103491
207.0	0.25	1	2	103500
207.016	0.25	1	2	103508
207.032	0.25	1	2	103516
207.05	0.25	1	2	103525
207.066	0.25	1	2	103533
207.082	0.25	1	2	103541
207.1	0.25	1	2	103550
207.116	0.25	1	2	103558
207.132	0.25	1	2	103566
207.15	0.25	1	2	103575
207.166	0.25	0	1	103583
207.182	0.25	0	1	103591
207.2	0.25	0	1	103600
207.216	0.25	0	1	103608
207.232	0.25	1	2	103616
207.25	0.25	1	2	103625
207.266	0.25	1	2	103633
207.282	0.25	1	2	103641
207.3	0.25	0	1	103650
207.316	0.25	0	1	103658
207.332	0.25	0	1	103666
207.35	0.25	0	1	103675
207.366	0.25	1	2	103683
207.382	0.25	1	2	103691
207.4	0.25	1	2	103700
207.416	0.25	1	2	103708
207.432	0.25	0	1	103716
207.45	0.25	0	1	103725
207.466	0.25	0	1	103733
207.482	0.25	0	1	103741
207.5	0.25	1	2	103750
207.516	0.25	1	2	103758
207.532	0.25	0	1	103766
207.55	0.25	0	1	103775
207.566	0.25	1	2	103783
207.582	0.25	1	2	103791
207.6	0.25	1	2	103800
207.616	0.25	1	2	103808
207.632	0.25	0	1	103816
207.65	0.25	0	1	103825
207.666	0.25	1	2	103833
207.682	0.25	1	2	103841
207.7	0.25	0	1	103850
207.716	0.25	0	1	103858
207.732	0.25	0	1	103866
207.75	0.25	0	1	103875
207.766	0.25	1	2	103883
207.782	0.25	1	2	103891
207.8	0.25	0	1	103900
207.816	0.25	0	1	103908
207.832	0.25	1	2	103916
207.85	0.25	1	2	103925
207.866	0.25	1	2	103933
207.882	0.25	1	2	103941
207.9	0.25	1	2	103950
207.916	0.25	1	2	103958
207.932	0.25	0	1	103966
207.95	0.25	0	1	103975
207.966	0.25	0	1	103983
207.982	0.25	0	1	103991
208.0	0.25	0	1	104000
208.016	0.25	0	1	104008
208.032	0.25	1	2	104016
208.05	0.25	1	2	104025
208.066	0.25	0	1	104033
208.082	0.25	0	1	104041
208.1	0.25	1	2	104050
208.116	0.25	1	2	104058
208.132	0.25	1	2	104066
208.15	0.25	1	2	104075
208.166	0.25	1	2	104083
208.182	0.25	1	2	104091
208.2	0.25	0	1	104100
208.216	0.25	0	1	104108
208.232	0.25	0	1	104116
208.25	0.25	0	1	104125
208.266	0.25	1	2	104133
208.282	0.25	1	2	104141
208.3	0.25	0	1	104150
208.316	0.25	0	1	104158
208.332	0.25	1	2	104166
208.35	0.25	1	2	104175
208.366	0.25	0	1	104183
208.382	0.25	0	1	104191
208.4	0.25	0	1	104200
208.416	0.25	0	1	104208
208.432	0.25	0	1	104216
208.45	0.25	0	1	104225
208.466	0.25	1	2	104233
208.482	0.25	1	2	104241
208.5	0.25	1	2	104250
208.516	0.25	1	2	104258
208.532	0.25	0	1	104266
208.55	0.25	0	1	104275
208.566	0.25	1	2	104283
208.582	0.25	1	2	104291
208.6	0.25	0	1	104300
208.616	0.25	0	1	104308
208.632	0.25	0	1	104316
208.65	0.25	0	1	104325
208.666	0.25	0	1	104333
208.682	0.25	0	1	104341
208.7	0.25	1	2	104350
208.716	0.25	1	2	104358
208.732	0.25	0	1	104366
208.75	0.25	0	1	104375
208.766	0.25	1	2	104383
208.782	0.25	1	2	104391
208.8	0.25	0	1	104400
208.816	0.25	0	1	104408
208.832	0.25	0	1	104416
208.85	0.25	0	1	104425
208.866	0.25	1	2	104433
210.35	0.25	1	2	105175
210.366	0.25	1	2	105183
210.382	0.25	1	2	105191
210.4	0.25	1	2	105200
210.416	0.25	0	1	105208
210.432	0.25	0	1	105216
210.45	0.25	1	2	105225
210.466	0.25	1	2	105233
210.482	0.25	1	2	105241
210.5	0.25	1	2	105250
210.516	0.25	0	1	105258
210.532	0.25	0	1	105266
210.55	0.25	1	2	105275
210.566	0.25	1	2	105283
210.582	0.25	1	2	105291
210.6	0.25	1	2	105300
210.616	0.25	0	1	105308
210.632	0.25	0	1	105316
210.65	0.25	1	2	105325
210.666	0.25	1	2	105333
210.682	0.25	1	2	105341
210.7	0.25	1	2	105350
210.716	0.25	0	1	105358
210.732	0.25	0	1	105366
210.75	0.25	0	1	105375
210.766	0.25	0	1	105383
210.782	0.25	0	1	105391
210.8	0.25	0	1	105400
210.816	0.25	1	2	105408
210.832	0.25	1	2	105416
210.85	0.25	1	2	105425
210.866	0.25	1	2	105433
210.882	0.25	1	2	105441
210.9	0.25	1	2	105450
210.916	0.25	0	1	105458
210.932	0.25	0	1	105466
210.95	0.25	0	1	105475
210.966	0.25	0	1	105483
210.982	0.25	0	1	105491
211.0	0.25	0	1	105500
211.016	0.25	1	2	105508
211.032	0.25	1	2	105516
211.05	0.25	1	2	105525
211.066	0.25	1	2	105533
211.082	0.25	1	2	105541
211.1	0.25	1	2	105550
211.116	0.25	1	2	105558
211.132	0.25	1	2	105566
211.15	0.25	1	2	105575
211.166	0.25	1	2	105583
211.182	0.25	0	1	105591
211.2	0.25	0	1	105600
211.216	0.25	0	1	105608
211.232	0.25	0	1	105616
211.25	0.25	1	2	105625
211.266	0.25	1	2	105633
211.282	0.25	0	1	105641
211.3	0.25	0	1	105650
211.316	0.25	1	2	105658
211.332	0.25	1	2	105666
211.35	0.25	0	1	105675
211.366	0.25	0	1	105683
211.382	0.25	0	1	105691
211.4	0.25	0	1	105700
211.416	0.25	1	2	105708
211.432	0.25	1	2	105716
211.45	0.25	1	2	105725
211.466	0.25	1	2	105733
211.482	0.25	0	1	105741
211.5	0.25	0	1	105750
211.516	0.25	0	1	105758
211.532	0.25	0	1	105766
211.55	0.25	0	1	105775
211.566	0.25	0	1	105783
211.582	0.25	0	1	105791
211.6	0.25	0	1	105800
211.616	0.25	1	2	105808
211.632	0.25	1	2	105816
211.65	0.25	0	1	105825
211.666	0.25	0	1	105833
211.682	0.25	0	1	105841
211.7	0.25	0	1	105850
211.716	0.25	0	1	105858
211.732	0.25	0	1	105866
211.75	0.25	0	1	105875
211.766	0.25	0	1	105883
211.782	0.25	1	2	105891
211.8	0.25	1	2	105900
211.816	0.25	1	2	105908
211.832	0.25	1	2	105916
211.85	0.25	1	2	105925
211.866	0.25	1	2	105933
211.882	0.25	1	2	105941
211.9	0.25	1	2	105950
211.916	0.25	1	2	105958
211.932	0.25	1	2	105966
211.95	0.25	1	2	105975
211.966	0.25	1	2	105983
211.982	0.25	0	1	105991
212.0	0.25	0	1	106000
212.016	0.25	1	2	106008
212.032	0.25	1	2	106016
212.05	0.25	0	1	106025
212.066	0.25	0	1	106033
212.082	0.25	1	2	106041
212.1	0.25	1	2	106050
212.116	0.25	0	1	106058
212.132	0.25	0	1	106066
212.15	0.25	0	1	106075
212.166	0.25	0	1	106083
212.182	0.25	1	2	106091
212.2	0.25	1	2	106100
212.216	0.25	1	2	106108
212.232	0.25	1	2	106116
212.25	0.25	0	1	106125
212.266	0.25	0	1	106133
212.282	0.25	0	1	106141
214.7	0.25	0	1	107350
214.716	0.25	0	1	107358
214.732	0.25	0	1	107366
214.75	0.25	0	1	107375
214.766	0.25	1	2	107383
214.782	0.25	1	2	107391
214.8	0.25	1	2	107400
214.816	0.25	1	2	107408
214.832	0.25	0	1	107416
214.85	0.25	0	1	107425
214.866	0.25	0	1	107433
214.882	0.25	0	1	107441
214.9	0.25	0	1	107450
214.916	0.25	0	1	107458
214.932	0.25	0	1	107466
214.95	0.25	0	1	107475
214.966	0.25	1	2	107483
214.982	0.25	1	2	107491
215.0	0.25	1	2	107500
215.016	0.25	1	2	107508
215.032	0.25	1	2	107516
215.05	0.25	1	2	107525
215.066	0.25	1	2	107533
215.082	0.25	1	2	107541
215.1	0.25	1	2	107550
215.116	0.25	1	2	107558
215.132	0.25	0	1	107566
215.15	0.25	0	1	107575
215.166	0.25	0	1	107583
215.182	0.25	0	1	107591
215.2	0.25	0	1	107600
215.216	0.25	0	1	107608
215.232	0.25	0	1	107616
215.25	0.25	0	1	107625
215.266	0.25	0	1	107633
215.282	0.25	0	1	107641
215.3	0.25	0	1	107650
215.316	0.25	0	1	107658
215.332	0.25	1	2	107666
215.35	0.25	1	2	107675
215.366	0.25	1	2	107683
215.382	0.25	1	2	107691
215.4	0.25	0	1	107700
215.416	0.25	0	1	107708
215.432	0.25	0	1	107716
215.45	0.25	0	1	107725
215.466	0.25	1	2	107733
215.482	0.25	1	2	107741
215.5	0.25	0	1	107750
215.516	0.25	0	1	107758
215.532	0.25	1	2	107766
215.55	0.25	1	2	107775
215.566	0.25	0	1	107783
215.582	0.25	0	1	107791
215.6	0.25	1	2	107800
215.616	0.25	1	2	107808
215.632	0.25	0	1	107816
215.65	0.25	0	1	107825
215.666	0.25	1	2	107833
215.682	0.25	1	2	107841
215.7	0.25	1	2	107850
215.716	0.25	1	2	107858
215.732	0.25	0	1	107866
215.75	0.25	0	1	107875
215.766	0.25	1	2	107883
215.782	0.25	1	2	107891
215.8	0.25	0	1	107900
215.816	0.25	0	1	107908
215.832	0.25	0	1	107916
215.85	0.25	0	1	107925
215.866	0.25	0	1	107933
215.882	0.25	0	1	107941
215.9	0.25	1	2	107950
215.916	0.25	1	2	107958
215.932	0.25	0	1	107966
215.95	0.25	0	1	107975
215.966	0.25	0	1	107983
215.982	0.25	0	1	107991
216.0	0.25	0	1	108000
216.016	0.25	0	1	108008
216.032	0.25	1	2	108016
216.05	0.25	1	2	108025
216.066	0.25	1	2	108033
216.082	0.25	1	2	108041
216.1	0.25	1	2	108050
216.116	0.25	1	2	108058
216.132	0.25	0	1	108066
216.15	0.25	0	1	108075
216.166	0.25	1	2	108083
216.182	0.25	1	2	108091
216.2	0.25	0	1	108100
216.216	0.25	0	1	108108
216.232	0.25	1	2	108116
216.25	0.25	1	2	108125
216.266	0.25	1	2	108133
216.282	0.25	1	2	108141
216.3	0.25	1	2	108150
216.316	0.25	1	2	108158
216.332	0.25	1	2	108166
216.35	0.25	1	2	108175
216.366	0.25	1	2	108183
216.382	0.25	1	2	108191
216.4	0.25	0	1	108200
216.416	0.25	0	1	108208
216.432	0.25	0	1	108216
216.45	0.25	0	1	108225
216.466	0.25	1	2	108233
216.482	0.25	1	2	108241
216.5	0.25	0	1	108250
216.516	0.25	0	1	108258
216.532	0.25	0	1	108266
216.55	0.25	0	1	108275
216.566	0.25	0	1	108283
216.582	0.25	0	1	108291
216.6	0.25	1	2	108300
216.616	0.25	1	2	108308
216.632	0.25	1	2	108316
218.116	0.25	1	2	109058
218.132	0.25	1	2	109066
218.15	0.25	1	2	109075
218.166	0.25	1	2	109083
218.182	0.25	0	1	109091
218.2	0.25	0	1	109100
218.216	0.25	1	2	109108
218.232	0.25	1	2	109116
218.25	0.25	1	2	109125
218.266	0.25	1	2	109133
218.282	0.25	0	1	109141
218.3	0.25	0	1	109150
218.316	0.25	1	2	109158
218.332	0.25	1	2	109166
218.35	0.25	1	2	109175
218.366	0.25	1	2	109183
218.382	0.25	0	1	109191
218.4	0.25	0	1	109200
218.416	0.25	1	2	109208
218.432	0.25	1	2	109216
218.45	0.25	1	2	109225
218.466	0.25	1	2	109233
218.482	0.25	0	1	109241
218.5	0.25	0	1	109250
218.516	0.25	0	1	109258
218.532	0.25	0	1	109266
218.55	0.25	0	1	109275
218.566	0.25	0	1	109283
218.582	0.25	1	2	109291
218.6	0.25	1	2	109300
218.616	0.25	1	2	109308
218.632	0.25	1	2	109316
218.65	0.25	1	2	109325
218.666	0.25	1	2	109333
218.682	0.25	0	1	109341
218.7	0.25	0	1	109350
218.716	0.25	0	1	109358
218.732	0.25	0	1	109366
218.75	0.25	0	1	109375
218.766	0.25	0	1	109383
218.782	0.25	1	2	109391
218.8	0.25	1	2	109400
218.816	0.25	1	2	109408
218.832	0.25	1	2	109416
218.85	0.25	1	2	109425
218.866	0.25	1	2	109433
218.882	0.25	1	2	109441
218.9	0.25	1	2	109450
218.916	0.25	1	2	109458
218.932	0.25	1	2	109466
218.95	0.25	0	1	109475
218.966	0.25	0	1	109483
218.982	0.25	0	1	109491
219.0	0.25	0	1	109500
219.016	0.25	1	2	109508
219.032	0.25	1	2	109516
219.05	0.25	0	1	109525
219.066	0.25	0	1	109533
219.082	0.25	1	2	109541
219.1	0.25	1	2	109550
219.116	0.25	0	1	109558
219.132	0.25	0	1	109566
219.15	0.25	0	1	109575
219.166	0.25	0	1	109583
219.182	0.25	1	2	109591
219.2	0.25	1	2	109600
219.216	0.25	1	2	109608
219.232	0.25	1	2	109616
219.25	0.25	0	1	109625
219.266	0.25	0	1	109633
219.282	0.25	0	1	109641
219.3	0.25	0	1	109650
219.316	0.25	0	1	109658
219.332	0.25	0	1	109666
219.35	0.25	0	1	109675
219.366	0.25	0	1	109683
219.382	0.25	1	2	109691
219.4	0.25	1	2	109700
219.416	0.25	0	1	109708
219.432	0.25	0	1	109716
219.45	0.25	0	1	109725
219.466	0.25	0	1	109733
219.482	0.25	0	1	109741
219.5	0.25	0	1	109750
219.516	0.25	0	1	109758
219.532	0.25	0	1	109766
219.55	0.25	1	2	109775
219.566	0.25	1	2	109783
219.582	0.25	1	2	109791
219.6	0.25	1	2	109800
219.616	0.25	1	2	109808
219.632	0.25	1	2	109816
219.65	0.25	1	2	109825
219.666	0.25	1	2	109833
219.682	0.25	1	2	109841
219.7	0.25	1	2	109850
219.716	0.25	1	2	109858
219.732	0.25	1	2	109866
219.75	0.25	0	1	109875
219.766	0.25	0	1	109883
219.782	0.25	1	2	109891
219.8	0.25	1	2	109900
219.816	0.25	0	1	109908
219.832	0.25	0	1	109916
219.85	0.25	1	2	109925
219.866	0.25	1	2	109933
219.882	0.25	0	1	109941
219.9	0.25	0	1	109950
219.916	0.25	0	1	109958
219.932	0.25	0	1	109966
219.95	0.25	1	2	109975
219.966	0.25	1	2	109983
219.982	0.25	1	2	109991
220.0	0.25	1	2	110000
220.016	0.25	0	1	110008
220.032	0.25	0	1	110016
220.05	0.25	0	1	110025
221.532	0.25	1	2	110766
221.55	0.25	1	2	110775
221.566	0.25	1	2	110783
221.582	0.25	1	2	110791
221.6	0.25	0	1	110800
221.616	0.25	0	1	110808
221.632	0.25	0	1	110816
221.65	0.25	0	1	110825
221.666	0.25	0	1	110833
221.682	0.25	0	1	110841
221.7	0.25	0	1	110850
221.716	0.25	0	1	110858
221.732	0.25	1	2	110866
221.75	0.25	1	2	110875
221.766	0.25	0	1	110883
221.782	0.25	0	1	110891
221.8	0.25	0	1	110900
221.816	0.25	0	1	110908
221.832	0.25	1	2	110916
221.85	0.25	1	2	110925
221.866	0.25	1	2	110933
221.882	0.25	1	2	110941
221.9	0.25	0	1	110950
221.916	0.25	0	1	110958
221.932	0.25	0	1	110966
221.95	0.25	0	1	110975
221.966	0.25	0	1	110983
221.982	0.25	0	1	110991
222.0	0.25	0	1	111000
222.016	0.25	0	1	111008
222.032	0.25	0	1	111016
222.05	0.25	0	1	111025
222.066	0.25	0	1	111033
222.082	0.25	0	1	111041
222.1	0.25	1	2	111050
222.116	0.25	1	2	111058
222.132	0.25	0	1	111066
222.15	0.25	0	1	111075
222.166	0.25	1	2	111083
222.182	0.25	1	2	111091
222.2	0.25	1	2	111100
222.216	0.25	1	2	111108
222.232	0.25	0	1	111116
222.25	0.25	0	1	111125
222.266	0.25	1	2	111133
222.282	0.25	1	2	111141
222.3	0.25	0	1	111150
222.316	0.25	0	1	111158
222.332	0.25	1	2	111166
222.35	0.25	1	2	111175
222.366	0.25	0	1	111183
222.382	0.25	0	1	111191
222.4	0.25	1	2	111200
222.416	0.25	1	2	111208
222.432	0.25	0	1	111216
222.45	0.25	0	1	111225
222.466	0.25	0	1	111233
222.482	0.25	0	1	111241
222.5	0.25	0	1	111250
222.516	0.25	0	1	111258
222.532	0.25	1	2	111266
222.55	0.25	1	2	111275
222.566	0.25	1	2	111283
222.582	0.25	1	2	111291
222.6	0.25	1	2	111300
222.616	0.25	1	2	111308
222.632	0.25	0	1	111316
222.65	0.25	0	1	111325
222.666	0.25	1	2	111333
222.682	0.25	1	2	111341
222.7	0.25	1	2	111350
222.716	0.25	1	2	111358
222.732	0.25	1	2	111366
222.75	0.25	1	2	111375
222.766	0.25	0	1	111383
222.782	0.25	0	1	111391
222.8	0.25	1	2	111400
222.816	0.25	1	2	111408
222.832	0.25	0	1	111416
222.85	0.25	0	1	111425
222.866	0.25	1	2	111433
222.882	0.25	1	2	111441
222.9	0.25	1	2	111450
222.916	0.25	1	2	111458
222.932	0.25	0	1	111466
222.95	0.25	0	1	111475
222.966	0.25	0	1	111483
222.982	0.25	0	1	111491
223.0	0.25	0	1	111500
223.016	0.25	0	1	111508
223.032	0.25	1	2	111516
223.05	0.25	1	2	111525
223.066	0.25	1	2	111533
223.082	0.25	1	2	111541
223.1	0.25	0	1	111550
223.116	0.25	0	1	111558
223.132	0.25	1	2	111566
223.15	0.25	1	2	111575
223.166	0.25	1	2	111583
223.182	0.25	1	2	111591
223.2	0.25	1	2	111600
223.216	0.25	1	2	111608
223.232	0.25	0	1	111616
223.25	0.25	0	1	111625
223.266	0.25	0	1	111633
223.282	0.25	0	1	111641
223.3	0.25	0	1	111650
223.316	0.25	0	1	111658
223.332	0.25	0	1	111666
223.35	0.25	0	1	111675
223.366	0.25	0	1	111683
223.382	0.25	0	1	111691
223.4	0.25	1	2	111700
223.416	0.25	1	2	111708
223.432	0.25	1	2	111716
223.45	0.25	1	2	111725
223.466	0.25	1	2	111733
224.95	0.25	1	2	112475
224.966	0.25	1	2	112483
224.982	0.25	1	2	112491
225.0	0.25	1	2	112500
225.016	0.25	1	2	112508
225.032	0.25	1	2	112516
225.05	0.25	1	2	112525
225.066	0.25	1	2	112533
225.082	0.25	1	2	112541
225.1	0.25	1	2	112550
225.116	0.25	1	2	112558
225.132	0.25	1	2	112566
225.15	0.25	1	2	112575
225.166	0.25	1	2	112583
225.182	0.25	0	1	112591
225.2	0.25	0	1	112600
225.216	0.25	0	1	112608
225.232	0.25	0	1	112616
225.25	0.25	1	2	112625
225.266	0.25	1	2	112633
225.282	0.25	1	2	112641
225.3	0.25	1	2	112650
225.316	0.25	0	1	112658
225.332	0.25	0	1	112666
225.35	0.25	0	1	112675
225.366	0.25	0	1	112683
225.382	0.25	1	2	112691
225.4	0.25	1	2	112700
225.416	0.25	1	2	112708
225.432	0.25	1	2	112716
225.45	0.25	0	1	112725
225.466	0.25	0	1	112733
225.482	0.25	0	1	112741
225.5	0.25	0	1	112750
225.516	0.25	1	2	112758
225.532	0.25	1	2	112766
225.55	0.25	0	1	112775
225.566	0.25	0	1	112783
225.582	0.25	1	2	112791
225.6	0.25	1	2	112800
225.616	0.25	1	2	112808
225.632	0.25	1	2	112816
225.65	0.25	0	1	112825
225.666	0.25	0	1	112833
225.682	0.25	1	2	112841
225.7	0.25	1	2	112850
225.716	0.25	0	1	112858
225.732	0.25	0	1	112866
225.75	0.25	0	1	112875
225.766	0.25	0	1	112883
225.782	0.25	1	2	112891
225.8	0.25	1	2	112900
225.816	0.25	0	1	112908
225.832	0.25	0	1	112916
225.85	0.25	1	2	112925
225.866	0.25	1	2	112933
225.882	0.25	1	2	112941
225.9	0.25	1	2	112950
225.916	0.25	1	2	112958
225.932	0.25	1	2	112966
225.95	0.25	0	1	112975
225.966	0.25	0	1	112983
225.982	0.25	0	1	112991
226.0	0.25	0	1	113000
226.016	0.25	0	1	113008
226.032	0.25	0	1	113016
226.05	0.25	1	2	113025
226.066	0.25	1	2	113033
226.082	0.25	0	1	113041
226.1	0.25	0	1	113050
226.116	0.25	1	2	113058
226.132	0.25	1	2	113066
226.15	0.25	1	2	113075
226.166	0.25	1	2	113083
226.182	0.25	1	2	113091
226.2	0.25	1	2	113100
226.216	0.25	0	1	113108
226.232	0.25	0	1	113116
226.25	0.25	0	1	113125
226.266	0.25	0	1	113133
226.282	0.25	1	2	113141
226.3	0.25	1	2	113150
226.316	0.25	0	1	113158
226.332	0.25	0	1	113166
226.35	0.25	1	2	113175
226.366	0.25	1	2	113183
226.382	0.25	0	1	113191
226.4	0.25	0	1	113200
226.416	0.25	0	1	113208
226.432	0.25	0	1	113216
226.45	0.25	0	1	113225
226.466	0.25	0	1	113233
226.482	0.25	1	2	113241
226.5	0.25	1	2	113250
226.516	0.25	1	2	113258
226.532	0.25	1	2	113266
226.55	0.25	0	1	113275
226.566	0.25	0	1	113283
226.582	0.25	1	2	113291
226.6	0.25	1	2	113300
226.616	0.25	0	1	113308
226.632	0.25	0	1	113316
226.65	0.25	0	1	113325
226.666	0.25	0	1	113333
226.682	0.25	0	1	113341
226.7	0.25	0	1	113350
226.716	0.25	1	2	113358
226.732	0.25	1	2	113366
226.75	0.25	0	1	113375
226.766	0.25	0	1	113383
226.782	0.25	1	2	113391
226.8	0.25	1	2	113400
226.816	0.25	0	1	113408
226.832	0.25	0	1	113416
226.85	0.25	0	1	113425
226.866	0.25	0	1	113433
226.882	0.25	1	2	113441
229.3	0.25	1	2	114650
229.316	0.25	1	2	114658
229.332	0.25	1	2	114666
229.35	0.25	1	2	114675
229.366	0.25	1	2	114683
229.382	0.25	1	2	114691
229.4	0.25	1	2	114700
229.416	0.25	1	2	114708
229.432	0.25	1	2	114716
229.45	0.25	1	2	114725
229.466	0.25	1	2	114733
229.482	0.25	1	2	114741
229.5	0.25	1	2	114750
229.516	0.25	1	2	114758
229.532	0.25	0	1	114766
229.55	0.25	0	1	114775
229.566	0.25	0	1	114783
229.582	0.25	0	1	114791
229.6	0.25	1	2	114800
229.616	0.25	1	2	114808
229.632	0.25	1	2	114816
229.65	0.25	1	2	114825
229.666	0.25	0	1	114833
229.682	0.25	0	1	114841
229.7	0.25	0	1	114850
229.716	0.25	0	1	114858
229.732	0.25	1	2	114866
229.75	0.25	1	2	114875
229.766	0.25	1	2	114883
229.782	0.25	1	2	114891
229.8	0.25	0	1	114900
229.816	0.25	0	1	114908
229.832	0.25	0	1	114916
229.85	0.25	0	1	114925
229.866	0.25	1	2	114933
229.882	0.25	1	2	114941
229.9	0.25	0	1	114950
229.916	0.25	0	1	114958
229.932	0.25	1	2	114966
229.95	0.25	1	2	114975
229.966	0.25	1	2	114983
229.982	0.25	1	2	114991
230.0	0.25	0	1	115000
230.016	0.25	0	1	115008
230.032	0.25	1	2	115016
230.05	0.25	1	2	115025
230.066	0.25	0	1	115033
230.082	0.25	0	1	115041
230.1	0.25	0	1	115050
230.116	0.25	0	1	115058
230.132	0.25	1	2	115066
230.15	0.25	1	2	115075
230.166	0.25	0	1	115083
230.182	0.25	0	1	115091
230.2	0.25	1	2	115100
230.216	0.25	1	2	115108
230.232	0.25	1	2	115116
230.25	0.25	1	2	115125
230.266	0.25	1	2	115133
230.282	0.25	1	2	115141
230.3	0.25	0	1	115150
230.316	0.25	0	1	115158
230.332	0.25	0	1	115166
230.35	0.25	0	1	115175
230.366	0.25	0	1	115183
230.382	0.25	0	1	115191
230.4	0.25	1	2	115200
230.416	0.25	1	2	115208
230.432	0.25	0	1	115216
230.45	0.25	0	1	115225
230.466	0.25	1	2	115233
230.482	0.25	1	2	115241
230.5	0.25	1	2	115250
230.516	0.25	1	2	115258
230.532	0.25	1	2	115266
230.55	0.25	1	2	115275
230.566	0.25	0	1	115283
230.582	0.25	0	1	115291
230.6	0.25	0	1	115300
230.616	0.25	0	1	115308
230.632	0.25	1	2	115316
230.65	0.25	1	2	115325
230.666	0.25	0	1	115333
230.682	0.25	0	1	115341
230.7	0.25	1	2	115350
230.716	0.25	1	2	115358
230.732	0.25	0	1	115366
230.75	0.25	0	1	115375
230.766	0.25	0	1	115383
230.782	0.25	0	1	115391
230.8	0.25	0	1	115400
230.816	0.25	0	1	115408
230.832	0.25	1	2	115416
230.85	0.25	1	2	115425
230.866	0.25	1	2	115433
230.882	0.25	1	2	115441
230.9	0.25	0	1	115450
230.916	0.25	0	1	115458
230.932	0.25	1	2	115466
230.95	0.25	1	2	115475
230.966	0.25	0	1	115483
230.982	0.25	0	1	115491
231.0	0.25	0	1	115500
231.016	0.25	0	1	115508
231.032	0.25	0	1	115516
231.05	0.25	0	1	115525
231.066	0.25	1	2	115533
231.082	0.25	1	2	115541
231.1	0.25	0	1	115550
231.116	0.25	0	1	115558
231.132	0.25	1	2	115566
231.15	0.25	1	2	115575
231.166	0.25	0	1	115583
231.182	0.25	0	1	115591
231.2	0.25	0	1	115600
231.216	0.25	0	1	115608
231.232	0.25	1	2	115616
232.716	0.25	0	1	116358
232.732	0.25	0	1	116366
232.75	0.25	0	1	116375
232.766	0.25	0	1	116383
232.782	0.25	1	2	116391
232.8	0.25	1	2	116400
232.816	0.25	1	2	116408
232.832	0.25	1	2	116416
232.85	0.25	0	1	116425
232.866	0.25	0	1	116433
232.882	0.25	0	1	116441
232.9	0.25	0	1	116450
232.916	0.25	0	1	116458
232.932	0.25	0	1	116466
232.95	0.25	0	1	116475
232.966	0.25	0	1	116483
232.982	0.25	1	2	116491
233.0	0.25	1	2	116500
233.016	0.25	1	2	116508
233.032	0.25	1	2	116516
233.05	0.25	1	2	116525
233.066	0.25	1	2	116533
233.082	0.25	1	2	116541
233.1	0.25	1	2	116550
233.116	0.25	1	2	116558
233.132	0.25	1	2	116566
233.15	0.25	0	1	116575
233.166	0.25	0	1	116583
233.182	0.25	0	1	116591
233.2	0.25	0	1	116600
233.216	0.25	0	1	116608
233.232	0.25	0	1	116616
233.25	0.25	0	1	116625
233.266	0.25	0	1	116633
233.282	0.25	0	1	116641
233.3	0.25	0	1	116650
233.316	0.25	0	1	116658
233.332	0.25	0	1	116666
233.35	0.25	1	2	116675
233.366	0.25	1	2	116683
233.382	0.25	1	2	116691
233.4	0.25	1	2	116700
233.416	0.25	0	1	116708
233.432	0.25	0	1	116716
233.45	0.25	0	1	116725
233.466	0.25	0	1	116733
233.482	0.25	1	2	116741
233.5	0.25	1	2	116750
233.516	0.25	0	1	116758
233.532	0.25	0	1	116766
233.55	0.25	1	2	116775
233.566	0.25	1	2	116783
233.582	0.25	0	1	116791
233.6	0.25	0	1	116800
233.616	0.25	1	2	116808
233.632	0.25	1	2	116816
233.65	0.25	0	1	116825
233.666	0.25	0	1	116833
233.682	0.25	1	2	116841
233.7	0.25	1	2	116850
233.716	0.25	1	2	116858
233.732	0.25	1	2	116866
233.75	0.25	0	1	116875
233.766	0.25	0	1	116883
233.782	0.25	1	2	116891
233.8	0.25	1	2	116900
233.816	0.25	0	1	116908
233.832	0.25	0	1	116916
233.85	0.25	0	1	116925
233.866	0.25	0	1	116933
233.882	0.25	0	1	116941
233.9	0.25	0	1	116950
233.916	0.25	1	2	116958
233.932	0.25	1	2	116966
233.95	0.25	0	1	116975
233.966	0.25	0	1	116983
233.982	0.25	0	1	116991
234.0	0.25	0	1	117000
234.016	0.25	0	1	117008
234.032	0.25	0	1	117016
234.05	0.25	1	2	117025
234.066	0.25	1	2	117033
234.082	0.25	1	2	117041
234.1	0.25	1	2	117050
234.116	0.25	1	2	117058
234.132	0.25	1	2	117066
234.15	0.25	0	1	117075
234.166	0.25	0	1	117083
234.182	0.25	1	2	117091
234.2	0.25	1	2	117100
234.216	0.25	0	1	117108
234.232	0.25	0	1	117116
234.25	0.25	1	2	117125
234.266	0.25	1	2	117133
234.282	0.25	1	2	117141
234.3	0.25	1	2	117150
234.316	0.25	1	2	117158
234.332	0.25	1	2	117166
234.35	0.25	1	2	117175
234.366	0.25	1	2	117183
234.382	0.25	1	2	117191
234.4	0.25	1	2	117200
234.416	0.25	0	1	117208
234.432	0.25	0	1	117216
234.45	0.25	0	1	117225
234.466	0.25	0	1	117233
234.482	0.25	1	2	117241
234.5	0.25	1	2	117250
234.516	0.25	0	1	117258
234.532	0.25	0	1	117266
234.55	0.25	0	1	117275
234.566	0.25	0	1	117283
234.582	0.25	0	1	117291
234.6	0.25	0	1	117300
234.616	0.25	1	2	117308
234.632	0.25	1	2	117316
234.65	0.25	1	2	117325
236.132	0.25	1	2	118066
236.15	0.25	1	2	118075
236.166	0.25	1	2	118083
236.182	0.25	1	2	118091
236.2	0.25	0	1	118100
236.216	0.25	0	1	118108
236.232	0.25	0	1	118116
236.25	0.25	0	1	118125
236.266	0.25	0	1	118133
236.282	0.25	0	1	118141
236.3	0.25	0	1	118150
236.316	0.25	0	1	118158
236.332	0.25	1	2	118166
236.35	0.25	1	2	118175
236.366	0.25	0	1	118183
236.382	0.25	0	1	118191
236.4	0.25	0	1	118200
236.416	0.25	0	1	118208
236.432	0.25	1	2	118216
236.45	0.25	1	2	118225
236.466	0.25	1	2	118233
236.482	0.25	1	2	118241
236.5	0.25	0	1	118250
236.516	0.25	0	1	118258
236.532	0.25	0	1	118266
236.55	0.25	0	1	118275
236.566	0.25	0	1	118283
236.582	0.25	0	1	118291
236.6	0.25	0	1	118300
236.616	0.25	0	1	118308
236.632	0.25	0	1	118316
236.65	0.25	0	1	118325
236.666	0.25	0	1	118333
236.682	0.25	0	1	118341
236.7	0.25	1	2	118350
236.716	0.25	1	2	118358
236.732	0.25	0	1	118366
236.75	0.25	0	1	118375
236.766	0.25	1	2	118383
236.782	0.25	1	2	118391
236.8	0.25	1	2	118400
236.816	0.25	1	2	118408
236.832	0.25	0	1	118416
236.85	0.25	0	1	118425
236.866	0.25	1	2	118433
236.882	0.25	1	2	118441
236.9	0.25	0	1	118450
236.916	0.25	0	1	118458
236.932	0.25	1	2	118466
236.95	0.25	1	2	118475
236.966	0.25	0	1	118483
236.982	0.25	0	1	118491
237.0	0.25	1	2	118500
237.016	0.25	1	2	118508
237.032	0.25	0	1	118516
237.05	0.25	0	1	118525
237.066	0.25	0	1	118533
237.082	0.25	0	1	118541
237.1	0.25	0	1	118550
237.116	0.25	0	1	118558
237.132	0.25	1	2	118566
237.15	0.25	1	2	118575
237.166	0.25	1	2	118583
237.182	0.25	1	2	118591
237.2	0.25	1	2	118600
237.216	0.25	1	2	118608
237.232	0.25	0	1	118616
237.25	0.25	0	1	118625
237.266	0.25	1	2	118633
237.282	0.25	1	2	118641
237.3	0.25	1	2	118650
237.316	0.25	1	2	118658
237.332	0.25	1	2	118666
237.35	0.25	1	2	118675
237.366	0.25	0	1	118683
237.382	0.25	0	1	118691
237.4	0.25	1	2	118700
237.416	0.25	1	2	118708
237.432	0.25	0	1	118716
237.45	0.25	0	1	118725
237.466	0.25	1	2	118733
237.482	0.25	1	2	118741
237.5	0.25	1	2	118750
237.516	0.25	1	2	118758
237.532	0.25	0	1	118766
237.55	0.25	0	1	118775
237.566	0.25	0	1	118783
237.582	0.25	0	1	118791
237.6	0.25	0	1	118800
237.616	0.25	0	1	118808
237.632	0.25	1	2	118816
237.65	0.25	1	2	118825
237.666	0.25	1	2	118833
237.682	0.25	1	2	118841
237.7	0.25	0	1	118850
237.716	0.25	0	1	118858
237.732	0.25	1	2	118866
237.75	0.25	1	2	118875
237.766	0.25	1	2	118883
237.782	0.25	1	2	118891
237.8	0.25	1	2	118900
237.816	0.25	1	2	118908
237.832	0.25	0	1	118916
237.85	0.25	0	1	118925
237.866	0.25	0	1	118933
237.882	0.25	0	1	118941
237.9	0.25	0	1	118950
237.916	0.25	0	1	118958
237.932	0.25	0	1	118966
237.95	0.25	0	1	118975
237.966	0.25	0	1	118983
237.982	0.25	0	1	118991
238.0	0.25	1	2	119000
238.016	0.25	1	2	119008
238.032	0.25	1	2	119016
238.05	0.25	1	2	119025
238.066	0.25	1	2	119033
239.55	0.25	1	2	119775
239.566	0.25	1	2	119783
239.582	0.25	1	2	119791
239.6	0.25	1	2	119800
239.616	0.25	0	1	119808
239.632	0.25	0	1	119816
239.65	0.25	1	2	119825
239.666	0.25	1	2	119833
239.682	0.25	1	2	119841
239.7	0.25	1	2	119850
239.716	0.25	0	1	119858
239.732	0.25	0	1	119866
239.75	0.25	1	2	119875
239.766	0.25	1	2	119883
239.782	0.25	1	2	119891
239.8	0.25	1	2	119900
239.816	0.25	0	1	119908
239.832	0.25	0	1	119916
239.85	0.25	1	2	119925
239.866	0.25	1	2	119933
239.882	0.25	1	2	119941
239.9	0.25	1	2	119950
239.916	0.25	0	1	119958
239.932	0.25	0	1	119966
239.95	0.25	0	1	119975
239.966	0.25	0	1	119983
239.982	0.25	0	1	119991
240.0	0.25	0	1	120000
240.016	0.25	1	2	120008
240.032	0.25	1	2	120016
240.05	0.25	1	2	120025
240.066	0.25	1	2	120033
240.082	0.25	1	2	120041
240.1	0.25	1	2	120050
240.116	0.25	0	1	120058
240.132	0.25	0	1	120066
240.15	0.25	0	1	120075
240.166	0.25	0	1	120083
240.182	0.25	0	1	120091
240.2	0.25	0	1	120100
240.216	0.25	1	2	120108
240.232	0.25	1	2	120116
240.25	0.25	1	2	120125
240.266	0.25	1	2	120133
240.282	0.25	1	2	120141
240.3	0.25	1	2	120150
240.316	0.25	1	2	120158
240.332	0.25	1	2	120166
240.35	0.25	1	2	120175
240.366	0.25	1	2	120183
240.382	0.25	0	1	120191
240.4	0.25	0	1	120200
240.416	0.25	0	1	120208
240.432	0.25	0	1	120216
240.45	0.25	1	2	120225
240.466	0.25	1	2	120233
240.482	0.25	0	1	120241
240.5	0.25	0	1	120250
240.516	0.25	1	2	120258
240.532	0.25	1	2	120266
240.55	0.25	0	1	120275
240.566	0.25	0	1	120283
240.582	0.25	0	1	120291
240.6	0.25	0	1	120300
240.616	0.25	1	2	120308
240.632	0.25	1	2	120316
240.65	0.25	1	2	120325
240.666	0.25	1	2	120333
240.682	0.25	0	1	120341
240.7	0.25	0	1	120350
240.716	0.25	0	1	120358
240.732	0.25	0	1	120366
240.75	0.25	0	1	120375
240.766	0.25	0	1	120383
240.782	0.25	0	1	120391
240.8	0.25	0	1	120400
240.816	0.25	1	2	120408
240.832	0.25	1	2	120416
240.85	0.25	0	1	120425
240.866	0.25	0	1	120433
240.882	0.25	0	1	120441
240.9	0.25	0	1	120450
240.916	0.25	0	1	120458
240.932	0.25	0	1	120466
240.95	0.25	0	1	120475
240.966	0.25	0	1	120483
240.982	0.25	1	2	120491
241.0	0.25	1	2	120500
241.016	0.25	1	2	120508
241.032	0.25	1	2	120516
241.05	0.25	1	2	120525
241.066	0.25	1	2	120533
241.082	0.25	1	2	120541
241.1	0.25	1	2	120550
241.116	0.25	1	2	120558
241.132	0.25	1	2	120566
241.15	0.25	1	2	120575
241.166	0.25	1	2	120583
241.182	0.25	0	1	120591
241.2	0.25	0	1	120600
241.216	0.25	1	2	120608
241.232	0.25	1	2	120616
241.25	0.25	0	1	120625
241.266	0.25	0	1	120633
241.282	0.25	1	2	120641
241.3	0.25	1	2	120650
241.316	0.25	0	1	120658
241.332	0.25	0	1	120666
241.35	0.25	0	1	120675
241.366	0.25	0	1	120683
241.382	0.25	1	2	120691
241.4	0.25	1	2	120700
241.416	0.25	1	2	120708
241.432	0.25	1	2	120716
241.45	0.25	0	1	120725
241.466	0.25	0	1	120733
241.482	0.25	0	1	120741
