onset	duration	trial_type	value	sample
26.066	0.25	1	2	13033
26.082	0.25	1	2	13041
26.1	0.25	1	2	13050
26.116	0.25	1	2	13058
26.132	0.25	0	1	13066
26.15	0.25	0	1	13075
26.166	0.25	0	1	13083
26.182	0.25	0	1	13091
26.2	0.25	0	1	13100
26.216	0.25	0	1	13108
26.232	0.25	0	1	13116
26.25	0.25	0	1	13125
26.266	0.25	1	2	13133
26.282	0.25	1	2	13141
26.3	0.25	0	1	13150
26.316	0.25	0	1	13158
26.332	0.25	0	1	13166
26.35	0.25	0	1	13175
26.366	0.25	1	2	13183
26.382	0.25	1	2	13191
26.4	0.25	1	2	13200
26.416	0.25	1	2	13208
26.432	0.25	0	1	13216
26.45	0.25	0	1	13225
26.466	0.25	0	1	13233
26.482	0.25	0	1	13241
26.5	0.25	0	1	13250
26.516	0.25	0	1	13258
26.532	0.25	0	1	13266
26.55	0.25	0	1	13275
26.566	0.25	0	1	13283
26.582	0.25	0	1	13291
26.6	0.25	0	1	13300
26.616	0.25	0	1	13308
26.632	0.25	1	2	13316
26.65	0.25	1	2	13325
26.666	0.25	0	1	13333
26.682	0.25	0	1	13341
26.7	0.25	1	2	13350
26.716	0.25	1	2	13358
26.732	0.25	1	2	13366
26.75	0.25	1	2	13375
26.766	0.25	0	1	13383
26.782	0.25	0	1	13391
26.8	0.25	1	2	13400
26.816	0.25	1	2	13408
26.832	0.25	0	1	13416
26.85	0.25	0	1	13425
26.866	0.25	1	2	13433
26.882	0.25	1	2	13441
26.9	0.25	0	1	13450
26.916	0.25	0	1	13458
26.932	0.25	1	2	13466
26.95	0.25	1	2	13475
26.966	0.25	0	1	13483
26.982	0.25	0	1	13491
27.0	0.25	0	1	13500
27.016	0.25	0	1	13508
27.032	0.25	0	1	13516
27.05	0.25	0	1	13525
27.066	0.25	1	2	13533
27.082	0.25	1	2	13541
27.1	0.25	1	2	13550
27.116	0.25	1	2	13558
27.132	0.25	1	2	13566
27.15	0.25	1	2	13575
27.166	0.25	0	1	13583
27.182	0.25	0	1	13591
27.2	0.25	1	2	13600
27.216	0.25	1	2	13608
27.232	0.25	1	2	13616
27.25	0.25	1	2	13625
27.266	0.25	1	2	13633
27.282	0.25	1	2	13641
27.3	0.25	0	1	13650
27.316	0.25	0	1	13658
27.332	0.25	1	2	13666
27.35	0.25	1	2	13675
27.366	0.25	0	1	13683
27.382	0.25	0	1	13691
27.4	0.25	1	2	13700
27.416	0.25	1	2	13708
27.432	0.25	1	2	13716
27.45	0.25	1	2	13725
27.466	0.25	0	1	13733
27.482	0.25	0	1	13741
27.5	0.25	0	1	13750
27.516	0.25	0	1	13758
27.532	0.25	0	1	13766
27.55	0.25	0	1	13775
27.566	0.25	1	2	13783
27.582	0.25	1	2	13791
27.6	0.25	1	2	13800
27.616	0.25	1	2	13808
27.632	0.25	0	1	13816
27.65	0.25	0	1	13825
27.666	0.25	1	2	13833
27.682	0.25	1	2	13841
27.7	0.25	1	2	13850
27.716	0.25	1	2	13858
27.732	0.25	1	2	13866
27.75	0.25	1	2	13875
27.766	0.25	0	1	13883
27.782	0.25	0	1	13891
27.8	0.25	0	1	13900
27.816	0.25	0	1	13908
27.832	0.25	0	1	13916
27.85	0.25	0	1	13925
27.866	0.25	0	1	13933
27.882	0.25	0	1	13941
27.9	0.25	0	1	13950
27.916	0.25	0	1	13958
27.932	0.25	1	2	13966
27.95	0.25	1	2	13975
27.966	0.25	1	2	13983
27.982	0.25	1	2	13991
28.0	0.25	1	2	14000
29.482	0.25	1	2	14741
29.5	0.25	1	2	14750
29.516	0.25	1	2	14758
29.532	0.25	1	2	14766
29.55	0.25	1	2	14775
29.566	0.25	1	2	14783
29.582	0.25	1	2	14791
29.6	0.25	1	2	14800
29.616	0.25	1	2	14808
29.632	0.25	1	2	14816
29.65	0.25	1	2	14825
29.666	0.25	1	2	14833
29.682	0.25	1	2	14841
29.7	0.25	1	2	14850
29.716	0.25	0	1	14858
29.732	0.25	0	1	14866
29.75	0.25	0	1	14875
29.766	0.25	0	1	14883
29.782	0.25	1	2	14891
29.8	0.25	1	2	14900
29.816	0.25	1	2	14908
29.832	0.25	1	2	14916
29.85	0.25	0	1	14925
29.866	0.25	0	1	14933
29.882	0.25	0	1	14941
29.9	0.25	0	1	14950
29.916	0.25	1	2	14958
29.932	0.25	1	2	14966
29.95	0.25	1	2	14975
29.966	0.25	1	2	14983
29.982	0.25	0	1	14991
30.0	0.25	0	1	15000
30.016	0.25	0	1	15008
30.032	0.25	0	1	15016
30.05	0.25	1	2	15025
30.066	0.25	1	2	15033
30.082	0.25	0	1	15041
30.1	0.25	0	1	15050
30.116	0.25	1	2	15058
30.132	0.25	1	2	15066
30.15	0.25	1	2	15075
30.166	0.25	1	2	15083
30.182	0.25	0	1	15091
30.2	0.25	0	1	15100
30.216	0.25	1	2	15108
30.232	0.25	1	2	15116
30.25	0.25	0	1	15125
30.266	0.25	0	1	15133
30.282	0.25	0	1	15141
30.3	0.25	0	1	15150
30.316	0.25	1	2	15158
30.332	0.25	1	2	15166
30.35	0.25	0	1	15175
30.366	0.25	0	1	15183
30.382	0.25	1	2	15191
30.4	0.25	1	2	15200
30.416	0.25	1	2	15208
30.432	0.25	1	2	15216
30.45	0.25	1	2	15225
30.466	0.25	1	2	15233
30.482	0.25	0	1	15241
30.5	0.25	0	1	15250
30.516	0.25	0	1	15258
30.532	0.25	0	1	15266
30.55	0.25	0	1	15275
30.566	0.25	0	1	15283
30.582	0.25	1	2	15291
30.6	0.25	1	2	15300
30.616	0.25	0	1	15308
30.632	0.25	0	1	15316
30.65	0.25	1	2	15325
30.666	0.25	1	2	15333
30.682	0.25	1	2	15341
30.7	0.25	1	2	15350
30.716	0.25	1	2	15358
30.732	0.25	1	2	15366
30.75	0.25	0	1	15375
30.766	0.25	0	1	15383
30.782	0.25	0	1	15391
30.8	0.25	0	1	15400
30.816	0.25	1	2	15408
30.832	0.25	1	2	15416
30.85	0.25	0	1	15425
30.866	0.25	0	1	15433
30.882	0.25	1	2	15441
30.9	0.25	1	2	15450
30.916	0.25	0	1	15458
30.932	0.25	0	1	15466
30.95	0.25	0	1	15475
30.966	0.25	0	1	15483
30.982	0.25	0	1	15491
31.0	0.25	0	1	15500
31.016	0.25	1	2	15508
31.032	0.25	1	2	15516
31.05	0.25	1	2	15525
31.066	0.25	1	2	15533
31.082	0.25	0	1	15541
31.1	0.25	0	1	15550
31.116	0.25	1	2	15558
31.132	0.25	1	2	15566
31.15	0.25	0	1	15575
31.166	0.25	0	1	15583
31.182	0.25	0	1	15591
31.2	0.25	0	1	15600
31.216	0.25	0	1	15608
31.232	0.25	0	1	15616
31.25	0.25	1	2	15625
31.266	0.25	1	2	15633
31.282	0.25	0	1	15641
31.3	0.25	0	1	15650
31.316	0.25	1	2	15658
31.332	0.25	1	2	15666
31.35	0.25	0	1	15675
31.366	0.25	0	1	15683
31.382	0.25	0	1	15691
31.4	0.25	0	1	15700
31.416	0.25	1	2	15708
32.9	0.25	0	1	16450
32.916	0.25	0	1	16458
32.932	0.25	0	1	16466
32.95	0.25	0	1	16475
32.966	0.25	1	2	16483
32.982	0.25	1	2	16491
33.0	0.25	1	2	16500
33.016	0.25	1	2	16508
33.032	0.25	0	1	16516
33.05	0.25	0	1	16525
33.066	0.25	0	1	16533
33.082	0.25	0	1	16541
33.1	0.25	0	1	16550
33.116	0.25	0	1	16558
33.132	0.25	0	1	16566
33.15	0.25	0	1	16575
33.166	0.25	1	2	16583
33.182	0.25	1	2	16591
33.2	0.25	1	2	16600
33.216	0.25	1	2	16608
33.232	0.25	1	2	16616
33.25	0.25	1	2	16625
33.266	0.25	1	2	16633
33.282	0.25	1	2	16641
33.3	0.25	1	2	16650
33.316	0.25	1	2	16658
33.332	0.25	0	1	16666
33.35	0.25	0	1	16675
33.366	0.25	0	1	16683
33.382	0.25	0	1	16691
33.4	0.25	0	1	16700
33.416	0.25	0	1	16708
33.432	0.25	0	1	16716
33.45	0.25	0	1	16725
33.466	0.25	0	1	16733
33.482	0.25	0	1	16741
33.5	0.25	0	1	16750
33.516	0.25	0	1	16758
33.532	0.25	1	2	16766
33.55	0.25	1	2	16775
33.566	0.25	1	2	16783
33.582	0.25	1	2	16791
33.6	0.25	0	1	16800
33.616	0.25	0	1	16808
33.632	0.25	0	1	16816
33.65	0.25	0	1	16825
33.666	0.25	1	2	16833
33.682	0.25	1	2	16841
33.7	0.25	0	1	16850
33.716	0.25	0	1	16858
33.732	0.25	1	2	16866
33.75	0.25	1	2	16875
33.766	0.25	0	1	16883
33.782	0.25	0	1	16891
33.8	0.25	1	2	16900
33.816	0.25	1	2	16908
33.832	0.25	0	1	16916
33.85	0.25	0	1	16925
33.866	0.25	1	2	16933
33.882	0.25	1	2	16941
33.9	0.25	1	2	16950
33.916	0.25	1	2	16958
33.932	0.25	0	1	16966
33.95	0.25	0	1	16975
33.966	0.25	1	2	16983
33.982	0.25	1	2	16991
34.0	0.25	0	1	17000
34.016	0.25	0	1	17008
34.032	0.25	0	1	17016
34.05	0.25	0	1	17025
34.066	0.25	0	1	17033
34.082	0.25	0	1	17041
34.1	0.25	1	2	17050
34.116	0.25	1	2	17058
34.132	0.25	0	1	17066
34.15	0.25	0	1	17075
34.166	0.25	0	1	17083
34.182	0.25	0	1	17091
34.2	0.25	0	1	17100
34.216	0.25	0	1	17108
34.232	0.25	1	2	17116
34.25	0.25	1	2	17125
34.266	0.25	1	2	17133
34.282	0.25	1	2	17141
34.3	0.25	1	2	17150
34.316	0.25	1	2	17158
34.332	0.25	0	1	17166
34.35	0.25	0	1	17175
34.366	0.25	1	2	17183
34.382	0.25	1	2	17191
34.4	0.25	0	1	17200
34.416	0.25	0	1	17208
34.432	0.25	1	2	17216
34.45	0.25	1	2	17225
34.466	0.25	1	2	17233
34.482	0.25	1	2	17241
34.5	0.25	1	2	17250
34.516	0.25	1	2	17258
34.532	0.25	1	2	17266
34.55	0.25	1	2	17275
34.566	0.25	1	2	17283
34.582	0.25	1	2	17291
34.6	0.25	0	1	17300
34.616	0.25	0	1	17308
34.632	0.25	0	1	17316
34.65	0.25	0	1	17325
34.666	0.25	1	2	17333
34.682	0.25	1	2	17341
34.7	0.25	0	1	17350
34.716	0.25	0	1	17358
34.732	0.25	0	1	17366
34.75	0.25	0	1	17375
34.766	0.25	0	1	17383
34.782	0.25	0	1	17391
34.8	0.25	1	2	17400
34.816	0.25	1	2	17408
34.832	0.25	1	2	17416
36.316	0.25	1	2	18158
36.332	0.25	1	2	18166
36.35	0.25	1	2	18175
36.366	0.25	1	2	18183
36.382	0.25	0	1	18191
36.4	0.25	0	1	18200
36.416	0.25	1	2	18208
36.432	0.25	1	2	18216
36.45	0.25	1	2	18225
36.466	0.25	1	2	18233
36.482	0.25	0	1	18241
36.5	0.25	0	1	18250
36.516	0.25	1	2	18258
36.532	0.25	1	2	18266
36.55	0.25	1	2	18275
36.566	0.25	1	2	18283
36.582	0.25	0	1	18291
36.6	0.25	0	1	18300
36.616	0.25	1	2	18308
36.632	0.25	1	2	18316
36.65	0.25	1	2	18325
36.666	0.25	1	2	18333
36.682	0.25	0	1	18341
36.7	0.25	0	1	18350
36.716	0.25	0	1	18358
36.732	0.25	0	1	18366
36.75	0.25	0	1	18375
36.766	0.25	0	1	18383
36.782	0.25	1	2	18391
36.8	0.25	1	2	18400
36.816	0.25	1	2	18408
36.832	0.25	1	2	18416
36.85	0.25	1	2	18425
36.866	0.25	1	2	18433
36.882	0.25	0	1	18441
36.9	0.25	0	1	18450
36.916	0.25	0	1	18458
36.932	0.25	0	1	18466
36.95	0.25	0	1	18475
36.966	0.25	0	1	18483
36.982	0.25	1	2	18491
37.0	0.25	1	2	18500
37.016	0.25	1	2	18508
37.032	0.25	1	2	18516
37.05	0.25	1	2	18525
37.066	0.25	1	2	18533
37.082	0.25	1	2	18541
37.1	0.25	1	2	18550
37.116	0.25	1	2	18558
37.132	0.25	1	2	18566
37.15	0.25	0	1	18575
37.166	0.25	0	1	18583
37.182	0.25	0	1	18591
37.2	0.25	0	1	18600
37.216	0.25	1	2	18608
37.232	0.25	1	2	18616
37.25	0.25	0	1	18625
37.266	0.25	0	1	18633
37.282	0.25	1	2	18641
37.3	0.25	1	2	18650
37.316	0.25	0	1	18658
37.332	0.25	0	1	18666
37.35	0.25	0	1	18675
37.366	0.25	0	1	18683
37.382	0.25	1	2	18691
37.4	0.25	1	2	18700
37.416	0.25	1	2	18708
37.432	0.25	1	2	18716
37.45	0.25	0	1	18725
37.466	0.25	0	1	18733
37.482	0.25	0	1	18741
37.5	0.25	0	1	18750
37.516	0.25	0	1	18758
37.532	0.25	0	1	18766
37.55	0.25	0	1	18775
37.566	0.25	0	1	18783
37.582	0.25	1	2	18791
37.6	0.25	1	2	18800
37.616	0.25	0	1	18808
37.632	0.25	0	1	18816
37.65	0.25	0	1	18825
37.666	0.25	0	1	18833
37.682	0.25	0	1	18841
37.7	0.25	0	1	18850
37.716	0.25	0	1	18858
37.732	0.25	0	1	18866
37.75	0.25	1	2	18875
37.766	0.25	1	2	18883
37.782	0.25	1	2	18891
37.8	0.25	1	2	18900
37.816	0.25	1	2	18908
37.832	0.25	1	2	18916
37.85	0.25	1	2	18925
37.866	0.25	1	2	18933
37.882	0.25	1	2	18941
37.9	0.25	1	2	18950
37.916	0.25	1	2	18958
37.932	0.25	1	2	18966
37.95	0.25	0	1	18975
37.966	0.25	0	1	18983
37.982	0.25	1	2	18991
38.0	0.25	1	2	19000
38.016	0.25	0	1	19008
38.032	0.25	0	1	19016
38.05	0.25	1	2	19025
38.066	0.25	1	2	19033
38.082	0.25	0	1	19041
38.1	0.25	0	1	19050
38.116	0.25	0	1	19058
38.132	0.25	0	1	19066
38.15	0.25	1	2	19075
38.166	0.25	1	2	19083
38.182	0.25	1	2	19091
38.2	0.25	1	2	19100
38.216	0.25	0	1	19108
38.232	0.25	0	1	19116
38.25	0.25	0	1	19125
40.682	0.25	1	2	20341
40.7	0.25	1	2	20350
40.716	0.25	1	2	20358
40.732	0.25	1	2	20366
40.75	0.25	1	2	20375
40.766	0.25	1	2	20383
40.782	0.25	1	2	20391
40.8	0.25	1	2	20400
40.816	0.25	1	2	20408
40.832	0.25	1	2	20416
40.85	0.25	1	2	20425
40.866	0.25	1	2	20433
40.882	0.25	1	2	20441
40.9	0.25	1	2	20450
40.916	0.25	0	1	20458
40.932	0.25	0	1	20466
40.95	0.25	0	1	20475
40.966	0.25	0	1	20483
40.982	0.25	1	2	20491
41.0	0.25	1	2	20500
41.016	0.25	1	2	20508
41.032	0.25	1	2	20516
41.05	0.25	0	1	20525
41.066	0.25	0	1	20533
41.082	0.25	0	1	20541
41.1	0.25	0	1	20550
41.116	0.25	1	2	20558
41.132	0.25	1	2	20566
41.15	0.25	1	2	20575
41.166	0.25	1	2	20583
41.182	0.25	0	1	20591
41.2	0.25	0	1	20600
41.216	0.25	0	1	20608
41.232	0.25	0	1	20616
41.25	0.25	1	2	20625
41.266	0.25	1	2	20633
41.282	0.25	0	1	20641
41.3	0.25	0	1	20650
41.316	0.25	1	2	20658
41.332	0.25	1	2	20666
41.35	0.25	1	2	20675
41.366	0.25	1	2	20683
41.382	0.25	0	1	20691
41.4	0.25	0	1	20700
41.416	0.25	1	2	20708
41.432	0.25	1	2	20716
41.45	0.25	0	1	20725
41.466	0.25	0	1	20733
41.482	0.25	0	1	20741
41.5	0.25	0	1	20750
41.516	0.25	1	2	20758
41.532	0.25	1	2	20766
41.55	0.25	0	1	20775
41.566	0.25	0	1	20783
41.582	0.25	1	2	20791
41.6	0.25	1	2	20800
41.616	0.25	1	2	20808
41.632	0.25	1	2	20816
41.65	0.25	1	2	20825
41.666	0.25	1	2	20833
41.682	0.25	0	1	20841
41.7	0.25	0	1	20850
41.716	0.25	0	1	20858
41.732	0.25	0	1	20866
41.75	0.25	0	1	20875
41.766	0.25	0	1	20883
41.782	0.25	1	2	20891
41.8	0.25	1	2	20900
41.816	0.25	0	1	20908
41.832	0.25	0	1	20916
41.85	0.25	1	2	20925
41.866	0.25	1	2	20933
41.882	0.25	1	2	20941
41.9	0.25	1	2	20950
41.916	0.25	1	2	20958
41.932	0.25	1	2	20966
41.95	0.25	0	1	20975
41.966	0.25	0	1	20983
41.982	0.25	0	1	20991
42.0	0.25	0	1	21000
42.016	0.25	1	2	21008
42.032	0.25	1	2	21016
42.05	0.25	0	1	21025
42.066	0.25	0	1	21033
42.082	0.25	1	2	21041
42.1	0.25	1	2	21050
42.116	0.25	0	1	21058
42.132	0.25	0	1	21066
42.15	0.25	0	1	21075
42.166	0.25	0	1	21083
42.182	0.25	0	1	21091
42.2	0.25	0	1	21100
42.216	0.25	1	2	21108
42.232	0.25	1	2	21116
42.25	0.25	1	2	21125
42.266	0.25	1	2	21133
42.282	0.25	0	1	21141
42.3	0.25	0	1	21150
42.316	0.25	1	2	21158
42.332	0.25	1	2	21166
42.35	0.25	0	1	21175
42.366	0.25	0	1	21183
42.382	0.25	0	1	21191
42.4	0.25	0	1	21200
42.416	0.25	0	1	21208
42.432	0.25	0	1	21216
42.45	0.25	1	2	21225
42.466	0.25	1	2	21233
42.482	0.25	0	1	21241
42.5	0.25	0	1	21250
42.516	0.25	1	2	21258
42.532	0.25	1	2	21266
42.55	0.25	0	1	21275
42.566	0.25	0	1	21283
42.582	0.25	0	1	21291
42.6	0.25	0	1	21300
42.616	0.25	1	2	21308
44.1	0.25	0	1	22050
44.116	0.25	0	1	22058
44.132	0.25	0	1	22066
44.15	0.25	0	1	22075
44.166	0.25	1	2	22083
44.182	0.25	1	2	22091
44.2	0.25	1	2	22100
44.216	0.25	1	2	22108
44.232	0.25	0	1	22116
44.25	0.25	0	1	22125
44.266	0.25	0	1	22133
44.282	0.25	0	1	22141
44.3	0.25	0	1	22150
44.316	0.25	0	1	22158
44.332	0.25	0	1	22166
44.35	0.25	0	1	22175
44.366	0.25	1	2	22183
44.382	0.25	1	2	22191
44.4	0.25	1	2	22200
44.416	0.25	1	2	22208
44.432	0.25	1	2	22216
44.45	0.25	1	2	22225
44.466	0.25	1	2	22233
44.482	0.25	1	2	22241
44.5	0.25	1	2	22250
44.516	0.25	1	2	22258
44.532	0.25	0	1	22266
44.55	0.25	0	1	22275
44.566	0.25	0	1	22283
44.582	0.25	0	1	22291
44.6	0.25	0	1	22300
44.616	0.25	0	1	22308
44.632	0.25	0	1	22316
44.65	0.25	0	1	22325
44.666	0.25	0	1	22333
44.682	0.25	0	1	22341
44.7	0.25	0	1	22350
44.716	0.25	0	1	22358
44.732	0.25	1	2	22366
44.75	0.25	1	2	22375
44.766	0.25	1	2	22383
44.782	0.25	1	2	22391
44.8	0.25	0	1	22400
44.816	0.25	0	1	22408
44.832	0.25	0	1	22416
44.85	0.25	0	1	22425
44.866	0.25	1	2	22433
44.882	0.25	1	2	22441
44.9	0.25	0	1	22450
44.916	0.25	0	1	22458
44.932	0.25	1	2	22466
44.95	0.25	1	2	22475
44.966	0.25	0	1	22483
44.982	0.25	0	1	22491
45.0	0.25	1	2	22500
45.016	0.25	1	2	22508
45.032	0.25	0	1	22516
45.05	0.25	0	1	22525
45.066	0.25	1	2	22533
45.082	0.25	1	2	22541
45.1	0.25	1	2	22550
45.116	0.25	1	2	22558
45.132	0.25	0	1	22566
45.15	0.25	0	1	22575
45.166	0.25	1	2	22583
45.182	0.25	1	2	22591
45.2	0.25	0	1	22600
45.216	0.25	0	1	22608
45.232	0.25	0	1	22616
45.25	0.25	0	1	22625
45.266	0.25	0	1	22633
45.282	0.25	0	1	22641
45.3	0.25	1	2	22650
45.316	0.25	1	2	22658
45.332	0.25	0	1	22666
45.35	0.25	0	1	22675
45.366	0.25	0	1	22683
45.382	0.25	0	1	22691
45.4	0.25	0	1	22700
45.416	0.25	0	1	22708
45.432	0.25	1	2	22716
45.45	0.25	1	2	22725
45.466	0.25	1	2	22733
45.482	0.25	1	2	22741
45.5	0.25	1	2	22750
45.516	0.25	1	2	22758
45.532	0.25	0	1	22766
45.55	0.25	0	1	22775
45.566	0.25	1	2	22783
45.582	0.25	1	2	22791
45.6	0.25	0	1	22800
45.616	0.25	0	1	22808
45.632	0.25	1	2	22816
45.65	0.25	1	2	22825
45.666	0.25	1	2	22833
45.682	0.25	1	2	22841
45.7	0.25	1	2	22850
45.716	0.25	1	2	22858
45.732	0.25	1	2	22866
45.75	0.25	1	2	22875
45.766	0.25	1	2	22883
45.782	0.25	1	2	22891
45.8	0.25	0	1	22900
45.816	0.25	0	1	22908
45.832	0.25	0	1	22916
45.85	0.25	0	1	22925
45.866	0.25	1	2	22933
45.882	0.25	1	2	22941
45.9	0.25	0	1	22950
45.916	0.25	0	1	22958
45.932	0.25	0	1	22966
45.95	0.25	0	1	22975
45.966	0.25	0	1	22983
45.982	0.25	0	1	22991
46.0	0.25	1	2	23000
46.016	0.25	1	2	23008
46.032	0.25	1	2	23016
47.516	0.25	1	2	23758
47.532	0.25	1	2	23766
47.55	0.25	1	2	23775
47.566	0.25	1	2	23783
47.582	0.25	0	1	23791
47.6	0.25	0	1	23800
47.616	0.25	1	2	23808
47.632	0.25	1	2	23816
47.65	0.25	1	2	23825
47.666	0.25	1	2	23833
47.682	0.25	0	1	23841
47.7	0.25	0	1	23850
47.716	0.25	1	2	23858
47.732	0.25	1	2	23866
47.75	0.25	1	2	23875
47.766	0.25	1	2	23883
47.782	0.25	0	1	23891
47.8	0.25	0	1	23900
47.816	0.25	1	2	23908
47.832	0.25	1	2	23916
47.85	0.25	1	2	23925
47.866	0.25	1	2	23933
47.882	0.25	0	1	23941
47.9	0.25	0	1	23950
47.916	0.25	0	1	23958
47.932	0.25	0	1	23966
47.95	0.25	0	1	23975
47.966	0.25	0	1	23983
47.982	0.25	1	2	23991
48.0	0.25	1	2	24000
48.016	0.25	1	2	24008
48.032	0.25	1	2	24016
48.05	0.25	1	2	24025
48.066	0.25	1	2	24033
48.082	0.25	0	1	24041
48.1	0.25	0	1	24050
48.116	0.25	0	1	24058
48.132	0.25	0	1	24066
48.15	0.25	0	1	24075
48.166	0.25	0	1	24083
48.182	0.25	1	2	24091
48.2	0.25	1	2	24100
48.216	0.25	1	2	24108
48.232	0.25	1	2	24116
48.25	0.25	1	2	24125
48.266	0.25	1	2	24133
48.282	0.25	1	2	24141
48.3	0.25	1	2	24150
48.316	0.25	1	2	24158
48.332	0.25	1	2	24166
48.35	0.25	0	1	24175
48.366	0.25	0	1	24183
48.382	0.25	0	1	24191
48.4	0.25	0	1	24200
48.416	0.25	1	2	24208
48.432	0.25	1	2	24216
48.45	0.25	0	1	24225
48.466	0.25	0	1	24233
48.482	0.25	1	2	24241
48.5	0.25	1	2	24250
48.516	0.25	0	1	24258
48.532	0.25	0	1	24266
48.55	0.25	0	1	24275
48.566	0.25	0	1	24283
48.582	0.25	1	2	24291
48.6	0.25	1	2	24300
48.616	0.25	1	2	24308
48.632	0.25	1	2	24316
48.65	0.25	0	1	24325
48.666	0.25	0	1	24333
48.682	0.25	0	1	24341
48.7	0.25	0	1	24350
48.716	0.25	0	1	24358
48.732	0.25	0	1	24366
48.75	0.25	0	1	24375
48.766	0.25	0	1	24383
48.782	0.25	1	2	24391
48.8	0.25	1	2	24400
48.816	0.25	0	1	24408
48.832	0.25	0	1	24416
48.85	0.25	0	1	24425
48.866	0.25	0	1	24433
48.882	0.25	0	1	24441
48.9	0.25	0	1	24450
48.916	0.25	0	1	24458
48.932	0.25	0	1	24466
48.95	0.25	1	2	24475
48.966	0.25	1	2	24483
48.982	0.25	1	2	24491
49.0	0.25	1	2	24500
49.016	0.25	1	2	24508
49.032	0.25	1	2	24516
49.05	0.25	1	2	24525
49.066	0.25	1	2	24533
49.082	0.25	1	2	24541
49.1	0.25	1	2	24550
49.116	0.25	1	2	24558
49.132	0.25	1	2	24566
49.15	0.25	0	1	24575
49.166	0.25	0	1	24583
49.182	0.25	1	2	24591
49.2	0.25	1	2	24600
49.216	0.25	0	1	24608
49.232	0.25	0	1	24616
49.25	0.25	1	2	24625
49.266	0.25	1	2	24633
49.282	0.25	0	1	24641
49.3	0.25	0	1	24650
49.316	0.25	0	1	24658
49.332	0.25	0	1	24666
49.35	0.25	1	2	24675
49.366	0.25	1	2	24683
49.382	0.25	1	2	24691
49.4	0.25	1	2	24700
49.416	0.25	0	1	24708
49.432	0.25	0	1	24716
49.45	0.25	0	1	24725
50.932	0.25	1	2	25466
50.95	0.25	1	2	25475
50.966	0.25	1	2	25483
50.982	0.25	1	2	25491
51.0	0.25	0	1	25500
51.016	0.25	0	1	25508
51.032	0.25	0	1	25516
51.05	0.25	0	1	25525
51.066	0.25	0	1	25533
51.082	0.25	0	1	25541
51.1	0.25	0	1	25550
51.116	0.25	0	1	25558
51.132	0.25	1	2	25566
51.15	0.25	1	2	25575
51.166	0.25	0	1	25583
51.182	0.25	0	1	25591
51.2	0.25	0	1	25600
51.216	0.25	0	1	25608
51.232	0.25	1	2	25616
51.25	0.25	1	2	25625
51.266	0.25	1	2	25633
51.282	0.25	1	2	25641
51.3	0.25	0	1	25650
51.316	0.25	0	1	25658
51.332	0.25	0	1	25666
51.35	0.25	0	1	25675
51.366	0.25	0	1	25683
51.382	0.25	0	1	25691
51.4	0.25	0	1	25700
51.416	0.25	0	1	25708
51.432	0.25	0	1	25716
51.45	0.25	0	1	25725
51.466	0.25	0	1	25733
51.482	0.25	0	1	25741
51.5	0.25	1	2	25750
51.516	0.25	1	2	25758
51.532	0.25	0	1	25766
51.55	0.25	0	1	25775
51.566	0.25	1	2	25783
51.582	0.25	1	2	25791
51.6	0.25	1	2	25800
51.616	0.25	1	2	25808
51.632	0.25	0	1	25816
51.65	0.25	0	1	25825
51.666	0.25	1	2	25833
51.682	0.25	1	2	25841
51.7	0.25	0	1	25850
51.716	0.25	0	1	25858
51.732	0.25	1	2	25866
51.75	0.25	1	2	25875
51.766	0.25	0	1	25883
51.782	0.25	0	1	25891
51.8	0.25	1	2	25900
51.816	0.25	1	2	25908
51.832	0.25	0	1	25916
51.85	0.25	0	1	25925
51.866	0.25	0	1	25933
51.882	0.25	0	1	25941
51.9	0.25	0	1	25950
51.916	0.25	0	1	25958
51.932	0.25	1	2	25966
51.95	0.25	1	2	25975
51.966	0.25	1	2	25983
51.982	0.25	1	2	25991
52.0	0.25	1	2	26000
52.016	0.25	1	2	26008
52.032	0.25	0	1	26016
52.05	0.25	0	1	26025
52.066	0.25	1	2	26033
52.082	0.25	1	2	26041
52.1	0.25	1	2	26050
52.116	0.25	1	2	26058
52.132	0.25	1	2	26066
52.15	0.25	1	2	26075
52.166	0.25	0	1	26083
52.182	0.25	0	1	26091
52.2	0.25	1	2	26100
52.216	0.25	1	2	26108
52.232	0.25	0	1	26116
52.25	0.25	0	1	26125
52.266	0.25	1	2	26133
52.282	0.25	1	2	26141
52.3	0.25	1	2	26150
52.316	0.25	1	2	26158
52.332	0.25	0	1	26166
52.35	0.25	0	1	26175
52.366	0.25	0	1	26183
52.382	0.25	0	1	26191
52.4	0.25	0	1	26200
52.416	0.25	0	1	26208
52.432	0.25	1	2	26216
52.45	0.25	1	2	26225
52.466	0.25	1	2	26233
52.482	0.25	1	2	26241
52.5	0.25	0	1	26250
52.516	0.25	0	1	26258
52.532	0.25	1	2	26266
52.55	0.25	1	2	26275
52.566	0.25	1	2	26283
52.582	0.25	1	2	26291
52.6	0.25	1	2	26300
52.616	0.25	1	2	26308
52.632	0.25	0	1	26316
52.65	0.25	0	1	26325
52.666	0.25	0	1	26333
52.682	0.25	0	1	26341
52.7	0.25	0	1	26350
52.716	0.25	0	1	26358
52.732	0.25	0	1	26366
52.75	0.25	0	1	26375
52.766	0.25	0	1	26383
52.782	0.25	0	1	26391
52.8	0.25	1	2	26400
52.816	0.25	1	2	26408
52.832	0.25	1	2	26416
52.85	0.25	1	2	26425
52.866	0.25	1	2	26433
55.15	0.25	1	2	27575
55.166	0.25	1	2	27583
55.182	0.25	1	2	27591
55.2	0.25	1	2	27600
55.216	0.25	1	2	27608
55.232	0.25	1	2	27616
55.25	0.25	1	2	27625
55.266	0.25	1	2	27633
55.282	0.25	1	2	27641
55.3	0.25	1	2	27650
55.316	0.25	1	2	27658
55.332	0.25	1	2	27666
55.35	0.25	1	2	27675
55.366	0.25	1	2	27683
55.382	0.25	0	1	27691
55.4	0.25	0	1	27700
55.416	0.25	0	1	27708
55.432	0.25	0	1	27716
55.45	0.25	1	2	27725
55.466	0.25	1	2	27733
55.482	0.25	1	2	27741
55.5	0.25	1	2	27750
55.516	0.25	0	1	27758
55.532	0.25	0	1	27766
55.55	0.25	0	1	27775
55.566	0.25	0	1	27783
55.582	0.25	1	2	27791
55.6	0.25	1	2	27800
55.616	0.25	1	2	27808
55.632	0.25	1	2	27816
55.65	0.25	0	1	27825
55.666	0.25	0	1	27833
55.682	0.25	0	1	27841
55.7	0.25	0	1	27850
55.716	0.25	1	2	27858
55.732	0.25	1	2	27866
55.75	0.25	0	1	27875
55.766	0.25	0	1	27883
55.782	0.25	1	2	27891
55.8	0.25	1	2	27900
55.816	0.25	1	2	27908
55.832	0.25	1	2	27916
55.85	0.25	0	1	27925
55.866	0.25	0	1	27933
55.882	0.25	1	2	27941
55.9	0.25	1	2	27950
55.916	0.25	0	1	27958
55.932	0.25	0	1	27966
55.95	0.25	0	1	27975
55.966	0.25	0	1	27983
55.982	0.25	1	2	27991
56.0	0.25	1	2	28000
56.016	0.25	0	1	28008
56.032	0.25	0	1	28016
56.05	0.25	1	2	28025
56.066	0.25	1	2	28033
56.082	0.25	1	2	28041
56.1	0.25	1	2	28050
56.116	0.25	1	2	28058
56.132	0.25	1	2	28066
56.15	0.25	0	1	28075
56.166	0.25	0	1	28083
56.182	0.25	0	1	28091
56.2	0.25	0	1	28100
56.216	0.25	0	1	28108
56.232	0.25	0	1	28116
56.25	0.25	1	2	28125
56.266	0.25	1	2	28133
56.282	0.25	0	1	28141
56.3	0.25	0	1	28150
56.316	0.25	1	2	28158
56.332	0.25	1	2	28166
56.35	0.25	1	2	28175
56.366	0.25	1	2	28183
56.382	0.25	1	2	28191
56.4	0.25	1	2	28200
56.416	0.25	0	1	28208
56.432	0.25	0	1	28216
56.45	0.25	0	1	28225
56.466	0.25	0	1	28233
56.482	0.25	1	2	28241
56.5	0.25	1	2	28250
56.516	0.25	0	1	28258
56.532	0.25	0	1	28266
56.55	0.25	1	2	28275
56.566	0.25	1	2	28283
56.582	0.25	0	1	28291
56.6	0.25	0	1	28300
56.616	0.25	0	1	28308
56.632	0.25	0	1	28316
56.65	0.25	0	1	28325
56.666	0.25	0	1	28333
56.682	0.25	1	2	28341
56.7	0.25	1	2	28350
56.716	0.25	1	2	28358
56.732	0.25	1	2	28366
56.75	0.25	0	1	28375
56.766	0.25	0	1	28383
56.782	0.25	1	2	28391
56.8	0.25	1	2	28400
56.816	0.25	0	1	28408
56.832	0.25	0	1	28416
56.85	0.25	0	1	28425
56.866	0.25	0	1	28433
56.882	0.25	0	1	28441
56.9	0.25	0	1	28450
56.916	0.25	1	2	28458
56.932	0.25	1	2	28466
56.95	0.25	0	1	28475
56.966	0.25	0	1	28483
56.982	0.25	1	2	28491
57.0	0.25	1	2	28500
57.016	0.25	0	1	28508
57.032	0.25	0	1	28516
57.05	0.25	0	1	28525
57.066	0.25	0	1	28533
57.082	0.25	1	2	28541
58.566	0.25	0	1	29283
58.582	0.25	0	1	29291
58.6	0.25	0	1	29300
58.616	0.25	0	1	29308
58.632	0.25	1	2	29316
58.65	0.25	1	2	29325
58.666	0.25	1	2	29333
58.682	0.25	1	2	29341
58.7	0.25	0	1	29350
58.716	0.25	0	1	29358
58.732	0.25	0	1	29366
58.75	0.25	0	1	29375
58.766	0.25	0	1	29383
58.782	0.25	0	1	29391
58.8	0.25	0	1	29400
58.816	0.25	0	1	29408
58.832	0.25	1	2	29416
58.85	0.25	1	2	29425
58.866	0.25	1	2	29433
58.882	0.25	1	2	29441
58.9	0.25	1	2	29450
58.916	0.25	1	2	29458
58.932	0.25	1	2	29466
58.95	0.25	1	2	29475
58.966	0.25	1	2	29483
58.982	0.25	1	2	29491
59.0	0.25	0	1	29500
59.016	0.25	0	1	29508
59.032	0.25	0	1	29516
59.05	0.25	0	1	29525
59.066	0.25	0	1	29533
59.082	0.25	0	1	29541
59.1	0.25	0	1	29550
59.116	0.25	0	1	29558
59.132	0.25	0	1	29566
59.15	0.25	0	1	29575
59.166	0.25	0	1	29583
59.182	0.25	0	1	29591
59.2	0.25	1	2	29600
59.216	0.25	1	2	29608
59.232	0.25	1	2	29616
59.25	0.25	1	2	29625
59.266	0.25	0	1	29633
59.282	0.25	0	1	29641
59.3	0.25	0	1	29650
59.316	0.25	0	1	29658
59.332	0.25	1	2	29666
59.35	0.25	1	2	29675
59.366	0.25	0	1	29683
59.382	0.25	0	1	29691
59.4	0.25	1	2	29700
59.416	0.25	1	2	29708
59.432	0.25	0	1	29716
59.45	0.25	0	1	29725
59.466	0.25	1	2	29733
59.482	0.25	1	2	29741
59.5	0.25	0	1	29750
59.516	0.25	0	1	29758
59.532	0.25	1	2	29766
59.55	0.25	1	2	29775
59.566	0.25	1	2	29783
59.582	0.25	1	2	29791
59.6	0.25	0	1	29800
59.616	0.25	0	1	29808
59.632	0.25	1	2	29816
59.65	0.25	1	2	29825
59.666	0.25	0	1	29833
59.682	0.25	0	1	29841
59.7	0.25	0	1	29850
59.716	0.25	0	1	29858
59.732	0.25	0	1	29866
59.75	0.25	0	1	29875
59.766	0.25	1	2	29883
59.782	0.25	1	2	29891
59.8	0.25	0	1	29900
59.816	0.25	0	1	29908
59.832	0.25	0	1	29916
59.85	0.25	0	1	29925
59.866	0.25	0	1	29933
59.882	0.25	0	1	29941
59.9	0.25	1	2	29950
59.916	0.25	1	2	29958
59.932	0.25	1	2	29966
59.95	0.25	1	2	29975
59.966	0.25	1	2	29983
59.982	0.25	1	2	29991
60.0	0.25	0	1	30000
60.016	0.25	0	1	30008
60.032	0.25	1	2	30016
60.05	0.25	1	2	30025
60.066	0.25	0	1	30033
60.082	0.25	0	1	30041
60.1	0.25	1	2	30050
60.116	0.25	1	2	30058
60.132	0.25	1	2	30066
60.15	0.25	1	2	30075
60.166	0.25	1	2	30083
60.182	0.25	1	2	30091
60.2	0.25	1	2	30100
60.216	0.25	1	2	30108
60.232	0.25	1	2	30116
60.25	0.25	1	2	30125
60.266	0.25	0	1	30133
60.282	0.25	0	1	30141
60.3	0.25	0	1	30150
60.316	0.25	0	1	30158
60.332	0.25	1	2	30166
60.35	0.25	1	2	30175
60.366	0.25	0	1	30183
60.382	0.25	0	1	30191
60.4	0.25	0	1	30200
60.416	0.25	0	1	30208
60.432	0.25	0	1	30216
60.45	0.25	0	1	30225
60.466	0.25	1	2	30233
60.482	0.25	1	2	30241
60.5	0.25	1	2	30250
61.982	0.25	1	2	30991
62.0	0.25	1	2	31000
62.016	0.25	1	2	31008
62.032	0.25	1	2	31016
62.05	0.25	0	1	31025
62.066	0.25	0	1	31033
62.082	0.25	1	2	31041
62.1	0.25	1	2	31050
62.116	0.25	1	2	31058
62.132	0.25	1	2	31066
62.15	0.25	0	1	31075
62.166	0.25	0	1	31083
62.182	0.25	1	2	31091
62.2	0.25	1	2	31100
62.216	0.25	1	2	31108
62.232	0.25	1	2	31116
62.25	0.25	0	1	31125
62.266	0.25	0	1	31133
62.282	0.25	1	2	31141
62.3	0.25	1	2	31150
62.316	0.25	1	2	31158
62.332	0.25	1	2	31166
62.35	0.25	0	1	31175
62.366	0.25	0	1	31183
62.382	0.25	0	1	31191
62.4	0.25	0	1	31200
62.416	0.25	0	1	31208
62.432	0.25	0	1	31216
62.45	0.25	1	2	31225
62.466	0.25	1	2	31233
62.482	0.25	1	2	31241
62.5	0.25	1	2	31250
62.516	0.25	1	2	31258
62.532	0.25	1	2	31266
62.55	0.25	0	1	31275
62.566	0.25	0	1	31283
62.582	0.25	0	1	31291
62.6	0.25	0	1	31300
62.616	0.25	0	1	31308
62.632	0.25	0	1	31316
62.65	0.25	1	2	31325
62.666	0.25	1	2	31333
62.682	0.25	1	2	31341
62.7	0.25	1	2	31350
62.716	0.25	1	2	31358
62.732	0.25	1	2	31366
62.75	0.25	1	2	31375
62.766	0.25	1	2	31383
62.782	0.25	1	2	31391
62.8	0.25	1	2	31400
62.816	0.25	0	1	31408
62.832	0.25	0	1	31416
62.85	0.25	0	1	31425
62.866	0.25	0	1	31433
62.882	0.25	1	2	31441
62.9	0.25	1	2	31450
62.916	0.25	0	1	31458
62.932	0.25	0	1	31466
62.95	0.25	1	2	31475
62.966	0.25	1	2	31483
62.982	0.25	0	1	31491
63.0	0.25	0	1	31500
63.016	0.25	0	1	31508
63.032	0.25	0	1	31516
63.05	0.25	1	2	31525
63.066	0.25	1	2	31533
63.082	0.25	1	2	31541
63.1	0.25	1	2	31550
63.116	0.25	0	1	31558
63.132	0.25	0	1	31566
63.15	0.25	0	1	31575
63.166	0.25	0	1	31583
63.182	0.25	0	1	31591
63.2	0.25	0	1	31600
63.216	0.25	0	1	31608
63.232	0.25	0	1	31616
63.25	0.25	1	2	31625
63.266	0.25	1	2	31633
63.282	0.25	0	1	31641
63.3	0.25	0	1	31650
63.316	0.25	0	1	31658
63.332	0.25	0	1	31666
63.35	0.25	0	1	31675
63.366	0.25	0	1	31683
63.382	0.25	0	1	31691
63.4	0.25	0	1	31700
63.416	0.25	1	2	31708
63.432	0.25	1	2	31716
63.45	0.25	1	2	31725
63.466	0.25	1	2	31733
63.482	0.25	1	2	31741
63.5	0.25	1	2	31750
63.516	0.25	1	2	31758
63.532	0.25	1	2	31766
63.55	0.25	1	2	31775
63.566	0.25	1	2	31783
63.582	0.25	1	2	31791
63.6	0.25	1	2	31800
63.616	0.25	0	1	31808
63.632	0.25	0	1	31816
63.65	0.25	1	2	31825
63.666	0.25	1	2	31833
63.682	0.25	0	1	31841
63.7	0.25	0	1	31850
63.716	0.25	1	2	31858
63.732	0.25	1	2	31866
63.75	0.25	0	1	31875
63.766	0.25	0	1	31883
63.782	0.25	0	1	31891
63.8	0.25	0	1	31900
63.816	0.25	1	2	31908
63.832	0.25	1	2	31916
63.85	0.25	1	2	31925
63.866	0.25	1	2	31933
63.882	0.25	0	1	31941
63.9	0.25	0	1	31950
63.916	0.25	0	1	31958
65.4	0.25	1	2	32700
65.416	0.25	1	2	32708
65.432	0.25	1	2	32716
65.45	0.25	1	2	32725
65.466	0.25	0	1	32733
65.482	0.25	0	1	32741
65.5	0.25	0	1	32750
65.516	0.25	0	1	32758
65.532	0.25	0	1	32766
65.55	0.25	0	1	32775
65.566	0.25	0	1	32783
65.582	0.25	0	1	32791
65.6	0.25	1	2	32800
65.616	0.25	1	2	32808
65.632	0.25	0	1	32816
65.65	0.25	0	1	32825
65.666	0.25	0	1	32833
65.682	0.25	0	1	32841
65.7	0.25	1	2	32850
65.716	0.25	1	2	32858
65.732	0.25	1	2	32866
65.75	0.25	1	2	32875
65.766	0.25	0	1	32883
65.782	0.25	0	1	32891
65.8	0.25	0	1	32900
65.816	0.25	0	1	32908
65.832	0.25	0	1	32916
65.85	0.25	0	1	32925
65.866	0.25	0	1	32933
65.882	0.25	0	1	32941
65.9	0.25	0	1	32950
65.916	0.25	0	1	32958
65.932	0.25	0	1	32966
65.95	0.25	0	1	32975
65.966	0.25	1	2	32983
65.982	0.25	1	2	32991
66.0	0.25	0	1	33000
66.016	0.25	0	1	33008
66.032	0.25	1	2	33016
66.05	0.25	1	2	33025
66.066	0.25	1	2	33033
66.082	0.25	1	2	33041
66.1	0.25	0	1	33050
66.116	0.25	0	1	33058
66.132	0.25	1	2	33066
66.15	0.25	1	2	33075
66.166	0.25	0	1	33083
66.182	0.25	0	1	33091
66.2	0.25	1	2	33100
66.216	0.25	1	2	33108
66.232	0.25	0	1	33116
66.25	0.25	0	1	33125
66.266	0.25	1	2	33133
66.282	0.25	1	2	33141
66.3	0.25	0	1	33150
66.316	0.25	0	1	33158
66.332	0.25	0	1	33166
66.35	0.25	0	1	33175
66.366	0.25	0	1	33183
66.382	0.25	0	1	33191
66.4	0.25	1	2	33200
66.416	0.25	1	2	33208
66.432	0.25	1	2	33216
66.45	0.25	1	2	33225
66.466	0.25	1	2	33233
66.482	0.25	1	2	33241
66.5	0.25	0	1	33250
66.516	0.25	0	1	33258
66.532	0.25	1	2	33266
66.55	0.25	1	2	33275
66.566	0.25	1	2	33283
66.582	0.25	1	2	33291
66.6	0.25	1	2	33300
66.616	0.25	1	2	33308
66.632	0.25	0	1	33316
66.65	0.25	0	1	33325
66.666	0.25	1	2	33333
66.682	0.25	1	2	33341
66.7	0.25	0	1	33350
66.716	0.25	0	1	33358
66.732	0.25	1	2	33366
66.75	0.25	1	2	33375
66.766	0.25	1	2	33383
66.782	0.25	1	2	33391
66.8	0.25	0	1	33400
66.816	0.25	0	1	33408
66.832	0.25	0	1	33416
66.85	0.25	0	1	33425
66.866	0.25	0	1	33433
66.882	0.25	0	1	33441
66.9	0.25	1	2	33450
66.916	0.25	1	2	33458
66.932	0.25	1	2	33466
66.95	0.25	1	2	33475
66.966	0.25	0	1	33483
66.982	0.25	0	1	33491
67.0	0.25	1	2	33500
67.016	0.25	1	2	33508
67.032	0.25	1	2	33516
67.05	0.25	1	2	33525
67.066	0.25	1	2	33533
67.082	0.25	1	2	33541
67.1	0.25	0	1	33550
67.116	0.25	0	1	33558
67.132	0.25	0	1	33566
67.15	0.25	0	1	33575
67.166	0.25	0	1	33583
67.182	0.25	0	1	33591
67.2	0.25	0	1	33600
67.216	0.25	0	1	33608
67.232	0.25	0	1	33616
67.25	0.25	0	1	33625
67.266	0.25	1	2	33633
67.282	0.25	1	2	33641
67.3	0.25	1	2	33650
67.316	0.25	1	2	33658
67.332	0.25	1	2	33666
69.55	0.25	0	1	34775
69.566	0.25	0	1	34783
69.582	0.25	0	1	34791
69.6	0.25	0	1	34800
69.616	0.25	1	2	34808
69.632	0.25	1	2	34816
69.65	0.25	1	2	34825
69.666	0.25	1	2	34833
69.682	0.25	0	1	34841
69.7	0.25	0	1	34850
69.716	0.25	0	1	34858
69.732	0.25	0	1	34866
69.75	0.25	0	1	34875
69.766	0.25	0	1	34883
69.782	0.25	0	1	34891
69.8	0.25	0	1	34900
69.816	0.25	1	2	34908
69.832	0.25	1	2	34916
69.85	0.25	1	2	34925
69.866	0.25	1	2	34933
69.882	0.25	1	2	34941
69.9	0.25	1	2	34950
69.916	0.25	1	2	34958
69.932	0.25	1	2	34966
69.95	0.25	1	2	34975
69.966	0.25	1	2	34983
69.982	0.25	0	1	34991
70.0	0.25	0	1	35000
70.016	0.25	0	1	35008
70.032	0.25	0	1	35016
70.05	0.25	0	1	35025
70.066	0.25	0	1	35033
70.082	0.25	0	1	35041
70.1	0.25	0	1	35050
70.116	0.25	0	1	35058
70.132	0.25	0	1	35066
70.15	0.25	0	1	35075
70.166	0.25	0	1	35083
70.182	0.25	1	2	35091
70.2	0.25	1	2	35100
70.216	0.25	1	2	35108
70.232	0.25	1	2	35116
70.25	0.25	0	1	35125
70.266	0.25	0	1	35133
70.282	0.25	0	1	35141
70.3	0.25	0	1	35150
70.316	0.25	1	2	35158
70.332	0.25	1	2	35166
70.35	0.25	0	1	35175
70.366	0.25	0	1	35183
70.382	0.25	1	2	35191
70.4	0.25	1	2	35200
70.416	0.25	0	1	35208
70.432	0.25	0	1	35216
70.45	0.25	1	2	35225
70.466	0.25	1	2	35233
70.482	0.25	0	1	35241
70.5	0.25	0	1	35250
70.516	0.25	1	2	35258
70.532	0.25	1	2	35266
70.55	0.25	1	2	35275
70.566	0.25	1	2	35283
70.582	0.25	0	1	35291
70.6	0.25	0	1	35300
70.616	0.25	1	2	35308
70.632	0.25	1	2	35316
70.65	0.25	0	1	35325
70.666	0.25	0	1	35333
70.682	0.25	0	1	35341
70.7	0.25	0	1	35350
70.716	0.25	0	1	35358
70.732	0.25	0	1	35366
70.75	0.25	1	2	35375
70.766	0.25	1	2	35383
70.782	0.25	0	1	35391
70.8	0.25	0	1	35400
70.816	0.25	0	1	35408
70.832	0.25	0	1	35416
70.85	0.25	0	1	35425
70.866	0.25	0	1	35433
70.882	0.25	1	2	35441
70.9	0.25	1	2	35450
70.916	0.25	1	2	35458
70.932	0.25	1	2	35466
70.95	0.25	1	2	35475
70.966	0.25	1	2	35483
70.982	0.25	0	1	35491
71.0	0.25	0	1	35500
71.016	0.25	1	2	35508
71.032	0.25	1	2	35516
71.05	0.25	0	1	35525
71.066	0.25	0	1	35533
71.082	0.25	1	2	35541
71.1	0.25	1	2	35550
71.116	0.25	1	2	35558
71.132	0.25	1	2	35566
71.15	0.25	1	2	35575
71.166	0.25	1	2	35583
71.182	0.25	1	2	35591
71.2	0.25	1	2	35600
71.216	0.25	1	2	35608
71.232	0.25	1	2	35616
71.25	0.25	0	1	35625
71.266	0.25	0	1	35633
71.282	0.25	0	1	35641
71.3	0.25	0	1	35650
71.316	0.25	1	2	35658
71.332	0.25	1	2	35666
71.35	0.25	0	1	35675
71.366	0.25	0	1	35683
71.382	0.25	0	1	35691
71.4	0.25	0	1	35700
71.416	0.25	0	1	35708
71.432	0.25	0	1	35716
71.45	0.25	1	2	35725
71.466	0.25	1	2	35733
71.482	0.25	1	2	35741
72.966	0.25	1	2	36483
72.982	0.25	1	2	36491
73.0	0.25	1	2	36500
73.016	0.25	1	2	36508
73.032	0.25	0	1	36516
73.05	0.25	0	1	36525
73.066	0.25	1	2	36533
73.082	0.25	1	2	36541
73.1	0.25	1	2	36550
73.116	0.25	1	2	36558
73.132	0.25	0	1	36566
73.15	0.25	0	1	36575
73.166	0.25	1	2	36583
73.182	0.25	1	2	36591
73.2	0.25	1	2	36600
73.216	0.25	1	2	36608
73.232	0.25	0	1	36616
73.25	0.25	0	1	36625
73.266	0.25	1	2	36633
73.282	0.25	1	2	36641
73.3	0.25	1	2	36650
73.316	0.25	1	2	36658
73.332	0.25	0	1	36666
73.35	0.25	0	1	36675
73.366	0.25	0	1	36683
73.382	0.25	0	1	36691
73.4	0.25	0	1	36700
73.416	0.25	0	1	36708
73.432	0.25	1	2	36716
73.45	0.25	1	2	36725
73.466	0.25	1	2	36733
73.482	0.25	1	2	36741
73.5	0.25	1	2	36750
73.516	0.25	1	2	36758
73.532	0.25	0	1	36766
73.55	0.25	0	1	36775
73.566	0.25	0	1	36783
73.582	0.25	0	1	36791
73.6	0.25	0	1	36800
73.616	0.25	0	1	36808
73.632	0.25	1	2	36816
73.65	0.25	1	2	36825
73.666	0.25	1	2	36833
73.682	0.25	1	2	36841
73.7	0.25	1	2	36850
73.716	0.25	1	2	36858
73.732	0.25	1	2	36866
73.75	0.25	1	2	36875
73.766	0.25	1	2	36883
73.782	0.25	1	2	36891
73.8	0.25	0	1	36900
73.816	0.25	0	1	36908
73.832	0.25	0	1	36916
73.85	0.25	0	1	36925
73.866	0.25	1	2	36933
73.882	0.25	1	2	36941
73.9	0.25	0	1	36950
73.916	0.25	0	1	36958
73.932	0.25	1	2	36966
73.95	0.25	1	2	36975
73.966	0.25	0	1	36983
73.982	0.25	0	1	36991
74.0	0.25	0	1	37000
74.016	0.25	0	1	37008
74.032	0.25	1	2	37016
74.05	0.25	1	2	37025
74.066	0.25	1	2	37033
74.082	0.25	1	2	37041
74.1	0.25	0	1	37050
74.116	0.25	0	1	37058
74.132	0.25	0	1	37066
74.15	0.25	0	1	37075
74.166	0.25	0	1	37083
74.182	0.25	0	1	37091
74.2	0.25	0	1	37100
74.216	0.25	0	1	37108
74.232	0.25	1	2	37116
74.25	0.25	1	2	37125
74.266	0.25	0	1	37133
74.282	0.25	0	1	37141
74.3	0.25	0	1	37150
74.316	0.25	0	1	37158
74.332	0.25	0	1	37166
74.35	0.25	0	1	37175
74.366	0.25	0	1	37183
74.382	0.25	0	1	37191
74.4	0.25	1	2	37200
74.416	0.25	1	2	37208
74.432	0.25	1	2	37216
74.45	0.25	1	2	37225
74.466	0.25	1	2	37233
74.482	0.25	1	2	37241
74.5	0.25	1	2	37250
74.516	0.25	1	2	37258
74.532	0.25	1	2	37266
74.55	0.25	1	2	37275
74.566	0.25	1	2	37283
74.582	0.25	1	2	37291
74.6	0.25	0	1	37300
74.616	0.25	0	1	37308
74.632	0.25	1	2	37316
74.65	0.25	1	2	37325
74.666	0.25	0	1	37333
74.682	0.25	0	1	37341
74.7	0.25	1	2	37350
74.716	0.25	1	2	37358
74.732	0.25	0	1	37366
74.75	0.25	0	1	37375
74.766	0.25	0	1	37383
74.782	0.25	0	1	37391
74.8	0.25	1	2	37400
74.816	0.25	1	2	37408
74.832	0.25	1	2	37416
74.85	0.25	1	2	37425
74.866	0.25	0	1	37433
74.882	0.25	0	1	37441
74.9	0.25	0	1	37450
76.382	0.25	1	2	38191
76.4	0.25	1	2	38200
76.416	0.25	1	2	38208
76.432	0.25	1	2	38216
76.45	0.25	0	1	38225
76.466	0.25	0	1	38233
76.482	0.25	0	1	38241
76.5	0.25	0	1	38250
76.516	0.25	0	1	38258
76.532	0.25	0	1	38266
76.55	0.25	0	1	38275
76.566	0.25	0	1	38283
76.582	0.25	1	2	38291
76.6	0.25	1	2	38300
76.616	0.25	0	1	38308
76.632	0.25	0	1	38316
76.65	0.25	0	1	38325
76.666	0.25	0	1	38333
76.682	0.25	1	2	38341
76.7	0.25	1	2	38350
76.716	0.25	1	2	38358
76.732	0.25	1	2	38366
76.75	0.25	0	1	38375
76.766	0.25	0	1	38383
76.782	0.25	0	1	38391
76.8	0.25	0	1	38400
76.816	0.25	0	1	38408
76.832	0.25	0	1	38416
76.85	0.25	0	1	38425
76.866	0.25	0	1	38433
76.882	0.25	0	1	38441
76.9	0.25	0	1	38450
76.916	0.25	0	1	38458
76.932	0.25	0	1	38466
76.95	0.25	1	2	38475
76.966	0.25	1	2	38483
76.982	0.25	0	1	38491
77.0	0.25	0	1	38500
77.016	0.25	1	2	38508
77.032	0.25	1	2	38516
77.05	0.25	1	2	38525
77.066	0.25	1	2	38533
77.082	0.25	0	1	38541
77.1	0.25	0	1	38550
77.116	0.25	1	2	38558
77.132	0.25	1	2	38566
77.15	0.25	0	1	38575
77.166	0.25	0	1	38583
77.182	0.25	1	2	38591
77.2	0.25	1	2	38600
77.216	0.25	0	1	38608
77.232	0.25	0	1	38616
77.25	0.25	1	2	38625
77.266	0.25	1	2	38633
77.282	0.25	0	1	38641
77.3	0.25	0	1	38650
77.316	0.25	0	1	38658
77.332	0.25	0	1	38666
77.35	0.25	0	1	38675
77.366	0.25	0	1	38683
77.382	0.25	1	2	38691
77.4	0.25	1	2	38700
77.416	0.25	1	2	38708
77.432	0.25	1	2	38716
77.45	0.25	1	2	38725
77.466	0.25	1	2	38733
77.482	0.25	0	1	38741
77.5	0.25	0	1	38750
77.516	0.25	1	2	38758
77.532	0.25	1	2	38766
77.55	0.25	1	2	38775
77.566	0.25	1	2	38783
77.582	0.25	1	2	38791
77.6	0.25	1	2	38800
77.616	0.25	0	1	38808
77.632	0.25	0	1	38816
77.65	0.25	1	2	38825
77.666	0.25	1	2	38833
77.682	0.25	0	1	38841
77.7	0.25	0	1	38850
77.716	0.25	1	2	38858
77.732	0.25	1	2	38866
77.75	0.25	1	2	38875
77.766	0.25	1	2	38883
77.782	0.25	0	1	38891
77.8	0.25	0	1	38900
77.816	0.25	0	1	38908
77.832	0.25	0	1	38916
77.85	0.25	0	1	38925
77.866	0.25	0	1	38933
77.882	0.25	1	2	38941
77.9	0.25	1	2	38950
77.916	0.25	1	2	38958
77.932	0.25	1	2	38966
77.95	0.25	0	1	38975
77.966	0.25	0	1	38983
77.982	0.25	1	2	38991
78.0	0.25	1	2	39000
78.016	0.25	1	2	39008
78.032	0.25	1	2	39016
78.05	0.25	1	2	39025
78.066	0.25	1	2	39033
78.082	0.25	0	1	39041
78.1	0.25	0	1	39050
78.116	0.25	0	1	39058
78.132	0.25	0	1	39066
78.15	0.25	0	1	39075
78.166	0.25	0	1	39083
78.182	0.25	0	1	39091
78.2	0.25	0	1	39100
78.216	0.25	0	1	39108
78.232	0.25	0	1	39116
78.25	0.25	1	2	39125
78.266	0.25	1	2	39133
78.282	0.25	1	2	39141
78.3	0.25	1	2	39150
78.316	0.25	1	2	39158
79.8	0.25	1	2	39900
79.816	0.25	1	2	39908
79.832	0.25	1	2	39916
79.85	0.25	1	2	39925
79.866	0.25	1	2	39933
79.882	0.25	1	2	39941
79.9	0.25	1	2	39950
79.916	0.25	1	2	39958
79.932	0.25	1	2	39966
79.95	0.25	1	2	39975
79.966	0.25	1	2	39983
79.982	0.25	1	2	39991
80.0	0.25	1	2	40000
80.016	0.25	1	2	40008
80.032	0.25	0	1	40016
80.05	0.25	0	1	40025
80.066	0.25	0	1	40033
80.082	0.25	0	1	40041
80.1	0.25	1	2	40050
80.116	0.25	1	2	40058
80.132	0.25	1	2	40066
80.15	0.25	1	2	40075
80.166	0.25	0	1	40083
80.182	0.25	0	1	40091
80.2	0.25	0	1	40100
80.216	0.25	0	1	40108
80.232	0.25	1	2	40116
80.25	0.25	1	2	40125
80.266	0.25	1	2	40133
80.282	0.25	1	2	40141
80.3	0.25	0	1	40150
80.316	0.25	0	1	40158
80.332	0.25	0	1	40166
80.35	0.25	0	1	40175
80.366	0.25	1	2	40183
80.382	0.25	1	2	40191
80.4	0.25	0	1	40200
80.416	0.25	0	1	40208
80.432	0.25	1	2	40216
80.45	0.25	1	2	40225
80.466	0.25	1	2	40233
80.482	0.25	1	2	40241
80.5	0.25	0	1	40250
80.516	0.25	0	1	40258
80.532	0.25	1	2	40266
80.55	0.25	1	2	40275
80.566	0.25	0	1	40283
80.582	0.25	0	1	40291
80.6	0.25	0	1	40300
80.616	0.25	0	1	40308
80.632	0.25	1	2	40316
80.65	0.25	1	2	40325
80.666	0.25	0	1	40333
80.682	0.25	0	1	40341
80.7	0.25	1	2	40350
80.716	0.25	1	2	40358
80.732	0.25	1	2	40366
80.75	0.25	1	2	40375
80.766	0.25	1	2	40383
80.782	0.25	1	2	40391
80.8	0.25	0	1	40400
80.816	0.25	0	1	40408
80.832	0.25	0	1	40416
80.85	0.25	0	1	40425
80.866	0.25	0	1	40433
80.882	0.25	0	1	40441
80.9	0.25	1	2	40450
80.916	0.25	1	2	40458
80.932	0.25	0	1	40466
80.95	0.25	0	1	40475
80.966	0.25	1	2	40483
80.982	0.25	1	2	40491
81.0	0.25	1	2	40500
81.016	0.25	1	2	40508
81.032	0.25	1	2	40516
81.05	0.25	1	2	40525
81.066	0.25	0	1	40533
81.082	0.25	0	1	40541
81.1	0.25	0	1	40550
81.116	0.25	0	1	40558
81.132	0.25	1	2	40566
81.15	0.25	1	2	40575
81.166	0.25	0	1	40583
81.182	0.25	0	1	40591
81.2	0.25	1	2	40600
81.216	0.25	1	2	40608
81.232	0.25	0	1	40616
81.25	0.25	0	1	40625
81.266	0.25	0	1	40633
81.282	0.25	0	1	40641
81.3	0.25	0	1	40650
81.316	0.25	0	1	40658
81.332	0.25	1	2	40666
81.35	0.25	1	2	40675
81.366	0.25	1	2	40683
81.382	0.25	1	2	40691
81.4	0.25	0	1	40700
81.416	0.25	0	1	40708
81.432	0.25	1	2	40716
81.45	0.25	1	2	40725
81.466	0.25	0	1	40733
81.482	0.25	0	1	40741
81.5	0.25	0	1	40750
81.516	0.25	0	1	40758
81.532	0.25	0	1	40766
81.55	0.25	0	1	40775
81.566	0.25	1	2	40783
81.582	0.25	1	2	40791
81.6	0.25	0	1	40800
81.616	0.25	0	1	40808
81.632	0.25	1	2	40816
81.65	0.25	1	2	40825
81.666	0.25	0	1	40833
81.682	0.25	0	1	40841
81.7	0.25	0	1	40850
81.716	0.25	0	1	40858
81.732	0.25	1	2	40866
85.85	0.25	0	1	42925
85.866	0.25	0	1	42933
85.882	0.25	0	1	42941
85.9	0.25	0	1	42950
85.916	0.25	1	2	42958
85.932	0.25	1	2	42966
85.95	0.25	1	2	42975
85.966	0.25	1	2	42983
85.982	0.25	0	1	42991
86.0	0.25	0	1	43000
86.016	0.25	0	1	43008
86.032	0.25	0	1	43016
86.05	0.25	0	1	43025
86.066	0.25	0	1	43033
86.082	0.25	0	1	43041
86.1	0.25	0	1	43050
86.116	0.25	1	2	43058
86.132	0.25	1	2	43066
86.15	0.25	1	2	43075
86.166	0.25	1	2	43083
86.182	0.25	1	2	43091
86.2	0.25	1	2	43100
86.216	0.25	1	2	43108
86.232	0.25	1	2	43116
86.25	0.25	1	2	43125
86.266	0.25	1	2	43133
86.282	0.25	0	1	43141
86.3	0.25	0	1	43150
86.316	0.25	0	1	43158
86.332	0.25	0	1	43166
86.35	0.25	0	1	43175
86.366	0.25	0	1	43183
86.382	0.25	0	1	43191
86.4	0.25	0	1	43200
86.416	0.25	0	1	43208
86.432	0.25	0	1	43216
86.45	0.25	0	1	43225
86.466	0.25	0	1	43233
86.482	0.25	1	2	43241
86.5	0.25	1	2	43250
86.516	0.25	1	2	43258
86.532	0.25	1	2	43266
86.55	0.25	0	1	43275
86.566	0.25	0	1	43283
86.582	0.25	0	1	43291
86.6	0.25	0	1	43300
86.616	0.25	1	2	43308
86.632	0.25	1	2	43316
86.65	0.25	0	1	43325
86.666	0.25	0	1	43333
86.682	0.25	1	2	43341
86.7	0.25	1	2	43350
86.716	0.25	0	1	43358
86.732	0.25	0	1	43366
86.75	0.25	1	2	43375
86.766	0.25	1	2	43383
86.782	0.25	0	1	43391
86.8	0.25	0	1	43400
86.816	0.25	1	2	43408
86.832	0.25	1	2	43416
86.85	0.25	1	2	43425
86.866	0.25	1	2	43433
86.882	0.25	0	1	43441
86.9	0.25	0	1	43450
86.916	0.25	1	2	43458
86.932	0.25	1	2	43466
86.95	0.25	0	1	43475
86.966	0.25	0	1	43483
86.982	0.25	0	1	43491
87.0	0.25	0	1	43500
87.016	0.25	0	1	43508
87.032	0.25	0	1	43516
87.05	0.25	1	2	43525
87.066	0.25	1	2	43533
87.082	0.25	0	1	43541
87.1	0.25	0	1	43550
87.116	0.25	0	1	43558
87.132	0.25	0	1	43566
87.15	0.25	0	1	43575
87.166	0.25	0	1	43583
87.182	0.25	1	2	43591
87.2	0.25	1	2	43600
87.216	0.25	1	2	43608
87.232	0.25	1	2	43616
87.25	0.25	1	2	43625
87.266	0.25	1	2	43633
87.282	0.25	0	1	43641
87.3	0.25	0	1	43650
87.316	0.25	1	2	43658
87.332	0.25	1	2	43666
87.35	0.25	0	1	43675
87.366	0.25	0	1	43683
87.382	0.25	1	2	43691
87.4	0.25	1	2	43700
87.416	0.25	1	2	43708
87.432	0.25	1	2	43716
87.45	0.25	1	2	43725
87.466	0.25	1	2	43733
87.482	0.25	1	2	43741
87.5	0.25	1	2	43750
87.516	0.25	1	2	43758
87.532	0.25	1	2	43766
87.55	0.25	0	1	43775
87.566	0.25	0	1	43783
87.582	0.25	0	1	43791
87.6	0.25	0	1	43800
87.616	0.25	1	2	43808
87.632	0.25	1	2	43816
87.65	0.25	0	1	43825
87.666	0.25	0	1	43833
87.682	0.25	0	1	43841
87.7	0.25	0	1	43850
87.716	0.25	0	1	43858
87.732	0.25	0	1	43866
87.75	0.25	1	2	43875
87.766	0.25	1	2	43883
87.782	0.25	1	2	43891
89.266	0.25	1	2	44633
89.282	0.25	1	2	44641
89.3	0.25	1	2	44650
89.316	0.25	1	2	44658
89.332	0.25	0	1	44666
89.35	0.25	0	1	44675
89.366	0.25	0	1	44683
89.382	0.25	0	1	44691
89.4	0.25	0	1	44700
89.416	0.25	0	1	44708
89.432	0.25	0	1	44716
89.45	0.25	0	1	44725
89.466	0.25	1	2	44733
89.482	0.25	1	2	44741
89.5	0.25	0	1	44750
89.516	0.25	0	1	44758
89.532	0.25	0	1	44766
89.55	0.25	0	1	44775
89.566	0.25	1	2	44783
89.582	0.25	1	2	44791
89.6	0.25	1	2	44800
89.616	0.25	1	2	44808
89.632	0.25	0	1	44816
89.65	0.25	0	1	44825
89.666	0.25	0	1	44833
89.682	0.25	0	1	44841
89.7	0.25	0	1	44850
89.716	0.25	0	1	44858
89.732	0.25	0	1	44866
89.75	0.25	0	1	44875
89.766	0.25	0	1	44883
89.782	0.25	0	1	44891
89.8	0.25	0	1	44900
89.816	0.25	0	1	44908
89.832	0.25	1	2	44916
89.85	0.25	1	2	44925
89.866	0.25	0	1	44933
89.882	0.25	0	1	44941
89.9	0.25	1	2	44950
89.916	0.25	1	2	44958
89.932	0.25	1	2	44966
89.95	0.25	1	2	44975
89.966	0.25	0	1	44983
89.982	0.25	0	1	44991
90.0	0.25	1	2	45000
90.016	0.25	1	2	45008
90.032	0.25	0	1	45016
90.05	0.25	0	1	45025
90.066	0.25	1	2	45033
90.082	0.25	1	2	45041
90.1	0.25	0	1	45050
90.116	0.25	0	1	45058
90.132	0.25	1	2	45066
90.15	0.25	1	2	45075
90.166	0.25	0	1	45083
90.182	0.25	0	1	45091
90.2	0.25	0	1	45100
90.216	0.25	0	1	45108
90.232	0.25	0	1	45116
90.25	0.25	0	1	45125
90.266	0.25	1	2	45133
90.282	0.25	1	2	45141
90.3	0.25	1	2	45150
90.316	0.25	1	2	45158
90.332	0.25	1	2	45166
90.35	0.25	1	2	45175
90.366	0.25	0	1	45183
90.382	0.25	0	1	45191
90.4	0.25	1	2	45200
90.416	0.25	1	2	45208
90.432	0.25	1	2	45216
90.45	0.25	1	2	45225
90.466	0.25	1	2	45233
90.482	0.25	1	2	45241
90.5	0.25	0	1	45250
90.516	0.25	0	1	45258
90.532	0.25	1	2	45266
90.55	0.25	1	2	45275
90.566	0.25	0	1	45283
90.582	0.25	0	1	45291
90.6	0.25	1	2	45300
90.616	0.25	1	2	45308
90.632	0.25	1	2	45316
90.65	0.25	1	2	45325
90.666	0.25	0	1	45333
90.682	0.25	0	1	45341
90.7	0.25	0	1	45350
90.716	0.25	0	1	45358
90.732	0.25	0	1	45366
90.75	0.25	0	1	45375
90.766	0.25	1	2	45383
90.782	0.25	1	2	45391
90.8	0.25	1	2	45400
90.816	0.25	1	2	45408
90.832	0.25	0	1	45416
90.85	0.25	0	1	45425
90.866	0.25	1	2	45433
90.882	0.25	1	2	45441
90.9	0.25	1	2	45450
90.916	0.25	1	2	45458
90.932	0.25	1	2	45466
90.95	0.25	1	2	45475
90.966	0.25	0	1	45483
90.982	0.25	0	1	45491
91.0	0.25	0	1	45500
91.016	0.25	0	1	45508
91.032	0.25	0	1	45516
91.05	0.25	0	1	45525
91.066	0.25	0	1	45533
91.082	0.25	0	1	45541
91.1	0.25	0	1	45550
91.116	0.25	0	1	45558
91.132	0.25	1	2	45566
91.15	0.25	1	2	45575
91.166	0.25	1	2	45583
91.182	0.25	1	2	45591
91.2	0.25	1	2	45600
92.682	0.25	1	2	46341
92.7	0.25	1	2	46350
92.716	0.25	1	2	46358
92.732	0.25	1	2	46366
92.75	0.25	1	2	46375
92.766	0.25	1	2	46383
92.782	0.25	1	2	46391
92.8	0.25	1	2	46400
92.816	0.25	1	2	46408
92.832	0.25	1	2	46416
92.85	0.25	1	2	46425
92.866	0.25	1	2	46433
92.882	0.25	1	2	46441
92.9	0.25	1	2	46450
92.916	0.25	0	1	46458
92.932	0.25	0	1	46466
92.95	0.25	0	1	46475
92.966	0.25	0	1	46483
92.982	0.25	1	2	46491
93.0	0.25	1	2	46500
93.016	0.25	1	2	46508
93.032	0.25	1	2	46516
93.05	0.25	0	1	46525
93.066	0.25	0	1	46533
93.082	0.25	0	1	46541
93.1	0.25	0	1	46550
93.116	0.25	1	2	46558
93.132	0.25	1	2	46566
93.15	0.25	1	2	46575
93.166	0.25	1	2	46583
93.182	0.25	0	1	46591
93.2	0.25	0	1	46600
93.216	0.25	0	1	46608
93.232	0.25	0	1	46616
93.25	0.25	1	2	46625
93.266	0.25	1	2	46633
93.282	0.25	0	1	46641
93.3	0.25	0	1	46650
93.316	0.25	1	2	46658
93.332	0.25	1	2	46666
93.35	0.25	1	2	46675
93.366	0.25	1	2	46683
93.382	0.25	0	1	46691
93.4	0.25	0	1	46700
93.416	0.25	1	2	46708
93.432	0.25	1	2	46716
93.45	0.25	0	1	46725
93.466	0.25	0	1	46733
93.482	0.25	0	1	46741
93.5	0.25	0	1	46750
93.516	0.25	1	2	46758
93.532	0.25	1	2	46766
93.55	0.25	0	1	46775
93.566	0.25	0	1	46783
93.582	0.25	1	2	46791
93.6	0.25	1	2	46800
93.616	0.25	1	2	46808
93.632	0.25	1	2	46816
93.65	0.25	1	2	46825
93.666	0.25	1	2	46833
93.682	0.25	0	1	46841
93.7	0.25	0	1	46850
93.716	0.25	0	1	46858
93.732	0.25	0	1	46866
93.75	0.25	0	1	46875
93.766	0.25	0	1	46883
93.782	0.25	1	2	46891
93.8	0.25	1	2	46900
93.816	0.25	0	1	46908
93.832	0.25	0	1	46916
93.85	0.25	1	2	46925
93.866	0.25	1	2	46933
93.882	0.25	1	2	46941
93.9	0.25	1	2	46950
93.916	0.25	1	2	46958
93.932	0.25	1	2	46966
93.95	0.25	0	1	46975
93.966	0.25	0	1	46983
93.982	0.25	0	1	46991
94.0	0.25	0	1	47000
94.016	0.25	1	2	47008
94.032	0.25	1	2	47016
94.05	0.25	0	1	47025
94.066	0.25	0	1	47033
94.082	0.25	1	2	47041
94.1	0.25	1	2	47050
94.116	0.25	0	1	47058
94.132	0.25	0	1	47066
94.15	0.25	0	1	47075
94.166	0.25	0	1	47083
94.182	0.25	0	1	47091
94.2	0.25	0	1	47100
94.216	0.25	1	2	47108
94.232	0.25	1	2	47116
94.25	0.25	1	2	47125
94.266	0.25	1	2	47133
94.282	0.25	0	1	47141
94.3	0.25	0	1	47150
94.316	0.25	1	2	47158
94.332	0.25	1	2	47166
94.35	0.25	0	1	47175
94.366	0.25	0	1	47183
94.382	0.25	0	1	47191
94.4	0.25	0	1	47200
94.416	0.25	0	1	47208
94.432	0.25	0	1	47216
94.45	0.25	1	2	47225
94.466	0.25	1	2	47233
94.482	0.25	0	1	47241
94.5	0.25	0	1	47250
94.516	0.25	1	2	47258
94.532	0.25	1	2	47266
94.55	0.25	0	1	47275
94.566	0.25	0	1	47283
94.582	0.25	0	1	47291
94.6	0.25	0	1	47300
94.616	0.25	1	2	47308
96.1	0.25	1	2	48050
96.116	0.25	1	2	48058
96.132	0.25	1	2	48066
96.15	0.25	1	2	48075
96.166	0.25	0	1	48083
96.182	0.25	0	1	48091
96.2	0.25	1	2	48100
96.216	0.25	1	2	48108
96.232	0.25	1	2	48116
96.25	0.25	1	2	48125
96.266	0.25	0	1	48133
96.282	0.25	0	1	48141
96.3	0.25	1	2	48150
96.316	0.25	1	2	48158
96.332	0.25	1	2	48166
96.35	0.25	1	2	48175
96.366	0.25	0	1	48183
96.382	0.25	0	1	48191
96.4	0.25	1	2	48200
96.416	0.25	1	2	48208
96.432	0.25	1	2	48216
96.45	0.25	1	2	48225
96.466	0.25	0	1	48233
96.482	0.25	0	1	48241
96.5	0.25	0	1	48250
96.516	0.25	0	1	48258
96.532	0.25	0	1	48266
96.55	0.25	0	1	48275
96.566	0.25	1	2	48283
96.582	0.25	1	2	48291
96.6	0.25	1	2	48300
96.616	0.25	1	2	48308
96.632	0.25	1	2	48316
96.65	0.25	1	2	48325
96.666	0.25	0	1	48333
96.682	0.25	0	1	48341
96.7	0.25	0	1	48350
96.716	0.25	0	1	48358
96.732	0.25	0	1	48366
96.75	0.25	0	1	48375
96.766	0.25	1	2	48383
96.782	0.25	1	2	48391
96.8	0.25	1	2	48400
96.816	0.25	1	2	48408
96.832	0.25	1	2	48416
96.85	0.25	1	2	48425
96.866	0.25	1	2	48433
96.882	0.25	1	2	48441
96.9	0.25	1	2	48450
96.916	0.25	1	2	48458
96.932	0.25	0	1	48466
96.95	0.25	0	1	48475
96.966	0.25	0	1	48483
96.982	0.25	0	1	48491
97.0	0.25	1	2	48500
97.016	0.25	1	2	48508
97.032	0.25	0	1	48516
97.05	0.25	0	1	48525
97.066	0.25	1	2	48533
97.082	0.25	1	2	48541
97.1	0.25	0	1	48550
97.116	0.25	0	1	48558
97.132	0.25	0	1	48566
97.15	0.25	0	1	48575
97.166	0.25	1	2	48583
97.182	0.25	1	2	48591
97.2	0.25	1	2	48600
97.216	0.25	1	2	48608
97.232	0.25	0	1	48616
97.25	0.25	0	1	48625
97.266	0.25	0	1	48633
97.282	0.25	0	1	48641
97.3	0.25	0	1	48650
97.316	0.25	0	1	48658
97.332	0.25	0	1	48666
97.35	0.25	0	1	48675
97.366	0.25	1	2	48683
97.382	0.25	1	2	48691
97.4	0.25	0	1	48700
97.416	0.25	0	1	48708
97.432	0.25	0	1	48716
97.45	0.25	0	1	48725
97.466	0.25	0	1	48733
97.482	0.25	0	1	48741
97.5	0.25	0	1	48750
97.516	0.25	0	1	48758
97.532	0.25	1	2	48766
97.55	0.25	1	2	48775
97.566	0.25	1	2	48783
97.582	0.25	1	2	48791
97.6	0.25	1	2	48800
97.616	0.25	1	2	48808
97.632	0.25	1	2	48816
97.65	0.25	1	2	48825
97.666	0.25	1	2	48833
97.682	0.25	1	2	48841
97.7	0.25	1	2	48850
97.716	0.25	1	2	48858
97.732	0.25	0	1	48866
97.75	0.25	0	1	48875
97.766	0.25	1	2	48883
97.782	0.25	1	2	48891
97.8	0.25	0	1	48900
97.816	0.25	0	1	48908
97.832	0.25	1	2	48916
97.85	0.25	1	2	48925
97.866	0.25	0	1	48933
97.882	0.25	0	1	48941
97.9	0.25	0	1	48950
97.916	0.25	0	1	48958
97.932	0.25	1	2	48966
97.95	0.25	1	2	48975
97.966	0.25	1	2	48983
97.982	0.25	1	2	48991
98.0	0.25	0	1	49000
98.016	0.25	0	1	49008
98.032	0.25	0	1	49016
100.266	0.25	1	2	50133
100.282	0.25	1	2	50141
100.3	0.25	1	2	50150
100.316	0.25	1	2	50158
100.332	0.25	1	2	50166
100.35	0.25	1	2	50175
100.366	0.25	1	2	50183
100.382	0.25	1	2	50191
100.4	0.25	1	2	50200
100.416	0.25	1	2	50208
100.432	0.25	1	2	50216
100.45	0.25	1	2	50225
100.466	0.25	1	2	50233
100.482	0.25	1	2	50241
100.5	0.25	0	1	50250
100.516	0.25	0	1	50258
100.532	0.25	0	1	50266
100.55	0.25	0	1	50275
100.566	0.25	1	2	50283
100.582	0.25	1	2	50291
100.6	0.25	1	2	50300
100.616	0.25	1	2	50308
100.632	0.25	0	1	50316
100.65	0.25	0	1	50325
100.666	0.25	0	1	50333
100.682	0.25	0	1	50341
100.7	0.25	1	2	50350
100.716	0.25	1	2	50358
100.732	0.25	1	2	50366
100.75	0.25	1	2	50375
100.766	0.25	0	1	50383
100.782	0.25	0	1	50391
100.8	0.25	0	1	50400
100.816	0.25	0	1	50408
100.832	0.25	1	2	50416
100.85	0.25	1	2	50425
100.866	0.25	0	1	50433
100.882	0.25	0	1	50441
100.9	0.25	1	2	50450
100.916	0.25	1	2	50458
100.932	0.25	1	2	50466
100.95	0.25	1	2	50475
100.966	0.25	0	1	50483
100.982	0.25	0	1	50491
101.0	0.25	1	2	50500
101.016	0.25	1	2	50508
101.032	0.25	0	1	50516
101.05	0.25	0	1	50525
101.066	0.25	0	1	50533
101.082	0.25	0	1	50541
101.1	0.25	1	2	50550
101.116	0.25	1	2	50558
101.132	0.25	0	1	50566
101.15	0.25	0	1	50575
101.166	0.25	1	2	50583
101.182	0.25	1	2	50591
101.2	0.25	1	2	50600
101.216	0.25	1	2	50608
101.232	0.25	1	2	50616
101.25	0.25	1	2	50625
101.266	0.25	0	1	50633
101.282	0.25	0	1	50641
101.3	0.25	0	1	50650
101.316	0.25	0	1	50658
101.332	0.25	0	1	50666
101.35	0.25	0	1	50675
101.366	0.25	1	2	50683
101.382	0.25	1	2	50691
101.4	0.25	0	1	50700
101.416	0.25	0	1	50708
101.432	0.25	1	2	50716
101.45	0.25	1	2	50725
101.466	0.25	1	2	50733
101.482	0.25	1	2	50741
101.5	0.25	1	2	50750
101.516	0.25	1	2	50758
101.532	0.25	0	1	50766
101.55	0.25	0	1	50775
101.566	0.25	0	1	50783
101.582	0.25	0	1	50791
101.6	0.25	1	2	50800
101.616	0.25	1	2	50808
101.632	0.25	0	1	50816
101.65	0.25	0	1	50825
101.666	0.25	1	2	50833
101.682	0.25	1	2	50841
101.7	0.25	0	1	50850
101.716	0.25	0	1	50858
101.732	0.25	0	1	50866
101.75	0.25	0	1	50875
101.766	0.25	0	1	50883
101.782	0.25	0	1	50891
101.8	0.25	1	2	50900
101.816	0.25	1	2	50908
101.832	0.25	1	2	50916
101.85	0.25	1	2	50925
101.866	0.25	0	1	50933
101.882	0.25	0	1	50941
101.9	0.25	1	2	50950
101.916	0.25	1	2	50958
101.932	0.25	0	1	50966
101.95	0.25	0	1	50975
101.966	0.25	0	1	50983
101.982	0.25	0	1	50991
102.0	0.25	0	1	51000
102.016	0.25	0	1	51008
102.032	0.25	1	2	51016
102.05	0.25	1	2	51025
102.066	0.25	0	1	51033
102.082	0.25	0	1	51041
102.1	0.25	1	2	51050
102.116	0.25	1	2	51058
102.132	0.25	0	1	51066
102.15	0.25	0	1	51075
102.166	0.25	0	1	51083
102.182	0.25	0	1	51091
102.2	0.25	1	2	51100
103.682	0.25	1	2	51841
103.7	0.25	1	2	51850
103.716	0.25	1	2	51858
103.732	0.25	1	2	51866
103.75	0.25	0	1	51875
103.766	0.25	0	1	51883
103.782	0.25	1	2	51891
103.8	0.25	1	2	51900
103.816	0.25	1	2	51908
103.832	0.25	1	2	51916
103.85	0.25	0	1	51925
103.866	0.25	0	1	51933
103.882	0.25	1	2	51941
103.9	0.25	1	2	51950
103.916	0.25	1	2	51958
103.932	0.25	1	2	51966
103.95	0.25	0	1	51975
103.966	0.25	0	1	51983
103.982	0.25	1	2	51991
104.0	0.25	1	2	52000
104.016	0.25	1	2	52008
104.032	0.25	1	2	52016
104.05	0.25	0	1	52025
104.066	0.25	0	1	52033
104.082	0.25	0	1	52041
104.1	0.25	0	1	52050
104.116	0.25	0	1	52058
104.132	0.25	0	1	52066
104.15	0.25	1	2	52075
104.166	0.25	1	2	52083
104.182	0.25	1	2	52091
104.2	0.25	1	2	52100
104.216	0.25	1	2	52108
104.232	0.25	1	2	52116
104.25	0.25	0	1	52125
104.266	0.25	0	1	52133
104.282	0.25	0	1	52141
104.3	0.25	0	1	52150
104.316	0.25	0	1	52158
104.332	0.25	0	1	52166
104.35	0.25	1	2	52175
104.366	0.25	1	2	52183
104.382	0.25	1	2	52191
104.4	0.25	1	2	52200
104.416	0.25	1	2	52208
104.432	0.25	1	2	52216
104.45	0.25	1	2	52225
104.466	0.25	1	2	52233
104.482	0.25	1	2	52241
104.5	0.25	1	2	52250
104.516	0.25	0	1	52258
104.532	0.25	0	1	52266
104.55	0.25	0	1	52275
104.566	0.25	0	1	52283
104.582	0.25	1	2	52291
104.6	0.25	1	2	52300
104.616	0.25	0	1	52308
104.632	0.25	0	1	52316
104.65	0.25	1	2	52325
104.666	0.25	1	2	52333
104.682	0.25	0	1	52341
104.7	0.25	0	1	52350
104.716	0.25	0	1	52358
104.732	0.25	0	1	52366
104.75	0.25	1	2	52375
104.766	0.25	1	2	52383
104.782	0.25	1	2	52391
104.8	0.25	1	2	52400
104.816	0.25	0	1	52408
104.832	0.25	0	1	52416
104.85	0.25	0	1	52425
104.866	0.25	0	1	52433
104.882	0.25	0	1	52441
104.9	0.25	0	1	52450
104.916	0.25	0	1	52458
104.932	0.25	0	1	52466
104.95	0.25	1	2	52475
104.966	0.25	1	2	52483
104.982	0.25	0	1	52491
105.0	0.25	0	1	52500
105.016	0.25	0	1	52508
105.032	0.25	0	1	52516
105.05	0.25	0	1	52525
105.066	0.25	0	1	52533
105.082	0.25	0	1	52541
105.1	0.25	0	1	52550
105.116	0.25	1	2	52558
105.132	0.25	1	2	52566
105.15	0.25	1	2	52575
105.166	0.25	1	2	52583
105.182	0.25	1	2	52591
105.2	0.25	1	2	52600
105.216	0.25	1	2	52608
105.232	0.25	1	2	52616
105.25	0.25	1	2	52625
105.266	0.25	1	2	52633
105.282	0.25	1	2	52641
105.3	0.25	1	2	52650
105.316	0.25	0	1	52658
105.332	0.25	0	1	52666
105.35	0.25	1	2	52675
105.366	0.25	1	2	52683
105.382	0.25	0	1	52691
105.4	0.25	0	1	52700
105.416	0.25	1	2	52708
105.432	0.25	1	2	52716
105.45	0.25	0	1	52725
105.466	0.25	0	1	52733
105.482	0.25	0	1	52741
105.5	0.25	0	1	52750
105.516	0.25	1	2	52758
105.532	0.25	1	2	52766
105.55	0.25	1	2	52775
105.566	0.25	1	2	52783
105.582	0.25	0	1	52791
105.6	0.25	0	1	52800
105.616	0.25	0	1	52808
107.1	0.25	0	1	53550
107.116	0.25	0	1	53558
107.132	0.25	0	1	53566
107.15	0.25	0	1	53575
107.166	0.25	1	2	53583
107.182	0.25	1	2	53591
107.2	0.25	1	2	53600
107.216	0.25	1	2	53608
107.232	0.25	0	1	53616
107.25	0.25	0	1	53625
107.266	0.25	0	1	53633
107.282	0.25	0	1	53641
107.3	0.25	0	1	53650
107.316	0.25	0	1	53658
107.332	0.25	0	1	53666
107.35	0.25	0	1	53675
107.366	0.25	1	2	53683
107.382	0.25	1	2	53691
107.4	0.25	1	2	53700
107.416	0.25	1	2	53708
107.432	0.25	1	2	53716
107.45	0.25	1	2	53725
107.466	0.25	1	2	53733
107.482	0.25	1	2	53741
107.5	0.25	1	2	53750
107.516	0.25	1	2	53758
107.532	0.25	0	1	53766
107.55	0.25	0	1	53775
107.566	0.25	0	1	53783
107.582	0.25	0	1	53791
107.6	0.25	0	1	53800
107.616	0.25	0	1	53808
107.632	0.25	0	1	53816
107.65	0.25	0	1	53825
107.666	0.25	0	1	53833
107.682	0.25	0	1	53841
107.7	0.25	0	1	53850
107.716	0.25	0	1	53858
107.732	0.25	1	2	53866
107.75	0.25	1	2	53875
107.766	0.25	1	2	53883
107.782	0.25	1	2	53891
107.8	0.25	0	1	53900
107.816	0.25	0	1	53908
107.832	0.25	0	1	53916
107.85	0.25	0	1	53925
107.866	0.25	1	2	53933
107.882	0.25	1	2	53941
107.9	0.25	0	1	53950
107.916	0.25	0	1	53958
107.932	0.25	1	2	53966
107.95	0.25	1	2	53975
107.966	0.25	0	1	53983
107.982	0.25	0	1	53991
108.0	0.25	1	2	54000
108.016	0.25	1	2	54008
108.032	0.25	0	1	54016
108.05	0.25	0	1	54025
108.066	0.25	1	2	54033
108.082	0.25	1	2	54041
108.1	0.25	1	2	54050
108.116	0.25	1	2	54058
108.132	0.25	0	1	54066
108.15	0.25	0	1	54075
108.166	0.25	1	2	54083
108.182	0.25	1	2	54091
108.2	0.25	0	1	54100
108.216	0.25	0	1	54108
108.232	0.25	0	1	54116
108.25	0.25	0	1	54125
108.266	0.25	0	1	54133
108.282	0.25	0	1	54141
108.3	0.25	1	2	54150
108.316	0.25	1	2	54158
108.332	0.25	0	1	54166
108.35	0.25	0	1	54175
108.366	0.25	0	1	54183
108.382	0.25	0	1	54191
108.4	0.25	0	1	54200
108.416	0.25	0	1	54208
108.432	0.25	1	2	54216
108.45	0.25	1	2	54225
108.466	0.25	1	2	54233
108.482	0.25	1	2	54241
108.5	0.25	1	2	54250
108.516	0.25	1	2	54258
108.532	0.25	0	1	54266
108.55	0.25	0	1	54275
108.566	0.25	1	2	54283
108.582	0.25	1	2	54291
108.6	0.25	0	1	54300
108.616	0.25	0	1	54308
108.632	0.25	1	2	54316
108.65	0.25	1	2	54325
108.666	0.25	1	2	54333
108.682	0.25	1	2	54341
108.7	0.25	1	2	54350
108.716	0.25	1	2	54358
108.732	0.25	1	2	54366
108.75	0.25	1	2	54375
108.766	0.25	1	2	54383
108.782	0.25	1	2	54391
108.8	0.25	0	1	54400
108.816	0.25	0	1	54408
108.832	0.25	0	1	54416
108.85	0.25	0	1	54425
108.866	0.25	1	2	54433
108.882	0.25	1	2	54441
108.9	0.25	0	1	54450
108.916	0.25	0	1	54458
108.932	0.25	0	1	54466
108.95	0.25	0	1	54475
108.966	0.25	0	1	54483
108.982	0.25	0	1	54491
109.0	0.25	1	2	54500
109.016	0.25	1	2	54508
109.032	0.25	1	2	54516
110.516	0.25	1	2	55258
110.532	0.25	1	2	55266
110.55	0.25	1	2	55275
110.566	0.25	1	2	55283
110.582	0.25	0	1	55291
110.6	0.25	0	1	55300
110.616	0.25	0	1	55308
110.632	0.25	0	1	55316
110.65	0.25	0	1	55325
110.666	0.25	0	1	55333
110.682	0.25	0	1	55341
110.7	0.25	0	1	55350
110.716	0.25	1	2	55358
110.732	0.25	1	2	55366
110.75	0.25	0	1	55375
110.766	0.25	0	1	55383
110.782	0.25	0	1	55391
110.8	0.25	0	1	55400
110.816	0.25	1	2	55408
110.832	0.25	1	2	55416
110.85	0.25	1	2	55425
110.866	0.25	1	2	55433
110.882	0.25	0	1	55441
110.9	0.25	0	1	55450
110.916	0.25	0	1	55458
110.932	0.25	0	1	55466
110.95	0.25	0	1	55475
110.966	0.25	0	1	55483
110.982	0.25	0	1	55491
111.0	0.25	0	1	55500
111.016	0.25	0	1	55508
111.032	0.25	0	1	55516
111.05	0.25	0	1	55525
111.066	0.25	0	1	55533
111.082	0.25	1	2	55541
111.1	0.25	1	2	55550
111.116	0.25	0	1	55558
111.132	0.25	0	1	55566
111.15	0.25	1	2	55575
111.166	0.25	1	2	55583
111.182	0.25	1	2	55591
111.2	0.25	1	2	55600
111.216	0.25	0	1	55608
111.232	0.25	0	1	55616
111.25	0.25	1	2	55625
111.266	0.25	1	2	55633
111.282	0.25	0	1	55641
111.3	0.25	0	1	55650
111.316	0.25	1	2	55658
111.332	0.25	1	2	55666
111.35	0.25	0	1	55675
111.366	0.25	0	1	55683
111.382	0.25	1	2	55691
111.4	0.25	1	2	55700
111.416	0.25	0	1	55708
111.432	0.25	0	1	55716
111.45	0.25	0	1	55725
111.466	0.25	0	1	55733
111.482	0.25	0	1	55741
111.5	0.25	0	1	55750
111.516	0.25	1	2	55758
111.532	0.25	1	2	55766
111.55	0.25	1	2	55775
111.566	0.25	1	2	55783
111.582	0.25	1	2	55791
111.6	0.25	1	2	55800
111.616	0.25	0	1	55808
111.632	0.25	0	1	55816
111.65	0.25	1	2	55825
111.666	0.25	1	2	55833
111.682	0.25	1	2	55841
111.7	0.25	1	2	55850
111.716	0.25	1	2	55858
111.732	0.25	1	2	55866
111.75	0.25	0	1	55875
111.766	0.25	0	1	55883
111.782	0.25	1	2	55891
111.8	0.25	1	2	55900
111.816	0.25	0	1	55908
111.832	0.25	0	1	55916
111.85	0.25	1	2	55925
111.866	0.25	1	2	55933
111.882	0.25	1	2	55941
111.9	0.25	1	2	55950
111.916	0.25	0	1	55958
111.932	0.25	0	1	55966
111.95	0.25	0	1	55975
111.966	0.25	0	1	55983
111.982	0.25	0	1	55991
112.0	0.25	0	1	56000
112.016	0.25	1	2	56008
112.032	0.25	1	2	56016
112.05	0.25	1	2	56025
112.066	0.25	1	2	56033
112.082	0.25	0	1	56041
112.1	0.25	0	1	56050
112.116	0.25	1	2	56058
112.132	0.25	1	2	56066
112.15	0.25	1	2	56075
112.166	0.25	1	2	56083
112.182	0.25	1	2	56091
112.2	0.25	1	2	56100
112.216	0.25	0	1	56108
112.232	0.25	0	1	56116
112.25	0.25	0	1	56125
112.266	0.25	0	1	56133
112.282	0.25	0	1	56141
112.3	0.25	0	1	56150
112.316	0.25	0	1	56158
112.332	0.25	0	1	56166
112.35	0.25	0	1	56175
112.366	0.25	0	1	56183
112.382	0.25	1	2	56191
112.4	0.25	1	2	56200
112.416	0.25	1	2	56208
112.432	0.25	1	2	56216
112.45	0.25	1	2	56225
116.416	0.25	1	2	58208
116.432	0.25	1	2	58216
116.45	0.25	1	2	58225
116.466	0.25	1	2	58233
116.482	0.25	0	1	58241
116.5	0.25	0	1	58250
116.516	0.25	0	1	58258
116.532	0.25	0	1	58266
116.55	0.25	0	1	58275
116.566	0.25	0	1	58283
116.582	0.25	0	1	58291
116.6	0.25	0	1	58300
116.616	0.25	1	2	58308
116.632	0.25	1	2	58316
116.65	0.25	0	1	58325
116.666	0.25	0	1	58333
116.682	0.25	0	1	58341
116.7	0.25	0	1	58350
116.716	0.25	1	2	58358
116.732	0.25	1	2	58366
116.75	0.25	1	2	58375
116.766	0.25	1	2	58383
116.782	0.25	0	1	58391
116.8	0.25	0	1	58400
116.816	0.25	0	1	58408
116.832	0.25	0	1	58416
116.85	0.25	0	1	58425
116.866	0.25	0	1	58433
116.882	0.25	0	1	58441
116.9	0.25	0	1	58450
116.916	0.25	0	1	58458
116.932	0.25	0	1	58466
116.95	0.25	0	1	58475
116.966	0.25	0	1	58483
116.982	0.25	1	2	58491
117.0	0.25	1	2	58500
117.016	0.25	0	1	58508
117.032	0.25	0	1	58516
117.05	0.25	1	2	58525
117.066	0.25	1	2	58533
117.082	0.25	1	2	58541
117.1	0.25	1	2	58550
117.116	0.25	0	1	58558
117.132	0.25	0	1	58566
117.15	0.25	1	2	58575
117.166	0.25	1	2	58583
117.182	0.25	0	1	58591
117.2	0.25	0	1	58600
117.216	0.25	1	2	58608
117.232	0.25	1	2	58616
117.25	0.25	0	1	58625
117.266	0.25	0	1	58633
117.282	0.25	1	2	58641
117.3	0.25	1	2	58650
117.316	0.25	0	1	58658
117.332	0.25	0	1	58666
117.35	0.25	0	1	58675
117.366	0.25	0	1	58683
117.382	0.25	0	1	58691
117.4	0.25	0	1	58700
117.416	0.25	1	2	58708
117.432	0.25	1	2	58716
117.45	0.25	1	2	58725
117.466	0.25	1	2	58733
117.482	0.25	1	2	58741
117.5	0.25	1	2	58750
117.516	0.25	0	1	58758
117.532	0.25	0	1	58766
117.55	0.25	1	2	58775
117.566	0.25	1	2	58783
117.582	0.25	1	2	58791
117.6	0.25	1	2	58800
117.616	0.25	1	2	58808
117.632	0.25	1	2	58816
117.65	0.25	0	1	58825
117.666	0.25	0	1	58833
117.682	0.25	1	2	58841
117.7	0.25	1	2	58850
117.716	0.25	0	1	58858
117.732	0.25	0	1	58866
117.75	0.25	1	2	58875
117.766	0.25	1	2	58883
117.782	0.25	1	2	58891
117.8	0.25	1	2	58900
117.816	0.25	0	1	58908
117.832	0.25	0	1	58916
117.85	0.25	0	1	58925
117.866	0.25	0	1	58933
117.882	0.25	0	1	58941
117.9	0.25	0	1	58950
117.916	0.25	1	2	58958
117.932	0.25	1	2	58966
117.95	0.25	1	2	58975
117.966	0.25	1	2	58983
117.982	0.25	0	1	58991
118.0	0.25	0	1	59000
118.016	0.25	1	2	59008
118.032	0.25	1	2	59016
118.05	0.25	1	2	59025
118.066	0.25	1	2	59033
118.082	0.25	1	2	59041
118.1	0.25	1	2	59050
118.116	0.25	0	1	59058
118.132	0.25	0	1	59066
118.15	0.25	0	1	59075
118.166	0.25	0	1	59083
118.182	0.25	0	1	59091
118.2	0.25	0	1	59100
118.216	0.25	0	1	59108
118.232	0.25	0	1	59116
118.25	0.25	0	1	59125
118.266	0.25	0	1	59133
118.282	0.25	1	2	59141
118.3	0.25	1	2	59150
118.316	0.25	1	2	59158
118.332	0.25	1	2	59166
118.35	0.25	1	2	59175
119.832	0.25	0	1	59916
119.85	0.25	0	1	59925
119.866	0.25	0	1	59933
119.882	0.25	0	1	59941
119.9	0.25	1	2	59950
119.916	0.25	1	2	59958
119.932	0.25	1	2	59966
119.95	0.25	1	2	59975
119.966	0.25	0	1	59983
119.982	0.25	0	1	59991
120.0	0.25	0	1	60000
120.016	0.25	0	1	60008
120.032	0.25	0	1	60016
120.05	0.25	0	1	60025
120.066	0.25	0	1	60033
120.082	0.25	0	1	60041
120.1	0.25	1	2	60050
120.116	0.25	1	2	60058
120.132	0.25	1	2	60066
120.15	0.25	1	2	60075
120.166	0.25	1	2	60083
120.182	0.25	1	2	60091
120.2	0.25	1	2	60100
120.216	0.25	1	2	60108
120.232	0.25	1	2	60116
120.25	0.25	1	2	60125
120.266	0.25	0	1	60133
120.282	0.25	0	1	60141
120.3	0.25	0	1	60150
120.316	0.25	0	1	60158
120.332	0.25	0	1	60166
120.35	0.25	0	1	60175
120.366	0.25	0	1	60183
120.382	0.25	0	1	60191
120.4	0.25	0	1	60200
120.416	0.25	0	1	60208
120.432	0.25	0	1	60216
120.45	0.25	0	1	60225
120.466	0.25	1	2	60233
120.482	0.25	1	2	60241
120.5	0.25	1	2	60250
120.516	0.25	1	2	60258
120.532	0.25	0	1	60266
120.55	0.25	0	1	60275
120.566	0.25	0	1	60283
120.582	0.25	0	1	60291
120.6	0.25	1	2	60300
120.616	0.25	1	2	60308
120.632	0.25	0	1	60316
120.65	0.25	0	1	60325
120.666	0.25	1	2	60333
120.682	0.25	1	2	60341
120.7	0.25	0	1	60350
120.716	0.25	0	1	60358
120.732	0.25	1	2	60366
120.75	0.25	1	2	60375
120.766	0.25	0	1	60383
120.782	0.25	0	1	60391
120.8	0.25	1	2	60400
120.816	0.25	1	2	60408
120.832	0.25	1	2	60416
120.85	0.25	1	2	60425
120.866	0.25	0	1	60433
120.882	0.25	0	1	60441
120.9	0.25	1	2	60450
120.916	0.25	1	2	60458
120.932	0.25	0	1	60466
120.95	0.25	0	1	60475
120.966	0.25	0	1	60483
120.982	0.25	0	1	60491
121.0	0.25	0	1	60500
121.016	0.25	0	1	60508
121.032	0.25	1	2	60516
121.05	0.25	1	2	60525
121.066	0.25	0	1	60533
121.082	0.25	0	1	60541
121.1	0.25	0	1	60550
121.116	0.25	0	1	60558
121.132	0.25	0	1	60566
121.15	0.25	0	1	60575
121.166	0.25	1	2	60583
121.182	0.25	1	2	60591
121.2	0.25	1	2	60600
121.216	0.25	1	2	60608
121.232	0.25	1	2	60616
121.25	0.25	1	2	60625
121.266	0.25	0	1	60633
121.282	0.25	0	1	60641
121.3	0.25	1	2	60650
121.316	0.25	1	2	60658
121.332	0.25	0	1	60666
121.35	0.25	0	1	60675
121.366	0.25	1	2	60683
121.382	0.25	1	2	60691
121.4	0.25	1	2	60700
121.416	0.25	1	2	60708
121.432	0.25	1	2	60716
121.45	0.25	1	2	60725
121.466	0.25	1	2	60733
121.482	0.25	1	2	60741
121.5	0.25	1	2	60750
121.516	0.25	1	2	60758
121.532	0.25	0	1	60766
121.55	0.25	0	1	60775
121.566	0.25	0	1	60783
121.582	0.25	0	1	60791
121.6	0.25	1	2	60800
121.616	0.25	1	2	60808
121.632	0.25	0	1	60816
121.65	0.25	0	1	60825
121.666	0.25	0	1	60833
121.682	0.25	0	1	60841
121.7	0.25	0	1	60850
121.716	0.25	0	1	60858
121.732	0.25	1	2	60866
121.75	0.25	1	2	60875
121.766	0.25	1	2	60883
123.25	0.25	1	2	61625
123.266	0.25	1	2	61633
123.282	0.25	1	2	61641
123.3	0.25	1	2	61650
123.316	0.25	1	2	61658
123.332	0.25	1	2	61666
123.35	0.25	1	2	61675
123.366	0.25	1	2	61683
123.382	0.25	1	2	61691
123.4	0.25	1	2	61700
123.416	0.25	1	2	61708
123.432	0.25	1	2	61716
123.45	0.25	1	2	61725
123.466	0.25	1	2	61733
123.482	0.25	0	1	61741
123.5	0.25	0	1	61750
123.516	0.25	0	1	61758
123.532	0.25	0	1	61766
123.55	0.25	1	2	61775
123.566	0.25	1	2	61783
123.582	0.25	1	2	61791
123.6	0.25	1	2	61800
123.616	0.25	0	1	61808
123.632	0.25	0	1	61816
123.65	0.25	0	1	61825
123.666	0.25	0	1	61833
123.682	0.25	1	2	61841
123.7	0.25	1	2	61850
123.716	0.25	1	2	61858
123.732	0.25	1	2	61866
123.75	0.25	0	1	61875
123.766	0.25	0	1	61883
123.782	0.25	0	1	61891
123.8	0.25	0	1	61900
123.816	0.25	1	2	61908
123.832	0.25	1	2	61916
123.85	0.25	0	1	61925
123.866	0.25	0	1	61933
123.882	0.25	1	2	61941
123.9	0.25	1	2	61950
123.916	0.25	1	2	61958
123.932	0.25	1	2	61966
123.95	0.25	0	1	61975
123.966	0.25	0	1	61983
123.982	0.25	1	2	61991
124.0	0.25	1	2	62000
124.016	0.25	0	1	62008
124.032	0.25	0	1	62016
124.05	0.25	0	1	62025
124.066	0.25	0	1	62033
124.082	0.25	1	2	62041
124.1	0.25	1	2	62050
124.116	0.25	0	1	62058
124.132	0.25	0	1	62066
124.15	0.25	1	2	62075
124.166	0.25	1	2	62083
124.182	0.25	1	2	62091
124.2	0.25	1	2	62100
124.216	0.25	1	2	62108
124.232	0.25	1	2	62116
124.25	0.25	0	1	62125
124.266	0.25	0	1	62133
124.282	0.25	0	1	62141
124.3	0.25	0	1	62150
124.316	0.25	0	1	62158
124.332	0.25	0	1	62166
124.35	0.25	1	2	62175
124.366	0.25	1	2	62183
124.382	0.25	0	1	62191
124.4	0.25	0	1	62200
124.416	0.25	1	2	62208
124.432	0.25	1	2	62216
124.45	0.25	1	2	62225
124.466	0.25	1	2	62233
124.482	0.25	1	2	62241
124.5	0.25	1	2	62250
124.516	0.25	0	1	62258
124.532	0.25	0	1	62266
124.55	0.25	0	1	62275
124.566	0.25	0	1	62283
124.582	0.25	1	2	62291
124.6	0.25	1	2	62300
124.616	0.25	0	1	62308
124.632	0.25	0	1	62316
124.65	0.25	1	2	62325
124.666	0.25	1	2	62333
124.682	0.25	0	1	62341
124.7	0.25	0	1	62350
124.716	0.25	0	1	62358
124.732	0.25	0	1	62366
124.75	0.25	0	1	62375
124.766	0.25	0	1	62383
124.782	0.25	1	2	62391
124.8	0.25	1	2	62400
124.816	0.25	1	2	62408
124.832	0.25	1	2	62416
124.85	0.25	0	1	62425
124.866	0.25	0	1	62433
124.882	0.25	1	2	62441
124.9	0.25	1	2	62450
124.916	0.25	0	1	62458
124.932	0.25	0	1	62466
124.95	0.25	0	1	62475
124.966	0.25	0	1	62483
124.982	0.25	0	1	62491
125.0	0.25	0	1	62500
125.016	0.25	1	2	62508
125.032	0.25	1	2	62516
125.05	0.25	0	1	62525
125.066	0.25	0	1	62533
125.082	0.25	1	2	62541
125.1	0.25	1	2	62550
125.116	0.25	0	1	62558
125.132	0.25	0	1	62566
125.15	0.25	0	1	62575
125.166	0.25	0	1	62583
125.182	0.25	1	2	62591
126.666	0.25	1	2	63333
126.682	0.25	1	2	63341
126.7	0.25	1	2	63350
126.716	0.25	1	2	63358
126.732	0.25	0	1	63366
126.75	0.25	0	1	63375
126.766	0.25	1	2	63383
126.782	0.25	1	2	63391
126.8	0.25	1	2	63400
126.816	0.25	1	2	63408
126.832	0.25	0	1	63416
126.85	0.25	0	1	63425
126.866	0.25	1	2	63433
126.882	0.25	1	2	63441
126.9	0.25	1	2	63450
126.916	0.25	1	2	63458
126.932	0.25	0	1	63466
126.95	0.25	0	1	63475
126.966	0.25	1	2	63483
126.982	0.25	1	2	63491
127.0	0.25	1	2	63500
127.016	0.25	1	2	63508
127.032	0.25	0	1	63516
127.05	0.25	0	1	63525
127.066	0.25	0	1	63533
127.082	0.25	0	1	63541
127.1	0.25	0	1	63550
127.116	0.25	0	1	63558
127.132	0.25	1	2	63566
127.15	0.25	1	2	63575
127.166	0.25	1	2	63583
127.182	0.25	1	2	63591
127.2	0.25	1	2	63600
127.216	0.25	1	2	63608
127.232	0.25	0	1	63616
127.25	0.25	0	1	63625
127.266	0.25	0	1	63633
127.282	0.25	0	1	63641
127.3	0.25	0	1	63650
127.316	0.25	0	1	63658
127.332	0.25	1	2	63666
127.35	0.25	1	2	63675
127.366	0.25	1	2	63683
127.382	0.25	1	2	63691
127.4	0.25	1	2	63700
127.416	0.25	1	2	63708
127.432	0.25	1	2	63716
127.45	0.25	1	2	63725
127.466	0.25	1	2	63733
127.482	0.25	1	2	63741
127.5	0.25	0	1	63750
127.516	0.25	0	1	63758
127.532	0.25	0	1	63766
127.55	0.25	0	1	63775
127.566	0.25	1	2	63783
127.582	0.25	1	2	63791
127.6	0.25	0	1	63800
127.616	0.25	0	1	63808
127.632	0.25	1	2	63816
127.65	0.25	1	2	63825
127.666	0.25	0	1	63833
127.682	0.25	0	1	63841
127.7	0.25	0	1	63850
127.716	0.25	0	1	63858
127.732	0.25	1	2	63866
127.75	0.25	1	2	63875
127.766	0.25	1	2	63883
127.782	0.25	1	2	63891
127.8	0.25	0	1	63900
127.816	0.25	0	1	63908
127.832	0.25	0	1	63916
127.85	0.25	0	1	63925
127.866	0.25	0	1	63933
127.882	0.25	0	1	63941
127.9	0.25	0	1	63950
127.916	0.25	0	1	63958
127.932	0.25	1	2	63966
127.95	0.25	1	2	63975
127.966	0.25	0	1	63983
127.982	0.25	0	1	63991
128.0	0.25	0	1	64000
128.016	0.25	0	1	64008
128.032	0.25	0	1	64016
128.05	0.25	0	1	64025
128.066	0.25	0	1	64033
128.082	0.25	0	1	64041
128.1	0.25	1	2	64050
128.116	0.25	1	2	64058
128.132	0.25	1	2	64066
128.15	0.25	1	2	64075
128.166	0.25	1	2	64083
128.182	0.25	1	2	64091
128.198	0.25	1	2	64099
128.216	0.25	1	2	64108
128.232	0.25	1	2	64116
128.25	0.25	1	2	64125
128.266	0.25	1	2	64133
128.282	0.25	1	2	64141
128.3	0.25	0	1	64150
128.316	0.25	0	1	64158
128.332	0.25	1	2	64166
128.35	0.25	1	2	64175
128.366	0.25	0	1	64183
128.382	0.25	0	1	64191
128.4	0.25	1	2	64200
128.416	0.25	1	2	64208
128.432	0.25	0	1	64216
128.448	0.25	0	1	64224
128.466	0.25	0	1	64233
128.482	0.25	0	1	64241
128.5	0.25	1	2	64250
128.516	0.25	1	2	64258
128.532	0.25	1	2	64266
128.55	0.25	1	2	64275
128.566	0.25	0	1	64283
128.582	0.25	0	1	64291
128.6	0.25	0	1	64300
132.232	0.25	1	2	66116
132.25	0.25	1	2	66125
132.266	0.25	1	2	66133
132.282	0.25	1	2	66141
132.3	0.25	1	2	66150
132.316	0.25	1	2	66158
132.332	0.25	1	2	66166
132.35	0.25	1	2	66175
132.366	0.25	1	2	66183
132.382	0.25	1	2	66191
132.4	0.25	1	2	66200
132.416	0.25	1	2	66208
132.432	0.25	1	2	66216
132.45	0.25	1	2	66225
132.466	0.25	0	1	66233
132.482	0.25	0	1	66241
132.5	0.25	0	1	66250
132.516	0.25	0	1	66258
132.532	0.25	1	2	66266
132.55	0.25	1	2	66275
132.566	0.25	1	2	66283
132.582	0.25	1	2	66291
132.6	0.25	0	1	66300
132.616	0.25	0	1	66308
132.632	0.25	0	1	66316
132.65	0.25	0	1	66325
132.666	0.25	1	2	66333
132.682	0.25	1	2	66341
132.7	0.25	1	2	66350
132.716	0.25	1	2	66358
132.732	0.25	0	1	66366
132.75	0.25	0	1	66375
132.766	0.25	0	1	66383
132.782	0.25	0	1	66391
132.8	0.25	1	2	66400
132.816	0.25	1	2	66408
132.832	0.25	0	1	66416
132.85	0.25	0	1	66425
132.866	0.25	1	2	66433
132.882	0.25	1	2	66441
132.9	0.25	1	2	66450
132.916	0.25	1	2	66458
132.932	0.25	0	1	66466
132.95	0.25	0	1	66475
132.966	0.25	1	2	66483
132.982	0.25	1	2	66491
133.0	0.25	0	1	66500
133.016	0.25	0	1	66508
133.032	0.25	0	1	66516
133.05	0.25	0	1	66525
133.066	0.25	1	2	66533
133.082	0.25	1	2	66541
133.1	0.25	0	1	66550
133.116	0.25	0	1	66558
133.132	0.25	1	2	66566
133.15	0.25	1	2	66575
133.166	0.25	1	2	66583
133.182	0.25	1	2	66591
133.2	0.25	1	2	66600
133.216	0.25	1	2	66608
133.232	0.25	0	1	66616
133.25	0.25	0	1	66625
133.266	0.25	0	1	66633
133.282	0.25	0	1	66641
133.3	0.25	0	1	66650
133.316	0.25	0	1	66658
133.332	0.25	1	2	66666
133.35	0.25	1	2	66675
133.366	0.25	0	1	66683
133.382	0.25	0	1	66691
133.4	0.25	1	2	66700
133.416	0.25	1	2	66708
133.432	0.25	1	2	66716
133.45	0.25	1	2	66725
133.466	0.25	1	2	66733
133.482	0.25	1	2	66741
133.5	0.25	0	1	66750
133.516	0.25	0	1	66758
133.532	0.25	0	1	66766
133.55	0.25	0	1	66775
133.566	0.25	1	2	66783
133.582	0.25	1	2	66791
133.6	0.25	0	1	66800
133.616	0.25	0	1	66808
133.632	0.25	1	2	66816
133.65	0.25	1	2	66825
133.666	0.25	0	1	66833
133.682	0.25	0	1	66841
133.7	0.25	0	1	66850
133.716	0.25	0	1	66858
133.732	0.25	0	1	66866
133.75	0.25	0	1	66875
133.766	0.25	1	2	66883
133.782	0.25	1	2	66891
133.8	0.25	1	2	66900
133.816	0.25	1	2	66908
133.832	0.25	0	1	66916
133.85	0.25	0	1	66925
133.866	0.25	1	2	66933
133.882	0.25	1	2	66941
133.9	0.25	0	1	66950
133.916	0.25	0	1	66958
133.932	0.25	0	1	66966
133.95	0.25	0	1	66975
133.966	0.25	0	1	66983
133.982	0.25	0	1	66991
134.0	0.25	1	2	67000
134.016	0.25	1	2	67008
134.032	0.25	0	1	67016
134.05	0.25	0	1	67025
134.066	0.25	1	2	67033
134.082	0.25	1	2	67041
134.1	0.25	0	1	67050
134.116	0.25	0	1	67058
134.132	0.25	0	1	67066
134.15	0.25	0	1	67075
134.166	0.25	1	2	67083
135.65	0.25	0	1	67825
135.666	0.25	0	1	67833
135.682	0.25	0	1	67841
135.7	0.25	0	1	67850
135.716	0.25	1	2	67858
135.732	0.25	1	2	67866
135.75	0.25	1	2	67875
135.766	0.25	1	2	67883
135.782	0.25	0	1	67891
135.8	0.25	0	1	67900
135.816	0.25	0	1	67908
135.832	0.25	0	1	67916
135.85	0.25	0	1	67925
135.866	0.25	0	1	67933
135.882	0.25	0	1	67941
135.9	0.25	0	1	67950
135.916	0.25	1	2	67958
135.932	0.25	1	2	67966
135.95	0.25	1	2	67975
135.966	0.25	1	2	67983
135.982	0.25	1	2	67991
136.0	0.25	1	2	68000
136.016	0.25	1	2	68008
136.032	0.25	1	2	68016
136.05	0.25	1	2	68025
136.066	0.25	1	2	68033
136.082	0.25	0	1	68041
136.1	0.25	0	1	68050
136.116	0.25	0	1	68058
136.132	0.25	0	1	68066
136.15	0.25	0	1	68075
136.166	0.25	0	1	68083
136.182	0.25	0	1	68091
136.2	0.25	0	1	68100
136.216	0.25	0	1	68108
136.232	0.25	0	1	68116
136.25	0.25	0	1	68125
136.266	0.25	0	1	68133
136.282	0.25	1	2	68141
136.3	0.25	1	2	68150
136.316	0.25	1	2	68158
136.332	0.25	1	2	68166
136.35	0.25	0	1	68175
136.366	0.25	0	1	68183
136.382	0.25	0	1	68191
136.4	0.25	0	1	68200
136.416	0.25	1	2	68208
136.432	0.25	1	2	68216
136.45	0.25	0	1	68225
136.466	0.25	0	1	68233
136.482	0.25	1	2	68241
136.5	0.25	1	2	68250
136.516	0.25	0	1	68258
136.532	0.25	0	1	68266
136.55	0.25	1	2	68275
136.566	0.25	1	2	68283
136.582	0.25	0	1	68291
136.6	0.25	0	1	68300
136.616	0.25	1	2	68308
136.632	0.25	1	2	68316
136.65	0.25	1	2	68325
136.666	0.25	1	2	68333
136.682	0.25	0	1	68341
136.7	0.25	0	1	68350
136.716	0.25	1	2	68358
136.732	0.25	1	2	68366
136.75	0.25	0	1	68375
136.766	0.25	0	1	68383
136.782	0.25	0	1	68391
136.8	0.25	0	1	68400
136.816	0.25	0	1	68408
136.832	0.25	0	1	68416
136.85	0.25	1	2	68425
136.866	0.25	1	2	68433
136.882	0.25	0	1	68441
136.9	0.25	0	1	68450
136.916	0.25	0	1	68458
136.932	0.25	0	1	68466
136.95	0.25	0	1	68475
136.966	0.25	0	1	68483
136.982	0.25	1	2	68491
137.0	0.25	1	2	68500
137.016	0.25	1	2	68508
137.032	0.25	1	2	68516
137.05	0.25	1	2	68525
137.066	0.25	1	2	68533
137.082	0.25	0	1	68541
137.1	0.25	0	1	68550
137.116	0.25	1	2	68558
137.132	0.25	1	2	68566
137.15	0.25	0	1	68575
137.166	0.25	0	1	68583
137.182	0.25	1	2	68591
137.2	0.25	1	2	68600
137.216	0.25	1	2	68608
137.232	0.25	1	2	68616
137.25	0.25	1	2	68625
137.266	0.25	1	2	68633
137.282	0.25	1	2	68641
137.3	0.25	1	2	68650
137.316	0.25	1	2	68658
137.332	0.25	1	2	68666
137.35	0.25	0	1	68675
137.366	0.25	0	1	68683
137.382	0.25	0	1	68691
137.4	0.25	0	1	68700
137.416	0.25	1	2	68708
137.432	0.25	1	2	68716
137.45	0.25	0	1	68725
137.466	0.25	0	1	68733
137.482	0.25	0	1	68741
137.5	0.25	0	1	68750
137.516	0.25	0	1	68758
137.532	0.25	0	1	68766
137.55	0.25	1	2	68775
137.566	0.25	1	2	68783
137.582	0.25	1	2	68791
139.066	0.25	1	2	69533
139.082	0.25	1	2	69541
139.1	0.25	1	2	69550
139.116	0.25	1	2	69558
139.132	0.25	0	1	69566
139.15	0.25	0	1	69575
139.166	0.25	0	1	69583
139.182	0.25	0	1	69591
139.2	0.25	0	1	69600
139.216	0.25	0	1	69608
139.232	0.25	0	1	69616
139.25	0.25	0	1	69625
139.266	0.25	1	2	69633
139.282	0.25	1	2	69641
139.3	0.25	0	1	69650
139.316	0.25	0	1	69658
139.332	0.25	0	1	69666
139.35	0.25	0	1	69675
139.366	0.25	1	2	69683
139.382	0.25	1	2	69691
139.4	0.25	1	2	69700
139.416	0.25	1	2	69708
139.432	0.25	0	1	69716
139.45	0.25	0	1	69725
139.466	0.25	0	1	69733
139.482	0.25	0	1	69741
139.5	0.25	0	1	69750
139.516	0.25	0	1	69758
139.532	0.25	0	1	69766
139.55	0.25	0	1	69775
139.566	0.25	0	1	69783
139.582	0.25	0	1	69791
139.6	0.25	0	1	69800
139.616	0.25	0	1	69808
139.632	0.25	1	2	69816
139.65	0.25	1	2	69825
139.666	0.25	0	1	69833
139.682	0.25	0	1	69841
139.7	0.25	1	2	69850
139.716	0.25	1	2	69858
139.732	0.25	1	2	69866
139.75	0.25	1	2	69875
139.766	0.25	0	1	69883
139.782	0.25	0	1	69891
139.8	0.25	1	2	69900
139.816	0.25	1	2	69908
139.832	0.25	0	1	69916
139.85	0.25	0	1	69925
139.866	0.25	1	2	69933
139.882	0.25	1	2	69941
139.9	0.25	0	1	69950
139.916	0.25	0	1	69958
139.932	0.25	1	2	69966
139.95	0.25	1	2	69975
139.966	0.25	0	1	69983
139.982	0.25	0	1	69991
140.0	0.25	0	1	70000
140.016	0.25	0	1	70008
140.032	0.25	0	1	70016
140.05	0.25	0	1	70025
140.066	0.25	1	2	70033
140.082	0.25	1	2	70041
140.1	0.25	1	2	70050
140.116	0.25	1	2	70058
140.132	0.25	1	2	70066
140.15	0.25	1	2	70075
140.166	0.25	0	1	70083
140.182	0.25	0	1	70091
140.2	0.25	1	2	70100
140.216	0.25	1	2	70108
140.232	0.25	1	2	70116
140.25	0.25	1	2	70125
140.266	0.25	1	2	70133
140.282	0.25	1	2	70141
140.3	0.25	0	1	70150
140.316	0.25	0	1	70158
140.332	0.25	1	2	70166
140.35	0.25	1	2	70175
140.366	0.25	0	1	70183
140.382	0.25	0	1	70191
140.4	0.25	1	2	70200
140.416	0.25	1	2	70208
140.432	0.25	1	2	70216
140.45	0.25	1	2	70225
140.466	0.25	0	1	70233
140.482	0.25	0	1	70241
140.5	0.25	0	1	70250
140.516	0.25	0	1	70258
140.532	0.25	0	1	70266
140.55	0.25	0	1	70275
140.566	0.25	1	2	70283
140.582	0.25	1	2	70291
140.6	0.25	1	2	70300
140.616	0.25	1	2	70308
140.632	0.25	0	1	70316
140.65	0.25	0	1	70325
140.666	0.25	1	2	70333
140.682	0.25	1	2	70341
140.7	0.25	1	2	70350
140.716	0.25	1	2	70358
140.732	0.25	1	2	70366
140.75	0.25	1	2	70375
140.766	0.25	0	1	70383
140.782	0.25	0	1	70391
140.8	0.25	0	1	70400
140.816	0.25	0	1	70408
140.832	0.25	0	1	70416
140.85	0.25	0	1	70425
140.866	0.25	0	1	70433
140.882	0.25	0	1	70441
140.9	0.25	0	1	70450
140.916	0.25	0	1	70458
140.932	0.25	1	2	70466
140.95	0.25	1	2	70475
140.966	0.25	1	2	70483
140.982	0.25	1	2	70491
141.0	0.25	1	2	70500
142.482	0.25	1	2	71241
142.5	0.25	1	2	71250
142.516	0.25	1	2	71258
142.532	0.25	1	2	71266
142.55	0.25	0	1	71275
142.566	0.25	0	1	71283
142.582	0.25	1	2	71291
142.6	0.25	1	2	71300
142.616	0.25	1	2	71308
142.632	0.25	1	2	71316
142.65	0.25	0	1	71325
142.666	0.25	0	1	71333
142.682	0.25	1	2	71341
142.7	0.25	1	2	71350
142.716	0.25	1	2	71358
142.732	0.25	1	2	71366
142.75	0.25	0	1	71375
142.766	0.25	0	1	71383
142.782	0.25	1	2	71391
142.8	0.25	1	2	71400
142.816	0.25	1	2	71408
142.832	0.25	1	2	71416
142.85	0.25	0	1	71425
142.866	0.25	0	1	71433
142.882	0.25	0	1	71441
142.9	0.25	0	1	71450
142.916	0.25	0	1	71458
142.932	0.25	0	1	71466
142.95	0.25	1	2	71475
142.966	0.25	1	2	71483
142.982	0.25	1	2	71491
143.0	0.25	1	2	71500
143.016	0.25	1	2	71508
143.032	0.25	1	2	71516
143.05	0.25	0	1	71525
143.066	0.25	0	1	71533
143.082	0.25	0	1	71541
143.1	0.25	0	1	71550
143.116	0.25	0	1	71558
143.132	0.25	0	1	71566
143.15	0.25	1	2	71575
143.166	0.25	1	2	71583
143.182	0.25	1	2	71591
143.2	0.25	1	2	71600
143.216	0.25	1	2	71608
143.232	0.25	1	2	71616
143.25	0.25	1	2	71625
143.266	0.25	1	2	71633
143.282	0.25	1	2	71641
143.3	0.25	1	2	71650
143.316	0.25	0	1	71658
143.332	0.25	0	1	71666
143.35	0.25	0	1	71675
143.366	0.25	0	1	71683
143.382	0.25	1	2	71691
143.4	0.25	1	2	71700
143.416	0.25	0	1	71708
143.432	0.25	0	1	71716
143.45	0.25	1	2	71725
143.466	0.25	1	2	71733
143.482	0.25	0	1	71741
143.5	0.25	0	1	71750
143.516	0.25	0	1	71758
143.532	0.25	0	1	71766
143.55	0.25	1	2	71775
143.566	0.25	1	2	71783
143.582	0.25	1	2	71791
143.6	0.25	1	2	71800
143.616	0.25	0	1	71808
143.632	0.25	0	1	71816
143.65	0.25	0	1	71825
143.666	0.25	0	1	71833
143.682	0.25	0	1	71841
143.7	0.25	0	1	71850
143.716	0.25	0	1	71858
143.732	0.25	0	1	71866
143.75	0.25	1	2	71875
143.766	0.25	1	2	71883
143.782	0.25	0	1	71891
143.8	0.25	0	1	71900
143.816	0.25	0	1	71908
143.832	0.25	0	1	71916
143.85	0.25	0	1	71925
143.866	0.25	0	1	71933
143.882	0.25	0	1	71941
143.9	0.25	0	1	71950
143.916	0.25	1	2	71958
143.932	0.25	1	2	71966
143.95	0.25	1	2	71975
143.966	0.25	1	2	71983
143.982	0.25	1	2	71991
144.0	0.25	1	2	72000
144.016	0.25	1	2	72008
144.032	0.25	1	2	72016
144.05	0.25	1	2	72025
144.066	0.25	1	2	72033
144.082	0.25	1	2	72041
144.1	0.25	1	2	72050
144.116	0.25	0	1	72058
144.132	0.25	0	1	72066
144.15	0.25	1	2	72075
144.166	0.25	1	2	72083
144.182	0.25	0	1	72091
144.2	0.25	0	1	72100
144.216	0.25	1	2	72108
144.232	0.25	1	2	72116
144.25	0.25	0	1	72125
144.266	0.25	0	1	72133
144.282	0.25	0	1	72141
144.3	0.25	0	1	72150
144.316	0.25	1	2	72158
144.332	0.25	1	2	72166
144.35	0.25	1	2	72175
144.366	0.25	1	2	72183
144.382	0.25	0	1	72191
144.4	0.25	0	1	72200
144.416	0.25	0	1	72208
148.432	0.25	1	2	74216
148.45	0.25	1	2	74225
148.466	0.25	1	2	74233
148.482	0.25	1	2	74241
148.5	0.25	0	1	74250
148.516	0.25	0	1	74258
148.532	0.25	1	2	74266
148.55	0.25	1	2	74275
148.566	0.25	1	2	74283
148.582	0.25	1	2	74291
148.6	0.25	0	1	74300
148.616	0.25	0	1	74308
148.632	0.25	1	2	74316
148.65	0.25	1	2	74325
148.666	0.25	1	2	74333
148.682	0.25	1	2	74341
148.7	0.25	0	1	74350
148.716	0.25	0	1	74358
148.732	0.25	1	2	74366
148.75	0.25	1	2	74375
148.766	0.25	1	2	74383
148.782	0.25	1	2	74391
148.8	0.25	0	1	74400
148.816	0.25	0	1	74408
148.832	0.25	0	1	74416
148.85	0.25	0	1	74425
148.866	0.25	0	1	74433
148.882	0.25	0	1	74441
148.9	0.25	1	2	74450
148.916	0.25	1	2	74458
148.932	0.25	1	2	74466
148.95	0.25	1	2	74475
148.966	0.25	1	2	74483
148.982	0.25	1	2	74491
149.0	0.25	0	1	74500
149.016	0.25	0	1	74508
149.032	0.25	0	1	74516
149.05	0.25	0	1	74525
149.066	0.25	0	1	74533
149.082	0.25	0	1	74541
149.1	0.25	1	2	74550
149.116	0.25	1	2	74558
149.132	0.25	1	2	74566
149.15	0.25	1	2	74575
149.166	0.25	1	2	74583
149.182	0.25	1	2	74591
149.2	0.25	1	2	74600
149.216	0.25	1	2	74608
149.232	0.25	1	2	74616
149.25	0.25	1	2	74625
149.266	0.25	0	1	74633
149.282	0.25	0	1	74641
149.3	0.25	0	1	74650
149.316	0.25	0	1	74658
149.332	0.25	1	2	74666
149.35	0.25	1	2	74675
149.366	0.25	0	1	74683
149.382	0.25	0	1	74691
149.4	0.25	1	2	74700
149.416	0.25	1	2	74708
149.432	0.25	0	1	74716
149.45	0.25	0	1	74725
149.466	0.25	0	1	74733
149.482	0.25	0	1	74741
149.5	0.25	1	2	74750
149.516	0.25	1	2	74758
149.532	0.25	1	2	74766
149.55	0.25	1	2	74775
149.566	0.25	0	1	74783
149.582	0.25	0	1	74791
149.6	0.25	0	1	74800
149.616	0.25	0	1	74808
149.632	0.25	0	1	74816
149.65	0.25	0	1	74825
149.666	0.25	0	1	74833
149.682	0.25	0	1	74841
149.7	0.25	1	2	74850
149.716	0.25	1	2	74858
149.732	0.25	0	1	74866
149.75	0.25	0	1	74875
149.766	0.25	0	1	74883
149.782	0.25	0	1	74891
149.8	0.25	0	1	74900
149.816	0.25	0	1	74908
149.832	0.25	0	1	74916
149.85	0.25	0	1	74925
149.866	0.25	1	2	74933
149.882	0.25	1	2	74941
149.9	0.25	1	2	74950
149.916	0.25	1	2	74958
149.932	0.25	1	2	74966
149.95	0.25	1	2	74975
149.966	0.25	1	2	74983
149.982	0.25	1	2	74991
150.0	0.25	1	2	75000
150.016	0.25	1	2	75008
150.032	0.25	1	2	75016
150.05	0.25	1	2	75025
150.066	0.25	0	1	75033
150.082	0.25	0	1	75041
150.1	0.25	1	2	75050
150.116	0.25	1	2	75058
150.132	0.25	0	1	75066
150.15	0.25	0	1	75075
150.166	0.25	1	2	75083
150.182	0.25	1	2	75091
150.2	0.25	0	1	75100
150.216	0.25	0	1	75108
150.232	0.25	0	1	75116
150.25	0.25	0	1	75125
150.266	0.25	1	2	75133
150.282	0.25	1	2	75141
150.3	0.25	1	2	75150
150.316	0.25	1	2	75158
150.332	0.25	0	1	75166
150.35	0.25	0	1	75175
150.366	0.25	0	1	75183
151.85	0.25	0	1	75925
151.866	0.25	0	1	75933
151.882	0.25	0	1	75941
151.9	0.25	0	1	75950
151.916	0.25	1	2	75958
151.932	0.25	1	2	75966
151.95	0.25	1	2	75975
151.966	0.25	1	2	75983
151.982	0.25	0	1	75991
152.0	0.25	0	1	76000
152.016	0.25	0	1	76008
152.032	0.25	0	1	76016
152.05	0.25	0	1	76025
152.066	0.25	0	1	76033
152.082	0.25	0	1	76041
152.1	0.25	0	1	76050
152.116	0.25	1	2	76058
152.132	0.25	1	2	76066
152.15	0.25	1	2	76075
152.166	0.25	1	2	76083
152.182	0.25	1	2	76091
152.2	0.25	1	2	76100
152.216	0.25	1	2	76108
152.232	0.25	1	2	76116
152.25	0.25	1	2	76125
152.266	0.25	1	2	76133
152.282	0.25	0	1	76141
152.3	0.25	0	1	76150
152.316	0.25	0	1	76158
152.332	0.25	0	1	76166
152.35	0.25	0	1	76175
152.366	0.25	0	1	76183
152.382	0.25	0	1	76191
152.4	0.25	0	1	76200
152.416	0.25	0	1	76208
152.432	0.25	0	1	76216
152.45	0.25	0	1	76225
152.466	0.25	0	1	76233
152.482	0.25	1	2	76241
152.5	0.25	1	2	76250
152.516	0.25	1	2	76258
152.532	0.25	1	2	76266
152.55	0.25	0	1	76275
152.566	0.25	0	1	76283
152.582	0.25	0	1	76291
152.6	0.25	0	1	76300
152.616	0.25	1	2	76308
152.632	0.25	1	2	76316
152.65	0.25	0	1	76325
152.666	0.25	0	1	76333
152.682	0.25	1	2	76341
152.7	0.25	1	2	76350
152.716	0.25	0	1	76358
152.732	0.25	0	1	76366
152.75	0.25	1	2	76375
152.766	0.25	1	2	76383
152.782	0.25	0	1	76391
152.8	0.25	0	1	76400
152.816	0.25	1	2	76408
152.832	0.25	1	2	76416
152.85	0.25	1	2	76425
152.866	0.25	1	2	76433
152.882	0.25	0	1	76441
152.9	0.25	0	1	76450
152.916	0.25	1	2	76458
152.932	0.25	1	2	76466
152.95	0.25	0	1	76475
152.966	0.25	0	1	76483
152.982	0.25	0	1	76491
153.0	0.25	0	1	76500
153.016	0.25	0	1	76508
153.032	0.25	0	1	76516
153.05	0.25	1	2	76525
153.066	0.25	1	2	76533
153.082	0.25	0	1	76541
153.1	0.25	0	1	76550
153.116	0.25	0	1	76558
153.132	0.25	0	1	76566
153.15	0.25	0	1	76575
153.166	0.25	0	1	76583
153.182	0.25	1	2	76591
153.2	0.25	1	2	76600
153.216	0.25	1	2	76608
153.232	0.25	1	2	76616
153.25	0.25	1	2	76625
153.266	0.25	1	2	76633
153.282	0.25	0	1	76641
153.3	0.25	0	1	76650
153.316	0.25	1	2	76658
153.332	0.25	1	2	76666
153.35	0.25	0	1	76675
153.366	0.25	0	1	76683
153.382	0.25	1	2	76691
153.4	0.25	1	2	76700
153.416	0.25	1	2	76708
153.432	0.25	1	2	76716
153.45	0.25	1	2	76725
153.466	0.25	1	2	76733
153.482	0.25	1	2	76741
153.5	0.25	1	2	76750
153.516	0.25	1	2	76758
153.532	0.25	1	2	76766
153.55	0.25	0	1	76775
153.566	0.25	0	1	76783
153.582	0.25	0	1	76791
153.6	0.25	0	1	76800
153.616	0.25	1	2	76808
153.632	0.25	1	2	76816
153.65	0.25	0	1	76825
153.666	0.25	0	1	76833
153.682	0.25	0	1	76841
153.7	0.25	0	1	76850
153.716	0.25	0	1	76858
153.732	0.25	0	1	76866
153.75	0.25	1	2	76875
153.766	0.25	1	2	76883
153.782	0.25	1	2	76891
155.266	0.25	1	2	77633
155.282	0.25	1	2	77641
155.3	0.25	1	2	77650
155.316	0.25	1	2	77658
155.332	0.25	0	1	77666
155.35	0.25	0	1	77675
155.366	0.25	0	1	77683
155.382	0.25	0	1	77691
155.4	0.25	0	1	77700
155.416	0.25	0	1	77708
155.432	0.25	0	1	77716
155.45	0.25	0	1	77725
155.466	0.25	1	2	77733
155.482	0.25	1	2	77741
155.5	0.25	0	1	77750
155.516	0.25	0	1	77758
155.532	0.25	0	1	77766
155.55	0.25	0	1	77775
155.566	0.25	1	2	77783
155.582	0.25	1	2	77791
155.6	0.25	1	2	77800
155.616	0.25	1	2	77808
155.632	0.25	0	1	77816
155.65	0.25	0	1	77825
155.666	0.25	0	1	77833
155.682	0.25	0	1	77841
155.7	0.25	0	1	77850
155.716	0.25	0	1	77858
155.732	0.25	0	1	77866
155.75	0.25	0	1	77875
155.766	0.25	0	1	77883
155.782	0.25	0	1	77891
155.8	0.25	0	1	77900
155.816	0.25	0	1	77908
155.832	0.25	1	2	77916
155.85	0.25	1	2	77925
155.866	0.25	0	1	77933
155.882	0.25	0	1	77941
155.9	0.25	1	2	77950
155.916	0.25	1	2	77958
155.932	0.25	1	2	77966
155.95	0.25	1	2	77975
155.966	0.25	0	1	77983
155.982	0.25	0	1	77991
156.0	0.25	1	2	78000
156.016	0.25	1	2	78008
156.032	0.25	0	1	78016
156.05	0.25	0	1	78025
156.066	0.25	1	2	78033
156.082	0.25	1	2	78041
156.1	0.25	0	1	78050
156.116	0.25	0	1	78058
156.132	0.25	1	2	78066
156.15	0.25	1	2	78075
156.166	0.25	0	1	78083
156.182	0.25	0	1	78091
156.2	0.25	0	1	78100
156.216	0.25	0	1	78108
156.232	0.25	0	1	78116
156.25	0.25	0	1	78125
156.266	0.25	1	2	78133
156.282	0.25	1	2	78141
156.3	0.25	1	2	78150
156.316	0.25	1	2	78158
156.332	0.25	1	2	78166
156.35	0.25	1	2	78175
156.366	0.25	0	1	78183
156.382	0.25	0	1	78191
156.4	0.25	1	2	78200
156.416	0.25	1	2	78208
156.432	0.25	1	2	78216
156.45	0.25	1	2	78225
156.466	0.25	1	2	78233
156.482	0.25	1	2	78241
156.5	0.25	0	1	78250
156.516	0.25	0	1	78258
156.532	0.25	1	2	78266
156.55	0.25	1	2	78275
156.566	0.25	0	1	78283
156.582	0.25	0	1	78291
156.6	0.25	1	2	78300
156.616	0.25	1	2	78308
156.632	0.25	1	2	78316
156.65	0.25	1	2	78325
156.666	0.25	0	1	78333
156.682	0.25	0	1	78341
156.7	0.25	0	1	78350
156.716	0.25	0	1	78358
156.732	0.25	0	1	78366
156.75	0.25	0	1	78375
156.766	0.25	1	2	78383
156.782	0.25	1	2	78391
156.8	0.25	1	2	78400
156.816	0.25	1	2	78408
156.832	0.25	0	1	78416
156.85	0.25	0	1	78425
156.866	0.25	1	2	78433
156.882	0.25	1	2	78441
156.9	0.25	1	2	78450
156.916	0.25	1	2	78458
156.932	0.25	1	2	78466
156.95	0.25	1	2	78475
156.966	0.25	0	1	78483
156.982	0.25	0	1	78491
157.0	0.25	0	1	78500
157.016	0.25	0	1	78508
157.032	0.25	0	1	78516
157.05	0.25	0	1	78525
157.066	0.25	0	1	78533
157.082	0.25	0	1	78541
157.1	0.25	0	1	78550
157.116	0.25	0	1	78558
157.132	0.25	1	2	78566
157.15	0.25	1	2	78575
157.166	0.25	1	2	78583
157.182	0.25	1	2	78591
157.2	0.25	1	2	78600
158.682	0.25	1	2	79341
158.7	0.25	1	2	79350
158.716	0.25	1	2	79358
158.732	0.25	1	2	79366
158.75	0.25	1	2	79375
158.766	0.25	1	2	79383
158.782	0.25	1	2	79391
158.8	0.25	1	2	79400
158.816	0.25	1	2	79408
158.832	0.25	1	2	79416
158.85	0.25	1	2	79425
158.866	0.25	1	2	79433
158.882	0.25	1	2	79441
158.9	0.25	1	2	79450
158.916	0.25	0	1	79458
158.932	0.25	0	1	79466
158.95	0.25	0	1	79475
158.966	0.25	0	1	79483
158.982	0.25	1	2	79491
159.0	0.25	1	2	79500
159.016	0.25	1	2	79508
159.032	0.25	1	2	79516
159.05	0.25	0	1	79525
159.066	0.25	0	1	79533
159.082	0.25	0	1	79541
159.1	0.25	0	1	79550
159.116	0.25	1	2	79558
159.132	0.25	1	2	79566
159.15	0.25	1	2	79575
159.166	0.25	1	2	79583
159.182	0.25	0	1	79591
159.2	0.25	0	1	79600
159.216	0.25	0	1	79608
159.232	0.25	0	1	79616
159.25	0.25	1	2	79625
159.266	0.25	1	2	79633
159.282	0.25	0	1	79641
159.3	0.25	0	1	79650
159.316	0.25	1	2	79658
159.332	0.25	1	2	79666
159.35	0.25	1	2	79675
159.366	0.25	1	2	79683
159.382	0.25	0	1	79691
159.4	0.25	0	1	79700
159.416	0.25	1	2	79708
159.432	0.25	1	2	79716
159.45	0.25	0	1	79725
159.466	0.25	0	1	79733
159.482	0.25	0	1	79741
159.5	0.25	0	1	79750
159.516	0.25	1	2	79758
159.532	0.25	1	2	79766
159.55	0.25	0	1	79775
159.566	0.25	0	1	79783
159.582	0.25	1	2	79791
159.6	0.25	1	2	79800
159.616	0.25	1	2	79808
159.632	0.25	1	2	79816
159.65	0.25	1	2	79825
159.666	0.25	1	2	79833
159.682	0.25	0	1	79841
159.7	0.25	0	1	79850
159.716	0.25	0	1	79858
159.732	0.25	0	1	79866
159.75	0.25	0	1	79875
159.766	0.25	0	1	79883
159.782	0.25	1	2	79891
159.8	0.25	1	2	79900
159.816	0.25	0	1	79908
159.832	0.25	0	1	79916
159.85	0.25	1	2	79925
159.866	0.25	1	2	79933
159.882	0.25	1	2	79941
159.9	0.25	1	2	79950
159.916	0.25	1	2	79958
159.932	0.25	1	2	79966
159.95	0.25	0	1	79975
159.966	0.25	0	1	79983
159.982	0.25	0	1	79991
160.0	0.25	0	1	80000
160.016	0.25	1	2	80008
160.032	0.25	1	2	80016
160.05	0.25	0	1	80025
160.066	0.25	0	1	80033
160.082	0.25	1	2	80041
160.1	0.25	1	2	80050
160.116	0.25	0	1	80058
160.132	0.25	0	1	80066
160.15	0.25	0	1	80075
160.166	0.25	0	1	80083
160.182	0.25	0	1	80091
160.2	0.25	0	1	80100
160.216	0.25	1	2	80108
160.232	0.25	1	2	80116
160.25	0.25	1	2	80125
160.266	0.25	1	2	80133
160.282	0.25	0	1	80141
160.3	0.25	0	1	80150
160.316	0.25	1	2	80158
160.332	0.25	1	2	80166
160.35	0.25	0	1	80175
160.366	0.25	0	1	80183
160.382	0.25	0	1	80191
160.4	0.25	0	1	80200
160.416	0.25	0	1	80208
160.432	0.25	0	1	80216
160.45	0.25	1	2	80225
160.466	0.25	1	2	80233
160.482	0.25	0	1	80241
160.5	0.25	0	1	80250
160.516	0.25	1	2	80258
160.532	0.25	1	2	80266
160.55	0.25	0	1	80275
160.566	0.25	0	1	80283
160.582	0.25	0	1	80291
160.6	0.25	0	1	80300
160.616	0.25	1	2	80308
164.082	0.25	1	2	82041
164.1	0.25	1	2	82050
164.116	0.25	1	2	82058
164.132	0.25	1	2	82066
164.15	0.25	0	1	82075
164.166	0.25	0	1	82083
164.182	0.25	1	2	82091
164.2	0.25	1	2	82100
164.216	0.25	1	2	82108
164.232	0.25	1	2	82116
164.25	0.25	0	1	82125
164.266	0.25	0	1	82133
164.282	0.25	1	2	82141
164.3	0.25	1	2	82150
164.316	0.25	1	2	82158
164.332	0.25	1	2	82166
164.35	0.25	0	1	82175
164.366	0.25	0	1	82183
164.382	0.25	1	2	82191
164.4	0.25	1	2	82200
164.416	0.25	1	2	82208
164.432	0.25	1	2	82216
164.45	0.25	0	1	82225
164.466	0.25	0	1	82233
164.482	0.25	0	1	82241
164.5	0.25	0	1	82250
164.516	0.25	0	1	82258
164.532	0.25	0	1	82266
164.55	0.25	1	2	82275
164.566	0.25	1	2	82283
164.582	0.25	1	2	82291
164.6	0.25	1	2	82300
164.616	0.25	1	2	82308
164.632	0.25	1	2	82316
164.65	0.25	0	1	82325
164.666	0.25	0	1	82333
164.682	0.25	0	1	82341
164.7	0.25	0	1	82350
164.716	0.25	0	1	82358
164.732	0.25	0	1	82366
164.75	0.25	1	2	82375
164.766	0.25	1	2	82383
164.782	0.25	1	2	82391
164.8	0.25	1	2	82400
164.816	0.25	1	2	82408
164.832	0.25	1	2	82416
164.85	0.25	1	2	82425
164.866	0.25	1	2	82433
164.882	0.25	1	2	82441
164.9	0.25	1	2	82450
164.916	0.25	0	1	82458
164.932	0.25	0	1	82466
164.95	0.25	0	1	82475
164.966	0.25	0	1	82483
164.982	0.25	1	2	82491
165.0	0.25	1	2	82500
165.016	0.25	0	1	82508
165.032	0.25	0	1	82516
165.05	0.25	1	2	82525
165.066	0.25	1	2	82533
165.082	0.25	0	1	82541
165.1	0.25	0	1	82550
165.116	0.25	0	1	82558
165.132	0.25	0	1	82566
165.15	0.25	1	2	82575
165.166	0.25	1	2	82583
165.182	0.25	1	2	82591
165.2	0.25	1	2	82600
165.216	0.25	0	1	82608
165.232	0.25	0	1	82616
165.25	0.25	0	1	82625
165.266	0.25	0	1	82633
165.282	0.25	0	1	82641
165.3	0.25	0	1	82650
165.316	0.25	0	1	82658
165.332	0.25	0	1	82666
165.35	0.25	1	2	82675
165.366	0.25	1	2	82683
165.382	0.25	0	1	82691
165.4	0.25	0	1	82700
165.416	0.25	0	1	82708
165.432	0.25	0	1	82716
165.45	0.25	0	1	82725
165.466	0.25	0	1	82733
165.482	0.25	0	1	82741
165.5	0.25	0	1	82750
165.516	0.25	1	2	82758
165.532	0.25	1	2	82766
165.55	0.25	1	2	82775
165.566	0.25	1	2	82783
165.582	0.25	1	2	82791
165.6	0.25	1	2	82800
165.616	0.25	1	2	82808
165.632	0.25	1	2	82816
165.65	0.25	1	2	82825
165.666	0.25	1	2	82833
165.682	0.25	1	2	82841
165.7	0.25	1	2	82850
165.716	0.25	0	1	82858
165.732	0.25	0	1	82866
165.75	0.25	1	2	82875
165.766	0.25	1	2	82883
165.782	0.25	0	1	82891
165.8	0.25	0	1	82900
165.816	0.25	1	2	82908
165.832	0.25	1	2	82916
165.85	0.25	0	1	82925
165.866	0.25	0	1	82933
165.882	0.25	0	1	82941
165.9	0.25	0	1	82950
165.916	0.25	1	2	82958
165.932	0.25	1	2	82966
165.95	0.25	1	2	82975
165.966	0.25	1	2	82983
165.982	0.25	0	1	82991
166.0	0.25	0	1	83000
166.016	0.25	0	1	83008
167.5	0.25	0	1	83750
167.516	0.25	0	1	83758
167.532	0.25	0	1	83766
167.55	0.25	0	1	83775
167.566	0.25	1	2	83783
167.582	0.25	1	2	83791
167.6	0.25	1	2	83800
167.616	0.25	1	2	83808
167.632	0.25	0	1	83816
167.65	0.25	0	1	83825
167.666	0.25	0	1	83833
167.682	0.25	0	1	83841
167.7	0.25	0	1	83850
167.716	0.25	0	1	83858
167.732	0.25	0	1	83866
167.75	0.25	0	1	83875
167.766	0.25	1	2	83883
167.782	0.25	1	2	83891
167.8	0.25	1	2	83900
167.816	0.25	1	2	83908
167.832	0.25	1	2	83916
167.85	0.25	1	2	83925
167.866	0.25	1	2	83933
167.882	0.25	1	2	83941
167.9	0.25	1	2	83950
167.916	0.25	1	2	83958
167.932	0.25	0	1	83966
167.95	0.25	0	1	83975
167.966	0.25	0	1	83983
167.982	0.25	0	1	83991
168.0	0.25	0	1	84000
168.016	0.25	0	1	84008
168.032	0.25	0	1	84016
168.05	0.25	0	1	84025
168.066	0.25	0	1	84033
168.082	0.25	0	1	84041
168.1	0.25	0	1	84050
168.116	0.25	0	1	84058
168.132	0.25	1	2	84066
168.15	0.25	1	2	84075
168.166	0.25	1	2	84083
168.182	0.25	1	2	84091
168.2	0.25	0	1	84100
168.216	0.25	0	1	84108
168.232	0.25	0	1	84116
168.25	0.25	0	1	84125
168.266	0.25	1	2	84133
168.282	0.25	1	2	84141
168.3	0.25	0	1	84150
168.316	0.25	0	1	84158
168.332	0.25	1	2	84166
168.35	0.25	1	2	84175
168.366	0.25	0	1	84183
168.382	0.25	0	1	84191
168.4	0.25	1	2	84200
168.416	0.25	1	2	84208
168.432	0.25	0	1	84216
168.45	0.25	0	1	84225
168.466	0.25	1	2	84233
168.482	0.25	1	2	84241
168.5	0.25	1	2	84250
168.516	0.25	1	2	84258
168.532	0.25	0	1	84266
168.55	0.25	0	1	84275
168.566	0.25	1	2	84283
168.582	0.25	1	2	84291
168.6	0.25	0	1	84300
168.616	0.25	0	1	84308
168.632	0.25	0	1	84316
168.65	0.25	0	1	84325
168.666	0.25	0	1	84333
168.682	0.25	0	1	84341
168.7	0.25	1	2	84350
168.716	0.25	1	2	84358
168.732	0.25	0	1	84366
168.75	0.25	0	1	84375
168.766	0.25	0	1	84383
168.782	0.25	0	1	84391
168.8	0.25	0	1	84400
168.816	0.25	0	1	84408
168.832	0.25	1	2	84416
168.85	0.25	1	2	84425
168.866	0.25	1	2	84433
168.882	0.25	1	2	84441
168.9	0.25	1	2	84450
168.916	0.25	1	2	84458
168.932	0.25	0	1	84466
168.95	0.25	0	1	84475
168.966	0.25	1	2	84483
168.982	0.25	1	2	84491
169.0	0.25	0	1	84500
169.016	0.25	0	1	84508
169.032	0.25	1	2	84516
169.05	0.25	1	2	84525
169.066	0.25	1	2	84533
169.082	0.25	1	2	84541
169.1	0.25	1	2	84550
169.116	0.25	1	2	84558
169.132	0.25	1	2	84566
169.15	0.25	1	2	84575
169.166	0.25	1	2	84583
169.182	0.25	1	2	84591
169.2	0.25	0	1	84600
169.216	0.25	0	1	84608
169.232	0.25	0	1	84616
169.25	0.25	0	1	84625
169.266	0.25	1	2	84633
169.282	0.25	1	2	84641
169.3	0.25	0	1	84650
169.316	0.25	0	1	84658
169.332	0.25	0	1	84666
169.35	0.25	0	1	84675
169.366	0.25	0	1	84683
169.382	0.25	0	1	84691
169.4	0.25	1	2	84700
169.416	0.25	1	2	84708
169.432	0.25	1	2	84716
170.916	0.25	1	2	85458
170.932	0.25	1	2	85466
170.95	0.25	1	2	85475
170.966	0.25	1	2	85483
170.982	0.25	0	1	85491
171.0	0.25	0	1	85500
171.016	0.25	0	1	85508
171.032	0.25	0	1	85516
171.05	0.25	0	1	85525
171.066	0.25	0	1	85533
171.082	0.25	0	1	85541
171.1	0.25	0	1	85550
171.116	0.25	1	2	85558
171.132	0.25	1	2	85566
171.15	0.25	0	1	85575
171.166	0.25	0	1	85583
171.182	0.25	0	1	85591
171.2	0.25	0	1	85600
171.216	0.25	1	2	85608
171.232	0.25	1	2	85616
171.25	0.25	1	2	85625
171.266	0.25	1	2	85633
171.282	0.25	0	1	85641
171.3	0.25	0	1	85650
171.316	0.25	0	1	85658
171.332	0.25	0	1	85666
171.35	0.25	0	1	85675
171.366	0.25	0	1	85683
171.382	0.25	0	1	85691
171.4	0.25	0	1	85700
171.416	0.25	0	1	85708
171.432	0.25	0	1	85716
171.45	0.25	0	1	85725
171.466	0.25	0	1	85733
171.482	0.25	1	2	85741
171.5	0.25	1	2	85750
171.516	0.25	0	1	85758
171.532	0.25	0	1	85766
171.55	0.25	1	2	85775
171.566	0.25	1	2	85783
171.582	0.25	1	2	85791
171.6	0.25	1	2	85800
171.616	0.25	0	1	85808
171.632	0.25	0	1	85816
171.65	0.25	1	2	85825
171.666	0.25	1	2	85833
171.682	0.25	0	1	85841
171.7	0.25	0	1	85850
171.716	0.25	1	2	85858
171.732	0.25	1	2	85866
171.75	0.25	0	1	85875
171.766	0.25	0	1	85883
171.782	0.25	1	2	85891
171.8	0.25	1	2	85900
171.816	0.25	0	1	85908
171.832	0.25	0	1	85916
171.85	0.25	0	1	85925
171.866	0.25	0	1	85933
171.882	0.25	0	1	85941
171.9	0.25	0	1	85950
171.916	0.25	1	2	85958
171.932	0.25	1	2	85966
171.95	0.25	1	2	85975
171.966	0.25	1	2	85983
171.982	0.25	1	2	85991
172.0	0.25	1	2	86000
172.016	0.25	0	1	86008
172.032	0.25	0	1	86016
172.05	0.25	1	2	86025
172.066	0.25	1	2	86033
172.082	0.25	1	2	86041
172.1	0.25	1	2	86050
172.116	0.25	1	2	86058
172.132	0.25	1	2	86066
172.15	0.25	0	1	86075
172.166	0.25	0	1	86083
172.182	0.25	1	2	86091
172.2	0.25	1	2	86100
172.216	0.25	0	1	86108
172.232	0.25	0	1	86116
172.25	0.25	1	2	86125
172.266	0.25	1	2	86133
172.282	0.25	1	2	86141
172.3	0.25	1	2	86150
172.316	0.25	0	1	86158
172.332	0.25	0	1	86166
172.35	0.25	0	1	86175
172.366	0.25	0	1	86183
172.382	0.25	0	1	86191
172.4	0.25	0	1	86200
172.416	0.25	1	2	86208
172.432	0.25	1	2	86216
172.45	0.25	1	2	86225
172.466	0.25	1	2	86233
172.482	0.25	0	1	86241
172.5	0.25	0	1	86250
172.516	0.25	1	2	86258
172.532	0.25	1	2	86266
172.55	0.25	1	2	86275
172.566	0.25	1	2	86283
172.582	0.25	1	2	86291
172.6	0.25	1	2	86300
172.616	0.25	0	1	86308
172.632	0.25	0	1	86316
172.65	0.25	0	1	86325
172.666	0.25	0	1	86333
172.682	0.25	0	1	86341
172.7	0.25	0	1	86350
172.716	0.25	0	1	86358
172.732	0.25	0	1	86366
172.75	0.25	0	1	86375
172.766	0.25	0	1	86383
172.782	0.25	1	2	86391
172.8	0.25	1	2	86400
172.816	0.25	1	2	86408
172.832	0.25	1	2	86416
172.85	0.25	1	2	86425
174.332	0.25	1	2	87166
174.35	0.25	1	2	87175
174.366	0.25	1	2	87183
174.382	0.25	1	2	87191
174.4	0.25	1	2	87200
174.416	0.25	1	2	87208
174.432	0.25	1	2	87216
174.45	0.25	1	2	87225
174.466	0.25	1	2	87233
174.482	0.25	1	2	87241
174.5	0.25	1	2	87250
174.516	0.25	1	2	87258
174.532	0.25	1	2	87266
174.55	0.25	1	2	87275
174.566	0.25	0	1	87283
174.582	0.25	0	1	87291
174.6	0.25	0	1	87300
174.616	0.25	0	1	87308
174.632	0.25	1	2	87316
174.65	0.25	1	2	87325
174.666	0.25	1	2	87333
174.682	0.25	1	2	87341
174.7	0.25	0	1	87350
174.716	0.25	0	1	87358
174.732	0.25	0	1	87366
174.75	0.25	0	1	87375
174.766	0.25	1	2	87383
174.782	0.25	1	2	87391
174.8	0.25	1	2	87400
174.816	0.25	1	2	87408
174.832	0.25	0	1	87416
174.85	0.25	0	1	87425
174.866	0.25	0	1	87433
174.882	0.25	0	1	87441
174.9	0.25	1	2	87450
174.916	0.25	1	2	87458
174.932	0.25	0	1	87466
174.95	0.25	0	1	87475
174.966	0.25	1	2	87483
174.982	0.25	1	2	87491
175.0	0.25	1	2	87500
175.016	0.25	1	2	87508
175.032	0.25	0	1	87516
175.05	0.25	0	1	87525
175.066	0.25	1	2	87533
175.082	0.25	1	2	87541
175.1	0.25	0	1	87550
175.116	0.25	0	1	87558
175.132	0.25	0	1	87566
175.15	0.25	0	1	87575
175.166	0.25	1	2	87583
175.182	0.25	1	2	87591
175.2	0.25	0	1	87600
175.216	0.25	0	1	87608
175.232	0.25	1	2	87616
175.25	0.25	1	2	87625
175.266	0.25	1	2	87633
175.282	0.25	1	2	87641
175.3	0.25	1	2	87650
175.316	0.25	1	2	87658
175.332	0.25	0	1	87666
175.35	0.25	0	1	87675
175.366	0.25	0	1	87683
175.382	0.25	0	1	87691
175.4	0.25	0	1	87700
175.416	0.25	0	1	87708
175.432	0.25	1	2	87716
175.45	0.25	1	2	87725
175.466	0.25	0	1	87733
175.482	0.25	0	1	87741
175.5	0.25	1	2	87750
175.516	0.25	1	2	87758
175.532	0.25	1	2	87766
175.55	0.25	1	2	87775
175.566	0.25	1	2	87783
175.582	0.25	1	2	87791
175.6	0.25	0	1	87800
175.616	0.25	0	1	87808
175.632	0.25	0	1	87816
175.65	0.25	0	1	87825
175.666	0.25	1	2	87833
175.682	0.25	1	2	87841
175.7	0.25	0	1	87850
175.716	0.25	0	1	87858
175.732	0.25	1	2	87866
175.75	0.25	1	2	87875
175.766	0.25	0	1	87883
175.782	0.25	0	1	87891
175.8	0.25	0	1	87900
175.816	0.25	0	1	87908
175.832	0.25	0	1	87916
175.85	0.25	0	1	87925
175.866	0.25	1	2	87933
175.882	0.25	1	2	87941
175.9	0.25	1	2	87950
175.916	0.25	1	2	87958
175.932	0.25	0	1	87966
175.95	0.25	0	1	87975
175.966	0.25	1	2	87983
175.982	0.25	1	2	87991
176.0	0.25	0	1	88000
176.016	0.25	0	1	88008
176.032	0.25	0	1	88016
176.05	0.25	0	1	88025
176.066	0.25	0	1	88033
176.082	0.25	0	1	88041
176.1	0.25	1	2	88050
176.116	0.25	1	2	88058
176.132	0.25	0	1	88066
176.15	0.25	0	1	88075
176.166	0.25	1	2	88083
176.182	0.25	1	2	88091
176.2	0.25	0	1	88100
176.216	0.25	0	1	88108
176.232	0.25	0	1	88116
176.25	0.25	0	1	88125
176.266	0.25	1	2	88133
179.766	0.25	1	2	89883
179.782	0.25	1	2	89891
179.8	0.25	1	2	89900
179.816	0.25	1	2	89908
179.832	0.25	0	1	89916
179.85	0.25	0	1	89925
179.866	0.25	1	2	89933
179.882	0.25	1	2	89941
179.9	0.25	1	2	89950
179.916	0.25	1	2	89958
179.932	0.25	0	1	89966
179.95	0.25	0	1	89975
179.966	0.25	1	2	89983
179.982	0.25	1	2	89991
180.0	0.25	1	2	90000
180.016	0.25	1	2	90008
180.032	0.25	0	1	90016
180.05	0.25	0	1	90025
180.066	0.25	1	2	90033
180.082	0.25	1	2	90041
180.1	0.25	1	2	90050
180.116	0.25	1	2	90058
180.132	0.25	0	1	90066
180.15	0.25	0	1	90075
180.166	0.25	0	1	90083
180.182	0.25	0	1	90091
180.2	0.25	0	1	90100
180.216	0.25	0	1	90108
180.232	0.25	1	2	90116
180.25	0.25	1	2	90125
180.266	0.25	1	2	90133
180.282	0.25	1	2	90141
180.3	0.25	1	2	90150
180.316	0.25	1	2	90158
180.332	0.25	0	1	90166
180.35	0.25	0	1	90175
180.366	0.25	0	1	90183
180.382	0.25	0	1	90191
180.4	0.25	0	1	90200
180.416	0.25	0	1	90208
180.432	0.25	1	2	90216
180.45	0.25	1	2	90225
180.466	0.25	1	2	90233
180.482	0.25	1	2	90241
180.5	0.25	1	2	90250
180.516	0.25	1	2	90258
180.532	0.25	1	2	90266
180.55	0.25	1	2	90275
180.566	0.25	1	2	90283
180.582	0.25	1	2	90291
180.6	0.25	0	1	90300
180.616	0.25	0	1	90308
180.632	0.25	0	1	90316
180.65	0.25	0	1	90325
180.666	0.25	1	2	90333
180.682	0.25	1	2	90341
180.7	0.25	0	1	90350
180.716	0.25	0	1	90358
180.732	0.25	1	2	90366
180.75	0.25	1	2	90375
180.766	0.25	0	1	90383
180.782	0.25	0	1	90391
180.8	0.25	0	1	90400
180.816	0.25	0	1	90408
180.832	0.25	1	2	90416
180.85	0.25	1	2	90425
180.866	0.25	1	2	90433
180.882	0.25	1	2	90441
180.9	0.25	0	1	90450
180.916	0.25	0	1	90458
180.932	0.25	0	1	90466
180.95	0.25	0	1	90475
180.966	0.25	0	1	90483
180.982	0.25	0	1	90491
181.0	0.25	0	1	90500
181.016	0.25	0	1	90508
181.032	0.25	1	2	90516
181.05	0.25	1	2	90525
181.066	0.25	0	1	90533
181.082	0.25	0	1	90541
181.1	0.25	0	1	90550
181.116	0.25	0	1	90558
181.132	0.25	0	1	90566
181.15	0.25	0	1	90575
181.166	0.25	0	1	90583
181.182	0.25	0	1	90591
181.2	0.25	1	2	90600
181.216	0.25	1	2	90608
181.232	0.25	1	2	90616
181.25	0.25	1	2	90625
181.266	0.25	1	2	90633
181.282	0.25	1	2	90641
181.3	0.25	1	2	90650
181.316	0.25	1	2	90658
181.332	0.25	1	2	90666
181.35	0.25	1	2	90675
181.366	0.25	1	2	90683
181.382	0.25	1	2	90691
181.4	0.25	0	1	90700
181.416	0.25	0	1	90708
181.432	0.25	1	2	90716
181.45	0.25	1	2	90725
181.466	0.25	0	1	90733
181.482	0.25	0	1	90741
181.5	0.25	1	2	90750
181.516	0.25	1	2	90758
181.532	0.25	0	1	90766
181.55	0.25	0	1	90775
181.566	0.25	0	1	90783
181.582	0.25	0	1	90791
181.6	0.25	1	2	90800
181.616	0.25	1	2	90808
181.632	0.25	1	2	90816
181.65	0.25	1	2	90825
181.666	0.25	0	1	90833
181.682	0.25	0	1	90841
181.7	0.25	0	1	90850
183.182	0.25	0	1	91591
183.2	0.25	0	1	91600
183.216	0.25	0	1	91608
183.232	0.25	0	1	91616
183.25	0.25	1	2	91625
183.266	0.25	1	2	91633
183.282	0.25	1	2	91641
183.3	0.25	1	2	91650
183.316	0.25	0	1	91658
183.332	0.25	0	1	91666
183.35	0.25	0	1	91675
183.366	0.25	0	1	91683
183.382	0.25	0	1	91691
183.4	0.25	0	1	91700
183.416	0.25	0	1	91708
183.432	0.25	0	1	91716
183.45	0.25	1	2	91725
183.466	0.25	1	2	91733
183.482	0.25	1	2	91741
183.5	0.25	1	2	91750
183.516	0.25	1	2	91758
183.532	0.25	1	2	91766
183.55	0.25	1	2	91775
183.566	0.25	1	2	91783
183.582	0.25	1	2	91791
183.6	0.25	1	2	91800
183.616	0.25	0	1	91808
183.632	0.25	0	1	91816
183.65	0.25	0	1	91825
183.666	0.25	0	1	91833
183.682	0.25	0	1	91841
183.7	0.25	0	1	91850
183.716	0.25	0	1	91858
183.732	0.25	0	1	91866
183.75	0.25	0	1	91875
183.766	0.25	0	1	91883
183.782	0.25	0	1	91891
183.8	0.25	0	1	91900
183.816	0.25	1	2	91908
183.832	0.25	1	2	91916
183.85	0.25	1	2	91925
183.866	0.25	1	2	91933
183.882	0.25	0	1	91941
183.9	0.25	0	1	91950
183.916	0.25	0	1	91958
183.932	0.25	0	1	91966
183.95	0.25	1	2	91975
183.966	0.25	1	2	91983
183.982	0.25	0	1	91991
184.0	0.25	0	1	92000
184.016	0.25	1	2	92008
184.032	0.25	1	2	92016
184.05	0.25	0	1	92025
184.066	0.25	0	1	92033
184.082	0.25	1	2	92041
184.1	0.25	1	2	92050
184.116	0.25	0	1	92058
184.132	0.25	0	1	92066
184.15	0.25	1	2	92075
184.166	0.25	1	2	92083
184.182	0.25	1	2	92091
184.2	0.25	1	2	92100
184.216	0.25	0	1	92108
184.232	0.25	0	1	92116
184.25	0.25	1	2	92125
184.266	0.25	1	2	92133
184.282	0.25	0	1	92141
184.3	0.25	0	1	92150
184.316	0.25	0	1	92158
184.332	0.25	0	1	92166
184.35	0.25	0	1	92175
184.366	0.25	0	1	92183
184.382	0.25	1	2	92191
184.4	0.25	1	2	92200
184.416	0.25	0	1	92208
184.432	0.25	0	1	92216
184.45	0.25	0	1	92225
184.466	0.25	0	1	92233
184.482	0.25	0	1	92241
184.5	0.25	0	1	92250
184.516	0.25	1	2	92258
184.532	0.25	1	2	92266
184.55	0.25	1	2	92275
184.566	0.25	1	2	92283
184.582	0.25	1	2	92291
184.6	0.25	1	2	92300
184.616	0.25	0	1	92308
184.632	0.25	0	1	92316
184.65	0.25	1	2	92325
184.666	0.25	1	2	92333
184.682	0.25	0	1	92341
184.7	0.25	0	1	92350
184.716	0.25	1	2	92358
184.732	0.25	1	2	92366
184.75	0.25	1	2	92375
184.766	0.25	1	2	92383
184.782	0.25	1	2	92391
184.8	0.25	1	2	92400
184.816	0.25	1	2	92408
184.832	0.25	1	2	92416
184.85	0.25	1	2	92425
184.866	0.25	1	2	92433
184.882	0.25	0	1	92441
184.9	0.25	0	1	92450
184.916	0.25	0	1	92458
184.932	0.25	0	1	92466
184.95	0.25	1	2	92475
184.966	0.25	1	2	92483
184.982	0.25	0	1	92491
185.0	0.25	0	1	92500
185.016	0.25	0	1	92508
185.032	0.25	0	1	92516
185.05	0.25	0	1	92525
185.066	0.25	0	1	92533
185.082	0.25	1	2	92541
185.1	0.25	1	2	92550
185.116	0.25	1	2	92558
186.6	0.25	1	2	93300
186.616	0.25	1	2	93308
186.632	0.25	1	2	93316
186.65	0.25	1	2	93325
186.666	0.25	0	1	93333
186.682	0.25	0	1	93341
186.7	0.25	0	1	93350
186.716	0.25	0	1	93358
186.732	0.25	0	1	93366
186.75	0.25	0	1	93375
186.766	0.25	0	1	93383
186.782	0.25	0	1	93391
186.8	0.25	1	2	93400
186.816	0.25	1	2	93408
186.832	0.25	0	1	93416
186.85	0.25	0	1	93425
186.866	0.25	0	1	93433
186.882	0.25	0	1	93441
186.9	0.25	1	2	93450
186.916	0.25	1	2	93458
186.932	0.25	1	2	93466
186.95	0.25	1	2	93475
186.966	0.25	0	1	93483
186.982	0.25	0	1	93491
187.0	0.25	0	1	93500
187.016	0.25	0	1	93508
187.032	0.25	0	1	93516
187.05	0.25	0	1	93525
187.066	0.25	0	1	93533
187.082	0.25	0	1	93541
187.1	0.25	0	1	93550
187.116	0.25	0	1	93558
187.132	0.25	0	1	93566
187.15	0.25	0	1	93575
187.166	0.25	1	2	93583
187.182	0.25	1	2	93591
187.2	0.25	0	1	93600
187.216	0.25	0	1	93608
187.232	0.25	1	2	93616
187.25	0.25	1	2	93625
187.266	0.25	1	2	93633
187.282	0.25	1	2	93641
187.3	0.25	0	1	93650
187.316	0.25	0	1	93658
187.332	0.25	1	2	93666
187.35	0.25	1	2	93675
187.366	0.25	0	1	93683
187.382	0.25	0	1	93691
187.4	0.25	1	2	93700
187.416	0.25	1	2	93708
187.432	0.25	0	1	93716
187.45	0.25	0	1	93725
187.466	0.25	1	2	93733
187.482	0.25	1	2	93741
187.5	0.25	0	1	93750
187.516	0.25	0	1	93758
187.532	0.25	0	1	93766
187.55	0.25	0	1	93775
187.566	0.25	0	1	93783
187.582	0.25	0	1	93791
187.6	0.25	1	2	93800
187.616	0.25	1	2	93808
187.632	0.25	1	2	93816
187.65	0.25	1	2	93825
187.666	0.25	1	2	93833
187.682	0.25	1	2	93841
187.7	0.25	0	1	93850
187.716	0.25	0	1	93858
187.732	0.25	1	2	93866
187.75	0.25	1	2	93875
187.766	0.25	1	2	93883
187.782	0.25	1	2	93891
187.8	0.25	1	2	93900
187.816	0.25	1	2	93908
187.832	0.25	0	1	93916
187.85	0.25	0	1	93925
187.866	0.25	1	2	93933
187.882	0.25	1	2	93941
187.9	0.25	0	1	93950
187.916	0.25	0	1	93958
187.932	0.25	1	2	93966
187.95	0.25	1	2	93975
187.966	0.25	1	2	93983
187.982	0.25	1	2	93991
188.0	0.25	0	1	94000
188.016	0.25	0	1	94008
188.032	0.25	0	1	94016
188.05	0.25	0	1	94025
188.066	0.25	0	1	94033
188.082	0.25	0	1	94041
188.1	0.25	1	2	94050
188.116	0.25	1	2	94058
188.132	0.25	1	2	94066
188.15	0.25	1	2	94075
188.166	0.25	0	1	94083
188.182	0.25	0	1	94091
188.2	0.25	1	2	94100
188.216	0.25	1	2	94108
188.232	0.25	1	2	94116
188.25	0.25	1	2	94125
188.266	0.25	1	2	94133
188.282	0.25	1	2	94141
188.3	0.25	0	1	94150
188.316	0.25	0	1	94158
188.332	0.25	0	1	94166
188.35	0.25	0	1	94175
188.366	0.25	0	1	94183
188.382	0.25	0	1	94191
188.4	0.25	0	1	94200
188.416	0.25	0	1	94208
188.432	0.25	0	1	94216
188.45	0.25	0	1	94225
188.466	0.25	1	2	94233
188.482	0.25	1	2	94241
188.5	0.25	1	2	94250
188.516	0.25	1	2	94258
188.532	0.25	1	2	94266
190.016	0.25	1	2	95008
190.032	0.25	1	2	95016
190.05	0.25	1	2	95025
190.066	0.25	1	2	95033
190.082	0.25	1	2	95041
190.1	0.25	1	2	95050
190.116	0.25	1	2	95058
190.132	0.25	1	2	95066
190.15	0.25	1	2	95075
190.166	0.25	1	2	95083
190.182	0.25	1	2	95091
190.2	0.25	1	2	95100
190.216	0.25	1	2	95108
190.232	0.25	1	2	95116
190.25	0.25	0	1	95125
190.266	0.25	0	1	95133
190.282	0.25	0	1	95141
190.3	0.25	0	1	95150
190.316	0.25	1	2	95158
190.332	0.25	1	2	95166
190.35	0.25	1	2	95175
190.366	0.25	1	2	95183
190.382	0.25	0	1	95191
190.4	0.25	0	1	95200
190.416	0.25	0	1	95208
190.432	0.25	0	1	95216
190.45	0.25	1	2	95225
190.466	0.25	1	2	95233
190.482	0.25	1	2	95241
190.5	0.25	1	2	95250
190.516	0.25	0	1	95258
190.532	0.25	0	1	95266
190.55	0.25	0	1	95275
190.566	0.25	0	1	95283
190.582	0.25	1	2	95291
190.6	0.25	1	2	95300
190.616	0.25	0	1	95308
190.632	0.25	0	1	95316
190.65	0.25	1	2	95325
190.666	0.25	1	2	95333
190.682	0.25	1	2	95341
190.7	0.25	1	2	95350
190.716	0.25	0	1	95358
190.732	0.25	0	1	95366
190.75	0.25	1	2	95375
190.766	0.25	1	2	95383
190.782	0.25	0	1	95391
190.8	0.25	0	1	95400
190.816	0.25	0	1	95408
190.832	0.25	0	1	95416
190.85	0.25	1	2	95425
190.866	0.25	1	2	95433
190.882	0.25	0	1	95441
190.9	0.25	0	1	95450
190.916	0.25	1	2	95458
190.932	0.25	1	2	95466
190.95	0.25	1	2	95475
190.966	0.25	1	2	95483
190.982	0.25	1	2	95491
191.0	0.25	1	2	95500
191.016	0.25	0	1	95508
191.032	0.25	0	1	95516
191.05	0.25	0	1	95525
191.066	0.25	0	1	95533
191.082	0.25	0	1	95541
191.1	0.25	0	1	95550
191.116	0.25	1	2	95558
191.132	0.25	1	2	95566
191.15	0.25	0	1	95575
191.166	0.25	0	1	95583
191.182	0.25	1	2	95591
191.2	0.25	1	2	95600
191.216	0.25	1	2	95608
191.232	0.25	1	2	95616
191.25	0.25	1	2	95625
191.266	0.25	1	2	95633
191.282	0.25	0	1	95641
191.3	0.25	0	1	95650
191.316	0.25	0	1	95658
191.332	0.25	0	1	95666
191.35	0.25	1	2	95675
191.366	0.25	1	2	95683
191.382	0.25	0	1	95691
191.4	0.25	0	1	95700
191.416	0.25	1	2	95708
191.432	0.25	1	2	95716
191.45	0.25	0	1	95725
191.466	0.25	0	1	95733
191.482	0.25	0	1	95741
191.5	0.25	0	1	95750
191.516	0.25	0	1	95758
191.532	0.25	0	1	95766
191.55	0.25	1	2	95775
191.566	0.25	1	2	95783
191.582	0.25	1	2	95791
191.6	0.25	1	2	95800
191.616	0.25	0	1	95808
191.632	0.25	0	1	95816
191.65	0.25	1	2	95825
191.666	0.25	1	2	95833
191.682	0.25	0	1	95841
191.7	0.25	0	1	95850
191.716	0.25	0	1	95858
191.732	0.25	0	1	95866
191.75	0.25	0	1	95875
191.766	0.25	0	1	95883
191.782	0.25	1	2	95891
191.8	0.25	1	2	95900
191.816	0.25	0	1	95908
191.832	0.25	0	1	95916
191.85	0.25	1	2	95925
191.866	0.25	1	2	95933
191.882	0.25	0	1	95941
191.9	0.25	0	1	95950
191.916	0.25	0	1	95958
191.932	0.25	0	1	95966
191.95	0.25	1	2	95975
195.332	0.25	0	1	97666
195.35	0.25	0	1	97675
195.366	0.25	0	1	97683
195.382	0.25	0	1	97691
195.4	0.25	1	2	97700
195.416	0.25	1	2	97708
195.432	0.25	1	2	97716
195.45	0.25	1	2	97725
195.466	0.25	0	1	97733
195.482	0.25	0	1	97741
195.5	0.25	0	1	97750
195.516	0.25	0	1	97758
195.532	0.25	0	1	97766
195.55	0.25	0	1	97775
195.566	0.25	0	1	97783
195.582	0.25	0	1	97791
195.6	0.25	1	2	97800
195.616	0.25	1	2	97808
195.632	0.25	1	2	97816
195.65	0.25	1	2	97825
195.666	0.25	1	2	97833
195.682	0.25	1	2	97841
195.7	0.25	1	2	97850
195.716	0.25	1	2	97858
195.732	0.25	1	2	97866
195.75	0.25	1	2	97875
195.766	0.25	0	1	97883
195.782	0.25	0	1	97891
195.8	0.25	0	1	97900
195.816	0.25	0	1	97908
195.832	0.25	0	1	97916
195.85	0.25	0	1	97925
195.866	0.25	0	1	97933
195.882	0.25	0	1	97941
195.9	0.25	0	1	97950
195.916	0.25	0	1	97958
195.932	0.25	0	1	97966
195.95	0.25	0	1	97975
195.966	0.25	1	2	97983
195.982	0.25	1	2	97991
196.0	0.25	1	2	98000
196.016	0.25	1	2	98008
196.032	0.25	0	1	98016
196.05	0.25	0	1	98025
196.066	0.25	0	1	98033
196.082	0.25	0	1	98041
196.1	0.25	1	2	98050
196.116	0.25	1	2	98058
196.132	0.25	0	1	98066
196.15	0.25	0	1	98075
196.166	0.25	1	2	98083
196.182	0.25	1	2	98091
196.2	0.25	0	1	98100
196.216	0.25	0	1	98108
196.232	0.25	1	2	98116
196.25	0.25	1	2	98125
196.266	0.25	0	1	98133
196.282	0.25	0	1	98141
196.3	0.25	1	2	98150
196.316	0.25	1	2	98158
196.332	0.25	1	2	98166
196.35	0.25	1	2	98175
196.366	0.25	0	1	98183
196.382	0.25	0	1	98191
196.4	0.25	1	2	98200
196.416	0.25	1	2	98208
196.432	0.25	0	1	98216
196.45	0.25	0	1	98225
196.466	0.25	0	1	98233
196.482	0.25	0	1	98241
196.5	0.25	0	1	98250
196.516	0.25	0	1	98258
196.532	0.25	1	2	98266
196.55	0.25	1	2	98275
196.566	0.25	0	1	98283
196.582	0.25	0	1	98291
196.6	0.25	0	1	98300
196.616	0.25	0	1	98308
196.632	0.25	0	1	98316
196.65	0.25	0	1	98325
196.666	0.25	1	2	98333
196.682	0.25	1	2	98341
196.7	0.25	1	2	98350
196.716	0.25	1	2	98358
196.732	0.25	1	2	98366
196.75	0.25	1	2	98375
196.766	0.25	0	1	98383
196.782	0.25	0	1	98391
196.8	0.25	1	2	98400
196.816	0.25	1	2	98408
196.832	0.25	0	1	98416
196.85	0.25	0	1	98425
196.866	0.25	1	2	98433
196.882	0.25	1	2	98441
196.9	0.25	1	2	98450
196.916	0.25	1	2	98458
196.932	0.25	1	2	98466
196.95	0.25	1	2	98475
196.966	0.25	1	2	98483
196.982	0.25	1	2	98491
197.0	0.25	1	2	98500
197.016	0.25	1	2	98508
197.032	0.25	0	1	98516
197.05	0.25	0	1	98525
197.066	0.25	0	1	98533
197.082	0.25	0	1	98541
197.1	0.25	1	2	98550
197.116	0.25	1	2	98558
197.132	0.25	0	1	98566
197.15	0.25	0	1	98575
197.166	0.25	0	1	98583
197.182	0.25	0	1	98591
197.2	0.25	0	1	98600
197.216	0.25	0	1	98608
197.232	0.25	1	2	98616
197.25	0.25	1	2	98625
197.266	0.25	1	2	98633
198.75	0.25	1	2	99375
198.766	0.25	1	2	99383
198.782	0.25	1	2	99391
198.8	0.25	1	2	99400
198.816	0.25	0	1	99408
198.832	0.25	0	1	99416
198.85	0.25	1	2	99425
198.866	0.25	1	2	99433
198.882	0.25	1	2	99441
198.9	0.25	1	2	99450
198.916	0.25	0	1	99458
198.932	0.25	0	1	99466
198.95	0.25	1	2	99475
198.966	0.25	1	2	99483
198.982	0.25	1	2	99491
199.0	0.25	1	2	99500
199.016	0.25	0	1	99508
199.032	0.25	0	1	99516
199.05	0.25	1	2	99525
199.066	0.25	1	2	99533
199.082	0.25	1	2	99541
199.1	0.25	1	2	99550
199.116	0.25	0	1	99558
199.132	0.25	0	1	99566
199.15	0.25	0	1	99575
199.166	0.25	0	1	99583
199.182	0.25	0	1	99591
199.2	0.25	0	1	99600
199.216	0.25	1	2	99608
199.232	0.25	1	2	99616
199.25	0.25	1	2	99625
199.266	0.25	1	2	99633
199.282	0.25	1	2	99641
199.3	0.25	1	2	99650
199.316	0.25	0	1	99658
199.332	0.25	0	1	99666
199.35	0.25	0	1	99675
199.366	0.25	0	1	99683
199.382	0.25	0	1	99691
199.4	0.25	0	1	99700
199.416	0.25	1	2	99708
199.432	0.25	1	2	99716
199.45	0.25	1	2	99725
199.466	0.25	1	2	99733
199.482	0.25	1	2	99741
199.5	0.25	1	2	99750
199.516	0.25	1	2	99758
199.532	0.25	1	2	99766
199.55	0.25	1	2	99775
199.566	0.25	1	2	99783
199.582	0.25	0	1	99791
199.6	0.25	0	1	99800
199.616	0.25	0	1	99808
199.632	0.25	0	1	99816
199.65	0.25	1	2	99825
199.666	0.25	1	2	99833
199.682	0.25	0	1	99841
199.7	0.25	0	1	99850
199.716	0.25	1	2	99858
199.732	0.25	1	2	99866
199.75	0.25	0	1	99875
199.766	0.25	0	1	99883
199.782	0.25	0	1	99891
199.8	0.25	0	1	99900
199.816	0.25	1	2	99908
199.832	0.25	1	2	99916
199.85	0.25	1	2	99925
199.866	0.25	1	2	99933
199.882	0.25	0	1	99941
199.9	0.25	0	1	99950
199.916	0.25	0	1	99958
199.932	0.25	0	1	99966
199.95	0.25	0	1	99975
199.966	0.25	0	1	99983
199.982	0.25	0	1	99991
200.0	0.25	0	1	100000
200.016	0.25	1	2	100008
200.032	0.25	1	2	100016
200.05	0.25	0	1	100025
200.066	0.25	0	1	100033
200.082	0.25	0	1	100041
200.1	0.25	0	1	100050
200.116	0.25	0	1	100058
200.132	0.25	0	1	100066
200.15	0.25	0	1	100075
200.166	0.25	0	1	100083
200.182	0.25	1	2	100091
200.2	0.25	1	2	100100
200.216	0.25	1	2	100108
200.232	0.25	1	2	100116
200.25	0.25	1	2	100125
200.266	0.25	1	2	100133
200.282	0.25	1	2	100141
200.3	0.25	1	2	100150
200.316	0.25	1	2	100158
200.332	0.25	1	2	100166
200.35	0.25	1	2	100175
200.366	0.25	1	2	100183
200.382	0.25	0	1	100191
200.4	0.25	0	1	100200
200.416	0.25	1	2	100208
200.432	0.25	1	2	100216
200.45	0.25	0	1	100225
200.466	0.25	0	1	100233
200.482	0.25	1	2	100241
200.5	0.25	1	2	100250
200.516	0.25	0	1	100258
200.532	0.25	0	1	100266
200.55	0.25	0	1	100275
200.566	0.25	0	1	100283
200.582	0.25	1	2	100291
200.6	0.25	1	2	100300
200.616	0.25	1	2	100308
200.632	0.25	1	2	100316
200.65	0.25	0	1	100325
200.666	0.25	0	1	100333
200.682	0.25	0	1	100341
202.166	0.25	1	2	101083
202.182	0.25	1	2	101091
202.2	0.25	1	2	101100
202.216	0.25	1	2	101108
202.232	0.25	0	1	101116
202.25	0.25	0	1	101125
202.266	0.25	0	1	101133
202.282	0.25	0	1	101141
202.3	0.25	0	1	101150
202.316	0.25	0	1	101158
202.332	0.25	0	1	101166
202.35	0.25	0	1	101175
202.366	0.25	1	2	101183
202.382	0.25	1	2	101191
202.4	0.25	0	1	101200
202.416	0.25	0	1	101208
202.432	0.25	0	1	101216
202.45	0.25	0	1	101225
202.466	0.25	1	2	101233
202.482	0.25	1	2	101241
202.5	0.25	1	2	101250
202.516	0.25	1	2	101258
202.532	0.25	0	1	101266
202.55	0.25	0	1	101275
202.566	0.25	0	1	101283
202.582	0.25	0	1	101291
202.6	0.25	0	1	101300
202.616	0.25	0	1	101308
202.632	0.25	0	1	101316
202.65	0.25	0	1	101325
202.666	0.25	0	1	101333
202.682	0.25	0	1	101341
202.7	0.25	0	1	101350
202.716	0.25	0	1	101358
202.732	0.25	1	2	101366
202.75	0.25	1	2	101375
202.766	0.25	0	1	101383
202.782	0.25	0	1	101391
202.8	0.25	1	2	101400
202.816	0.25	1	2	101408
202.832	0.25	1	2	101416
202.85	0.25	1	2	101425
202.866	0.25	0	1	101433
202.882	0.25	0	1	101441
202.9	0.25	1	2	101450
202.916	0.25	1	2	101458
202.932	0.25	0	1	101466
202.95	0.25	0	1	101475
202.966	0.25	1	2	101483
202.982	0.25	1	2	101491
203.0	0.25	0	1	101500
203.016	0.25	0	1	101508
203.032	0.25	1	2	101516
203.05	0.25	1	2	101525
203.066	0.25	0	1	101533
203.082	0.25	0	1	101541
203.1	0.25	0	1	101550
203.116	0.25	0	1	101558
203.132	0.25	0	1	101566
203.15	0.25	0	1	101575
203.166	0.25	1	2	101583
203.182	0.25	1	2	101591
203.2	0.25	1	2	101600
203.216	0.25	1	2	101608
203.232	0.25	1	2	101616
203.25	0.25	1	2	101625
203.266	0.25	0	1	101633
203.282	0.25	0	1	101641
203.3	0.25	1	2	101650
203.316	0.25	1	2	101658
203.332	0.25	1	2	101666
203.35	0.25	1	2	101675
203.366	0.25	1	2	101683
203.382	0.25	1	2	101691
203.4	0.25	0	1	101700
203.416	0.25	0	1	101708
203.432	0.25	1	2	101716
203.45	0.25	1	2	101725
203.466	0.25	0	1	101733
203.482	0.25	0	1	101741
203.5	0.25	1	2	101750
203.516	0.25	1	2	101758
203.532	0.25	1	2	101766
203.55	0.25	1	2	101775
203.566	0.25	0	1	101783
203.582	0.25	0	1	101791
203.6	0.25	0	1	101800
203.616	0.25	0	1	101808
203.632	0.25	0	1	101816
203.65	0.25	0	1	101825
203.666	0.25	1	2	101833
203.682	0.25	1	2	101841
203.7	0.25	1	2	101850
203.716	0.25	1	2	101858
203.732	0.25	0	1	101866
203.75	0.25	0	1	101875
203.766	0.25	1	2	101883
203.782	0.25	1	2	101891
203.8	0.25	1	2	101900
203.816	0.25	1	2	101908
203.832	0.25	1	2	101916
203.85	0.25	1	2	101925
203.866	0.25	0	1	101933
203.882	0.25	0	1	101941
203.9	0.25	0	1	101950
203.916	0.25	0	1	101958
203.932	0.25	0	1	101966
203.95	0.25	0	1	101975
203.966	0.25	0	1	101983
203.982	0.25	0	1	101991
204.0	0.25	0	1	102000
204.016	0.25	0	1	102008
204.032	0.25	1	2	102016
204.05	0.25	1	2	102025
204.066	0.25	1	2	102033
204.082	0.25	1	2	102041
204.1	0.25	1	2	102050
205.582	0.25	1	2	102791
205.6	0.25	1	2	102800
205.616	0.25	1	2	102808
205.632	0.25	1	2	102816
205.65	0.25	1	2	102825
205.666	0.25	1	2	102833
205.682	0.25	1	2	102841
205.7	0.25	1	2	102850
205.716	0.25	1	2	102858
205.732	0.25	1	2	102866
205.75	0.25	1	2	102875
205.766	0.25	1	2	102883
205.782	0.25	1	2	102891
205.8	0.25	1	2	102900
205.816	0.25	0	1	102908
205.832	0.25	0	1	102916
205.85	0.25	0	1	102925
205.866	0.25	0	1	102933
205.882	0.25	1	2	102941
205.9	0.25	1	2	102950
205.916	0.25	1	2	102958
205.932	0.25	1	2	102966
205.95	0.25	0	1	102975
205.966	0.25	0	1	102983
205.982	0.25	0	1	102991
206.0	0.25	0	1	103000
206.016	0.25	1	2	103008
206.032	0.25	1	2	103016
206.05	0.25	1	2	103025
206.066	0.25	1	2	103033
206.082	0.25	0	1	103041
206.1	0.25	0	1	103050
206.116	0.25	0	1	103058
206.132	0.25	0	1	103066
206.15	0.25	1	2	103075
206.166	0.25	1	2	103083
206.182	0.25	0	1	103091
206.2	0.25	0	1	103100
206.216	0.25	1	2	103108
206.232	0.25	1	2	103116
206.25	0.25	1	2	103125
206.266	0.25	1	2	103133
206.282	0.25	0	1	103141
206.3	0.25	0	1	103150
206.316	0.25	1	2	103158
206.332	0.25	1	2	103166
206.35	0.25	0	1	103175
206.366	0.25	0	1	103183
206.382	0.25	0	1	103191
206.4	0.25	0	1	103200
206.416	0.25	1	2	103208
206.432	0.25	1	2	103216
206.45	0.25	0	1	103225
206.466	0.25	0	1	103233
206.482	0.25	1	2	103241
206.5	0.25	1	2	103250
206.516	0.25	1	2	103258
206.532	0.25	1	2	103266
206.55	0.25	1	2	103275
206.566	0.25	1	2	103283
206.582	0.25	0	1	103291
206.6	0.25	0	1	103300
206.616	0.25	0	1	103308
206.632	0.25	0	1	103316
206.65	0.25	0	1	103325
206.666	0.25	0	1	103333
206.682	0.25	1	2	103341
206.7	0.25	1	2	103350
206.716	0.25	0	1	103358
206.732	0.25	0	1	103366
206.75	0.25	1	2	103375
206.766	0.25	1	2	103383
206.782	0.25	1	2	103391
206.8	0.25	1	2	103400
206.816	0.25	1	2	103408
206.832	0.25	1	2	103416
206.85	0.25	0	1	103425
206.866	0.25	0	1	103433
206.882	0.25	0	1	103441
206.9	0.25	0	1	103450
206.916	0.25	1	2	103458
206.932	0.25	1	2	103466
206.95	0.25	0	1	103475
206.966	0.25	0	1	103483
206.982	0.25	1	2	103491
207.0	0.25	1	2	103500
207.016	0.25	0	1	103508
207.032	0.25	0	1	103516
207.05	0.25	0	1	103525
207.066	0.25	0	1	103533
207.082	0.25	0	1	103541
207.1	0.25	0	1	103550
207.116	0.25	1	2	103558
207.132	0.25	1	2	103566
207.15	0.25	1	2	103575
207.166	0.25	1	2	103583
207.182	0.25	0	1	103591
207.2	0.25	0	1	103600
207.216	0.25	1	2	103608
207.232	0.25	1	2	103616
207.25	0.25	0	1	103625
207.266	0.25	0	1	103633
207.282	0.25	0	1	103641
207.3	0.25	0	1	103650
207.316	0.25	0	1	103658
207.332	0.25	0	1	103666
207.35	0.25	1	2	103675
207.366	0.25	1	2	103683
207.382	0.25	0	1	103691
207.4	0.25	0	1	103700
207.416	0.25	1	2	103708
207.432	0.25	1	2	103716
207.45	0.25	0	1	103725
207.466	0.25	0	1	103733
207.482	0.25	0	1	103741
207.5	0.25	0	1	103750
207.516	0.25	1	2	103758
210.5	0.25	1	2	105250
210.516	0.25	1	2	105258
210.532	0.25	1	2	105266
210.55	0.25	1	2	105275
210.566	0.25	0	1	105283
210.582	0.25	0	1	105291
210.6	0.25	1	2	105300
210.616	0.25	1	2	105308
210.632	0.25	1	2	105316
210.65	0.25	1	2	105325
210.666	0.25	0	1	105333
210.682	0.25	0	1	105341
210.7	0.25	1	2	105350
210.716	0.25	1	2	105358
210.732	0.25	1	2	105366
210.75	0.25	1	2	105375
210.766	0.25	0	1	105383
210.782	0.25	0	1	105391
210.8	0.25	1	2	105400
210.816	0.25	1	2	105408
210.832	0.25	1	2	105416
210.85	0.25	1	2	105425
210.866	0.25	0	1	105433
210.882	0.25	0	1	105441
210.9	0.25	0	1	105450
210.916	0.25	0	1	105458
210.932	0.25	0	1	105466
210.95	0.25	0	1	105475
210.966	0.25	1	2	105483
210.982	0.25	1	2	105491
211.0	0.25	1	2	105500
211.016	0.25	1	2	105508
211.032	0.25	1	2	105516
211.05	0.25	1	2	105525
211.066	0.25	0	1	105533
211.082	0.25	0	1	105541
211.1	0.25	0	1	105550
211.116	0.25	0	1	105558
211.132	0.25	0	1	105566
211.15	0.25	0	1	105575
211.166	0.25	1	2	105583
211.182	0.25	1	2	105591
211.2	0.25	1	2	105600
211.216	0.25	1	2	105608
211.232	0.25	1	2	105616
211.25	0.25	1	2	105625
211.266	0.25	1	2	105633
211.282	0.25	1	2	105641
211.3	0.25	1	2	105650
211.316	0.25	1	2	105658
211.332	0.25	0	1	105666
211.35	0.25	0	1	105675
211.366	0.25	0	1	105683
211.382	0.25	0	1	105691
211.4	0.25	1	2	105700
211.416	0.25	1	2	105708
211.432	0.25	0	1	105716
211.45	0.25	0	1	105725
211.466	0.25	1	2	105733
211.482	0.25	1	2	105741
211.5	0.25	0	1	105750
211.516	0.25	0	1	105758
211.532	0.25	0	1	105766
211.55	0.25	0	1	105775
211.566	0.25	1	2	105783
211.582	0.25	1	2	105791
211.6	0.25	1	2	105800
211.616	0.25	1	2	105808
211.632	0.25	0	1	105816
211.65	0.25	0	1	105825
211.666	0.25	0	1	105833
211.682	0.25	0	1	105841
211.7	0.25	0	1	105850
211.716	0.25	0	1	105858
211.732	0.25	0	1	105866
211.75	0.25	0	1	105875
211.766	0.25	1	2	105883
211.782	0.25	1	2	105891
211.8	0.25	0	1	105900
211.816	0.25	0	1	105908
211.832	0.25	0	1	105916
211.85	0.25	0	1	105925
211.866	0.25	0	1	105933
211.882	0.25	0	1	105941
211.9	0.25	0	1	105950
211.916	0.25	0	1	105958
211.932	0.25	1	2	105966
211.95	0.25	1	2	105975
211.966	0.25	1	2	105983
211.982	0.25	1	2	105991
212.0	0.25	1	2	106000
212.016	0.25	1	2	106008
212.032	0.25	1	2	106016
212.05	0.25	1	2	106025
212.066	0.25	1	2	106033
212.082	0.25	1	2	106041
212.1	0.25	1	2	106050
212.116	0.25	1	2	106058
212.132	0.25	0	1	106066
212.15	0.25	0	1	106075
212.166	0.25	1	2	106083
212.182	0.25	1	2	106091
212.2	0.25	0	1	106100
212.216	0.25	0	1	106108
212.232	0.25	1	2	106116
212.25	0.25	1	2	106125
212.266	0.25	0	1	106133
212.282	0.25	0	1	106141
212.3	0.25	0	1	106150
212.316	0.25	0	1	106158
212.332	0.25	1	2	106166
212.35	0.25	1	2	106175
212.366	0.25	1	2	106183
212.382	0.25	1	2	106191
212.4	0.25	0	1	106200
212.416	0.25	0	1	106208
212.432	0.25	0	1	106216
213.916	0.25	0	1	106958
213.932	0.25	0	1	106966
213.95	0.25	0	1	106975
213.966	0.25	0	1	106983
213.982	0.25	1	2	106991
214.0	0.25	1	2	107000
214.016	0.25	1	2	107008
214.032	0.25	1	2	107016
214.05	0.25	0	1	107025
214.066	0.25	0	1	107033
214.082	0.25	0	1	107041
214.1	0.25	0	1	107050
214.116	0.25	0	1	107058
214.132	0.25	0	1	107066
214.15	0.25	0	1	107075
214.166	0.25	0	1	107083
214.182	0.25	1	2	107091
214.2	0.25	1	2	107100
214.216	0.25	1	2	107108
214.232	0.25	1	2	107116
214.25	0.25	1	2	107125
214.266	0.25	1	2	107133
214.282	0.25	1	2	107141
214.3	0.25	1	2	107150
214.316	0.25	1	2	107158
214.332	0.25	1	2	107166
214.35	0.25	0	1	107175
214.366	0.25	0	1	107183
214.382	0.25	0	1	107191
214.4	0.25	0	1	107200
214.416	0.25	0	1	107208
214.432	0.25	0	1	107216
214.45	0.25	0	1	107225
214.466	0.25	0	1	107233
214.482	0.25	0	1	107241
214.5	0.25	0	1	107250
214.516	0.25	0	1	107258
214.532	0.25	0	1	107266
214.55	0.25	1	2	107275
214.566	0.25	1	2	107283
214.582	0.25	1	2	107291
214.6	0.25	1	2	107300
214.616	0.25	0	1	107308
214.632	0.25	0	1	107316
214.65	0.25	0	1	107325
214.666	0.25	0	1	107333
214.682	0.25	1	2	107341
214.7	0.25	1	2	107350
214.716	0.25	0	1	107358
214.732	0.25	0	1	107366
214.75	0.25	1	2	107375
214.766	0.25	1	2	107383
214.782	0.25	0	1	107391
214.8	0.25	0	1	107400
214.816	0.25	1	2	107408
214.832	0.25	1	2	107416
214.85	0.25	0	1	107425
214.866	0.25	0	1	107433
214.882	0.25	1	2	107441
214.9	0.25	1	2	107450
214.916	0.25	1	2	107458
214.932	0.25	1	2	107466
214.95	0.25	0	1	107475
214.966	0.25	0	1	107483
214.982	0.25	1	2	107491
215.0	0.25	1	2	107500
215.016	0.25	0	1	107508
215.032	0.25	0	1	107516
215.05	0.25	0	1	107525
215.066	0.25	0	1	107533
215.082	0.25	0	1	107541
215.1	0.25	0	1	107550
215.116	0.25	1	2	107558
215.132	0.25	1	2	107566
215.15	0.25	0	1	107575
215.166	0.25	0	1	107583
215.182	0.25	0	1	107591
215.2	0.25	0	1	107600
215.216	0.25	0	1	107608
215.232	0.25	0	1	107616
215.25	0.25	1	2	107625
215.266	0.25	1	2	107633
215.282	0.25	1	2	107641
215.3	0.25	1	2	107650
215.316	0.25	1	2	107658
215.332	0.25	1	2	107666
215.35	0.25	0	1	107675
215.366	0.25	0	1	107683
215.382	0.25	1	2	107691
215.4	0.25	1	2	107700
215.416	0.25	0	1	107708
215.432	0.25	0	1	107716
215.45	0.25	1	2	107725
215.466	0.25	1	2	107733
215.482	0.25	1	2	107741
215.5	0.25	1	2	107750
215.516	0.25	1	2	107758
215.532	0.25	1	2	107766
215.55	0.25	1	2	107775
215.566	0.25	1	2	107783
215.582	0.25	1	2	107791
215.6	0.25	1	2	107800
215.616	0.25	0	1	107808
215.632	0.25	0	1	107816
215.65	0.25	0	1	107825
215.666	0.25	0	1	107833
215.682	0.25	1	2	107841
215.7	0.25	1	2	107850
215.716	0.25	0	1	107858
215.732	0.25	0	1	107866
215.75	0.25	0	1	107875
215.766	0.25	0	1	107883
215.782	0.25	0	1	107891
215.8	0.25	0	1	107900
215.816	0.25	1	2	107908
215.832	0.25	1	2	107916
215.85	0.25	1	2	107925
217.332	0.25	1	2	108666
217.35	0.25	1	2	108675
217.366	0.25	1	2	108683
217.382	0.25	1	2	108691
217.4	0.25	1	2	108700
217.416	0.25	1	2	108708
217.432	0.25	1	2	108716
217.45	0.25	1	2	108725
217.466	0.25	1	2	108733
217.482	0.25	1	2	108741
217.5	0.25	1	2	108750
217.516	0.25	1	2	108758
217.532	0.25	1	2	108766
217.55	0.25	1	2	108775
217.566	0.25	0	1	108783
217.582	0.25	0	1	108791
217.6	0.25	0	1	108800
217.616	0.25	0	1	108808
217.632	0.25	1	2	108816
217.65	0.25	1	2	108825
217.666	0.25	1	2	108833
217.682	0.25	1	2	108841
217.7	0.25	0	1	108850
217.716	0.25	0	1	108858
217.732	0.25	0	1	108866
217.75	0.25	0	1	108875
217.766	0.25	1	2	108883
217.782	0.25	1	2	108891
217.8	0.25	1	2	108900
217.816	0.25	1	2	108908
217.832	0.25	0	1	108916
217.85	0.25	0	1	108925
217.866	0.25	0	1	108933
217.882	0.25	0	1	108941
217.9	0.25	1	2	108950
217.916	0.25	1	2	108958
217.932	0.25	0	1	108966
217.95	0.25	0	1	108975
217.966	0.25	1	2	108983
217.982	0.25	1	2	108991
218.0	0.25	1	2	109000
218.016	0.25	1	2	109008
218.032	0.25	0	1	109016
218.05	0.25	0	1	109025
218.066	0.25	1	2	109033
218.082	0.25	1	2	109041
218.1	0.25	0	1	109050
218.116	0.25	0	1	109058
218.132	0.25	0	1	109066
218.15	0.25	0	1	109075
218.166	0.25	1	2	109083
218.182	0.25	1	2	109091
218.2	0.25	0	1	109100
218.216	0.25	0	1	109108
218.232	0.25	1	2	109116
218.25	0.25	1	2	109125
218.266	0.25	1	2	109133
218.282	0.25	1	2	109141
218.3	0.25	1	2	109150
218.316	0.25	1	2	109158
218.332	0.25	0	1	109166
218.35	0.25	0	1	109175
218.366	0.25	0	1	109183
218.382	0.25	0	1	109191
218.4	0.25	0	1	109200
218.416	0.25	0	1	109208
218.432	0.25	1	2	109216
218.45	0.25	1	2	109225
218.466	0.25	0	1	109233
218.482	0.25	0	1	109241
218.5	0.25	1	2	109250
218.516	0.25	1	2	109258
218.532	0.25	1	2	109266
218.55	0.25	1	2	109275
218.566	0.25	1	2	109283
218.582	0.25	1	2	109291
218.6	0.25	0	1	109300
218.616	0.25	0	1	109308
218.632	0.25	0	1	109316
218.65	0.25	0	1	109325
218.666	0.25	1	2	109333
218.682	0.25	1	2	109341
218.7	0.25	0	1	109350
218.716	0.25	0	1	109358
218.732	0.25	1	2	109366
218.75	0.25	1	2	109375
218.766	0.25	0	1	109383
218.782	0.25	0	1	109391
218.8	0.25	0	1	109400
218.816	0.25	0	1	109408
218.832	0.25	0	1	109416
218.85	0.25	0	1	109425
218.866	0.25	1	2	109433
218.882	0.25	1	2	109441
218.9	0.25	1	2	109450
218.916	0.25	1	2	109458
218.932	0.25	0	1	109466
218.95	0.25	0	1	109475
218.966	0.25	1	2	109483
218.982	0.25	1	2	109491
219.0	0.25	0	1	109500
219.016	0.25	0	1	109508
219.032	0.25	0	1	109516
219.05	0.25	0	1	109525
219.066	0.25	0	1	109533
219.082	0.25	0	1	109541
219.1	0.25	1	2	109550
219.116	0.25	1	2	109558
219.132	0.25	0	1	109566
219.15	0.25	0	1	109575
219.166	0.25	1	2	109583
219.182	0.25	1	2	109591
219.2	0.25	0	1	109600
219.216	0.25	0	1	109608
219.232	0.25	0	1	109616
219.25	0.25	0	1	109625
219.266	0.25	1	2	109633
220.75	0.25	1	2	110375
220.766	0.25	1	2	110383
220.782	0.25	1	2	110391
220.8	0.25	1	2	110400
220.816	0.25	0	1	110408
220.832	0.25	0	1	110416
220.85	0.25	0	1	110425
220.866	0.25	0	1	110433
220.882	0.25	0	1	110441
220.9	0.25	0	1	110450
220.916	0.25	0	1	110458
220.932	0.25	0	1	110466
220.95	0.25	1	2	110475
220.966	0.25	1	2	110483
220.982	0.25	0	1	110491
221.0	0.25	0	1	110500
221.016	0.25	0	1	110508
221.032	0.25	0	1	110516
221.05	0.25	1	2	110525
221.066	0.25	1	2	110533
221.082	0.25	1	2	110541
221.1	0.25	1	2	110550
221.116	0.25	0	1	110558
221.132	0.25	0	1	110566
221.15	0.25	0	1	110575
221.166	0.25	0	1	110583
221.182	0.25	0	1	110591
221.2	0.25	0	1	110600
221.216	0.25	0	1	110608
221.232	0.25	0	1	110616
221.25	0.25	0	1	110625
221.266	0.25	0	1	110633
221.282	0.25	0	1	110641
221.3	0.25	0	1	110650
221.316	0.25	1	2	110658
221.332	0.25	1	2	110666
221.35	0.25	0	1	110675
221.366	0.25	0	1	110683
221.382	0.25	1	2	110691
221.4	0.25	1	2	110700
221.416	0.25	1	2	110708
221.432	0.25	1	2	110716
221.45	0.25	0	1	110725
221.466	0.25	0	1	110733
221.482	0.25	1	2	110741
221.5	0.25	1	2	110750
221.516	0.25	0	1	110758
221.532	0.25	0	1	110766
221.55	0.25	1	2	110775
221.566	0.25	1	2	110783
221.582	0.25	0	1	110791
221.6	0.25	0	1	110800
221.616	0.25	1	2	110808
221.632	0.25	1	2	110816
221.65	0.25	0	1	110825
221.666	0.25	0	1	110833
221.682	0.25	0	1	110841
221.7	0.25	0	1	110850
221.716	0.25	0	1	110858
221.732	0.25	0	1	110866
221.75	0.25	1	2	110875
221.766	0.25	1	2	110883
221.782	0.25	1	2	110891
221.8	0.25	1	2	110900
221.816	0.25	1	2	110908
221.832	0.25	1	2	110916
221.85	0.25	0	1	110925
221.866	0.25	0	1	110933
221.882	0.25	1	2	110941
221.9	0.25	1	2	110950
221.916	0.25	1	2	110958
221.932	0.25	1	2	110966
221.95	0.25	1	2	110975
221.966	0.25	1	2	110983
221.982	0.25	0	1	110991
222.0	0.25	0	1	111000
222.016	0.25	1	2	111008
222.032	0.25	1	2	111016
222.05	0.25	0	1	111025
222.066	0.25	0	1	111033
222.082	0.25	1	2	111041
222.1	0.25	1	2	111050
222.116	0.25	1	2	111058
222.132	0.25	1	2	111066
222.15	0.25	0	1	111075
222.166	0.25	0	1	111083
222.182	0.25	0	1	111091
222.2	0.25	0	1	111100
222.216	0.25	0	1	111108
222.232	0.25	0	1	111116
222.25	0.25	1	2	111125
222.266	0.25	1	2	111133
222.282	0.25	1	2	111141
222.3	0.25	1	2	111150
222.316	0.25	0	1	111158
222.332	0.25	0	1	111166
222.35	0.25	1	2	111175
222.366	0.25	1	2	111183
222.382	0.25	1	2	111191
222.4	0.25	1	2	111200
222.416	0.25	1	2	111208
222.432	0.25	1	2	111216
222.45	0.25	0	1	111225
222.466	0.25	0	1	111233
222.482	0.25	0	1	111241
222.5	0.25	0	1	111250
222.516	0.25	0	1	111258
222.532	0.25	0	1	111266
222.55	0.25	0	1	111275
222.566	0.25	0	1	111283
222.582	0.25	0	1	111291
222.6	0.25	0	1	111300
222.616	0.25	1	2	111308
222.632	0.25	1	2	111316
222.65	0.25	1	2	111325
222.666	0.25	1	2	111333
222.682	0.25	1	2	111341
226.766	0.25	1	2	113383
226.782	0.25	1	2	113391
226.8	0.25	1	2	113400
226.816	0.25	1	2	113408
226.832	0.25	0	1	113416
226.85	0.25	0	1	113425
226.866	0.25	0	1	113433
226.882	0.25	0	1	113441
226.9	0.25	0	1	113450
226.916	0.25	0	1	113458
226.932	0.25	0	1	113466
226.95	0.25	0	1	113475
226.966	0.25	1	2	113483
226.982	0.25	1	2	113491
227.0	0.25	0	1	113500
227.016	0.25	0	1	113508
227.032	0.25	0	1	113516
227.05	0.25	0	1	113525
227.066	0.25	1	2	113533
227.082	0.25	1	2	113541
227.1	0.25	1	2	113550
227.116	0.25	1	2	113558
227.132	0.25	0	1	113566
227.15	0.25	0	1	113575
227.166	0.25	0	1	113583
227.182	0.25	0	1	113591
227.2	0.25	0	1	113600
227.216	0.25	0	1	113608
227.232	0.25	0	1	113616
227.25	0.25	0	1	113625
227.266	0.25	0	1	113633
227.282	0.25	0	1	113641
227.3	0.25	0	1	113650
227.316	0.25	0	1	113658
227.332	0.25	1	2	113666
227.35	0.25	1	2	113675
227.366	0.25	0	1	113683
227.382	0.25	0	1	113691
227.4	0.25	1	2	113700
227.416	0.25	1	2	113708
227.432	0.25	1	2	113716
227.45	0.25	1	2	113725
227.466	0.25	0	1	113733
227.482	0.25	0	1	113741
227.5	0.25	1	2	113750
227.516	0.25	1	2	113758
227.532	0.25	0	1	113766
227.55	0.25	0	1	113775
227.566	0.25	1	2	113783
227.582	0.25	1	2	113791
227.6	0.25	0	1	113800
227.616	0.25	0	1	113808
227.632	0.25	1	2	113816
227.65	0.25	1	2	113825
227.666	0.25	0	1	113833
227.682	0.25	0	1	113841
227.7	0.25	0	1	113850
227.716	0.25	0	1	113858
227.732	0.25	0	1	113866
227.75	0.25	0	1	113875
227.766	0.25	1	2	113883
227.782	0.25	1	2	113891
227.8	0.25	1	2	113900
227.816	0.25	1	2	113908
227.832	0.25	1	2	113916
227.85	0.25	1	2	113925
227.866	0.25	0	1	113933
227.882	0.25	0	1	113941
227.9	0.25	1	2	113950
227.916	0.25	1	2	113958
227.932	0.25	1	2	113966
227.95	0.25	1	2	113975
227.966	0.25	1	2	113983
227.982	0.25	1	2	113991
228.0	0.25	0	1	114000
228.016	0.25	0	1	114008
228.032	0.25	1	2	114016
228.05	0.25	1	2	114025
228.066	0.25	0	1	114033
228.082	0.25	0	1	114041
228.1	0.25	1	2	114050
228.116	0.25	1	2	114058
228.132	0.25	1	2	114066
228.15	0.25	1	2	114075
228.166	0.25	0	1	114083
228.182	0.25	0	1	114091
228.2	0.25	0	1	114100
228.216	0.25	0	1	114108
228.232	0.25	0	1	114116
228.25	0.25	0	1	114125
228.266	0.25	1	2	114133
228.282	0.25	1	2	114141
228.3	0.25	1	2	114150
228.316	0.25	1	2	114158
228.332	0.25	0	1	114166
228.35	0.25	0	1	114175
228.366	0.25	1	2	114183
228.382	0.25	1	2	114191
228.4	0.25	1	2	114200
228.416	0.25	1	2	114208
228.432	0.25	1	2	114216
228.45	0.25	1	2	114225
228.466	0.25	0	1	114233
228.482	0.25	0	1	114241
228.5	0.25	0	1	114250
228.516	0.25	0	1	114258
228.532	0.25	0	1	114266
228.55	0.25	0	1	114275
228.566	0.25	0	1	114283
228.582	0.25	0	1	114291
228.6	0.25	0	1	114300
228.616	0.25	0	1	114308
228.632	0.25	1	2	114316
228.65	0.25	1	2	114325
228.666	0.25	1	2	114333
228.682	0.25	1	2	114341
228.7	0.25	1	2	114350
230.182	0.25	0	1	115091
230.2	0.25	0	1	115100
230.216	0.25	0	1	115108
230.232	0.25	0	1	115116
230.25	0.25	1	2	115125
230.266	0.25	1	2	115133
230.282	0.25	1	2	115141
230.3	0.25	1	2	115150
230.316	0.25	0	1	115158
230.332	0.25	0	1	115166
230.35	0.25	0	1	115175
230.366	0.25	0	1	115183
230.382	0.25	0	1	115191
230.4	0.25	0	1	115200
230.416	0.25	0	1	115208
230.432	0.25	0	1	115216
230.45	0.25	1	2	115225
230.466	0.25	1	2	115233
230.482	0.25	1	2	115241
230.5	0.25	1	2	115250
230.516	0.25	1	2	115258
230.532	0.25	1	2	115266
230.55	0.25	1	2	115275
230.566	0.25	1	2	115283
230.582	0.25	1	2	115291
230.6	0.25	1	2	115300
230.616	0.25	0	1	115308
230.632	0.25	0	1	115316
230.65	0.25	0	1	115325
230.666	0.25	0	1	115333
230.682	0.25	0	1	115341
230.7	0.25	0	1	115350
230.716	0.25	0	1	115358
230.732	0.25	0	1	115366
230.75	0.25	0	1	115375
230.766	0.25	0	1	115383
230.782	0.25	0	1	115391
230.8	0.25	0	1	115400
230.816	0.25	1	2	115408
230.832	0.25	1	2	115416
230.85	0.25	1	2	115425
230.866	0.25	1	2	115433
230.882	0.25	0	1	115441
230.9	0.25	0	1	115450
230.916	0.25	0	1	115458
230.932	0.25	0	1	115466
230.95	0.25	1	2	115475
230.966	0.25	1	2	115483
230.982	0.25	0	1	115491
231.0	0.25	0	1	115500
231.016	0.25	1	2	115508
231.032	0.25	1	2	115516
231.05	0.25	0	1	115525
231.066	0.25	0	1	115533
231.082	0.25	1	2	115541
231.1	0.25	1	2	115550
231.116	0.25	0	1	115558
231.132	0.25	0	1	115566
231.15	0.25	1	2	115575
231.166	0.25	1	2	115583
231.182	0.25	1	2	115591
231.2	0.25	1	2	115600
231.216	0.25	0	1	115608
231.232	0.25	0	1	115616
231.25	0.25	1	2	115625
231.266	0.25	1	2	115633
231.282	0.25	0	1	115641
231.3	0.25	0	1	115650
231.316	0.25	0	1	115658
231.332	0.25	0	1	115666
231.35	0.25	0	1	115675
231.366	0.25	0	1	115683
231.382	0.25	1	2	115691
231.4	0.25	1	2	115700
231.416	0.25	0	1	115708
231.432	0.25	0	1	115716
231.45	0.25	0	1	115725
231.466	0.25	0	1	115733
231.482	0.25	0	1	115741
231.5	0.25	0	1	115750
231.516	0.25	1	2	115758
231.532	0.25	1	2	115766
231.55	0.25	1	2	115775
231.566	0.25	1	2	115783
231.582	0.25	1	2	115791
231.6	0.25	1	2	115800
231.616	0.25	0	1	115808
231.632	0.25	0	1	115816
231.65	0.25	1	2	115825
231.666	0.25	1	2	115833
231.682	0.25	0	1	115841
231.7	0.25	0	1	115850
231.716	0.25	1	2	115858
231.732	0.25	1	2	115866
231.75	0.25	1	2	115875
231.766	0.25	1	2	115883
231.782	0.25	1	2	115891
231.8	0.25	1	2	115900
231.816	0.25	1	2	115908
231.832	0.25	1	2	115916
231.85	0.25	1	2	115925
231.866	0.25	1	2	115933
231.882	0.25	0	1	115941
231.9	0.25	0	1	115950
231.916	0.25	0	1	115958
231.932	0.25	0	1	115966
231.95	0.25	1	2	115975
231.966	0.25	1	2	115983
231.982	0.25	0	1	115991
232.0	0.25	0	1	116000
232.016	0.25	0	1	116008
232.032	0.25	0	1	116016
232.05	0.25	0	1	116025
232.066	0.25	0	1	116033
232.082	0.25	1	2	116041
232.1	0.25	1	2	116050
232.116	0.25	1	2	116058
233.6	0.25	1	2	116800
233.616	0.25	1	2	116808
233.632	0.25	1	2	116816
233.65	0.25	1	2	116825
233.666	0.25	0	1	116833
233.682	0.25	0	1	116841
233.7	0.25	1	2	116850
233.716	0.25	1	2	116858
233.732	0.25	1	2	116866
233.75	0.25	1	2	116875
233.766	0.25	0	1	116883
233.782	0.25	0	1	116891
233.8	0.25	1	2	116900
233.816	0.25	1	2	116908
233.832	0.25	1	2	116916
233.85	0.25	1	2	116925
233.866	0.25	0	1	116933
233.882	0.25	0	1	116941
233.9	0.25	1	2	116950
233.916	0.25	1	2	116958
233.932	0.25	1	2	116966
233.95	0.25	1	2	116975
233.966	0.25	0	1	116983
233.982	0.25	0	1	116991
234.0	0.25	0	1	117000
234.016	0.25	0	1	117008
234.032	0.25	0	1	117016
234.05	0.25	0	1	117025
234.066	0.25	1	2	117033
234.082	0.25	1	2	117041
234.1	0.25	1	2	117050
234.116	0.25	1	2	117058
234.132	0.25	1	2	117066
234.15	0.25	1	2	117075
234.166	0.25	0	1	117083
234.182	0.25	0	1	117091
234.2	0.25	0	1	117100
234.216	0.25	0	1	117108
234.232	0.25	0	1	117116
234.25	0.25	0	1	117125
234.266	0.25	1	2	117133
234.282	0.25	1	2	117141
234.3	0.25	1	2	117150
234.316	0.25	1	2	117158
234.332	0.25	1	2	117166
234.35	0.25	1	2	117175
234.366	0.25	1	2	117183
234.382	0.25	1	2	117191
234.4	0.25	1	2	117200
234.416	0.25	1	2	117208
234.432	0.25	0	1	117216
234.45	0.25	0	1	117225
234.466	0.25	0	1	117233
234.482	0.25	0	1	117241
234.5	0.25	1	2	117250
234.516	0.25	1	2	117258
234.532	0.25	0	1	117266
234.55	0.25	0	1	117275
234.566	0.25	1	2	117283
234.582	0.25	1	2	117291
234.6	0.25	0	1	117300
234.616	0.25	0	1	117308
234.632	0.25	0	1	117316
234.65	0.25	0	1	117325
234.666	0.25	1	2	117333
234.682	0.25	1	2	117341
234.7	0.25	1	2	117350
234.716	0.25	1	2	117358
234.732	0.25	0	1	117366
234.75	0.25	0	1	117375
234.766	0.25	0	1	117383
234.782	0.25	0	1	117391
234.8	0.25	0	1	117400
234.816	0.25	0	1	117408
234.832	0.25	0	1	117416
234.85	0.25	0	1	117425
234.866	0.25	1	2	117433
234.882	0.25	1	2	117441
234.9	0.25	0	1	117450
234.916	0.25	0	1	117458
234.932	0.25	0	1	117466
234.95	0.25	0	1	117475
234.966	0.25	0	1	117483
234.982	0.25	0	1	117491
235.0	0.25	0	1	117500
235.016	0.25	0	1	117508
235.032	0.25	1	2	117516
235.05	0.25	1	2	117525
235.066	0.25	1	2	117533
235.082	0.25	1	2	117541
235.1	0.25	1	2	117550
235.116	0.25	1	2	117558
235.132	0.25	1	2	117566
235.15	0.25	1	2	117575
235.166	0.25	1	2	117583
235.182	0.25	1	2	117591
235.2	0.25	1	2	117600
235.216	0.25	1	2	117608
235.232	0.25	0	1	117616
235.25	0.25	0	1	117625
235.266	0.25	1	2	117633
235.282	0.25	1	2	117641
235.3	0.25	0	1	117650
235.316	0.25	0	1	117658
235.332	0.25	1	2	117666
235.35	0.25	1	2	117675
235.366	0.25	0	1	117683
235.382	0.25	0	1	117691
235.4	0.25	0	1	117700
235.416	0.25	0	1	117708
235.432	0.25	1	2	117716
235.45	0.25	1	2	117725
235.466	0.25	1	2	117733
235.482	0.25	1	2	117741
235.5	0.25	0	1	117750
235.516	0.25	0	1	117758
235.532	0.25	0	1	117766
237.016	0.25	1	2	118508
237.032	0.25	1	2	118516
237.05	0.25	1	2	118525
237.066	0.25	1	2	118533
237.082	0.25	1	2	118541
237.1	0.25	1	2	118550
237.116	0.25	1	2	118558
237.132	0.25	1	2	118566
237.15	0.25	1	2	118575
237.166	0.25	1	2	118583
237.182	0.25	1	2	118591
237.2	0.25	1	2	118600
237.216	0.25	1	2	118608
237.232	0.25	1	2	118616
237.25	0.25	0	1	118625
237.266	0.25	0	1	118633
237.282	0.25	0	1	118641
237.3	0.25	0	1	118650
237.316	0.25	1	2	118658
237.332	0.25	1	2	118666
237.35	0.25	1	2	118675
237.366	0.25	1	2	118683
237.382	0.25	0	1	118691
237.4	0.25	0	1	118700
237.416	0.25	0	1	118708
237.432	0.25	0	1	118716
237.45	0.25	1	2	118725
237.466	0.25	1	2	118733
237.482	0.25	1	2	118741
237.5	0.25	1	2	118750
237.516	0.25	0	1	118758
237.532	0.25	0	1	118766
237.55	0.25	0	1	118775
237.566	0.25	0	1	118783
237.582	0.25	1	2	118791
237.6	0.25	1	2	118800
237.616	0.25	0	1	118808
237.632	0.25	0	1	118816
237.65	0.25	1	2	118825
237.666	0.25	1	2	118833
237.682	0.25	1	2	118841
237.7	0.25	1	2	118850
237.716	0.25	0	1	118858
237.732	0.25	0	1	118866
237.75	0.25	1	2	118875
237.766	0.25	1	2	118883
237.782	0.25	0	1	118891
237.8	0.25	0	1	118900
237.816	0.25	0	1	118908
237.832	0.25	0	1	118916
237.85	0.25	1	2	118925
237.866	0.25	1	2	118933
237.882	0.25	0	1	118941
237.9	0.25	0	1	118950
237.916	0.25	1	2	118958
237.932	0.25	1	2	118966
237.95	0.25	1	2	118975
237.966	0.25	1	2	118983
237.982	0.25	1	2	118991
238.0	0.25	1	2	119000
238.016	0.25	0	1	119008
238.032	0.25	0	1	119016
238.05	0.25	0	1	119025
238.066	0.25	0	1	119033
238.082	0.25	0	1	119041
238.1	0.25	0	1	119050
238.116	0.25	1	2	119058
238.132	0.25	1	2	119066
238.15	0.25	0	1	119075
238.166	0.25	0	1	119083
238.182	0.25	1	2	119091
238.2	0.25	1	2	119100
238.216	0.25	1	2	119108
238.232	0.25	1	2	119116
238.25	0.25	1	2	119125
238.266	0.25	1	2	119133
238.282	0.25	0	1	119141
238.3	0.25	0	1	119150
238.316	0.25	0	1	119158
238.332	0.25	0	1	119166
238.35	0.25	1	2	119175
238.366	0.25	1	2	119183
238.382	0.25	0	1	119191
238.4	0.25	0	1	119200
238.416	0.25	1	2	119208
238.432	0.25	1	2	119216
238.45	0.25	0	1	119225
238.466	0.25	0	1	119233
238.482	0.25	0	1	119241
238.5	0.25	0	1	119250
238.516	0.25	0	1	119258
238.532	0.25	0	1	119266
238.55	0.25	1	2	119275
238.566	0.25	1	2	119283
238.582	0.25	1	2	119291
238.6	0.25	1	2	119300
238.616	0.25	0	1	119308
238.632	0.25	0	1	119316
238.65	0.25	1	2	119325
238.666	0.25	1	2	119333
238.682	0.25	0	1	119341
238.7	0.25	0	1	119350
238.716	0.25	0	1	119358
238.732	0.25	0	1	119366
238.75	0.25	0	1	119375
238.766	0.25	0	1	119383
238.782	0.25	1	2	119391
238.8	0.25	1	2	119400
238.816	0.25	0	1	119408
238.832	0.25	0	1	119416
238.85	0.25	1	2	119425
238.866	0.25	1	2	119433
238.882	0.25	0	1	119441
238.9	0.25	0	1	119450
238.916	0.25	0	1	119458
238.932	0.25	0	1	119466
238.95	0.25	1	2	119475
242.566	0.25	1	2	121283
242.582	0.25	1	2	121291
242.6	0.25	1	2	121300
242.616	0.25	1	2	121308
242.632	0.25	0	1	121316
242.65	0.25	0	1	121325
242.666	0.25	0	1	121333
242.682	0.25	0	1	121341
242.7	0.25	0	1	121350
242.716	0.25	0	1	121358
242.732	0.25	0	1	121366
242.75	0.25	0	1	121375
242.766	0.25	1	2	121383
242.782	0.25	1	2	121391
242.8	0.25	0	1	121400
242.816	0.25	0	1	121408
242.832	0.25	0	1	121416
242.85	0.25	0	1	121425
242.866	0.25	1	2	121433
242.882	0.25	1	2	121441
242.9	0.25	1	2	121450
242.916	0.25	1	2	121458
242.932	0.25	0	1	121466
242.95	0.25	0	1	121475
242.966	0.25	0	1	121483
242.982	0.25	0	1	121491
243.0	0.25	0	1	121500
243.016	0.25	0	1	121508
243.032	0.25	0	1	121516
243.05	0.25	0	1	121525
243.066	0.25	0	1	121533
243.082	0.25	0	1	121541
243.1	0.25	0	1	121550
243.116	0.25	0	1	121558
243.132	0.25	1	2	121566
243.15	0.25	1	2	121575
243.166	0.25	0	1	121583
243.182	0.25	0	1	121591
243.2	0.25	1	2	121600
243.216	0.25	1	2	121608
243.232	0.25	1	2	121616
243.25	0.25	1	2	121625
243.266	0.25	0	1	121633
243.282	0.25	0	1	121641
243.3	0.25	1	2	121650
243.316	0.25	1	2	121658
243.332	0.25	0	1	121666
243.35	0.25	0	1	121675
243.366	0.25	1	2	121683
243.382	0.25	1	2	121691
243.4	0.25	0	1	121700
243.416	0.25	0	1	121708
243.432	0.25	1	2	121716
243.45	0.25	1	2	121725
243.466	0.25	0	1	121733
243.482	0.25	0	1	121741
243.5	0.25	0	1	121750
243.516	0.25	0	1	121758
243.532	0.25	0	1	121766
243.55	0.25	0	1	121775
243.566	0.25	1	2	121783
243.582	0.25	1	2	121791
243.6	0.25	1	2	121800
243.616	0.25	1	2	121808
243.632	0.25	1	2	121816
243.65	0.25	1	2	121825
243.666	0.25	0	1	121833
243.682	0.25	0	1	121841
243.7	0.25	1	2	121850
243.716	0.25	1	2	121858
243.732	0.25	1	2	121866
243.75	0.25	1	2	121875
243.766	0.25	1	2	121883
243.782	0.25	1	2	121891
243.8	0.25	0	1	121900
243.816	0.25	0	1	121908
243.832	0.25	1	2	121916
243.85	0.25	1	2	121925
243.866	0.25	0	1	121933
243.882	0.25	0	1	121941
243.9	0.25	1	2	121950
243.916	0.25	1	2	121958
243.932	0.25	1	2	121966
243.95	0.25	1	2	121975
243.966	0.25	0	1	121983
243.982	0.25	0	1	121991
244.0	0.25	0	1	122000
244.016	0.25	0	1	122008
244.032	0.25	0	1	122016
244.05	0.25	0	1	122025
244.066	0.25	1	2	122033
244.082	0.25	1	2	122041
244.1	0.25	1	2	122050
244.116	0.25	1	2	122058
244.132	0.25	0	1	122066
244.15	0.25	0	1	122075
244.166	0.25	1	2	122083
244.182	0.25	1	2	122091
244.2	0.25	1	2	122100
244.216	0.25	1	2	122108
244.232	0.25	1	2	122116
244.25	0.25	1	2	122125
244.266	0.25	0	1	122133
244.282	0.25	0	1	122141
244.3	0.25	0	1	122150
244.316	0.25	0	1	122158
244.332	0.25	0	1	122166
244.35	0.25	0	1	122175
244.366	0.25	0	1	122183
244.382	0.25	0	1	122191
244.4	0.25	0	1	122200
244.416	0.25	0	1	122208
244.432	0.25	1	2	122216
244.45	0.25	1	2	122225
244.466	0.25	1	2	122233
244.482	0.25	1	2	122241
244.5	0.25	1	2	122250
245.982	0.25	1	2	122991
246.0	0.25	1	2	123000
246.016	0.25	1	2	123008
246.032	0.25	1	2	123016
246.05	0.25	1	2	123025
246.066	0.25	1	2	123033
246.082	0.25	1	2	123041
246.1	0.25	1	2	123050
246.116	0.25	1	2	123058
246.132	0.25	1	2	123066
246.15	0.25	1	2	123075
246.166	0.25	1	2	123083
246.182	0.25	1	2	123091
246.2	0.25	1	2	123100
246.216	0.25	0	1	123108
246.232	0.25	0	1	123116
246.25	0.25	0	1	123125
246.266	0.25	0	1	123133
246.282	0.25	1	2	123141
246.3	0.25	1	2	123150
246.316	0.25	1	2	123158
246.332	0.25	1	2	123166
246.35	0.25	0	1	123175
246.366	0.25	0	1	123183
246.382	0.25	0	1	123191
246.4	0.25	0	1	123200
246.416	0.25	1	2	123208
246.432	0.25	1	2	123216
246.45	0.25	1	2	123225
246.466	0.25	1	2	123233
246.482	0.25	0	1	123241
246.5	0.25	0	1	123250
246.516	0.25	0	1	123258
246.532	0.25	0	1	123266
246.55	0.25	1	2	123275
246.566	0.25	1	2	123283
246.582	0.25	0	1	123291
246.6	0.25	0	1	123300
246.616	0.25	1	2	123308
246.632	0.25	1	2	123316
246.65	0.25	1	2	123325
246.666	0.25	1	2	123333
246.682	0.25	0	1	123341
246.7	0.25	0	1	123350
246.716	0.25	1	2	123358
246.732	0.25	1	2	123366
246.75	0.25	0	1	123375
246.766	0.25	0	1	123383
246.782	0.25	0	1	123391
246.8	0.25	0	1	123400
246.816	0.25	1	2	123408
246.832	0.25	1	2	123416
246.85	0.25	0	1	123425
246.866	0.25	0	1	123433
246.882	0.25	1	2	123441
246.9	0.25	1	2	123450
246.916	0.25	1	2	123458
246.932	0.25	1	2	123466
246.95	0.25	1	2	123475
246.966	0.25	1	2	123483
246.982	0.25	0	1	123491
247.0	0.25	0	1	123500
247.016	0.25	0	1	123508
247.032	0.25	0	1	123516
247.05	0.25	0	1	123525
247.066	0.25	0	1	123533
247.082	0.25	1	2	123541
247.1	0.25	1	2	123550
247.116	0.25	0	1	123558
247.132	0.25	0	1	123566
247.15	0.25	1	2	123575
247.166	0.25	1	2	123583
247.182	0.25	1	2	123591
247.2	0.25	1	2	123600
247.216	0.25	1	2	123608
247.232	0.25	1	2	123616
247.25	0.25	0	1	123625
247.266	0.25	0	1	123633
247.282	0.25	0	1	123641
247.3	0.25	0	1	123650
247.316	0.25	1	2	123658
247.332	0.25	1	2	123666
247.35	0.25	0	1	123675
247.366	0.25	0	1	123683
247.382	0.25	1	2	123691
247.4	0.25	1	2	123700
247.416	0.25	0	1	123708
247.432	0.25	0	1	123716
247.45	0.25	0	1	123725
247.466	0.25	0	1	123733
247.482	0.25	0	1	123741
247.5	0.25	0	1	123750
247.516	0.25	1	2	123758
247.532	0.25	1	2	123766
247.55	0.25	1	2	123775
247.566	0.25	1	2	123783
247.582	0.25	0	1	123791
247.6	0.25	0	1	123800
247.616	0.25	1	2	123808
247.632	0.25	1	2	123816
247.65	0.25	0	1	123825
247.666	0.25	0	1	123833
247.682	0.25	0	1	123841
247.7	0.25	0	1	123850
247.716	0.25	0	1	123858
247.732	0.25	0	1	123866
247.75	0.25	1	2	123875
247.766	0.25	1	2	123883
247.782	0.25	0	1	123891
247.8	0.25	0	1	123900
247.816	0.25	1	2	123908
247.832	0.25	1	2	123916
247.85	0.25	0	1	123925
247.866	0.25	0	1	123933
247.882	0.25	0	1	123941
247.9	0.25	0	1	123950
247.916	0.25	1	2	123958
249.4	0.25	1	2	124700
249.416	0.25	1	2	124708
249.432	0.25	1	2	124716
249.45	0.25	1	2	124725
249.466	0.25	0	1	124733
249.482	0.25	0	1	124741
249.5	0.25	1	2	124750
249.516	0.25	1	2	124758
249.532	0.25	1	2	124766
249.55	0.25	1	2	124775
249.566	0.25	0	1	124783
249.582	0.25	0	1	124791
249.6	0.25	1	2	124800
249.616	0.25	1	2	124808
249.632	0.25	1	2	124816
249.65	0.25	1	2	124825
249.666	0.25	0	1	124833
249.682	0.25	0	1	124841
249.7	0.25	1	2	124850
249.716	0.25	1	2	124858
249.732	0.25	1	2	124866
249.75	0.25	1	2	124875
249.766	0.25	0	1	124883
249.782	0.25	0	1	124891
249.8	0.25	0	1	124900
249.816	0.25	0	1	124908
249.832	0.25	0	1	124916
249.85	0.25	0	1	124925
249.866	0.25	1	2	124933
249.882	0.25	1	2	124941
249.9	0.25	1	2	124950
249.916	0.25	1	2	124958
249.932	0.25	1	2	124966
249.95	0.25	1	2	124975
249.966	0.25	0	1	124983
249.982	0.25	0	1	124991
250.0	0.25	0	1	125000
250.016	0.25	0	1	125008
250.032	0.25	0	1	125016
250.05	0.25	0	1	125025
250.066	0.25	1	2	125033
250.082	0.25	1	2	125041
250.1	0.25	1	2	125050
250.116	0.25	1	2	125058
250.132	0.25	1	2	125066
250.15	0.25	1	2	125075
250.166	0.25	1	2	125083
250.182	0.25	1	2	125091
250.2	0.25	1	2	125100
250.216	0.25	1	2	125108
250.232	0.25	0	1	125116
250.25	0.25	0	1	125125
250.266	0.25	0	1	125133
250.282	0.25	0	1	125141
250.3	0.25	1	2	125150
250.316	0.25	1	2	125158
250.332	0.25	0	1	125166
250.35	0.25	0	1	125175
250.366	0.25	1	2	125183
250.382	0.25	1	2	125191
250.4	0.25	0	1	125200
250.416	0.25	0	1	125208
250.432	0.25	0	1	125216
250.45	0.25	0	1	125225
250.466	0.25	1	2	125233
250.482	0.25	1	2	125241
250.5	0.25	1	2	125250
250.516	0.25	1	2	125258
250.532	0.25	0	1	125266
250.55	0.25	0	1	125275
250.566	0.25	0	1	125283
250.582	0.25	0	1	125291
250.6	0.25	0	1	125300
250.616	0.25	0	1	125308
250.632	0.25	0	1	125316
250.65	0.25	0	1	125325
250.666	0.25	1	2	125333
250.682	0.25	1	2	125341
250.7	0.25	0	1	125350
250.716	0.25	0	1	125358
250.732	0.25	0	1	125366
250.75	0.25	0	1	125375
250.766	0.25	0	1	125383
250.782	0.25	0	1	125391
250.8	0.25	0	1	125400
250.816	0.25	0	1	125408
250.832	0.25	1	2	125416
250.85	0.25	1	2	125425
250.866	0.25	1	2	125433
250.882	0.25	1	2	125441
250.9	0.25	1	2	125450
250.916	0.25	1	2	125458
250.932	0.25	1	2	125466
250.95	0.25	1	2	125475
250.966	0.25	1	2	125483
250.982	0.25	1	2	125491
251.0	0.25	1	2	125500
251.016	0.25	1	2	125508
251.032	0.25	0	1	125516
251.05	0.25	0	1	125525
251.066	0.25	1	2	125533
251.082	0.25	1	2	125541
251.1	0.25	0	1	125550
251.116	0.25	0	1	125558
251.132	0.25	1	2	125566
251.15	0.25	1	2	125575
251.166	0.25	0	1	125583
251.182	0.25	0	1	125591
251.2	0.25	0	1	125600
251.216	0.25	0	1	125608
251.232	0.25	1	2	125616
251.25	0.25	1	2	125625
251.266	0.25	1	2	125633
251.282	0.25	1	2	125641
251.3	0.25	0	1	125650
251.316	0.25	0	1	125658
251.332	0.25	0	1	125666
252.816	0.25	0	1	126408
252.832	0.25	0	1	126416
252.85	0.25	0	1	126425
252.866	0.25	0	1	126433
252.882	0.25	1	2	126441
252.9	0.25	1	2	126450
252.916	0.25	1	2	126458
252.932	0.25	1	2	126466
252.95	0.25	0	1	126475
252.966	0.25	0	1	126483
252.982	0.25	0	1	126491
253.0	0.25	0	1	126500
253.016	0.25	0	1	126508
253.032	0.25	0	1	126516
253.05	0.25	0	1	126525
253.066	0.25	0	1	126533
253.082	0.25	1	2	126541
253.1	0.25	1	2	126550
253.116	0.25	1	2	126558
253.132	0.25	1	2	126566
253.15	0.25	1	2	126575
253.166	0.25	1	2	126583
253.182	0.25	1	2	126591
253.2	0.25	1	2	126600
253.216	0.25	1	2	126608
253.232	0.25	1	2	126616
253.25	0.25	0	1	126625
253.266	0.25	0	1	126633
253.282	0.25	0	1	126641
253.3	0.25	0	1	126650
253.316	0.25	0	1	126658
253.332	0.25	0	1	126666
253.35	0.25	0	1	126675
253.366	0.25	0	1	126683
253.382	0.25	0	1	126691
253.4	0.25	0	1	126700
253.416	0.25	0	1	126708
253.432	0.25	0	1	126716
253.45	0.25	1	2	126725
253.466	0.25	1	2	126733
253.482	0.25	1	2	126741
253.5	0.25	1	2	126750
253.516	0.25	0	1	126758
253.532	0.25	0	1	126766
253.55	0.25	0	1	126775
253.566	0.25	0	1	126783
253.582	0.25	1	2	126791
253.6	0.25	1	2	126800
253.616	0.25	0	1	126808
253.632	0.25	0	1	126816
253.65	0.25	1	2	126825
253.666	0.25	1	2	126833
253.682	0.25	0	1	126841
253.7	0.25	0	1	126850
253.716	0.25	1	2	126858
253.732	0.25	1	2	126866
253.75	0.25	0	1	126875
253.766	0.25	0	1	126883
253.782	0.25	1	2	126891
253.8	0.25	1	2	126900
253.816	0.25	1	2	126908
253.832	0.25	1	2	126916
253.85	0.25	0	1	126925
253.866	0.25	0	1	126933
253.882	0.25	1	2	126941
253.9	0.25	1	2	126950
253.916	0.25	0	1	126958
253.932	0.25	0	1	126966
253.95	0.25	0	1	126975
253.966	0.25	0	1	126983
253.982	0.25	0	1	126991
254.0	0.25	0	1	127000
254.016	0.25	1	2	127008
254.032	0.25	1	2	127016
254.05	0.25	0	1	127025
254.066	0.25	0	1	127033
254.082	0.25	0	1	127041
254.1	0.25	0	1	127050
254.116	0.25	0	1	127058
254.132	0.25	0	1	127066
254.15	0.25	1	2	127075
254.166	0.25	1	2	127083
254.182	0.25	1	2	127091
254.2	0.25	1	2	127100
254.216	0.25	1	2	127108
254.232	0.25	1	2	127116
254.25	0.25	0	1	127125
254.266	0.25	0	1	127133
254.282	0.25	1	2	127141
254.3	0.25	1	2	127150
254.316	0.25	0	1	127158
254.332	0.25	0	1	127166
254.35	0.25	1	2	127175
254.366	0.25	1	2	127183
254.382	0.25	1	2	127191
254.4	0.25	1	2	127200
254.416	0.25	1	2	127208
254.432	0.25	1	2	127216
254.45	0.25	1	2	127225
254.466	0.25	1	2	127233
254.482	0.25	1	2	127241
254.5	0.25	1	2	127250
254.516	0.25	0	1	127258
254.532	0.25	0	1	127266
254.55	0.25	0	1	127275
254.566	0.25	0	1	127283
254.582	0.25	1	2	127291
254.6	0.25	1	2	127300
254.616	0.25	0	1	127308
254.632	0.25	0	1	127316
254.65	0.25	0	1	127325
254.666	0.25	0	1	127333
254.682	0.25	0	1	127341
254.7	0.25	0	1	127350
254.716	0.25	1	2	127358
254.732	0.25	1	2	127366
254.75	0.25	1	2	127375
