onset	duration	trial_type	value	sample
50.75	0.25	1	2	25375
50.766	0.25	1	2	25383
50.782	0.25	1	2	25391
50.8	0.25	1	2	25400
50.816	0.25	0	1	25408
50.832	0.25	0	1	25416
50.85	0.25	0	1	25425
50.866	0.25	0	1	25433
50.882	0.25	0	1	25441
50.9	0.25	0	1	25450
50.916	0.25	0	1	25458
50.932	0.25	0	1	25466
50.95	0.25	1	2	25475
50.966	0.25	1	2	25483
50.982	0.25	0	1	25491
51.0	0.25	0	1	25500
51.016	0.25	0	1	25508
51.032	0.25	0	1	25516
51.05	0.25	1	2	25525
51.066	0.25	1	2	25533
51.082	0.25	1	2	25541
51.1	0.25	1	2	25550
51.116	0.25	0	1	25558
51.132	0.25	0	1	25566
51.15	0.25	0	1	25575
51.166	0.25	0	1	25583
51.182	0.25	0	1	25591
51.2	0.25	0	1	25600
51.216	0.25	0	1	25608
51.232	0.25	0	1	25616
51.25	0.25	0	1	25625
51.266	0.25	0	1	25633
51.282	0.25	0	1	25641
51.3	0.25	0	1	25650
51.316	0.25	1	2	25658
51.332	0.25	1	2	25666
51.35	0.25	0	1	25675
51.366	0.25	0	1	25683
51.382	0.25	1	2	25691
51.4	0.25	1	2	25700
51.416	0.25	1	2	25708
51.432	0.25	1	2	25716
51.45	0.25	0	1	25725
51.466	0.25	0	1	25733
51.482	0.25	1	2	25741
51.5	0.25	1	2	25750
51.516	0.25	0	1	25758
51.532	0.25	0	1	25766
51.55	0.25	1	2	25775
51.566	0.25	1	2	25783
51.582	0.25	0	1	25791
51.6	0.25	0	1	25800
51.616	0.25	1	2	25808
51.632	0.25	1	2	25816
51.65	0.25	0	1	25825
51.666	0.25	0	1	25833
51.682	0.25	0	1	25841
51.7	0.25	0	1	25850
51.716	0.25	0	1	25858
51.732	0.25	0	1	25866
51.75	0.25	1	2	25875
51.766	0.25	1	2	25883
51.782	0.25	1	2	25891
51.8	0.25	1	2	25900
51.816	0.25	1	2	25908
51.832	0.25	1	2	25916
51.85	0.25	0	1	25925
51.866	0.25	0	1	25933
51.882	0.25	1	2	25941
51.9	0.25	1	2	25950
51.916	0.25	1	2	25958
51.932	0.25	1	2	25966
51.95	0.25	1	2	25975
51.966	0.25	1	2	25983
51.982	0.25	0	1	25991
52.0	0.25	0	1	26000
52.016	0.25	1	2	26008
52.032	0.25	1	2	26016
52.05	0.25	0	1	26025
52.066	0.25	0	1	26033
52.082	0.25	1	2	26041
52.1	0.25	1	2	26050
52.116	0.25	1	2	26058
52.132	0.25	1	2	26066
52.15	0.25	0	1	26075
52.166	0.25	0	1	26083
52.182	0.25	0	1	26091
52.2	0.25	0	1	26100
52.216	0.25	0	1	26108
52.232	0.25	0	1	26116
52.25	0.25	1	2	26125
52.266	0.25	1	2	26133
52.282	0.25	1	2	26141
52.3	0.25	1	2	26150
52.316	0.25	0	1	26158
52.332	0.25	0	1	26166
52.35	0.25	1	2	26175
52.366	0.25	1	2	26183
52.382	0.25	1	2	26191
52.4	0.25	1	2	26200
52.416	0.25	1	2	26208
52.432	0.25	1	2	26216
52.45	0.25	0	1	26225
52.466	0.25	0	1	26233
52.482	0.25	0	1	26241
52.5	0.25	0	1	26250
52.516	0.25	0	1	26258
52.532	0.25	0	1	26266
52.55	0.25	0	1	26275
52.566	0.25	0	1	26283
52.582	0.25	0	1	26291
52.6	0.25	0	1	26300
52.616	0.25	1	2	26308
52.632	0.25	1	2	26316
52.65	0.25	1	2	26325
52.666	0.25	1	2	26333
52.682	0.25	1	2	26341
54.166	0.25	1	2	27083
54.182	0.25	1	2	27091
54.2	0.25	1	2	27100
54.216	0.25	1	2	27108
54.232	0.25	1	2	27116
54.25	0.25	1	2	27125
54.266	0.25	1	2	27133
54.282	0.25	1	2	27141
54.3	0.25	1	2	27150
54.316	0.25	1	2	27158
54.332	0.25	1	2	27166
54.35	0.25	1	2	27175
54.366	0.25	1	2	27183
54.382	0.25	1	2	27191
54.4	0.25	0	1	27200
54.416	0.25	0	1	27208
54.432	0.25	0	1	27216
54.45	0.25	0	1	27225
54.466	0.25	1	2	27233
54.482	0.25	1	2	27241
54.5	0.25	1	2	27250
54.516	0.25	1	2	27258
54.532	0.25	0	1	27266
54.55	0.25	0	1	27275
54.566	0.25	0	1	27283
54.582	0.25	0	1	27291
54.6	0.25	1	2	27300
54.616	0.25	1	2	27308
54.632	0.25	1	2	27316
54.65	0.25	1	2	27325
54.666	0.25	0	1	27333
54.682	0.25	0	1	27341
54.7	0.25	0	1	27350
54.716	0.25	0	1	27358
54.732	0.25	1	2	27366
54.75	0.25	1	2	27375
54.766	0.25	0	1	27383
54.782	0.25	0	1	27391
54.8	0.25	1	2	27400
54.816	0.25	1	2	27408
54.832	0.25	1	2	27416
54.85	0.25	1	2	27425
54.866	0.25	0	1	27433
54.882	0.25	0	1	27441
54.9	0.25	1	2	27450
54.916	0.25	1	2	27458
54.932	0.25	0	1	27466
54.95	0.25	0	1	27475
54.966	0.25	0	1	27483
54.982	0.25	0	1	27491
55.0	0.25	1	2	27500
55.016	0.25	1	2	27508
55.032	0.25	0	1	27516
55.05	0.25	0	1	27525
55.066	0.25	1	2	27533
55.082	0.25	1	2	27541
55.1	0.25	1	2	27550
55.116	0.25	1	2	27558
55.132	0.25	1	2	27566
55.15	0.25	1	2	27575
55.166	0.25	0	1	27583
55.182	0.25	0	1	27591
55.2	0.25	0	1	27600
55.216	0.25	0	1	27608
55.232	0.25	0	1	27616
55.25	0.25	0	1	27625
55.266	0.25	1	2	27633
55.282	0.25	1	2	27641
55.3	0.25	0	1	27650
55.316	0.25	0	1	27658
55.332	0.25	1	2	27666
55.35	0.25	1	2	27675
55.366	0.25	1	2	27683
55.382	0.25	1	2	27691
55.4	0.25	1	2	27700
55.416	0.25	1	2	27708
55.432	0.25	0	1	27716
55.45	0.25	0	1	27725
55.466	0.25	0	1	27733
55.482	0.25	0	1	27741
55.5	0.25	1	2	27750
55.516	0.25	1	2	27758
55.532	0.25	0	1	27766
55.55	0.25	0	1	27775
55.566	0.25	1	2	27783
55.582	0.25	1	2	27791
55.6	0.25	0	1	27800
55.616	0.25	0	1	27808
55.632	0.25	0	1	27816
55.65	0.25	0	1	27825
55.666	0.25	0	1	27833
55.682	0.25	0	1	27841
55.7	0.25	1	2	27850
55.716	0.25	1	2	27858
55.732	0.25	1	2	27866
55.75	0.25	1	2	27875
55.766	0.25	0	1	27883
55.782	0.25	0	1	27891
55.8	0.25	1	2	27900
55.816	0.25	1	2	27908
55.832	0.25	0	1	27916
55.85	0.25	0	1	27925
55.866	0.25	0	1	27933
55.882	0.25	0	1	27941
55.9	0.25	0	1	27950
55.916	0.25	0	1	27958
55.932	0.25	1	2	27966
55.95	0.25	1	2	27975
55.966	0.25	0	1	27983
55.982	0.25	0	1	27991
56.0	0.25	1	2	28000
56.016	0.25	1	2	28008
56.032	0.25	0	1	28016
56.05	0.25	0	1	28025
56.066	0.25	0	1	28033
56.082	0.25	0	1	28041
56.1	0.25	1	2	28050
57.582	0.25	0	1	28791
57.6	0.25	0	1	28800
57.616	0.25	0	1	28808
57.632	0.25	0	1	28816
57.65	0.25	1	2	28825
57.666	0.25	1	2	28833
57.682	0.25	1	2	28841
57.7	0.25	1	2	28850
57.716	0.25	0	1	28858
57.732	0.25	0	1	28866
57.75	0.25	0	1	28875
57.766	0.25	0	1	28883
57.782	0.25	0	1	28891
57.8	0.25	0	1	28900
57.816	0.25	0	1	28908
57.832	0.25	0	1	28916
57.85	0.25	1	2	28925
57.866	0.25	1	2	28933
57.882	0.25	1	2	28941
57.9	0.25	1	2	28950
57.916	0.25	1	2	28958
57.932	0.25	1	2	28966
57.95	0.25	1	2	28975
57.966	0.25	1	2	28983
57.982	0.25	1	2	28991
58.0	0.25	1	2	29000
58.016	0.25	0	1	29008
58.032	0.25	0	1	29016
58.05	0.25	0	1	29025
58.066	0.25	0	1	29033
58.082	0.25	0	1	29041
58.1	0.25	0	1	29050
58.116	0.25	0	1	29058
58.132	0.25	0	1	29066
58.15	0.25	0	1	29075
58.166	0.25	0	1	29083
58.182	0.25	0	1	29091
58.2	0.25	0	1	29100
58.216	0.25	1	2	29108
58.232	0.25	1	2	29116
58.25	0.25	1	2	29125
58.266	0.25	1	2	29133
58.282	0.25	0	1	29141
58.3	0.25	0	1	29150
58.316	0.25	0	1	29158
58.332	0.25	0	1	29166
58.35	0.25	1	2	29175
58.366	0.25	1	2	29183
58.382	0.25	0	1	29191
58.4	0.25	0	1	29200
58.416	0.25	1	2	29208
58.432	0.25	1	2	29216
58.45	0.25	0	1	29225
58.466	0.25	0	1	29233
58.482	0.25	1	2	29241
58.5	0.25	1	2	29250
58.516	0.25	0	1	29258
58.532	0.25	0	1	29266
58.55	0.25	1	2	29275
58.566	0.25	1	2	29283
58.582	0.25	1	2	29291
58.6	0.25	1	2	29300
58.616	0.25	0	1	29308
58.632	0.25	0	1	29316
58.65	0.25	1	2	29325
58.666	0.25	1	2	29333
58.682	0.25	0	1	29341
58.7	0.25	0	1	29350
58.716	0.25	0	1	29358
58.732	0.25	0	1	29366
58.75	0.25	0	1	29375
58.766	0.25	0	1	29383
58.782	0.25	1	2	29391
58.8	0.25	1	2	29400
58.816	0.25	0	1	29408
58.832	0.25	0	1	29416
58.85	0.25	0	1	29425
58.866	0.25	0	1	29433
58.882	0.25	0	1	29441
58.9	0.25	0	1	29450
58.916	0.25	1	2	29458
58.932	0.25	1	2	29466
58.95	0.25	1	2	29475
58.966	0.25	1	2	29483
58.982	0.25	1	2	29491
59.0	0.25	1	2	29500
59.016	0.25	0	1	29508
59.032	0.25	0	1	29516
59.05	0.25	1	2	29525
59.066	0.25	1	2	29533
59.082	0.25	0	1	29541
59.1	0.25	0	1	29550
59.116	0.25	1	2	29558
59.132	0.25	1	2	29566
59.15	0.25	1	2	29575
59.166	0.25	1	2	29583
59.182	0.25	1	2	29591
59.2	0.25	1	2	29600
59.216	0.25	1	2	29608
59.232	0.25	1	2	29616
59.25	0.25	1	2	29625
59.266	0.25	1	2	29633
59.282	0.25	0	1	29641
59.3	0.25	0	1	29650
59.316	0.25	0	1	29658
59.332	0.25	0	1	29666
59.35	0.25	1	2	29675
59.366	0.25	1	2	29683
59.382	0.25	0	1	29691
59.4	0.25	0	1	29700
59.416	0.25	0	1	29708
59.432	0.25	0	1	29716
59.45	0.25	0	1	29725
59.466	0.25	0	1	29733
59.482	0.25	1	2	29741
59.5	0.25	1	2	29750
59.516	0.25	1	2	29758
61.0	0.25	1	2	30500
61.016	0.25	1	2	30508
61.032	0.25	1	2	30516
61.05	0.25	1	2	30525
61.066	0.25	0	1	30533
61.082	0.25	0	1	30541
61.1	0.25	1	2	30550
61.116	0.25	1	2	30558
61.132	0.25	1	2	30566
61.15	0.25	1	2	30575
61.166	0.25	0	1	30583
61.182	0.25	0	1	30591
61.2	0.25	1	2	30600
61.216	0.25	1	2	30608
61.232	0.25	1	2	30616
61.25	0.25	1	2	30625
61.266	0.25	0	1	30633
61.282	0.25	0	1	30641
61.3	0.25	1	2	30650
61.316	0.25	1	2	30658
61.332	0.25	1	2	30666
61.35	0.25	1	2	30675
61.366	0.25	0	1	30683
61.382	0.25	0	1	30691
61.4	0.25	0	1	30700
61.416	0.25	0	1	30708
61.432	0.25	0	1	30716
61.45	0.25	0	1	30725
61.466	0.25	1	2	30733
61.482	0.25	1	2	30741
61.5	0.25	1	2	30750
61.516	0.25	1	2	30758
61.532	0.25	1	2	30766
61.55	0.25	1	2	30775
61.566	0.25	0	1	30783
61.582	0.25	0	1	30791
61.6	0.25	0	1	30800
61.616	0.25	0	1	30808
61.632	0.25	0	1	30816
61.65	0.25	0	1	30825
61.666	0.25	1	2	30833
61.682	0.25	1	2	30841
61.7	0.25	1	2	30850
61.716	0.25	1	2	30858
61.732	0.25	1	2	30866
61.75	0.25	1	2	30875
61.766	0.25	1	2	30883
61.782	0.25	1	2	30891
61.8	0.25	1	2	30900
61.816	0.25	1	2	30908
61.832	0.25	0	1	30916
61.85	0.25	0	1	30925
61.866	0.25	0	1	30933
61.882	0.25	0	1	30941
61.9	0.25	1	2	30950
61.916	0.25	1	2	30958
61.932	0.25	0	1	30966
61.95	0.25	0	1	30975
61.966	0.25	1	2	30983
61.982	0.25	1	2	30991
62.0	0.25	0	1	31000
62.016	0.25	0	1	31008
62.032	0.25	0	1	31016
62.05	0.25	0	1	31025
62.066	0.25	1	2	31033
62.082	0.25	1	2	31041
62.1	0.25	1	2	31050
62.116	0.25	1	2	31058
62.132	0.25	0	1	31066
62.15	0.25	0	1	31075
62.166	0.25	0	1	31083
62.182	0.25	0	1	31091
62.2	0.25	0	1	31100
62.216	0.25	0	1	31108
62.232	0.25	0	1	31116
62.25	0.25	0	1	31125
62.266	0.25	1	2	31133
62.282	0.25	1	2	31141
62.3	0.25	0	1	31150
62.316	0.25	0	1	31158
62.332	0.25	0	1	31166
62.35	0.25	0	1	31175
62.366	0.25	0	1	31183
62.382	0.25	0	1	31191
62.4	0.25	0	1	31200
62.416	0.25	0	1	31208
62.432	0.25	1	2	31216
62.45	0.25	1	2	31225
62.466	0.25	1	2	31233
62.482	0.25	1	2	31241
62.5	0.25	1	2	31250
62.516	0.25	1	2	31258
62.532	0.25	1	2	31266
62.55	0.25	1	2	31275
62.566	0.25	1	2	31283
62.582	0.25	1	2	31291
62.6	0.25	1	2	31300
62.616	0.25	1	2	31308
62.632	0.25	0	1	31316
62.65	0.25	0	1	31325
62.666	0.25	1	2	31333
62.682	0.25	1	2	31341
62.7	0.25	0	1	31350
62.716	0.25	0	1	31358
62.732	0.25	1	2	31366
62.75	0.25	1	2	31375
62.766	0.25	0	1	31383
62.782	0.25	0	1	31391
62.8	0.25	0	1	31400
62.816	0.25	0	1	31408
62.832	0.25	1	2	31416
62.85	0.25	1	2	31425
62.866	0.25	1	2	31433
62.882	0.25	1	2	31441
62.9	0.25	0	1	31450
62.916	0.25	0	1	31458
62.932	0.25	0	1	31466
69.482	0.25	0	1	34741
69.5	0.25	0	1	34750
69.516	0.25	0	1	34758
69.532	0.25	0	1	34766
69.55	0.25	1	2	34775
69.566	0.25	1	2	34783
69.582	0.25	1	2	34791
69.6	0.25	1	2	34800
69.616	0.25	0	1	34808
69.632	0.25	0	1	34816
69.65	0.25	0	1	34825
69.666	0.25	0	1	34833
69.682	0.25	0	1	34841
69.7	0.25	0	1	34850
69.716	0.25	0	1	34858
69.732	0.25	0	1	34866
69.75	0.25	1	2	34875
69.766	0.25	1	2	34883
69.782	0.25	1	2	34891
69.8	0.25	1	2	34900
69.816	0.25	1	2	34908
69.832	0.25	1	2	34916
69.85	0.25	1	2	34925
69.866	0.25	1	2	34933
69.882	0.25	1	2	34941
69.9	0.25	1	2	34950
69.916	0.25	0	1	34958
69.932	0.25	0	1	34966
69.95	0.25	0	1	34975
69.966	0.25	0	1	34983
69.982	0.25	0	1	34991
70.0	0.25	0	1	35000
70.016	0.25	0	1	35008
70.032	0.25	0	1	35016
70.05	0.25	0	1	35025
70.066	0.25	0	1	35033
70.082	0.25	0	1	35041
70.1	0.25	0	1	35050
70.116	0.25	1	2	35058
70.132	0.25	1	2	35066
70.15	0.25	1	2	35075
70.166	0.25	1	2	35083
70.182	0.25	0	1	35091
70.2	0.25	0	1	35100
70.216	0.25	0	1	35108
70.232	0.25	0	1	35116
70.25	0.25	1	2	35125
70.266	0.25	1	2	35133
70.282	0.25	0	1	35141
70.3	0.25	0	1	35150
70.316	0.25	1	2	35158
70.332	0.25	1	2	35166
70.35	0.25	0	1	35175
70.366	0.25	0	1	35183
70.382	0.25	1	2	35191
70.4	0.25	1	2	35200
70.416	0.25	0	1	35208
70.432	0.25	0	1	35216
70.45	0.25	1	2	35225
70.466	0.25	1	2	35233
70.482	0.25	1	2	35241
70.5	0.25	1	2	35250
70.516	0.25	0	1	35258
70.532	0.25	0	1	35266
70.55	0.25	1	2	35275
70.566	0.25	1	2	35283
70.582	0.25	0	1	35291
70.6	0.25	0	1	35300
70.616	0.25	0	1	35308
70.632	0.25	0	1	35316
70.65	0.25	0	1	35325
70.666	0.25	0	1	35333
70.682	0.25	1	2	35341
70.7	0.25	1	2	35350
70.716	0.25	0	1	35358
70.732	0.25	0	1	35366
70.75	0.25	0	1	35375
70.766	0.25	0	1	35383
70.782	0.25	0	1	35391
70.8	0.25	0	1	35400
70.816	0.25	1	2	35408
70.832	0.25	1	2	35416
70.85	0.25	1	2	35425
70.866	0.25	1	2	35433
70.882	0.25	1	2	35441
70.9	0.25	1	2	35450
70.916	0.25	0	1	35458
70.932	0.25	0	1	35466
70.95	0.25	1	2	35475
70.966	0.25	1	2	35483
70.982	0.25	0	1	35491
71.0	0.25	0	1	35500
71.016	0.25	1	2	35508
71.032	0.25	1	2	35516
71.05	0.25	1	2	35525
71.066	0.25	1	2	35533
71.082	0.25	1	2	35541
71.1	0.25	1	2	35550
71.116	0.25	1	2	35558
71.132	0.25	1	2	35566
71.15	0.25	1	2	35575
71.166	0.25	1	2	35583
71.182	0.25	0	1	35591
71.2	0.25	0	1	35600
71.216	0.25	0	1	35608
71.232	0.25	0	1	35616
71.25	0.25	1	2	35625
71.266	0.25	1	2	35633
71.282	0.25	0	1	35641
71.3	0.25	0	1	35650
71.316	0.25	0	1	35658
71.332	0.25	0	1	35666
71.35	0.25	0	1	35675
71.366	0.25	0	1	35683
71.382	0.25	1	2	35691
71.4	0.25	1	2	35700
71.416	0.25	1	2	35708
72.9	0.25	1	2	36450
72.916	0.25	1	2	36458
72.932	0.25	1	2	36466
72.95	0.25	1	2	36475
72.966	0.25	0	1	36483
72.982	0.25	0	1	36491
73.0	0.25	0	1	36500
73.016	0.25	0	1	36508
73.032	0.25	0	1	36516
73.05	0.25	0	1	36525
73.066	0.25	0	1	36533
73.082	0.25	0	1	36541
73.1	0.25	1	2	36550
73.116	0.25	1	2	36558
73.132	0.25	0	1	36566
73.15	0.25	0	1	36575
73.166	0.25	0	1	36583
73.182	0.25	0	1	36591
73.2	0.25	1	2	36600
73.216	0.25	1	2	36608
73.232	0.25	1	2	36616
73.25	0.25	1	2	36625
73.266	0.25	0	1	36633
73.282	0.25	0	1	36641
73.3	0.25	0	1	36650
73.316	0.25	0	1	36658
73.332	0.25	0	1	36666
73.35	0.25	0	1	36675
73.366	0.25	0	1	36683
73.382	0.25	0	1	36691
73.4	0.25	0	1	36700
73.416	0.25	0	1	36708
73.432	0.25	0	1	36716
73.45	0.25	0	1	36725
73.466	0.25	1	2	36733
73.482	0.25	1	2	36741
73.5	0.25	0	1	36750
73.516	0.25	0	1	36758
73.532	0.25	1	2	36766
73.55	0.25	1	2	36775
73.566	0.25	1	2	36783
73.582	0.25	1	2	36791
73.6	0.25	0	1	36800
73.616	0.25	0	1	36808
73.632	0.25	1	2	36816
73.65	0.25	1	2	36825
73.666	0.25	0	1	36833
73.682	0.25	0	1	36841
73.7	0.25	1	2	36850
73.716	0.25	1	2	36858
73.732	0.25	0	1	36866
73.75	0.25	0	1	36875
73.766	0.25	1	2	36883
73.782	0.25	1	2	36891
73.8	0.25	0	1	36900
73.816	0.25	0	1	36908
73.832	0.25	0	1	36916
73.85	0.25	0	1	36925
73.866	0.25	0	1	36933
73.882	0.25	0	1	36941
73.9	0.25	1	2	36950
73.916	0.25	1	2	36958
73.932	0.25	1	2	36966
73.95	0.25	1	2	36975
73.966	0.25	1	2	36983
73.982	0.25	1	2	36991
74.0	0.25	0	1	37000
74.016	0.25	0	1	37008
74.032	0.25	1	2	37016
74.05	0.25	1	2	37025
74.066	0.25	1	2	37033
74.082	0.25	1	2	37041
74.1	0.25	1	2	37050
74.116	0.25	1	2	37058
74.132	0.25	0	1	37066
74.15	0.25	0	1	37075
74.166	0.25	1	2	37083
74.182	0.25	1	2	37091
74.2	0.25	0	1	37100
74.216	0.25	0	1	37108
74.232	0.25	1	2	37116
74.25	0.25	1	2	37125
74.266	0.25	1	2	37133
74.282	0.25	1	2	37141
74.3	0.25	0	1	37150
74.316	0.25	0	1	37158
74.332	0.25	0	1	37166
74.35	0.25	0	1	37175
74.366	0.25	0	1	37183
74.382	0.25	0	1	37191
74.4	0.25	1	2	37200
74.416	0.25	1	2	37208
74.432	0.25	1	2	37216
74.45	0.25	1	2	37225
74.466	0.25	0	1	37233
74.482	0.25	0	1	37241
74.5	0.25	1	2	37250
74.516	0.25	1	2	37258
74.532	0.25	1	2	37266
74.55	0.25	1	2	37275
74.566	0.25	1	2	37283
74.582	0.25	1	2	37291
74.6	0.25	0	1	37300
74.616	0.25	0	1	37308
74.632	0.25	0	1	37316
74.65	0.25	0	1	37325
74.666	0.25	0	1	37333
74.682	0.25	0	1	37341
74.7	0.25	0	1	37350
74.716	0.25	0	1	37358
74.732	0.25	0	1	37366
74.75	0.25	0	1	37375
74.766	0.25	1	2	37383
74.782	0.25	1	2	37391
74.8	0.25	1	2	37400
74.816	0.25	1	2	37408
74.832	0.25	1	2	37416
76.316	0.25	1	2	38158
76.332	0.25	1	2	38166
76.35	0.25	1	2	38175
76.366	0.25	1	2	38183
76.382	0.25	0	1	38191
76.4	0.25	0	1	38200
76.416	0.25	1	2	38208
76.432	0.25	1	2	38216
76.45	0.25	1	2	38225
76.466	0.25	1	2	38233
76.482	0.25	0	1	38241
76.5	0.25	0	1	38250
76.516	0.25	1	2	38258
76.532	0.25	1	2	38266
76.55	0.25	1	2	38275
76.566	0.25	1	2	38283
76.582	0.25	0	1	38291
76.6	0.25	0	1	38300
76.616	0.25	1	2	38308
76.632	0.25	1	2	38316
76.65	0.25	1	2	38325
76.666	0.25	1	2	38333
76.682	0.25	0	1	38341
76.7	0.25	0	1	38350
76.716	0.25	0	1	38358
76.732	0.25	0	1	38366
76.75	0.25	0	1	38375
76.766	0.25	0	1	38383
76.782	0.25	1	2	38391
76.8	0.25	1	2	38400
76.816	0.25	1	2	38408
76.832	0.25	1	2	38416
76.85	0.25	1	2	38425
76.866	0.25	1	2	38433
76.882	0.25	0	1	38441
76.9	0.25	0	1	38450
76.916	0.25	0	1	38458
76.932	0.25	0	1	38466
76.95	0.25	0	1	38475
76.966	0.25	0	1	38483
76.982	0.25	1	2	38491
77.0	0.25	1	2	38500
77.016	0.25	1	2	38508
77.032	0.25	1	2	38516
77.05	0.25	1	2	38525
77.066	0.25	1	2	38533
77.082	0.25	1	2	38541
77.1	0.25	1	2	38550
77.116	0.25	1	2	38558
77.132	0.25	1	2	38566
77.15	0.25	0	1	38575
77.166	0.25	0	1	38583
77.182	0.25	0	1	38591
77.2	0.25	0	1	38600
77.216	0.25	1	2	38608
77.232	0.25	1	2	38616
77.25	0.25	0	1	38625
77.266	0.25	0	1	38633
77.282	0.25	1	2	38641
77.3	0.25	1	2	38650
77.316	0.25	0	1	38658
77.332	0.25	0	1	38666
77.35	0.25	0	1	38675
77.366	0.25	0	1	38683
77.382	0.25	1	2	38691
77.4	0.25	1	2	38700
77.416	0.25	1	2	38708
77.432	0.25	1	2	38716
77.45	0.25	0	1	38725
77.466	0.25	0	1	38733
77.482	0.25	0	1	38741
77.5	0.25	0	1	38750
77.516	0.25	0	1	38758
77.532	0.25	0	1	38766
77.55	0.25	0	1	38775
77.566	0.25	0	1	38783
77.582	0.25	1	2	38791
77.6	0.25	1	2	38800
77.616	0.25	0	1	38808
77.632	0.25	0	1	38816
77.65	0.25	0	1	38825
77.666	0.25	0	1	38833
77.682	0.25	0	1	38841
77.7	0.25	0	1	38850
77.716	0.25	0	1	38858
77.732	0.25	0	1	38866
77.75	0.25	1	2	38875
77.766	0.25	1	2	38883
77.782	0.25	1	2	38891
77.8	0.25	1	2	38900
77.816	0.25	1	2	38908
77.832	0.25	1	2	38916
77.85	0.25	1	2	38925
77.866	0.25	1	2	38933
77.882	0.25	1	2	38941
77.9	0.25	1	2	38950
77.916	0.25	1	2	38958
77.932	0.25	1	2	38966
77.95	0.25	0	1	38975
77.966	0.25	0	1	38983
77.982	0.25	1	2	38991
78.0	0.25	1	2	39000
78.016	0.25	0	1	39008
78.032	0.25	0	1	39016
78.05	0.25	1	2	39025
78.066	0.25	1	2	39033
78.082	0.25	0	1	39041
78.1	0.25	0	1	39050
78.116	0.25	0	1	39058
78.132	0.25	0	1	39066
78.15	0.25	1	2	39075
78.166	0.25	1	2	39083
78.182	0.25	1	2	39091
78.2	0.25	1	2	39100
78.216	0.25	0	1	39108
78.232	0.25	0	1	39116
78.25	0.25	0	1	39125
79.732	0.25	1	2	39866
79.75	0.25	1	2	39875
79.766	0.25	1	2	39883
79.782	0.25	1	2	39891
79.8	0.25	1	2	39900
79.816	0.25	1	2	39908
79.832	0.25	1	2	39916
79.85	0.25	1	2	39925
79.866	0.25	1	2	39933
79.882	0.25	1	2	39941
79.9	0.25	1	2	39950
79.916	0.25	1	2	39958
79.932	0.25	1	2	39966
79.95	0.25	1	2	39975
79.966	0.25	0	1	39983
79.982	0.25	0	1	39991
80.0	0.25	0	1	40000
80.016	0.25	0	1	40008
80.032	0.25	1	2	40016
80.05	0.25	1	2	40025
80.066	0.25	1	2	40033
80.082	0.25	1	2	40041
80.1	0.25	0	1	40050
80.116	0.25	0	1	40058
80.132	0.25	0	1	40066
80.15	0.25	0	1	40075
80.166	0.25	1	2	40083
80.182	0.25	1	2	40091
80.2	0.25	1	2	40100
80.216	0.25	1	2	40108
80.232	0.25	0	1	40116
80.25	0.25	0	1	40125
80.266	0.25	0	1	40133
80.282	0.25	0	1	40141
80.3	0.25	1	2	40150
80.316	0.25	1	2	40158
80.332	0.25	0	1	40166
80.35	0.25	0	1	40175
80.366	0.25	1	2	40183
80.382	0.25	1	2	40191
80.4	0.25	1	2	40200
80.416	0.25	1	2	40208
80.432	0.25	0	1	40216
80.45	0.25	0	1	40225
80.466	0.25	1	2	40233
80.482	0.25	1	2	40241
80.5	0.25	0	1	40250
80.516	0.25	0	1	40258
80.532	0.25	0	1	40266
80.55	0.25	0	1	40275
80.566	0.25	1	2	40283
80.582	0.25	1	2	40291
80.6	0.25	0	1	40300
80.616	0.25	0	1	40308
80.632	0.25	1	2	40316
80.65	0.25	1	2	40325
80.666	0.25	1	2	40333
80.682	0.25	1	2	40341
80.7	0.25	1	2	40350
80.716	0.25	1	2	40358
80.732	0.25	0	1	40366
80.75	0.25	0	1	40375
80.766	0.25	0	1	40383
80.782	0.25	0	1	40391
80.8	0.25	0	1	40400
80.816	0.25	0	1	40408
80.832	0.25	1	2	40416
80.85	0.25	1	2	40425
80.866	0.25	0	1	40433
80.882	0.25	0	1	40441
80.9	0.25	1	2	40450
80.916	0.25	1	2	40458
80.932	0.25	1	2	40466
80.95	0.25	1	2	40475
80.966	0.25	1	2	40483
80.982	0.25	1	2	40491
81.0	0.25	0	1	40500
81.016	0.25	0	1	40508
81.032	0.25	0	1	40516
81.05	0.25	0	1	40525
81.066	0.25	1	2	40533
81.082	0.25	1	2	40541
81.1	0.25	0	1	40550
81.116	0.25	0	1	40558
81.132	0.25	1	2	40566
81.15	0.25	1	2	40575
81.166	0.25	0	1	40583
81.182	0.25	0	1	40591
81.2	0.25	0	1	40600
81.216	0.25	0	1	40608
81.232	0.25	0	1	40616
81.25	0.25	0	1	40625
81.266	0.25	1	2	40633
81.282	0.25	1	2	40641
81.3	0.25	1	2	40650
81.316	0.25	1	2	40658
81.332	0.25	0	1	40666
81.35	0.25	0	1	40675
81.366	0.25	1	2	40683
81.382	0.25	1	2	40691
81.4	0.25	0	1	40700
81.416	0.25	0	1	40708
81.432	0.25	0	1	40716
81.45	0.25	0	1	40725
81.466	0.25	0	1	40733
81.482	0.25	0	1	40741
81.5	0.25	1	2	40750
81.516	0.25	1	2	40758
81.532	0.25	0	1	40766
81.55	0.25	0	1	40775
81.566	0.25	1	2	40783
81.582	0.25	1	2	40791
81.6	0.25	0	1	40800
81.616	0.25	0	1	40808
81.632	0.25	0	1	40816
81.65	0.25	0	1	40825
81.666	0.25	1	2	40833
84.566	0.25	1	2	42283
84.582	0.25	1	2	42291
84.6	0.25	1	2	42300
84.616	0.25	1	2	42308
84.632	0.25	0	1	42316
84.65	0.25	0	1	42325
84.666	0.25	0	1	42333
84.682	0.25	0	1	42341
84.7	0.25	0	1	42350
84.716	0.25	0	1	42358
84.732	0.25	0	1	42366
84.75	0.25	0	1	42375
84.766	0.25	1	2	42383
84.782	0.25	1	2	42391
84.8	0.25	0	1	42400
84.816	0.25	0	1	42408
84.832	0.25	0	1	42416
84.85	0.25	0	1	42425
84.866	0.25	1	2	42433
84.882	0.25	1	2	42441
84.9	0.25	1	2	42450
84.916	0.25	1	2	42458
84.932	0.25	0	1	42466
84.95	0.25	0	1	42475
84.966	0.25	0	1	42483
84.982	0.25	0	1	42491
85.0	0.25	0	1	42500
85.016	0.25	0	1	42508
85.032	0.25	0	1	42516
85.05	0.25	0	1	42525
85.066	0.25	0	1	42533
85.082	0.25	0	1	42541
85.1	0.25	0	1	42550
85.116	0.25	0	1	42558
85.132	0.25	1	2	42566
85.15	0.25	1	2	42575
85.166	0.25	0	1	42583
85.182	0.25	0	1	42591
85.2	0.25	1	2	42600
85.216	0.25	1	2	42608
85.232	0.25	1	2	42616
85.25	0.25	1	2	42625
85.266	0.25	0	1	42633
85.282	0.25	0	1	42641
85.3	0.25	1	2	42650
85.316	0.25	1	2	42658
85.332	0.25	0	1	42666
85.35	0.25	0	1	42675
85.366	0.25	1	2	42683
85.382	0.25	1	2	42691
85.4	0.25	0	1	42700
85.416	0.25	0	1	42708
85.432	0.25	1	2	42716
85.45	0.25	1	2	42725
85.466	0.25	0	1	42733
85.482	0.25	0	1	42741
85.5	0.25	0	1	42750
85.516	0.25	0	1	42758
85.532	0.25	0	1	42766
85.55	0.25	0	1	42775
85.566	0.25	1	2	42783
85.582	0.25	1	2	42791
85.6	0.25	1	2	42800
85.616	0.25	1	2	42808
85.632	0.25	1	2	42816
85.65	0.25	1	2	42825
85.666	0.25	0	1	42833
85.682	0.25	0	1	42841
85.7	0.25	1	2	42850
85.716	0.25	1	2	42858
85.732	0.25	1	2	42866
85.75	0.25	1	2	42875
85.766	0.25	1	2	42883
85.782	0.25	1	2	42891
85.8	0.25	0	1	42900
85.816	0.25	0	1	42908
85.832	0.25	1	2	42916
85.85	0.25	1	2	42925
85.866	0.25	0	1	42933
85.882	0.25	0	1	42941
85.9	0.25	1	2	42950
85.916	0.25	1	2	42958
85.932	0.25	1	2	42966
85.95	0.25	1	2	42975
85.966	0.25	0	1	42983
85.982	0.25	0	1	42991
86.0	0.25	0	1	43000
86.016	0.25	0	1	43008
86.032	0.25	0	1	43016
86.05	0.25	0	1	43025
86.066	0.25	1	2	43033
86.082	0.25	1	2	43041
86.1	0.25	1	2	43050
86.116	0.25	1	2	43058
86.132	0.25	0	1	43066
86.15	0.25	0	1	43075
86.166	0.25	1	2	43083
86.182	0.25	1	2	43091
86.2	0.25	1	2	43100
86.216	0.25	1	2	43108
86.232	0.25	1	2	43116
86.25	0.25	1	2	43125
86.266	0.25	0	1	43133
86.282	0.25	0	1	43141
86.3	0.25	0	1	43150
86.316	0.25	0	1	43158
86.332	0.25	0	1	43166
86.35	0.25	0	1	43175
86.366	0.25	0	1	43183
86.382	0.25	0	1	43191
86.4	0.25	0	1	43200
86.416	0.25	0	1	43208
86.432	0.25	1	2	43216
86.45	0.25	1	2	43225
86.466	0.25	1	2	43233
86.482	0.25	1	2	43241
86.5	0.25	1	2	43250
87.982	0.25	1	2	43991
88.0	0.25	1	2	44000
88.016	0.25	1	2	44008
88.032	0.25	1	2	44016
88.05	0.25	1	2	44025
88.066	0.25	1	2	44033
88.082	0.25	1	2	44041
88.1	0.25	1	2	44050
88.116	0.25	1	2	44058
88.132	0.25	1	2	44066
88.15	0.25	1	2	44075
88.166	0.25	1	2	44083
88.182	0.25	1	2	44091
88.2	0.25	1	2	44100
88.216	0.25	0	1	44108
88.232	0.25	0	1	44116
88.25	0.25	0	1	44125
88.266	0.25	0	1	44133
88.282	0.25	1	2	44141
88.3	0.25	1	2	44150
88.316	0.25	1	2	44158
88.332	0.25	1	2	44166
88.35	0.25	0	1	44175
88.366	0.25	0	1	44183
88.382	0.25	0	1	44191
88.4	0.25	0	1	44200
88.416	0.25	1	2	44208
88.432	0.25	1	2	44216
88.45	0.25	1	2	44225
88.466	0.25	1	2	44233
88.482	0.25	0	1	44241
88.5	0.25	0	1	44250
88.516	0.25	0	1	44258
88.532	0.25	0	1	44266
88.55	0.25	1	2	44275
88.566	0.25	1	2	44283
88.582	0.25	0	1	44291
88.6	0.25	0	1	44300
88.616	0.25	1	2	44308
88.632	0.25	1	2	44316
88.65	0.25	1	2	44325
88.666	0.25	1	2	44333
88.682	0.25	0	1	44341
88.7	0.25	0	1	44350
88.716	0.25	1	2	44358
88.732	0.25	1	2	44366
88.75	0.25	0	1	44375
88.766	0.25	0	1	44383
88.782	0.25	0	1	44391
88.8	0.25	0	1	44400
88.816	0.25	1	2	44408
88.832	0.25	1	2	44416
88.85	0.25	0	1	44425
88.866	0.25	0	1	44433
88.882	0.25	1	2	44441
88.9	0.25	1	2	44450
88.916	0.25	1	2	44458
88.932	0.25	1	2	44466
88.95	0.25	1	2	44475
88.966	0.25	1	2	44483
88.982	0.25	0	1	44491
89.0	0.25	0	1	44500
89.016	0.25	0	1	44508
89.032	0.25	0	1	44516
89.05	0.25	0	1	44525
89.066	0.25	0	1	44533
89.082	0.25	1	2	44541
89.1	0.25	1	2	44550
89.116	0.25	0	1	44558
89.132	0.25	0	1	44566
89.15	0.25	1	2	44575
89.166	0.25	1	2	44583
89.182	0.25	1	2	44591
89.2	0.25	1	2	44600
89.216	0.25	1	2	44608
89.232	0.25	1	2	44616
89.25	0.25	0	1	44625
89.266	0.25	0	1	44633
89.282	0.25	0	1	44641
89.3	0.25	0	1	44650
89.316	0.25	1	2	44658
89.332	0.25	1	2	44666
89.35	0.25	0	1	44675
89.366	0.25	0	1	44683
89.382	0.25	1	2	44691
89.4	0.25	1	2	44700
89.416	0.25	0	1	44708
89.432	0.25	0	1	44716
89.45	0.25	0	1	44725
89.466	0.25	0	1	44733
89.482	0.25	0	1	44741
89.5	0.25	0	1	44750
89.516	0.25	1	2	44758
89.532	0.25	1	2	44766
89.55	0.25	1	2	44775
89.566	0.25	1	2	44783
89.582	0.25	0	1	44791
89.6	0.25	0	1	44800
89.616	0.25	1	2	44808
89.632	0.25	1	2	44816
89.65	0.25	0	1	44825
89.666	0.25	0	1	44833
89.682	0.25	0	1	44841
89.7	0.25	0	1	44850
89.716	0.25	0	1	44858
89.732	0.25	0	1	44866
89.75	0.25	1	2	44875
89.766	0.25	1	2	44883
89.782	0.25	0	1	44891
89.8	0.25	0	1	44900
89.816	0.25	1	2	44908
89.832	0.25	1	2	44916
89.85	0.25	0	1	44925
89.866	0.25	0	1	44933
89.882	0.25	0	1	44941
89.9	0.25	0	1	44950
89.916	0.25	1	2	44958
91.4	0.25	0	1	45700
91.416	0.25	0	1	45708
91.432	0.25	0	1	45716
91.45	0.25	0	1	45725
91.466	0.25	1	2	45733
91.482	0.25	1	2	45741
91.5	0.25	1	2	45750
91.516	0.25	1	2	45758
91.532	0.25	0	1	45766
91.55	0.25	0	1	45775
91.566	0.25	0	1	45783
91.582	0.25	0	1	45791
91.6	0.25	0	1	45800
91.616	0.25	0	1	45808
91.632	0.25	0	1	45816
91.65	0.25	0	1	45825
91.666	0.25	1	2	45833
91.682	0.25	1	2	45841
91.7	0.25	1	2	45850
91.716	0.25	1	2	45858
91.732	0.25	1	2	45866
91.75	0.25	1	2	45875
91.766	0.25	1	2	45883
91.782	0.25	1	2	45891
91.8	0.25	1	2	45900
91.816	0.25	1	2	45908
91.832	0.25	0	1	45916
91.85	0.25	0	1	45925
91.866	0.25	0	1	45933
91.882	0.25	0	1	45941
91.9	0.25	0	1	45950
91.916	0.25	0	1	45958
91.932	0.25	0	1	45966
91.95	0.25	0	1	45975
91.966	0.25	0	1	45983
91.982	0.25	0	1	45991
92.0	0.25	0	1	46000
92.016	0.25	0	1	46008
92.032	0.25	1	2	46016
92.05	0.25	1	2	46025
92.066	0.25	1	2	46033
92.082	0.25	1	2	46041
92.1	0.25	0	1	46050
92.116	0.25	0	1	46058
92.132	0.25	0	1	46066
92.15	0.25	0	1	46075
92.166	0.25	1	2	46083
92.182	0.25	1	2	46091
92.2	0.25	0	1	46100
92.216	0.25	0	1	46108
92.232	0.25	1	2	46116
92.25	0.25	1	2	46125
92.266	0.25	0	1	46133
92.282	0.25	0	1	46141
92.3	0.25	1	2	46150
92.316	0.25	1	2	46158
92.332	0.25	0	1	46166
92.35	0.25	0	1	46175
92.366	0.25	1	2	46183
92.382	0.25	1	2	46191
92.4	0.25	1	2	46200
92.416	0.25	1	2	46208
92.432	0.25	0	1	46216
92.45	0.25	0	1	46225
92.466	0.25	1	2	46233
92.482	0.25	1	2	46241
92.5	0.25	0	1	46250
92.516	0.25	0	1	46258
92.532	0.25	0	1	46266
92.55	0.25	0	1	46275
92.566	0.25	0	1	46283
92.582	0.25	0	1	46291
92.6	0.25	1	2	46300
92.616	0.25	1	2	46308
92.632	0.25	0	1	46316
92.65	0.25	0	1	46325
92.666	0.25	0	1	46333
92.682	0.25	0	1	46341
92.7	0.25	0	1	46350
92.716	0.25	0	1	46358
92.732	0.25	1	2	46366
92.75	0.25	1	2	46375
92.766	0.25	1	2	46383
92.782	0.25	1	2	46391
92.8	0.25	1	2	46400
92.816	0.25	1	2	46408
92.832	0.25	0	1	46416
92.85	0.25	0	1	46425
92.866	0.25	1	2	46433
92.882	0.25	1	2	46441
92.9	0.25	0	1	46450
92.916	0.25	0	1	46458
92.932	0.25	1	2	46466
92.95	0.25	1	2	46475
92.966	0.25	1	2	46483
92.982	0.25	1	2	46491
93.0	0.25	1	2	46500
93.016	0.25	1	2	46508
93.032	0.25	1	2	46516
93.05	0.25	1	2	46525
93.066	0.25	1	2	46533
93.082	0.25	1	2	46541
93.1	0.25	0	1	46550
93.116	0.25	0	1	46558
93.132	0.25	0	1	46566
93.15	0.25	0	1	46575
93.166	0.25	1	2	46583
93.182	0.25	1	2	46591
93.2	0.25	0	1	46600
93.216	0.25	0	1	46608
93.232	0.25	0	1	46616
93.25	0.25	0	1	46625
93.266	0.25	0	1	46633
93.282	0.25	0	1	46641
93.3	0.25	1	2	46650
93.316	0.25	1	2	46658
93.332	0.25	1	2	46666
94.816	0.25	1	2	47408
94.832	0.25	1	2	47416
94.85	0.25	1	2	47425
94.866	0.25	1	2	47433
94.882	0.25	0	1	47441
94.9	0.25	0	1	47450
94.916	0.25	1	2	47458
94.932	0.25	1	2	47466
94.95	0.25	1	2	47475
94.966	0.25	1	2	47483
94.982	0.25	0	1	47491
95.0	0.25	0	1	47500
95.016	0.25	1	2	47508
95.032	0.25	1	2	47516
95.05	0.25	1	2	47525
95.066	0.25	1	2	47533
95.082	0.25	0	1	47541
95.1	0.25	0	1	47550
95.116	0.25	1	2	47558
95.132	0.25	1	2	47566
95.15	0.25	1	2	47575
95.166	0.25	1	2	47583
95.182	0.25	0	1	47591
95.2	0.25	0	1	47600
95.216	0.25	0	1	47608
95.232	0.25	0	1	47616
95.25	0.25	0	1	47625
95.266	0.25	0	1	47633
95.282	0.25	1	2	47641
95.3	0.25	1	2	47650
95.316	0.25	1	2	47658
95.332	0.25	1	2	47666
95.35	0.25	1	2	47675
95.366	0.25	1	2	47683
95.382	0.25	0	1	47691
95.4	0.25	0	1	47700
95.416	0.25	0	1	47708
95.432	0.25	0	1	47716
95.45	0.25	0	1	47725
95.466	0.25	0	1	47733
95.482	0.25	1	2	47741
95.5	0.25	1	2	47750
95.516	0.25	1	2	47758
95.532	0.25	1	2	47766
95.55	0.25	1	2	47775
95.566	0.25	1	2	47783
95.582	0.25	1	2	47791
95.6	0.25	1	2	47800
95.616	0.25	1	2	47808
95.632	0.25	1	2	47816
95.65	0.25	0	1	47825
95.666	0.25	0	1	47833
95.682	0.25	0	1	47841
95.7	0.25	0	1	47850
95.716	0.25	1	2	47858
95.732	0.25	1	2	47866
95.75	0.25	0	1	47875
95.766	0.25	0	1	47883
95.782	0.25	1	2	47891
95.8	0.25	1	2	47900
95.816	0.25	0	1	47908
95.832	0.25	0	1	47916
95.85	0.25	0	1	47925
95.866	0.25	0	1	47933
95.882	0.25	1	2	47941
95.9	0.25	1	2	47950
95.916	0.25	1	2	47958
95.932	0.25	1	2	47966
95.95	0.25	0	1	47975
95.966	0.25	0	1	47983
95.982	0.25	0	1	47991
96.0	0.25	0	1	48000
96.016	0.25	0	1	48008
96.032	0.25	0	1	48016
96.05	0.25	0	1	48025
96.066	0.25	0	1	48033
96.082	0.25	1	2	48041
96.1	0.25	1	2	48050
96.116	0.25	0	1	48058
96.132	0.25	0	1	48066
96.15	0.25	0	1	48075
96.166	0.25	0	1	48083
96.182	0.25	0	1	48091
96.2	0.25	0	1	48100
96.216	0.25	0	1	48108
96.232	0.25	0	1	48116
96.25	0.25	1	2	48125
96.266	0.25	1	2	48133
96.282	0.25	1	2	48141
96.3	0.25	1	2	48150
96.316	0.25	1	2	48158
96.332	0.25	1	2	48166
96.35	0.25	1	2	48175
96.366	0.25	1	2	48183
96.382	0.25	1	2	48191
96.4	0.25	1	2	48200
96.416	0.25	1	2	48208
96.432	0.25	1	2	48216
96.45	0.25	0	1	48225
96.466	0.25	0	1	48233
96.482	0.25	1	2	48241
96.5	0.25	1	2	48250
96.516	0.25	0	1	48258
96.532	0.25	0	1	48266
96.55	0.25	1	2	48275
96.566	0.25	1	2	48283
96.582	0.25	0	1	48291
96.6	0.25	0	1	48300
96.616	0.25	0	1	48308
96.632	0.25	0	1	48316
96.65	0.25	1	2	48325
96.666	0.25	1	2	48333
96.682	0.25	1	2	48341
96.7	0.25	1	2	48350
96.716	0.25	0	1	48358
96.732	0.25	0	1	48366
96.75	0.25	0	1	48375
99.232	0.25	0	1	49616
99.25	0.25	0	1	49625
99.266	0.25	0	1	49633
99.282	0.25	0	1	49641
99.3	0.25	1	2	49650
99.316	0.25	1	2	49658
99.332	0.25	1	2	49666
99.35	0.25	1	2	49675
99.366	0.25	0	1	49683
99.382	0.25	0	1	49691
99.4	0.25	0	1	49700
99.416	0.25	0	1	49708
99.432	0.25	0	1	49716
99.45	0.25	0	1	49725
99.466	0.25	0	1	49733
99.482	0.25	0	1	49741
99.5	0.25	1	2	49750
99.516	0.25	1	2	49758
99.532	0.25	1	2	49766
99.55	0.25	1	2	49775
99.566	0.25	1	2	49783
99.582	0.25	1	2	49791
99.6	0.25	1	2	49800
99.616	0.25	1	2	49808
99.632	0.25	1	2	49816
99.65	0.25	1	2	49825
99.666	0.25	0	1	49833
99.682	0.25	0	1	49841
99.7	0.25	0	1	49850
99.716	0.25	0	1	49858
99.732	0.25	0	1	49866
99.75	0.25	0	1	49875
99.766	0.25	0	1	49883
99.782	0.25	0	1	49891
99.8	0.25	0	1	49900
99.816	0.25	0	1	49908
99.832	0.25	0	1	49916
99.85	0.25	0	1	49925
99.866	0.25	1	2	49933
99.882	0.25	1	2	49941
99.9	0.25	1	2	49950
99.916	0.25	1	2	49958
99.932	0.25	0	1	49966
99.95	0.25	0	1	49975
99.966	0.25	0	1	49983
99.982	0.25	0	1	49991
100.0	0.25	1	2	50000
100.016	0.25	1	2	50008
100.032	0.25	0	1	50016
100.05	0.25	0	1	50025
100.066	0.25	1	2	50033
100.082	0.25	1	2	50041
100.1	0.25	0	1	50050
100.116	0.25	0	1	50058
100.132	0.25	1	2	50066
100.15	0.25	1	2	50075
100.166	0.25	0	1	50083
100.182	0.25	0	1	50091
100.2	0.25	1	2	50100
100.216	0.25	1	2	50108
100.232	0.25	1	2	50116
100.25	0.25	1	2	50125
100.266	0.25	0	1	50133
100.282	0.25	0	1	50141
100.3	0.25	1	2	50150
100.316	0.25	1	2	50158
100.332	0.25	0	1	50166
100.35	0.25	0	1	50175
100.366	0.25	0	1	50183
100.382	0.25	0	1	50191
100.4	0.25	0	1	50200
100.416	0.25	0	1	50208
100.432	0.25	1	2	50216
100.45	0.25	1	2	50225
100.466	0.25	0	1	50233
100.482	0.25	0	1	50241
100.5	0.25	0	1	50250
100.516	0.25	0	1	50258
100.532	0.25	0	1	50266
100.55	0.25	0	1	50275
100.566	0.25	1	2	50283
100.582	0.25	1	2	50291
100.6	0.25	1	2	50300
100.616	0.25	1	2	50308
100.632	0.25	1	2	50316
100.65	0.25	1	2	50325
100.666	0.25	0	1	50333
100.682	0.25	0	1	50341
100.7	0.25	1	2	50350
100.716	0.25	1	2	50358
100.732	0.25	0	1	50366
100.75	0.25	0	1	50375
100.766	0.25	1	2	50383
100.782	0.25	1	2	50391
100.8	0.25	1	2	50400
100.816	0.25	1	2	50408
100.832	0.25	1	2	50416
100.85	0.25	1	2	50425
100.866	0.25	1	2	50433
100.882	0.25	1	2	50441
100.9	0.25	1	2	50450
100.916	0.25	1	2	50458
100.932	0.25	0	1	50466
100.95	0.25	0	1	50475
100.966	0.25	0	1	50483
100.982	0.25	0	1	50491
101.0	0.25	1	2	50500
101.016	0.25	1	2	50508
101.032	0.25	0	1	50516
101.05	0.25	0	1	50525
101.066	0.25	0	1	50533
101.082	0.25	0	1	50541
101.1	0.25	0	1	50550
101.116	0.25	0	1	50558
101.132	0.25	1	2	50566
101.15	0.25	1	2	50575
101.166	0.25	1	2	50583
102.65	0.25	1	2	51325
102.666	0.25	1	2	51333
102.682	0.25	1	2	51341
102.7	0.25	1	2	51350
102.716	0.25	1	2	51358
102.732	0.25	1	2	51366
102.75	0.25	1	2	51375
102.766	0.25	1	2	51383
102.782	0.25	1	2	51391
102.8	0.25	1	2	51400
102.816	0.25	1	2	51408
102.832	0.25	1	2	51416
102.85	0.25	1	2	51425
102.866	0.25	1	2	51433
102.882	0.25	0	1	51441
102.9	0.25	0	1	51450
102.916	0.25	0	1	51458
102.932	0.25	0	1	51466
102.95	0.25	1	2	51475
102.966	0.25	1	2	51483
102.982	0.25	1	2	51491
103.0	0.25	1	2	51500
103.016	0.25	0	1	51508
103.032	0.25	0	1	51516
103.05	0.25	0	1	51525
103.066	0.25	0	1	51533
103.082	0.25	1	2	51541
103.1	0.25	1	2	51550
103.116	0.25	1	2	51558
103.132	0.25	1	2	51566
103.15	0.25	0	1	51575
103.166	0.25	0	1	51583
103.182	0.25	0	1	51591
103.2	0.25	0	1	51600
103.216	0.25	1	2	51608
103.232	0.25	1	2	51616
103.25	0.25	0	1	51625
103.266	0.25	0	1	51633
103.282	0.25	1	2	51641
103.3	0.25	1	2	51650
103.316	0.25	1	2	51658
103.332	0.25	1	2	51666
103.35	0.25	0	1	51675
103.366	0.25	0	1	51683
103.382	0.25	1	2	51691
103.4	0.25	1	2	51700
103.416	0.25	0	1	51708
103.432	0.25	0	1	51716
103.45	0.25	0	1	51725
103.466	0.25	0	1	51733
103.482	0.25	1	2	51741
103.5	0.25	1	2	51750
103.516	0.25	0	1	51758
103.532	0.25	0	1	51766
103.55	0.25	1	2	51775
103.566	0.25	1	2	51783
103.582	0.25	1	2	51791
103.6	0.25	1	2	51800
103.616	0.25	1	2	51808
103.632	0.25	1	2	51816
103.65	0.25	0	1	51825
103.666	0.25	0	1	51833
103.682	0.25	0	1	51841
103.7	0.25	0	1	51850
103.716	0.25	0	1	51858
103.732	0.25	0	1	51866
103.75	0.25	1	2	51875
103.766	0.25	1	2	51883
103.782	0.25	0	1	51891
103.8	0.25	0	1	51900
103.816	0.25	1	2	51908
103.832	0.25	1	2	51916
103.85	0.25	1	2	51925
103.866	0.25	1	2	51933
103.882	0.25	1	2	51941
103.9	0.25	1	2	51950
103.916	0.25	0	1	51958
103.932	0.25	0	1	51966
103.95	0.25	0	1	51975
103.966	0.25	0	1	51983
103.982	0.25	1	2	51991
104.0	0.25	1	2	52000
104.016	0.25	0	1	52008
104.032	0.25	0	1	52016
104.05	0.25	1	2	52025
104.066	0.25	1	2	52033
104.082	0.25	0	1	52041
104.1	0.25	0	1	52050
104.116	0.25	0	1	52058
104.132	0.25	0	1	52066
104.15	0.25	0	1	52075
104.166	0.25	0	1	52083
104.182	0.25	1	2	52091
104.2	0.25	1	2	52100
104.216	0.25	1	2	52108
104.232	0.25	1	2	52116
104.25	0.25	0	1	52125
104.266	0.25	0	1	52133
104.282	0.25	1	2	52141
104.3	0.25	1	2	52150
104.316	0.25	0	1	52158
104.332	0.25	0	1	52166
104.35	0.25	0	1	52175
104.366	0.25	0	1	52183
104.382	0.25	0	1	52191
104.4	0.25	0	1	52200
104.416	0.25	1	2	52208
104.432	0.25	1	2	52216
104.45	0.25	0	1	52225
104.466	0.25	0	1	52233
104.482	0.25	1	2	52241
104.5	0.25	1	2	52250
104.516	0.25	0	1	52258
104.532	0.25	0	1	52266
104.55	0.25	0	1	52275
104.566	0.25	0	1	52283
104.582	0.25	1	2	52291
106.066	0.25	1	2	53033
106.082	0.25	1	2	53041
106.1	0.25	1	2	53050
106.116	0.25	1	2	53058
106.132	0.25	0	1	53066
106.15	0.25	0	1	53075
106.166	0.25	1	2	53083
106.182	0.25	1	2	53091
106.2	0.25	1	2	53100
106.216	0.25	1	2	53108
106.232	0.25	0	1	53116
106.25	0.25	0	1	53125
106.266	0.25	1	2	53133
106.282	0.25	1	2	53141
106.3	0.25	1	2	53150
106.316	0.25	1	2	53158
106.332	0.25	0	1	53166
106.35	0.25	0	1	53175
106.366	0.25	1	2	53183
106.382	0.25	1	2	53191
106.4	0.25	1	2	53200
106.416	0.25	1	2	53208
106.432	0.25	0	1	53216
106.45	0.25	0	1	53225
106.466	0.25	0	1	53233
106.482	0.25	0	1	53241
106.5	0.25	0	1	53250
106.516	0.25	0	1	53258
106.532	0.25	1	2	53266
106.55	0.25	1	2	53275
106.566	0.25	1	2	53283
106.582	0.25	1	2	53291
106.6	0.25	1	2	53300
106.616	0.25	1	2	53308
106.632	0.25	0	1	53316
106.65	0.25	0	1	53325
106.666	0.25	0	1	53333
106.682	0.25	0	1	53341
106.7	0.25	0	1	53350
106.716	0.25	0	1	53358
106.732	0.25	1	2	53366
106.75	0.25	1	2	53375
106.766	0.25	1	2	53383
106.782	0.25	1	2	53391
106.8	0.25	1	2	53400
106.816	0.25	1	2	53408
106.832	0.25	1	2	53416
106.85	0.25	1	2	53425
106.866	0.25	1	2	53433
106.882	0.25	1	2	53441
106.9	0.25	0	1	53450
106.916	0.25	0	1	53458
106.932	0.25	0	1	53466
106.95	0.25	0	1	53475
106.966	0.25	1	2	53483
106.982	0.25	1	2	53491
107.0	0.25	0	1	53500
107.016	0.25	0	1	53508
107.032	0.25	1	2	53516
107.05	0.25	1	2	53525
107.066	0.25	0	1	53533
107.082	0.25	0	1	53541
107.1	0.25	0	1	53550
107.116	0.25	0	1	53558
107.132	0.25	1	2	53566
107.15	0.25	1	2	53575
107.166	0.25	1	2	53583
107.182	0.25	1	2	53591
107.2	0.25	0	1	53600
107.216	0.25	0	1	53608
107.232	0.25	0	1	53616
107.25	0.25	0	1	53625
107.266	0.25	0	1	53633
107.282	0.25	0	1	53641
107.3	0.25	0	1	53650
107.316	0.25	0	1	53658
107.332	0.25	1	2	53666
107.35	0.25	1	2	53675
107.366	0.25	0	1	53683
107.382	0.25	0	1	53691
107.4	0.25	0	1	53700
107.416	0.25	0	1	53708
107.432	0.25	0	1	53716
107.45	0.25	0	1	53725
107.466	0.25	0	1	53733
107.482	0.25	0	1	53741
107.5	0.25	1	2	53750
107.516	0.25	1	2	53758
107.532	0.25	1	2	53766
107.55	0.25	1	2	53775
107.566	0.25	1	2	53783
107.582	0.25	1	2	53791
107.6	0.25	1	2	53800
107.616	0.25	1	2	53808
107.632	0.25	1	2	53816
107.65	0.25	1	2	53825
107.666	0.25	1	2	53833
107.682	0.25	1	2	53841
107.7	0.25	0	1	53850
107.716	0.25	0	1	53858
107.732	0.25	1	2	53866
107.75	0.25	1	2	53875
107.766	0.25	0	1	53883
107.782	0.25	0	1	53891
107.8	0.25	1	2	53900
107.816	0.25	1	2	53908
107.832	0.25	0	1	53916
107.85	0.25	0	1	53925
107.866	0.25	0	1	53933
107.882	0.25	0	1	53941
107.9	0.25	1	2	53950
107.916	0.25	1	2	53958
107.932	0.25	1	2	53966
107.95	0.25	1	2	53975
107.966	0.25	0	1	53983
107.982	0.25	0	1	53991
108.0	0.25	0	1	54000
109.482	0.25	1	2	54741
109.5	0.25	1	2	54750
109.516	0.25	1	2	54758
109.532	0.25	1	2	54766
109.55	0.25	0	1	54775
109.566	0.25	0	1	54783
109.582	0.25	0	1	54791
109.6	0.25	0	1	54800
109.616	0.25	0	1	54808
109.632	0.25	0	1	54816
109.65	0.25	0	1	54825
109.666	0.25	0	1	54833
109.682	0.25	1	2	54841
109.7	0.25	1	2	54850
109.716	0.25	0	1	54858
109.732	0.25	0	1	54866
109.75	0.25	0	1	54875
109.766	0.25	0	1	54883
109.782	0.25	1	2	54891
109.8	0.25	1	2	54900
109.816	0.25	1	2	54908
109.832	0.25	1	2	54916
109.85	0.25	0	1	54925
109.866	0.25	0	1	54933
109.882	0.25	0	1	54941
109.9	0.25	0	1	54950
109.916	0.25	0	1	54958
109.932	0.25	0	1	54966
109.95	0.25	0	1	54975
109.966	0.25	0	1	54983
109.982	0.25	0	1	54991
110.0	0.25	0	1	55000
110.016	0.25	0	1	55008
110.032	0.25	0	1	55016
110.05	0.25	1	2	55025
110.066	0.25	1	2	55033
110.082	0.25	0	1	55041
110.1	0.25	0	1	55050
110.116	0.25	1	2	55058
110.132	0.25	1	2	55066
110.15	0.25	1	2	55075
110.166	0.25	1	2	55083
110.182	0.25	0	1	55091
110.2	0.25	0	1	55100
110.216	0.25	1	2	55108
110.232	0.25	1	2	55116
110.25	0.25	0	1	55125
110.266	0.25	0	1	55133
110.282	0.25	1	2	55141
110.3	0.25	1	2	55150
110.316	0.25	0	1	55158
110.332	0.25	0	1	55166
110.35	0.25	1	2	55175
110.366	0.25	1	2	55183
110.382	0.25	0	1	55191
110.4	0.25	0	1	55200
110.416	0.25	0	1	55208
110.432	0.25	0	1	55216
110.45	0.25	0	1	55225
110.466	0.25	0	1	55233
110.482	0.25	1	2	55241
110.5	0.25	1	2	55250
110.516	0.25	1	2	55258
110.532	0.25	1	2	55266
110.55	0.25	1	2	55275
110.566	0.25	1	2	55283
110.582	0.25	0	1	55291
110.6	0.25	0	1	55300
110.616	0.25	1	2	55308
110.632	0.25	1	2	55316
110.65	0.25	1	2	55325
110.666	0.25	1	2	55333
110.682	0.25	1	2	55341
110.7	0.25	1	2	55350
110.716	0.25	0	1	55358
110.732	0.25	0	1	55366
110.75	0.25	1	2	55375
110.766	0.25	1	2	55383
110.782	0.25	0	1	55391
110.8	0.25	0	1	55400
110.816	0.25	1	2	55408
110.832	0.25	1	2	55416
110.85	0.25	1	2	55425
110.866	0.25	1	2	55433
110.882	0.25	0	1	55441
110.9	0.25	0	1	55450
110.916	0.25	0	1	55458
110.932	0.25	0	1	55466
110.95	0.25	0	1	55475
110.966	0.25	0	1	55483
110.982	0.25	1	2	55491
111.0	0.25	1	2	55500
111.016	0.25	1	2	55508
111.032	0.25	1	2	55516
111.05	0.25	0	1	55525
111.066	0.25	0	1	55533
111.082	0.25	1	2	55541
111.1	0.25	1	2	55550
111.116	0.25	1	2	55558
111.132	0.25	1	2	55566
111.15	0.25	1	2	55575
111.166	0.25	1	2	55583
111.182	0.25	0	1	55591
111.2	0.25	0	1	55600
111.216	0.25	0	1	55608
111.232	0.25	0	1	55616
111.25	0.25	0	1	55625
111.266	0.25	0	1	55633
111.282	0.25	0	1	55641
111.3	0.25	0	1	55650
111.316	0.25	0	1	55658
111.332	0.25	0	1	55666
111.35	0.25	1	2	55675
111.366	0.25	1	2	55683
111.382	0.25	1	2	55691
111.4	0.25	1	2	55700
111.416	0.25	1	2	55708
113.766	0.25	1	2	56883
113.782	0.25	1	2	56891
113.8	0.25	1	2	56900
113.816	0.25	1	2	56908
113.832	0.25	0	1	56916
113.85	0.25	0	1	56925
113.866	0.25	1	2	56933
113.882	0.25	1	2	56941
113.9	0.25	1	2	56950
113.916	0.25	1	2	56958
113.932	0.25	0	1	56966
113.95	0.25	0	1	56975
113.966	0.25	1	2	56983
113.982	0.25	1	2	56991
114.0	0.25	1	2	57000
114.016	0.25	1	2	57008
114.032	0.25	0	1	57016
114.05	0.25	0	1	57025
114.066	0.25	1	2	57033
114.082	0.25	1	2	57041
114.1	0.25	1	2	57050
114.116	0.25	1	2	57058
114.132	0.25	0	1	57066
114.15	0.25	0	1	57075
114.166	0.25	0	1	57083
114.182	0.25	0	1	57091
114.2	0.25	0	1	57100
114.216	0.25	0	1	57108
114.232	0.25	1	2	57116
114.25	0.25	1	2	57125
114.266	0.25	1	2	57133
114.282	0.25	1	2	57141
114.3	0.25	1	2	57150
114.316	0.25	1	2	57158
114.332	0.25	0	1	57166
114.35	0.25	0	1	57175
114.366	0.25	0	1	57183
114.382	0.25	0	1	57191
114.4	0.25	0	1	57200
114.416	0.25	0	1	57208
114.432	0.25	1	2	57216
114.45	0.25	1	2	57225
114.466	0.25	1	2	57233
114.482	0.25	1	2	57241
114.5	0.25	1	2	57250
114.516	0.25	1	2	57258
114.532	0.25	1	2	57266
114.55	0.25	1	2	57275
114.566	0.25	1	2	57283
114.582	0.25	1	2	57291
114.6	0.25	0	1	57300
114.616	0.25	0	1	57308
114.632	0.25	0	1	57316
114.65	0.25	0	1	57325
114.666	0.25	1	2	57333
114.682	0.25	1	2	57341
114.7	0.25	0	1	57350
114.716	0.25	0	1	57358
114.732	0.25	1	2	57366
114.75	0.25	1	2	57375
114.766	0.25	0	1	57383
114.782	0.25	0	1	57391
114.8	0.25	0	1	57400
114.816	0.25	0	1	57408
114.832	0.25	1	2	57416
114.85	0.25	1	2	57425
114.866	0.25	1	2	57433
114.882	0.25	1	2	57441
114.9	0.25	0	1	57450
114.916	0.25	0	1	57458
114.932	0.25	0	1	57466
114.95	0.25	0	1	57475
114.966	0.25	0	1	57483
114.982	0.25	0	1	57491
115.0	0.25	0	1	57500
115.016	0.25	0	1	57508
115.032	0.25	1	2	57516
115.05	0.25	1	2	57525
115.066	0.25	0	1	57533
115.082	0.25	0	1	57541
115.1	0.25	0	1	57550
115.116	0.25	0	1	57558
115.132	0.25	0	1	57566
115.15	0.25	0	1	57575
115.166	0.25	0	1	57583
115.182	0.25	0	1	57591
115.2	0.25	1	2	57600
115.216	0.25	1	2	57608
115.232	0.25	1	2	57616
115.25	0.25	1	2	57625
115.266	0.25	1	2	57633
115.282	0.25	1	2	57641
115.3	0.25	1	2	57650
115.316	0.25	1	2	57658
115.332	0.25	1	2	57666
115.35	0.25	1	2	57675
115.366	0.25	1	2	57683
115.382	0.25	1	2	57691
115.4	0.25	0	1	57700
115.416	0.25	0	1	57708
115.432	0.25	1	2	57716
115.45	0.25	1	2	57725
115.466	0.25	0	1	57733
115.482	0.25	0	1	57741
115.5	0.25	1	2	57750
115.516	0.25	1	2	57758
115.532	0.25	0	1	57766
115.55	0.25	0	1	57775
115.566	0.25	0	1	57783
115.582	0.25	0	1	57791
115.6	0.25	1	2	57800
115.616	0.25	1	2	57808
115.632	0.25	1	2	57816
115.65	0.25	1	2	57825
115.666	0.25	0	1	57833
115.682	0.25	0	1	57841
115.7	0.25	0	1	57850
117.182	0.25	0	1	58591
117.2	0.25	0	1	58600
117.216	0.25	0	1	58608
117.232	0.25	0	1	58616
117.25	0.25	1	2	58625
117.266	0.25	1	2	58633
117.282	0.25	1	2	58641
117.3	0.25	1	2	58650
117.316	0.25	0	1	58658
117.332	0.25	0	1	58666
117.35	0.25	0	1	58675
117.366	0.25	0	1	58683
117.382	0.25	0	1	58691
117.4	0.25	0	1	58700
117.416	0.25	0	1	58708
117.432	0.25	0	1	58716
117.45	0.25	1	2	58725
117.466	0.25	1	2	58733
117.482	0.25	1	2	58741
117.5	0.25	1	2	58750
117.516	0.25	1	2	58758
117.532	0.25	1	2	58766
117.55	0.25	1	2	58775
117.566	0.25	1	2	58783
117.582	0.25	1	2	58791
117.6	0.25	1	2	58800
117.616	0.25	0	1	58808
117.632	0.25	0	1	58816
117.65	0.25	0	1	58825
117.666	0.25	0	1	58833
117.682	0.25	0	1	58841
117.7	0.25	0	1	58850
117.716	0.25	0	1	58858
117.732	0.25	0	1	58866
117.75	0.25	0	1	58875
117.766	0.25	0	1	58883
117.782	0.25	0	1	58891
117.8	0.25	0	1	58900
117.816	0.25	1	2	58908
117.832	0.25	1	2	58916
117.85	0.25	1	2	58925
117.866	0.25	1	2	58933
117.882	0.25	0	1	58941
117.9	0.25	0	1	58950
117.916	0.25	0	1	58958
117.932	0.25	0	1	58966
117.95	0.25	1	2	58975
117.966	0.25	1	2	58983
117.982	0.25	0	1	58991
118.0	0.25	0	1	59000
118.016	0.25	1	2	59008
118.032	0.25	1	2	59016
118.05	0.25	0	1	59025
118.066	0.25	0	1	59033
118.082	0.25	1	2	59041
118.1	0.25	1	2	59050
118.116	0.25	0	1	59058
118.132	0.25	0	1	59066
118.15	0.25	1	2	59075
118.166	0.25	1	2	59083
118.182	0.25	1	2	59091
118.2	0.25	1	2	59100
118.216	0.25	0	1	59108
118.232	0.25	0	1	59116
118.25	0.25	1	2	59125
118.266	0.25	1	2	59133
118.282	0.25	0	1	59141
118.3	0.25	0	1	59150
118.316	0.25	0	1	59158
118.332	0.25	0	1	59166
118.35	0.25	0	1	59175
118.366	0.25	0	1	59183
118.382	0.25	1	2	59191
118.4	0.25	1	2	59200
118.416	0.25	0	1	59208
118.432	0.25	0	1	59216
118.45	0.25	0	1	59225
118.466	0.25	0	1	59233
118.482	0.25	0	1	59241
118.5	0.25	0	1	59250
118.516	0.25	1	2	59258
118.532	0.25	1	2	59266
118.55	0.25	1	2	59275
118.566	0.25	1	2	59283
118.582	0.25	1	2	59291
118.6	0.25	1	2	59300
118.616	0.25	0	1	59308
118.632	0.25	0	1	59316
118.65	0.25	1	2	59325
118.666	0.25	1	2	59333
118.682	0.25	0	1	59341
118.7	0.25	0	1	59350
118.716	0.25	1	2	59358
118.732	0.25	1	2	59366
118.75	0.25	1	2	59375
118.766	0.25	1	2	59383
118.782	0.25	1	2	59391
118.8	0.25	1	2	59400
118.816	0.25	1	2	59408
118.832	0.25	1	2	59416
118.85	0.25	1	2	59425
118.866	0.25	1	2	59433
118.882	0.25	0	1	59441
118.9	0.25	0	1	59450
118.916	0.25	0	1	59458
118.932	0.25	0	1	59466
118.95	0.25	1	2	59475
118.966	0.25	1	2	59483
118.982	0.25	0	1	59491
119.0	0.25	0	1	59500
119.016	0.25	0	1	59508
119.032	0.25	0	1	59516
119.05	0.25	0	1	59525
119.066	0.25	0	1	59533
119.082	0.25	1	2	59541
119.1	0.25	1	2	59550
119.116	0.25	1	2	59558
120.6	0.25	1	2	60300
120.616	0.25	1	2	60308
120.632	0.25	1	2	60316
120.65	0.25	1	2	60325
120.666	0.25	1	2	60333
120.682	0.25	1	2	60341
120.7	0.25	1	2	60350
120.716	0.25	1	2	60358
120.732	0.25	1	2	60366
120.75	0.25	1	2	60375
120.766	0.25	1	2	60383
120.782	0.25	1	2	60391
120.8	0.25	1	2	60400
120.816	0.25	1	2	60408
120.832	0.25	0	1	60416
120.85	0.25	0	1	60425
120.866	0.25	0	1	60433
120.882	0.25	0	1	60441
120.9	0.25	1	2	60450
120.916	0.25	1	2	60458
120.932	0.25	1	2	60466
120.95	0.25	1	2	60475
120.966	0.25	0	1	60483
120.982	0.25	0	1	60491
121.0	0.25	0	1	60500
121.016	0.25	0	1	60508
121.032	0.25	1	2	60516
121.05	0.25	1	2	60525
121.066	0.25	1	2	60533
121.082	0.25	1	2	60541
121.1	0.25	0	1	60550
121.116	0.25	0	1	60558
121.132	0.25	0	1	60566
121.15	0.25	0	1	60575
121.166	0.25	1	2	60583
121.182	0.25	1	2	60591
121.2	0.25	0	1	60600
121.216	0.25	0	1	60608
121.232	0.25	1	2	60616
121.25	0.25	1	2	60625
121.266	0.25	1	2	60633
121.282	0.25	1	2	60641
121.3	0.25	0	1	60650
121.316	0.25	0	1	60658
121.332	0.25	1	2	60666
121.35	0.25	1	2	60675
121.366	0.25	0	1	60683
121.382	0.25	0	1	60691
121.4	0.25	0	1	60700
121.416	0.25	0	1	60708
121.432	0.25	1	2	60716
121.45	0.25	1	2	60725
121.466	0.25	0	1	60733
121.482	0.25	0	1	60741
121.5	0.25	1	2	60750
121.516	0.25	1	2	60758
121.532	0.25	1	2	60766
121.55	0.25	1	2	60775
121.566	0.25	1	2	60783
121.582	0.25	1	2	60791
121.6	0.25	0	1	60800
121.616	0.25	0	1	60808
121.632	0.25	0	1	60816
121.65	0.25	0	1	60825
121.666	0.25	0	1	60833
121.682	0.25	0	1	60841
121.7	0.25	1	2	60850
121.716	0.25	1	2	60858
121.732	0.25	0	1	60866
121.75	0.25	0	1	60875
121.766	0.25	1	2	60883
121.782	0.25	1	2	60891
121.8	0.25	1	2	60900
121.816	0.25	1	2	60908
121.832	0.25	1	2	60916
121.85	0.25	1	2	60925
121.866	0.25	0	1	60933
121.882	0.25	0	1	60941
121.9	0.25	0	1	60950
121.916	0.25	0	1	60958
121.932	0.25	1	2	60966
121.95	0.25	1	2	60975
121.966	0.25	0	1	60983
121.982	0.25	0	1	60991
122.0	0.25	1	2	61000
122.016	0.25	1	2	61008
122.032	0.25	0	1	61016
122.05	0.25	0	1	61025
122.066	0.25	0	1	61033
122.082	0.25	0	1	61041
122.1	0.25	0	1	61050
122.116	0.25	0	1	61058
122.132	0.25	1	2	61066
122.15	0.25	1	2	61075
122.166	0.25	1	2	61083
122.182	0.25	1	2	61091
122.2	0.25	0	1	61100
122.216	0.25	0	1	61108
122.232	0.25	1	2	61116
122.25	0.25	1	2	61125
122.266	0.25	0	1	61133
122.282	0.25	0	1	61141
122.3	0.25	0	1	61150
122.316	0.25	0	1	61158
122.332	0.25	0	1	61166
122.35	0.25	0	1	61175
122.366	0.25	1	2	61183
122.382	0.25	1	2	61191
122.4	0.25	0	1	61200
122.416	0.25	0	1	61208
122.432	0.25	1	2	61216
122.45	0.25	1	2	61225
122.466	0.25	0	1	61233
122.482	0.25	0	1	61241
122.5	0.25	0	1	61250
122.516	0.25	0	1	61258
122.532	0.25	1	2	61266
124.016	0.25	1	2	62008
124.032	0.25	1	2	62016
124.05	0.25	1	2	62025
124.066	0.25	1	2	62033
124.082	0.25	0	1	62041
124.1	0.25	0	1	62050
124.116	0.25	0	1	62058
124.132	0.25	0	1	62066
124.15	0.25	0	1	62075
124.166	0.25	0	1	62083
124.182	0.25	0	1	62091
124.2	0.25	0	1	62100
124.216	0.25	1	2	62108
124.232	0.25	1	2	62116
124.25	0.25	0	1	62125
124.266	0.25	0	1	62133
124.282	0.25	0	1	62141
124.3	0.25	0	1	62150
124.316	0.25	1	2	62158
124.332	0.25	1	2	62166
124.35	0.25	1	2	62175
124.366	0.25	1	2	62183
124.382	0.25	0	1	62191
124.4	0.25	0	1	62200
124.416	0.25	0	1	62208
124.432	0.25	0	1	62216
124.45	0.25	0	1	62225
124.466	0.25	0	1	62233
124.482	0.25	0	1	62241
124.5	0.25	0	1	62250
124.516	0.25	0	1	62258
124.532	0.25	0	1	62266
124.55	0.25	0	1	62275
124.566	0.25	0	1	62283
124.582	0.25	1	2	62291
124.6	0.25	1	2	62300
124.616	0.25	0	1	62308
124.632	0.25	0	1	62316
124.65	0.25	1	2	62325
124.666	0.25	1	2	62333
124.682	0.25	1	2	62341
124.7	0.25	1	2	62350
124.716	0.25	0	1	62358
124.732	0.25	0	1	62366
124.75	0.25	1	2	62375
124.766	0.25	1	2	62383
124.782	0.25	0	1	62391
124.8	0.25	0	1	62400
124.816	0.25	1	2	62408
124.832	0.25	1	2	62416
124.85	0.25	0	1	62425
124.866	0.25	0	1	62433
124.882	0.25	1	2	62441
124.9	0.25	1	2	62450
124.916	0.25	0	1	62458
124.932	0.25	0	1	62466
124.95	0.25	0	1	62475
124.966	0.25	0	1	62483
124.982	0.25	0	1	62491
125.0	0.25	0	1	62500
125.016	0.25	1	2	62508
125.032	0.25	1	2	62516
125.05	0.25	1	2	62525
125.066	0.25	1	2	62533
125.082	0.25	1	2	62541
125.1	0.25	1	2	62550
125.116	0.25	0	1	62558
125.132	0.25	0	1	62566
125.15	0.25	1	2	62575
125.166	0.25	1	2	62583
125.182	0.25	1	2	62591
125.2	0.25	1	2	62600
125.216	0.25	1	2	62608
125.232	0.25	1	2	62616
125.25	0.25	0	1	62625
125.266	0.25	0	1	62633
125.282	0.25	1	2	62641
125.3	0.25	1	2	62650
125.316	0.25	0	1	62658
125.332	0.25	0	1	62666
125.35	0.25	1	2	62675
125.366	0.25	1	2	62683
125.382	0.25	1	2	62691
125.4	0.25	1	2	62700
125.416	0.25	0	1	62708
125.432	0.25	0	1	62716
125.45	0.25	0	1	62725
125.466	0.25	0	1	62733
125.482	0.25	0	1	62741
125.5	0.25	0	1	62750
125.516	0.25	1	2	62758
125.532	0.25	1	2	62766
125.55	0.25	1	2	62775
125.566	0.25	1	2	62783
125.582	0.25	0	1	62791
125.6	0.25	0	1	62800
125.616	0.25	1	2	62808
125.632	0.25	1	2	62816
125.65	0.25	1	2	62825
125.666	0.25	1	2	62833
125.682	0.25	1	2	62841
125.7	0.25	1	2	62850
125.716	0.25	0	1	62858
125.732	0.25	0	1	62866
125.75	0.25	0	1	62875
125.766	0.25	0	1	62883
125.782	0.25	0	1	62891
125.8	0.25	0	1	62900
125.816	0.25	0	1	62908
125.832	0.25	0	1	62916
125.85	0.25	0	1	62925
125.866	0.25	0	1	62933
125.882	0.25	1	2	62941
125.9	0.25	1	2	62950
125.916	0.25	1	2	62958
125.932	0.25	1	2	62966
125.95	0.25	1	2	62975
128.482	0.25	1	2	64241
128.5	0.25	1	2	64250
128.516	0.25	1	2	64258
128.532	0.25	1	2	64266
128.55	0.25	0	1	64275
128.566	0.25	0	1	64283
128.582	0.25	1	2	64291
128.6	0.25	1	2	64300
128.616	0.25	1	2	64308
128.632	0.25	1	2	64316
128.65	0.25	0	1	64325
128.666	0.25	0	1	64333
128.682	0.25	1	2	64341
128.698	0.25	1	2	64349
128.716	0.25	1	2	64358
128.732	0.25	1	2	64366
128.75	0.25	0	1	64375
128.766	0.25	0	1	64383
128.782	0.25	1	2	64391
128.8	0.25	1	2	64400
128.816	0.25	1	2	64408
128.832	0.25	1	2	64416
128.85	0.25	0	1	64425
128.866	0.25	0	1	64433
128.882	0.25	0	1	64441
128.9	0.25	0	1	64450
128.916	0.25	0	1	64458
128.932	0.25	0	1	64466
128.948	0.25	1	2	64474
128.966	0.25	1	2	64483
128.982	0.25	1	2	64491
129.0	0.25	1	2	64500
129.016	0.25	1	2	64508
129.032	0.25	1	2	64516
129.05	0.25	0	1	64525
129.066	0.25	0	1	64533
129.082	0.25	0	1	64541
129.1	0.25	0	1	64550
129.116	0.25	0	1	64558
129.132	0.25	0	1	64566
129.15	0.25	1	2	64575
129.166	0.25	1	2	64583
129.182	0.25	1	2	64591
129.198	0.25	1	2	64599
129.216	0.25	1	2	64608
129.232	0.25	1	2	64616
129.25	0.25	1	2	64625
129.266	0.25	1	2	64633
129.282	0.25	1	2	64641
129.3	0.25	1	2	64650
129.316	0.25	0	1	64658
129.332	0.25	0	1	64666
129.35	0.25	0	1	64675
129.366	0.25	0	1	64683
129.382	0.25	1	2	64691
129.4	0.25	1	2	64700
129.416	0.25	0	1	64708
129.432	0.25	0	1	64716
129.448	0.25	1	2	64724
129.466	0.25	1	2	64733
129.482	0.25	0	1	64741
129.5	0.25	0	1	64750
129.516	0.25	0	1	64758
129.532	0.25	0	1	64766
129.55	0.25	1	2	64775
129.566	0.25	1	2	64783
129.582	0.25	1	2	64791
129.6	0.25	1	2	64800
129.616	0.25	0	1	64808
129.632	0.25	0	1	64816
129.65	0.25	0	1	64825
129.666	0.25	0	1	64833
129.682	0.25	0	1	64841
129.698	0.25	0	1	64849
129.716	0.25	0	1	64858
129.732	0.25	0	1	64866
129.75	0.25	1	2	64875
129.766	0.25	1	2	64883
129.782	0.25	0	1	64891
129.8	0.25	0	1	64900
129.816	0.25	0	1	64908
129.832	0.25	0	1	64916
129.85	0.25	0	1	64925
129.866	0.25	0	1	64933
129.882	0.25	0	1	64941
129.9	0.25	0	1	64950
129.916	0.25	1	2	64958
129.932	0.25	1	2	64966
129.948	0.25	1	2	64974
129.966	0.25	1	2	64983
129.982	0.25	1	2	64991
130.0	0.25	1	2	65000
130.016	0.25	1	2	65008
130.032	0.25	1	2	65016
130.05	0.25	1	2	65025
130.066	0.25	1	2	65033
130.082	0.25	1	2	65041
130.1	0.25	1	2	65050
130.116	0.25	0	1	65058
130.132	0.25	0	1	65066
130.15	0.25	1	2	65075
130.166	0.25	1	2	65083
130.182	0.25	0	1	65091
130.198	0.25	0	1	65099
130.216	0.25	1	2	65108
130.232	0.25	1	2	65116
130.25	0.25	0	1	65125
130.266	0.25	0	1	65133
130.282	0.25	0	1	65141
130.3	0.25	0	1	65150
130.316	0.25	1	2	65158
130.332	0.25	1	2	65166
130.35	0.25	1	2	65175
130.366	0.25	1	2	65183
130.382	0.25	0	1	65191
130.4	0.25	0	1	65200
130.416	0.25	0	1	65208
131.9	0.25	1	2	65950
131.916	0.25	1	2	65958
131.932	0.25	1	2	65966
131.95	0.25	1	2	65975
131.966	0.25	0	1	65983
131.982	0.25	0	1	65991
132.0	0.25	0	1	66000
132.016	0.25	0	1	66008
132.032	0.25	0	1	66016
132.05	0.25	0	1	66025
132.066	0.25	0	1	66033
132.082	0.25	0	1	66041
132.1	0.25	1	2	66050
132.116	0.25	1	2	66058
132.132	0.25	0	1	66066
132.15	0.25	0	1	66075
132.166	0.25	0	1	66083
132.182	0.25	0	1	66091
132.2	0.25	1	2	66100
132.216	0.25	1	2	66108
132.232	0.25	1	2	66116
132.25	0.25	1	2	66125
132.266	0.25	0	1	66133
132.282	0.25	0	1	66141
132.3	0.25	0	1	66150
132.316	0.25	0	1	66158
132.332	0.25	0	1	66166
132.35	0.25	0	1	66175
132.366	0.25	0	1	66183
132.382	0.25	0	1	66191
132.4	0.25	0	1	66200
132.416	0.25	0	1	66208
132.432	0.25	0	1	66216
132.45	0.25	0	1	66225
132.466	0.25	1	2	66233
132.482	0.25	1	2	66241
132.5	0.25	0	1	66250
132.516	0.25	0	1	66258
132.532	0.25	1	2	66266
132.55	0.25	1	2	66275
132.566	0.25	1	2	66283
132.582	0.25	1	2	66291
132.6	0.25	0	1	66300
132.616	0.25	0	1	66308
132.632	0.25	1	2	66316
132.65	0.25	1	2	66325
132.666	0.25	0	1	66333
132.682	0.25	0	1	66341
132.7	0.25	1	2	66350
132.716	0.25	1	2	66358
132.732	0.25	0	1	66366
132.75	0.25	0	1	66375
132.766	0.25	1	2	66383
132.782	0.25	1	2	66391
132.8	0.25	0	1	66400
132.816	0.25	0	1	66408
132.832	0.25	0	1	66416
132.85	0.25	0	1	66425
132.866	0.25	0	1	66433
132.882	0.25	0	1	66441
132.9	0.25	1	2	66450
132.916	0.25	1	2	66458
132.932	0.25	1	2	66466
132.95	0.25	1	2	66475
132.966	0.25	1	2	66483
132.982	0.25	1	2	66491
133.0	0.25	0	1	66500
133.016	0.25	0	1	66508
133.032	0.25	1	2	66516
133.05	0.25	1	2	66525
133.066	0.25	1	2	66533
133.082	0.25	1	2	66541
133.1	0.25	1	2	66550
133.116	0.25	1	2	66558
133.132	0.25	0	1	66566
133.15	0.25	0	1	66575
133.166	0.25	1	2	66583
133.182	0.25	1	2	66591
133.2	0.25	0	1	66600
133.216	0.25	0	1	66608
133.232	0.25	1	2	66616
133.25	0.25	1	2	66625
133.266	0.25	1	2	66633
133.282	0.25	1	2	66641
133.3	0.25	0	1	66650
133.316	0.25	0	1	66658
133.332	0.25	0	1	66666
133.35	0.25	0	1	66675
133.366	0.25	0	1	66683
133.382	0.25	0	1	66691
133.4	0.25	1	2	66700
133.416	0.25	1	2	66708
133.432	0.25	1	2	66716
133.45	0.25	1	2	66725
133.466	0.25	0	1	66733
133.482	0.25	0	1	66741
133.5	0.25	1	2	66750
133.516	0.25	1	2	66758
133.532	0.25	1	2	66766
133.55	0.25	1	2	66775
133.566	0.25	1	2	66783
133.582	0.25	1	2	66791
133.6	0.25	0	1	66800
133.616	0.25	0	1	66808
133.632	0.25	0	1	66816
133.65	0.25	0	1	66825
133.666	0.25	0	1	66833
133.682	0.25	0	1	66841
133.7	0.25	0	1	66850
133.716	0.25	0	1	66858
133.732	0.25	0	1	66866
133.75	0.25	0	1	66875
133.766	0.25	1	2	66883
133.782	0.25	1	2	66891
133.8	0.25	1	2	66900
133.816	0.25	1	2	66908
133.832	0.25	1	2	66916
135.316	0.25	1	2	67658
135.332	0.25	1	2	67666
135.35	0.25	1	2	67675
135.366	0.25	1	2	67683
135.382	0.25	1	2	67691
135.4	0.25	1	2	67700
135.416	0.25	1	2	67708
135.432	0.25	1	2	67716
135.45	0.25	1	2	67725
135.466	0.25	1	2	67733
135.482	0.25	1	2	67741
135.5	0.25	1	2	67750
135.516	0.25	1	2	67758
135.532	0.25	1	2	67766
135.55	0.25	0	1	67775
135.566	0.25	0	1	67783
135.582	0.25	0	1	67791
135.6	0.25	0	1	67800
135.616	0.25	1	2	67808
135.632	0.25	1	2	67816
135.65	0.25	1	2	67825
135.666	0.25	1	2	67833
135.682	0.25	0	1	67841
135.7	0.25	0	1	67850
135.716	0.25	0	1	67858
135.732	0.25	0	1	67866
135.75	0.25	1	2	67875
135.766	0.25	1	2	67883
135.782	0.25	1	2	67891
135.8	0.25	1	2	67900
135.816	0.25	0	1	67908
135.832	0.25	0	1	67916
135.85	0.25	0	1	67925
135.866	0.25	0	1	67933
135.882	0.25	1	2	67941
135.9	0.25	1	2	67950
135.916	0.25	0	1	67958
135.932	0.25	0	1	67966
135.95	0.25	1	2	67975
135.966	0.25	1	2	67983
135.982	0.25	1	2	67991
136.0	0.25	1	2	68000
136.016	0.25	0	1	68008
136.032	0.25	0	1	68016
136.05	0.25	1	2	68025
136.066	0.25	1	2	68033
136.082	0.25	0	1	68041
136.1	0.25	0	1	68050
136.116	0.25	0	1	68058
136.132	0.25	0	1	68066
136.15	0.25	1	2	68075
136.166	0.25	1	2	68083
136.182	0.25	0	1	68091
136.2	0.25	0	1	68100
136.216	0.25	1	2	68108
136.232	0.25	1	2	68116
136.25	0.25	1	2	68125
136.266	0.25	1	2	68133
136.282	0.25	1	2	68141
136.3	0.25	1	2	68150
136.316	0.25	0	1	68158
136.332	0.25	0	1	68166
136.35	0.25	0	1	68175
136.366	0.25	0	1	68183
136.382	0.25	0	1	68191
136.4	0.25	0	1	68200
136.416	0.25	1	2	68208
136.432	0.25	1	2	68216
136.45	0.25	0	1	68225
136.466	0.25	0	1	68233
136.482	0.25	1	2	68241
136.5	0.25	1	2	68250
136.516	0.25	1	2	68258
136.532	0.25	1	2	68266
136.55	0.25	1	2	68275
136.566	0.25	1	2	68283
136.582	0.25	0	1	68291
136.6	0.25	0	1	68300
136.616	0.25	0	1	68308
136.632	0.25	0	1	68316
136.65	0.25	1	2	68325
136.666	0.25	1	2	68333
136.682	0.25	0	1	68341
136.7	0.25	0	1	68350
136.716	0.25	1	2	68358
136.732	0.25	1	2	68366
136.75	0.25	0	1	68375
136.766	0.25	0	1	68383
136.782	0.25	0	1	68391
136.8	0.25	0	1	68400
136.816	0.25	0	1	68408
136.832	0.25	0	1	68416
136.85	0.25	1	2	68425
136.866	0.25	1	2	68433
136.882	0.25	1	2	68441
136.9	0.25	1	2	68450
136.916	0.25	0	1	68458
136.932	0.25	0	1	68466
136.95	0.25	1	2	68475
136.966	0.25	1	2	68483
136.982	0.25	0	1	68491
137.0	0.25	0	1	68500
137.016	0.25	0	1	68508
137.032	0.25	0	1	68516
137.05	0.25	0	1	68525
137.066	0.25	0	1	68533
137.082	0.25	1	2	68541
137.1	0.25	1	2	68550
137.116	0.25	0	1	68558
137.132	0.25	0	1	68566
137.15	0.25	1	2	68575
137.166	0.25	1	2	68583
137.182	0.25	0	1	68591
137.2	0.25	0	1	68600
137.216	0.25	0	1	68608
137.232	0.25	0	1	68616
137.25	0.25	1	2	68625
138.732	0.25	0	1	69366
138.75	0.25	0	1	69375
138.766	0.25	0	1	69383
138.782	0.25	0	1	69391
138.8	0.25	1	2	69400
138.816	0.25	1	2	69408
138.832	0.25	1	2	69416
138.85	0.25	1	2	69425
138.866	0.25	0	1	69433
138.882	0.25	0	1	69441
138.9	0.25	0	1	69450
138.916	0.25	0	1	69458
138.932	0.25	0	1	69466
138.95	0.25	0	1	69475
138.966	0.25	0	1	69483
138.982	0.25	0	1	69491
139.0	0.25	1	2	69500
139.016	0.25	1	2	69508
139.032	0.25	1	2	69516
139.05	0.25	1	2	69525
139.066	0.25	1	2	69533
139.082	0.25	1	2	69541
139.1	0.25	1	2	69550
139.116	0.25	1	2	69558
139.132	0.25	1	2	69566
139.15	0.25	1	2	69575
139.166	0.25	0	1	69583
139.182	0.25	0	1	69591
139.2	0.25	0	1	69600
139.216	0.25	0	1	69608
139.232	0.25	0	1	69616
139.25	0.25	0	1	69625
139.266	0.25	0	1	69633
139.282	0.25	0	1	69641
139.3	0.25	0	1	69650
139.316	0.25	0	1	69658
139.332	0.25	0	1	69666
139.35	0.25	0	1	69675
139.366	0.25	1	2	69683
139.382	0.25	1	2	69691
139.4	0.25	1	2	69700
139.416	0.25	1	2	69708
139.432	0.25	0	1	69716
139.45	0.25	0	1	69725
139.466	0.25	0	1	69733
139.482	0.25	0	1	69741
139.5	0.25	1	2	69750
139.516	0.25	1	2	69758
139.532	0.25	0	1	69766
139.55	0.25	0	1	69775
139.566	0.25	1	2	69783
139.582	0.25	1	2	69791
139.6	0.25	0	1	69800
139.616	0.25	0	1	69808
139.632	0.25	1	2	69816
139.65	0.25	1	2	69825
139.666	0.25	0	1	69833
139.682	0.25	0	1	69841
139.7	0.25	1	2	69850
139.716	0.25	1	2	69858
139.732	0.25	1	2	69866
139.75	0.25	1	2	69875
139.766	0.25	0	1	69883
139.782	0.25	0	1	69891
139.8	0.25	1	2	69900
139.816	0.25	1	2	69908
139.832	0.25	0	1	69916
139.85	0.25	0	1	69925
139.866	0.25	0	1	69933
139.882	0.25	0	1	69941
139.9	0.25	0	1	69950
139.916	0.25	0	1	69958
139.932	0.25	1	2	69966
139.95	0.25	1	2	69975
139.966	0.25	0	1	69983
139.982	0.25	0	1	69991
140.0	0.25	0	1	70000
140.016	0.25	0	1	70008
140.032	0.25	0	1	70016
140.05	0.25	0	1	70025
140.066	0.25	1	2	70033
140.082	0.25	1	2	70041
140.1	0.25	1	2	70050
140.116	0.25	1	2	70058
140.132	0.25	1	2	70066
140.15	0.25	1	2	70075
140.166	0.25	0	1	70083
140.182	0.25	0	1	70091
140.2	0.25	1	2	70100
140.216	0.25	1	2	70108
140.232	0.25	0	1	70116
140.25	0.25	0	1	70125
140.266	0.25	1	2	70133
140.282	0.25	1	2	70141
140.3	0.25	1	2	70150
140.316	0.25	1	2	70158
140.332	0.25	1	2	70166
140.35	0.25	1	2	70175
140.366	0.25	1	2	70183
140.382	0.25	1	2	70191
140.4	0.25	1	2	70200
140.416	0.25	1	2	70208
140.432	0.25	0	1	70216
140.45	0.25	0	1	70225
140.466	0.25	0	1	70233
140.482	0.25	0	1	70241
140.5	0.25	1	2	70250
140.516	0.25	1	2	70258
140.532	0.25	0	1	70266
140.55	0.25	0	1	70275
140.566	0.25	0	1	70283
140.582	0.25	0	1	70291
140.6	0.25	0	1	70300
140.616	0.25	0	1	70308
140.632	0.25	1	2	70316
140.65	0.25	1	2	70325
140.666	0.25	1	2	70333
142.166	0.25	1	2	71083
142.182	0.25	1	2	71091
142.2	0.25	1	2	71100
142.216	0.25	1	2	71108
142.232	0.25	0	1	71116
142.25	0.25	0	1	71125
142.266	0.25	0	1	71133
142.282	0.25	0	1	71141
142.3	0.25	0	1	71150
142.316	0.25	0	1	71158
142.332	0.25	0	1	71166
142.35	0.25	0	1	71175
142.366	0.25	1	2	71183
142.382	0.25	1	2	71191
142.4	0.25	0	1	71200
142.416	0.25	0	1	71208
142.432	0.25	0	1	71216
142.45	0.25	0	1	71225
142.466	0.25	1	2	71233
142.482	0.25	1	2	71241
142.5	0.25	1	2	71250
142.516	0.25	1	2	71258
142.532	0.25	0	1	71266
142.55	0.25	0	1	71275
142.566	0.25	0	1	71283
142.582	0.25	0	1	71291
142.6	0.25	0	1	71300
142.616	0.25	0	1	71308
142.632	0.25	0	1	71316
142.65	0.25	0	1	71325
142.666	0.25	0	1	71333
142.682	0.25	0	1	71341
142.7	0.25	0	1	71350
142.716	0.25	0	1	71358
142.732	0.25	1	2	71366
142.75	0.25	1	2	71375
142.766	0.25	0	1	71383
142.782	0.25	0	1	71391
142.8	0.25	1	2	71400
142.816	0.25	1	2	71408
142.832	0.25	1	2	71416
142.85	0.25	1	2	71425
142.866	0.25	0	1	71433
142.882	0.25	0	1	71441
142.9	0.25	1	2	71450
142.916	0.25	1	2	71458
142.932	0.25	0	1	71466
142.95	0.25	0	1	71475
142.966	0.25	1	2	71483
142.982	0.25	1	2	71491
143.0	0.25	0	1	71500
143.016	0.25	0	1	71508
143.032	0.25	1	2	71516
143.05	0.25	1	2	71525
143.066	0.25	0	1	71533
143.082	0.25	0	1	71541
143.1	0.25	0	1	71550
143.116	0.25	0	1	71558
143.132	0.25	0	1	71566
143.15	0.25	0	1	71575
143.166	0.25	1	2	71583
143.182	0.25	1	2	71591
143.2	0.25	1	2	71600
143.216	0.25	1	2	71608
143.232	0.25	1	2	71616
143.25	0.25	1	2	71625
143.266	0.25	0	1	71633
143.282	0.25	0	1	71641
143.3	0.25	1	2	71650
143.316	0.25	1	2	71658
143.332	0.25	1	2	71666
143.35	0.25	1	2	71675
143.366	0.25	1	2	71683
143.382	0.25	1	2	71691
143.4	0.25	0	1	71700
143.416	0.25	0	1	71708
143.432	0.25	1	2	71716
143.45	0.25	1	2	71725
143.466	0.25	0	1	71733
143.482	0.25	0	1	71741
143.5	0.25	1	2	71750
143.516	0.25	1	2	71758
143.532	0.25	1	2	71766
143.55	0.25	1	2	71775
143.566	0.25	0	1	71783
143.582	0.25	0	1	71791
143.6	0.25	0	1	71800
143.616	0.25	0	1	71808
143.632	0.25	0	1	71816
143.65	0.25	0	1	71825
143.666	0.25	1	2	71833
143.682	0.25	1	2	71841
143.7	0.25	1	2	71850
143.716	0.25	1	2	71858
143.732	0.25	0	1	71866
143.75	0.25	0	1	71875
143.766	0.25	1	2	71883
143.782	0.25	1	2	71891
143.8	0.25	1	2	71900
143.816	0.25	1	2	71908
143.832	0.25	1	2	71916
143.85	0.25	1	2	71925
143.866	0.25	0	1	71933
143.882	0.25	0	1	71941
143.9	0.25	0	1	71950
143.916	0.25	0	1	71958
143.932	0.25	0	1	71966
143.95	0.25	0	1	71975
143.966	0.25	0	1	71983
143.982	0.25	0	1	71991
144.0	0.25	0	1	72000
144.016	0.25	0	1	72008
144.032	0.25	1	2	72016
144.05	0.25	1	2	72025
144.066	0.25	1	2	72033
144.082	0.25	1	2	72041
144.1	0.25	1	2	72050
145.582	0.25	1	2	72791
145.6	0.25	1	2	72800
145.616	0.25	1	2	72808
145.632	0.25	1	2	72816
145.65	0.25	0	1	72825
145.666	0.25	0	1	72833
145.682	0.25	1	2	72841
145.7	0.25	1	2	72850
145.716	0.25	1	2	72858
145.732	0.25	1	2	72866
145.75	0.25	0	1	72875
145.766	0.25	0	1	72883
145.782	0.25	1	2	72891
145.8	0.25	1	2	72900
145.816	0.25	1	2	72908
145.832	0.25	1	2	72916
145.85	0.25	0	1	72925
145.866	0.25	0	1	72933
145.882	0.25	1	2	72941
145.9	0.25	1	2	72950
145.916	0.25	1	2	72958
145.932	0.25	1	2	72966
145.95	0.25	0	1	72975
145.966	0.25	0	1	72983
145.982	0.25	0	1	72991
146.0	0.25	0	1	73000
146.016	0.25	0	1	73008
146.032	0.25	0	1	73016
146.05	0.25	1	2	73025
146.066	0.25	1	2	73033
146.082	0.25	1	2	73041
146.1	0.25	1	2	73050
146.116	0.25	1	2	73058
146.132	0.25	1	2	73066
146.15	0.25	0	1	73075
146.166	0.25	0	1	73083
146.182	0.25	0	1	73091
146.2	0.25	0	1	73100
146.216	0.25	0	1	73108
146.232	0.25	0	1	73116
146.25	0.25	1	2	73125
146.266	0.25	1	2	73133
146.282	0.25	1	2	73141
146.3	0.25	1	2	73150
146.316	0.25	1	2	73158
146.332	0.25	1	2	73166
146.35	0.25	1	2	73175
146.366	0.25	1	2	73183
146.382	0.25	1	2	73191
146.4	0.25	1	2	73200
146.416	0.25	0	1	73208
146.432	0.25	0	1	73216
146.45	0.25	0	1	73225
146.466	0.25	0	1	73233
146.482	0.25	1	2	73241
146.5	0.25	1	2	73250
146.516	0.25	0	1	73258
146.532	0.25	0	1	73266
146.55	0.25	1	2	73275
146.566	0.25	1	2	73283
146.582	0.25	0	1	73291
146.6	0.25	0	1	73300
146.616	0.25	0	1	73308
146.632	0.25	0	1	73316
146.65	0.25	1	2	73325
146.666	0.25	1	2	73333
146.682	0.25	1	2	73341
146.7	0.25	1	2	73350
146.716	0.25	0	1	73358
146.732	0.25	0	1	73366
146.75	0.25	0	1	73375
146.766	0.25	0	1	73383
146.782	0.25	0	1	73391
146.8	0.25	0	1	73400
146.816	0.25	0	1	73408
146.832	0.25	0	1	73416
146.85	0.25	1	2	73425
146.866	0.25	1	2	73433
146.882	0.25	0	1	73441
146.9	0.25	0	1	73450
146.916	0.25	0	1	73458
146.932	0.25	0	1	73466
146.95	0.25	0	1	73475
146.966	0.25	0	1	73483
146.982	0.25	0	1	73491
147.0	0.25	0	1	73500
147.016	0.25	1	2	73508
147.032	0.25	1	2	73516
147.05	0.25	1	2	73525
147.066	0.25	1	2	73533
147.082	0.25	1	2	73541
147.1	0.25	1	2	73550
147.116	0.25	1	2	73558
147.132	0.25	1	2	73566
147.15	0.25	1	2	73575
147.166	0.25	1	2	73583
147.182	0.25	1	2	73591
147.2	0.25	1	2	73600
147.216	0.25	0	1	73608
147.232	0.25	0	1	73616
147.25	0.25	1	2	73625
147.266	0.25	1	2	73633
147.282	0.25	0	1	73641
147.3	0.25	0	1	73650
147.316	0.25	1	2	73658
147.332	0.25	1	2	73666
147.35	0.25	0	1	73675
147.366	0.25	0	1	73683
147.382	0.25	0	1	73691
147.4	0.25	0	1	73700
147.416	0.25	1	2	73708
147.432	0.25	1	2	73716
147.45	0.25	1	2	73725
147.466	0.25	1	2	73733
147.482	0.25	0	1	73741
147.5	0.25	0	1	73750
147.516	0.25	0	1	73758
149.0	0.25	0	1	74500
149.016	0.25	0	1	74508
149.032	0.25	0	1	74516
149.05	0.25	0	1	74525
149.066	0.25	1	2	74533
149.082	0.25	1	2	74541
149.1	0.25	1	2	74550
149.116	0.25	1	2	74558
149.132	0.25	0	1	74566
149.15	0.25	0	1	74575
149.166	0.25	0	1	74583
149.182	0.25	0	1	74591
149.2	0.25	0	1	74600
149.216	0.25	0	1	74608
149.232	0.25	0	1	74616
149.25	0.25	0	1	74625
149.266	0.25	1	2	74633
149.282	0.25	1	2	74641
149.3	0.25	1	2	74650
149.316	0.25	1	2	74658
149.332	0.25	1	2	74666
149.35	0.25	1	2	74675
149.366	0.25	1	2	74683
149.382	0.25	1	2	74691
149.4	0.25	1	2	74700
149.416	0.25	1	2	74708
149.432	0.25	0	1	74716
149.45	0.25	0	1	74725
149.466	0.25	0	1	74733
149.482	0.25	0	1	74741
149.5	0.25	0	1	74750
149.516	0.25	0	1	74758
149.532	0.25	0	1	74766
149.55	0.25	0	1	74775
149.566	0.25	0	1	74783
149.582	0.25	0	1	74791
149.6	0.25	0	1	74800
149.616	0.25	0	1	74808
149.632	0.25	1	2	74816
149.65	0.25	1	2	74825
149.666	0.25	1	2	74833
149.682	0.25	1	2	74841
149.7	0.25	0	1	74850
149.716	0.25	0	1	74858
149.732	0.25	0	1	74866
149.75	0.25	0	1	74875
149.766	0.25	1	2	74883
149.782	0.25	1	2	74891
149.8	0.25	0	1	74900
149.816	0.25	0	1	74908
149.832	0.25	1	2	74916
149.85	0.25	1	2	74925
149.866	0.25	0	1	74933
149.882	0.25	0	1	74941
149.9	0.25	1	2	74950
149.916	0.25	1	2	74958
149.932	0.25	0	1	74966
149.95	0.25	0	1	74975
149.966	0.25	1	2	74983
149.982	0.25	1	2	74991
150.0	0.25	1	2	75000
150.016	0.25	1	2	75008
150.032	0.25	0	1	75016
150.05	0.25	0	1	75025
150.066	0.25	1	2	75033
150.082	0.25	1	2	75041
150.1	0.25	0	1	75050
150.116	0.25	0	1	75058
150.132	0.25	0	1	75066
150.15	0.25	0	1	75075
150.166	0.25	0	1	75083
150.182	0.25	0	1	75091
150.2	0.25	1	2	75100
150.216	0.25	1	2	75108
150.232	0.25	0	1	75116
150.25	0.25	0	1	75125
150.266	0.25	0	1	75133
150.282	0.25	0	1	75141
150.3	0.25	0	1	75150
150.316	0.25	0	1	75158
150.332	0.25	1	2	75166
150.35	0.25	1	2	75175
150.366	0.25	1	2	75183
150.382	0.25	1	2	75191
150.4	0.25	1	2	75200
150.416	0.25	1	2	75208
150.432	0.25	0	1	75216
150.45	0.25	0	1	75225
150.466	0.25	1	2	75233
150.482	0.25	1	2	75241
150.5	0.25	0	1	75250
150.516	0.25	0	1	75258
150.532	0.25	1	2	75266
150.55	0.25	1	2	75275
150.566	0.25	1	2	75283
150.582	0.25	1	2	75291
150.6	0.25	1	2	75300
150.616	0.25	1	2	75308
150.632	0.25	1	2	75316
150.65	0.25	1	2	75325
150.666	0.25	1	2	75333
150.682	0.25	1	2	75341
150.7	0.25	0	1	75350
150.716	0.25	0	1	75358
150.732	0.25	0	1	75366
150.75	0.25	0	1	75375
150.766	0.25	1	2	75383
150.782	0.25	1	2	75391
150.8	0.25	0	1	75400
150.816	0.25	0	1	75408
150.832	0.25	0	1	75416
150.85	0.25	0	1	75425
150.866	0.25	0	1	75433
150.882	0.25	0	1	75441
150.9	0.25	1	2	75450
150.916	0.25	1	2	75458
150.932	0.25	1	2	75466
152.416	0.25	1	2	76208
152.432	0.25	1	2	76216
152.45	0.25	1	2	76225
152.466	0.25	1	2	76233
152.482	0.25	1	2	76241
152.5	0.25	1	2	76250
152.516	0.25	1	2	76258
152.532	0.25	1	2	76266
152.55	0.25	1	2	76275
152.566	0.25	1	2	76283
152.582	0.25	1	2	76291
152.6	0.25	1	2	76300
152.616	0.25	1	2	76308
152.632	0.25	1	2	76316
152.65	0.25	0	1	76325
152.666	0.25	0	1	76333
152.682	0.25	0	1	76341
152.7	0.25	0	1	76350
152.716	0.25	1	2	76358
152.732	0.25	1	2	76366
152.75	0.25	1	2	76375
152.766	0.25	1	2	76383
152.782	0.25	0	1	76391
152.8	0.25	0	1	76400
152.816	0.25	0	1	76408
152.832	0.25	0	1	76416
152.85	0.25	1	2	76425
152.866	0.25	1	2	76433
152.882	0.25	1	2	76441
152.9	0.25	1	2	76450
152.916	0.25	0	1	76458
152.932	0.25	0	1	76466
152.95	0.25	0	1	76475
152.966	0.25	0	1	76483
152.982	0.25	1	2	76491
153.0	0.25	1	2	76500
153.016	0.25	0	1	76508
153.032	0.25	0	1	76516
153.05	0.25	1	2	76525
153.066	0.25	1	2	76533
153.082	0.25	1	2	76541
153.1	0.25	1	2	76550
153.116	0.25	0	1	76558
153.132	0.25	0	1	76566
153.15	0.25	1	2	76575
153.166	0.25	1	2	76583
153.182	0.25	0	1	76591
153.2	0.25	0	1	76600
153.216	0.25	0	1	76608
153.232	0.25	0	1	76616
153.25	0.25	1	2	76625
153.266	0.25	1	2	76633
153.282	0.25	0	1	76641
153.3	0.25	0	1	76650
153.316	0.25	1	2	76658
153.332	0.25	1	2	76666
153.35	0.25	1	2	76675
153.366	0.25	1	2	76683
153.382	0.25	1	2	76691
153.4	0.25	1	2	76700
153.416	0.25	0	1	76708
153.432	0.25	0	1	76716
153.45	0.25	0	1	76725
153.466	0.25	0	1	76733
153.482	0.25	0	1	76741
153.5	0.25	0	1	76750
153.516	0.25	1	2	76758
153.532	0.25	1	2	76766
153.55	0.25	0	1	76775
153.566	0.25	0	1	76783
153.582	0.25	1	2	76791
153.6	0.25	1	2	76800
153.616	0.25	1	2	76808
153.632	0.25	1	2	76816
153.65	0.25	1	2	76825
153.666	0.25	1	2	76833
153.682	0.25	0	1	76841
153.7	0.25	0	1	76850
153.716	0.25	0	1	76858
153.732	0.25	0	1	76866
153.75	0.25	1	2	76875
153.766	0.25	1	2	76883
153.782	0.25	0	1	76891
153.8	0.25	0	1	76900
153.816	0.25	1	2	76908
153.832	0.25	1	2	76916
153.85	0.25	0	1	76925
153.866	0.25	0	1	76933
153.882	0.25	0	1	76941
153.9	0.25	0	1	76950
153.916	0.25	0	1	76958
153.932	0.25	0	1	76966
153.95	0.25	1	2	76975
153.966	0.25	1	2	76983
153.982	0.25	1	2	76991
154.0	0.25	1	2	77000
154.016	0.25	0	1	77008
154.032	0.25	0	1	77016
154.05	0.25	1	2	77025
154.066	0.25	1	2	77033
154.082	0.25	0	1	77041
154.1	0.25	0	1	77050
154.116	0.25	0	1	77058
154.132	0.25	0	1	77066
154.15	0.25	0	1	77075
154.166	0.25	0	1	77083
154.182	0.25	1	2	77091
154.2	0.25	1	2	77100
154.216	0.25	0	1	77108
154.232	0.25	0	1	77116
154.25	0.25	1	2	77125
154.266	0.25	1	2	77133
154.282	0.25	0	1	77141
154.3	0.25	0	1	77150
154.316	0.25	0	1	77158
154.332	0.25	0	1	77166
154.35	0.25	1	2	77175
160.332	0.25	1	2	80166
160.35	0.25	1	2	80175
160.366	0.25	1	2	80183
160.382	0.25	1	2	80191
160.4	0.25	0	1	80200
160.416	0.25	0	1	80208
160.432	0.25	1	2	80216
160.45	0.25	1	2	80225
160.466	0.25	1	2	80233
160.482	0.25	1	2	80241
160.5	0.25	0	1	80250
160.516	0.25	0	1	80258
160.532	0.25	1	2	80266
160.55	0.25	1	2	80275
160.566	0.25	1	2	80283
160.582	0.25	1	2	80291
160.6	0.25	0	1	80300
160.616	0.25	0	1	80308
160.632	0.25	1	2	80316
160.65	0.25	1	2	80325
160.666	0.25	1	2	80333
160.682	0.25	1	2	80341
160.7	0.25	0	1	80350
160.716	0.25	0	1	80358
160.732	0.25	0	1	80366
160.75	0.25	0	1	80375
160.766	0.25	0	1	80383
160.782	0.25	0	1	80391
160.8	0.25	1	2	80400
160.816	0.25	1	2	80408
160.832	0.25	1	2	80416
160.85	0.25	1	2	80425
160.866	0.25	1	2	80433
160.882	0.25	1	2	80441
160.9	0.25	0	1	80450
160.916	0.25	0	1	80458
160.932	0.25	0	1	80466
160.95	0.25	0	1	80475
160.966	0.25	0	1	80483
160.982	0.25	0	1	80491
161.0	0.25	1	2	80500
161.016	0.25	1	2	80508
161.032	0.25	1	2	80516
161.05	0.25	1	2	80525
161.066	0.25	1	2	80533
161.082	0.25	1	2	80541
161.1	0.25	1	2	80550
161.116	0.25	1	2	80558
161.132	0.25	1	2	80566
161.15	0.25	1	2	80575
161.166	0.25	0	1	80583
161.182	0.25	0	1	80591
161.2	0.25	0	1	80600
161.216	0.25	0	1	80608
161.232	0.25	1	2	80616
161.25	0.25	1	2	80625
161.266	0.25	0	1	80633
161.282	0.25	0	1	80641
161.3	0.25	1	2	80650
161.316	0.25	1	2	80658
161.332	0.25	0	1	80666
161.35	0.25	0	1	80675
161.366	0.25	0	1	80683
161.382	0.25	0	1	80691
161.4	0.25	1	2	80700
161.416	0.25	1	2	80708
161.432	0.25	1	2	80716
161.45	0.25	1	2	80725
161.466	0.25	0	1	80733
161.482	0.25	0	1	80741
161.5	0.25	0	1	80750
161.516	0.25	0	1	80758
161.532	0.25	0	1	80766
161.55	0.25	0	1	80775
161.566	0.25	0	1	80783
161.582	0.25	0	1	80791
161.6	0.25	1	2	80800
161.616	0.25	1	2	80808
161.632	0.25	0	1	80816
161.65	0.25	0	1	80825
161.666	0.25	0	1	80833
161.682	0.25	0	1	80841
161.7	0.25	0	1	80850
161.716	0.25	0	1	80858
161.732	0.25	0	1	80866
161.75	0.25	0	1	80875
161.766	0.25	1	2	80883
161.782	0.25	1	2	80891
161.8	0.25	1	2	80900
161.816	0.25	1	2	80908
161.832	0.25	1	2	80916
161.85	0.25	1	2	80925
161.866	0.25	1	2	80933
161.882	0.25	1	2	80941
161.9	0.25	1	2	80950
161.916	0.25	1	2	80958
161.932	0.25	1	2	80966
161.95	0.25	1	2	80975
161.966	0.25	0	1	80983
161.982	0.25	0	1	80991
162.0	0.25	1	2	81000
162.016	0.25	1	2	81008
162.032	0.25	0	1	81016
162.05	0.25	0	1	81025
162.066	0.25	1	2	81033
162.082	0.25	1	2	81041
162.1	0.25	0	1	81050
162.116	0.25	0	1	81058
162.132	0.25	0	1	81066
162.15	0.25	0	1	81075
162.166	0.25	1	2	81083
162.182	0.25	1	2	81091
162.2	0.25	1	2	81100
162.216	0.25	1	2	81108
162.232	0.25	0	1	81116
162.25	0.25	0	1	81125
162.266	0.25	0	1	81133
163.75	0.25	1	2	81875
163.766	0.25	1	2	81883
163.782	0.25	1	2	81891
163.8	0.25	1	2	81900
163.816	0.25	1	2	81908
163.832	0.25	1	2	81916
163.85	0.25	1	2	81925
163.866	0.25	1	2	81933
163.882	0.25	1	2	81941
163.9	0.25	1	2	81950
163.916	0.25	1	2	81958
163.932	0.25	1	2	81966
163.95	0.25	1	2	81975
163.966	0.25	1	2	81983
163.982	0.25	0	1	81991
164.0	0.25	0	1	82000
164.016	0.25	0	1	82008
164.032	0.25	0	1	82016
164.05	0.25	1	2	82025
164.066	0.25	1	2	82033
164.082	0.25	1	2	82041
164.1	0.25	1	2	82050
164.116	0.25	0	1	82058
164.132	0.25	0	1	82066
164.15	0.25	0	1	82075
164.166	0.25	0	1	82083
164.182	0.25	1	2	82091
164.2	0.25	1	2	82100
164.216	0.25	1	2	82108
164.232	0.25	1	2	82116
164.25	0.25	0	1	82125
164.266	0.25	0	1	82133
164.282	0.25	0	1	82141
164.3	0.25	0	1	82150
164.316	0.25	1	2	82158
164.332	0.25	1	2	82166
164.35	0.25	0	1	82175
164.366	0.25	0	1	82183
164.382	0.25	1	2	82191
164.4	0.25	1	2	82200
164.416	0.25	1	2	82208
164.432	0.25	1	2	82216
164.45	0.25	0	1	82225
164.466	0.25	0	1	82233
164.482	0.25	1	2	82241
164.5	0.25	1	2	82250
164.516	0.25	0	1	82258
164.532	0.25	0	1	82266
164.55	0.25	0	1	82275
164.566	0.25	0	1	82283
164.582	0.25	1	2	82291
164.6	0.25	1	2	82300
164.616	0.25	0	1	82308
164.632	0.25	0	1	82316
164.65	0.25	1	2	82325
164.666	0.25	1	2	82333
164.682	0.25	1	2	82341
164.7	0.25	1	2	82350
164.716	0.25	1	2	82358
164.732	0.25	1	2	82366
164.75	0.25	0	1	82375
164.766	0.25	0	1	82383
164.782	0.25	0	1	82391
164.8	0.25	0	1	82400
164.816	0.25	0	1	82408
164.832	0.25	0	1	82416
164.85	0.25	1	2	82425
164.866	0.25	1	2	82433
164.882	0.25	0	1	82441
164.9	0.25	0	1	82450
164.916	0.25	1	2	82458
164.932	0.25	1	2	82466
164.95	0.25	1	2	82475
164.966	0.25	1	2	82483
164.982	0.25	1	2	82491
165.0	0.25	1	2	82500
165.016	0.25	0	1	82508
165.032	0.25	0	1	82516
165.05	0.25	0	1	82525
165.066	0.25	0	1	82533
165.082	0.25	1	2	82541
165.1	0.25	1	2	82550
165.116	0.25	0	1	82558
165.132	0.25	0	1	82566
165.15	0.25	1	2	82575
165.166	0.25	1	2	82583
165.182	0.25	0	1	82591
165.2	0.25	0	1	82600
165.216	0.25	0	1	82608
165.232	0.25	0	1	82616
165.25	0.25	0	1	82625
165.266	0.25	0	1	82633
165.282	0.25	1	2	82641
165.3	0.25	1	2	82650
165.316	0.25	1	2	82658
165.332	0.25	1	2	82666
165.35	0.25	0	1	82675
165.366	0.25	0	1	82683
165.382	0.25	1	2	82691
165.4	0.25	1	2	82700
165.416	0.25	0	1	82708
165.432	0.25	0	1	82716
165.45	0.25	0	1	82725
165.466	0.25	0	1	82733
165.482	0.25	0	1	82741
165.5	0.25	0	1	82750
165.516	0.25	1	2	82758
165.532	0.25	1	2	82766
165.55	0.25	0	1	82775
165.566	0.25	0	1	82783
165.582	0.25	1	2	82791
165.6	0.25	1	2	82800
165.616	0.25	0	1	82808
165.632	0.25	0	1	82816
165.65	0.25	0	1	82825
165.666	0.25	0	1	82833
165.682	0.25	1	2	82841
167.166	0.25	1	2	83583
167.182	0.25	1	2	83591
167.2	0.25	1	2	83600
167.216	0.25	1	2	83608
167.232	0.25	0	1	83616
167.25	0.25	0	1	83625
167.266	0.25	0	1	83633
167.282	0.25	0	1	83641
167.3	0.25	0	1	83650
167.316	0.25	0	1	83658
167.332	0.25	0	1	83666
167.35	0.25	0	1	83675
167.366	0.25	1	2	83683
167.382	0.25	1	2	83691
167.4	0.25	0	1	83700
167.416	0.25	0	1	83708
167.432	0.25	0	1	83716
167.45	0.25	0	1	83725
167.466	0.25	1	2	83733
167.482	0.25	1	2	83741
167.5	0.25	1	2	83750
167.516	0.25	1	2	83758
167.532	0.25	0	1	83766
167.55	0.25	0	1	83775
167.566	0.25	0	1	83783
167.582	0.25	0	1	83791
167.6	0.25	0	1	83800
167.616	0.25	0	1	83808
167.632	0.25	0	1	83816
167.65	0.25	0	1	83825
167.666	0.25	0	1	83833
167.682	0.25	0	1	83841
167.7	0.25	0	1	83850
167.716	0.25	0	1	83858
167.732	0.25	1	2	83866
167.75	0.25	1	2	83875
167.766	0.25	0	1	83883
167.782	0.25	0	1	83891
167.8	0.25	1	2	83900
167.816	0.25	1	2	83908
167.832	0.25	1	2	83916
167.85	0.25	1	2	83925
167.866	0.25	0	1	83933
167.882	0.25	0	1	83941
167.9	0.25	1	2	83950
167.916	0.25	1	2	83958
167.932	0.25	0	1	83966
167.95	0.25	0	1	83975
167.966	0.25	1	2	83983
167.982	0.25	1	2	83991
168.0	0.25	0	1	84000
168.016	0.25	0	1	84008
168.032	0.25	1	2	84016
168.05	0.25	1	2	84025
168.066	0.25	0	1	84033
168.082	0.25	0	1	84041
168.1	0.25	0	1	84050
168.116	0.25	0	1	84058
168.132	0.25	0	1	84066
168.15	0.25	0	1	84075
168.166	0.25	1	2	84083
168.182	0.25	1	2	84091
168.2	0.25	1	2	84100
168.216	0.25	1	2	84108
168.232	0.25	1	2	84116
168.25	0.25	1	2	84125
168.266	0.25	0	1	84133
168.282	0.25	0	1	84141
168.3	0.25	1	2	84150
168.316	0.25	1	2	84158
168.332	0.25	1	2	84166
168.35	0.25	1	2	84175
168.366	0.25	1	2	84183
168.382	0.25	1	2	84191
168.4	0.25	0	1	84200
168.416	0.25	0	1	84208
168.432	0.25	1	2	84216
168.45	0.25	1	2	84225
168.466	0.25	0	1	84233
168.482	0.25	0	1	84241
168.5	0.25	1	2	84250
168.516	0.25	1	2	84258
168.532	0.25	1	2	84266
168.55	0.25	1	2	84275
168.566	0.25	0	1	84283
168.582	0.25	0	1	84291
168.6	0.25	0	1	84300
168.616	0.25	0	1	84308
168.632	0.25	0	1	84316
168.65	0.25	0	1	84325
168.666	0.25	1	2	84333
168.682	0.25	1	2	84341
168.7	0.25	1	2	84350
168.716	0.25	1	2	84358
168.732	0.25	0	1	84366
168.75	0.25	0	1	84375
168.766	0.25	1	2	84383
168.782	0.25	1	2	84391
168.8	0.25	1	2	84400
168.816	0.25	1	2	84408
168.832	0.25	1	2	84416
168.85	0.25	1	2	84425
168.866	0.25	0	1	84433
168.882	0.25	0	1	84441
168.9	0.25	0	1	84450
168.916	0.25	0	1	84458
168.932	0.25	0	1	84466
168.95	0.25	0	1	84475
168.966	0.25	0	1	84483
168.982	0.25	0	1	84491
169.0	0.25	0	1	84500
169.016	0.25	0	1	84508
169.032	0.25	1	2	84516
169.05	0.25	1	2	84525
169.066	0.25	1	2	84533
169.082	0.25	1	2	84541
169.1	0.25	1	2	84550
170.582	0.25	0	1	85291
170.6	0.25	0	1	85300
170.616	0.25	0	1	85308
170.632	0.25	0	1	85316
170.65	0.25	1	2	85325
170.666	0.25	1	2	85333
170.682	0.25	1	2	85341
170.7	0.25	1	2	85350
170.716	0.25	0	1	85358
170.732	0.25	0	1	85366
170.75	0.25	0	1	85375
170.766	0.25	0	1	85383
170.782	0.25	0	1	85391
170.8	0.25	0	1	85400
170.816	0.25	0	1	85408
170.832	0.25	0	1	85416
170.85	0.25	1	2	85425
170.866	0.25	1	2	85433
170.882	0.25	1	2	85441
170.9	0.25	1	2	85450
170.916	0.25	1	2	85458
170.932	0.25	1	2	85466
170.95	0.25	1	2	85475
170.966	0.25	1	2	85483
170.982	0.25	1	2	85491
171.0	0.25	1	2	85500
171.016	0.25	0	1	85508
171.032	0.25	0	1	85516
171.05	0.25	0	1	85525
171.066	0.25	0	1	85533
171.082	0.25	0	1	85541
171.1	0.25	0	1	85550
171.116	0.25	0	1	85558
171.132	0.25	0	1	85566
171.15	0.25	0	1	85575
171.166	0.25	0	1	85583
171.182	0.25	0	1	85591
171.2	0.25	0	1	85600
171.216	0.25	1	2	85608
171.232	0.25	1	2	85616
171.25	0.25	1	2	85625
171.266	0.25	1	2	85633
171.282	0.25	0	1	85641
171.3	0.25	0	1	85650
171.316	0.25	0	1	85658
171.332	0.25	0	1	85666
171.35	0.25	1	2	85675
171.366	0.25	1	2	85683
171.382	0.25	0	1	85691
171.4	0.25	0	1	85700
171.416	0.25	1	2	85708
171.432	0.25	1	2	85716
171.45	0.25	0	1	85725
171.466	0.25	0	1	85733
171.482	0.25	1	2	85741
171.5	0.25	1	2	85750
171.516	0.25	0	1	85758
171.532	0.25	0	1	85766
171.55	0.25	1	2	85775
171.566	0.25	1	2	85783
171.582	0.25	1	2	85791
171.6	0.25	1	2	85800
171.616	0.25	0	1	85808
171.632	0.25	0	1	85816
171.65	0.25	1	2	85825
171.666	0.25	1	2	85833
171.682	0.25	0	1	85841
171.7	0.25	0	1	85850
171.716	0.25	0	1	85858
171.732	0.25	0	1	85866
171.75	0.25	0	1	85875
171.766	0.25	0	1	85883
171.782	0.25	1	2	85891
171.8	0.25	1	2	85900
171.816	0.25	0	1	85908
171.832	0.25	0	1	85916
171.85	0.25	0	1	85925
171.866	0.25	0	1	85933
171.882	0.25	0	1	85941
171.9	0.25	0	1	85950
171.916	0.25	1	2	85958
171.932	0.25	1	2	85966
171.95	0.25	1	2	85975
171.966	0.25	1	2	85983
171.982	0.25	1	2	85991
172.0	0.25	1	2	86000
172.016	0.25	0	1	86008
172.032	0.25	0	1	86016
172.05	0.25	1	2	86025
172.066	0.25	1	2	86033
172.082	0.25	0	1	86041
172.1	0.25	0	1	86050
172.116	0.25	1	2	86058
172.132	0.25	1	2	86066
172.15	0.25	1	2	86075
172.166	0.25	1	2	86083
172.182	0.25	1	2	86091
172.2	0.25	1	2	86100
172.216	0.25	1	2	86108
172.232	0.25	1	2	86116
172.25	0.25	1	2	86125
172.266	0.25	1	2	86133
172.282	0.25	0	1	86141
172.3	0.25	0	1	86150
172.316	0.25	0	1	86158
172.332	0.25	0	1	86166
172.35	0.25	1	2	86175
172.366	0.25	1	2	86183
172.382	0.25	0	1	86191
172.4	0.25	0	1	86200
172.416	0.25	0	1	86208
172.432	0.25	0	1	86216
172.45	0.25	0	1	86225
172.466	0.25	0	1	86233
172.482	0.25	1	2	86241
172.5	0.25	1	2	86250
172.516	0.25	1	2	86258
175.532	0.25	0	1	87766
175.55	0.25	0	1	87775
175.566	0.25	0	1	87783
175.582	0.25	0	1	87791
175.6	0.25	1	2	87800
175.616	0.25	1	2	87808
175.632	0.25	1	2	87816
175.65	0.25	1	2	87825
175.666	0.25	0	1	87833
175.682	0.25	0	1	87841
175.7	0.25	0	1	87850
175.716	0.25	0	1	87858
175.732	0.25	0	1	87866
175.75	0.25	0	1	87875
175.766	0.25	0	1	87883
175.782	0.25	0	1	87891
175.8	0.25	1	2	87900
175.816	0.25	1	2	87908
175.832	0.25	1	2	87916
175.85	0.25	1	2	87925
175.866	0.25	1	2	87933
175.882	0.25	1	2	87941
175.9	0.25	1	2	87950
175.916	0.25	1	2	87958
175.932	0.25	1	2	87966
175.95	0.25	1	2	87975
175.966	0.25	0	1	87983
175.982	0.25	0	1	87991
176.0	0.25	0	1	88000
176.016	0.25	0	1	88008
176.032	0.25	0	1	88016
176.05	0.25	0	1	88025
176.066	0.25	0	1	88033
176.082	0.25	0	1	88041
176.1	0.25	0	1	88050
176.116	0.25	0	1	88058
176.132	0.25	0	1	88066
176.15	0.25	0	1	88075
176.166	0.25	1	2	88083
176.182	0.25	1	2	88091
176.2	0.25	1	2	88100
176.216	0.25	1	2	88108
176.232	0.25	0	1	88116
176.25	0.25	0	1	88125
176.266	0.25	0	1	88133
176.282	0.25	0	1	88141
176.3	0.25	1	2	88150
176.316	0.25	1	2	88158
176.332	0.25	0	1	88166
176.35	0.25	0	1	88175
176.366	0.25	1	2	88183
176.382	0.25	1	2	88191
176.4	0.25	0	1	88200
176.416	0.25	0	1	88208
176.432	0.25	1	2	88216
176.45	0.25	1	2	88225
176.466	0.25	0	1	88233
176.482	0.25	0	1	88241
176.5	0.25	1	2	88250
176.516	0.25	1	2	88258
176.532	0.25	1	2	88266
176.55	0.25	1	2	88275
176.566	0.25	0	1	88283
176.582	0.25	0	1	88291
176.6	0.25	1	2	88300
176.616	0.25	1	2	88308
176.632	0.25	0	1	88316
176.65	0.25	0	1	88325
176.666	0.25	0	1	88333
176.682	0.25	0	1	88341
176.7	0.25	0	1	88350
176.716	0.25	0	1	88358
176.732	0.25	1	2	88366
176.75	0.25	1	2	88375
176.766	0.25	0	1	88383
176.782	0.25	0	1	88391
176.8	0.25	0	1	88400
176.816	0.25	0	1	88408
176.832	0.25	0	1	88416
176.85	0.25	0	1	88425
176.866	0.25	1	2	88433
176.882	0.25	1	2	88441
176.9	0.25	1	2	88450
176.916	0.25	1	2	88458
176.932	0.25	1	2	88466
176.95	0.25	1	2	88475
176.966	0.25	0	1	88483
176.982	0.25	0	1	88491
177.0	0.25	1	2	88500
177.016	0.25	1	2	88508
177.032	0.25	0	1	88516
177.05	0.25	0	1	88525
177.066	0.25	1	2	88533
177.082	0.25	1	2	88541
177.1	0.25	1	2	88550
177.116	0.25	1	2	88558
177.132	0.25	1	2	88566
177.15	0.25	1	2	88575
177.166	0.25	1	2	88583
177.182	0.25	1	2	88591
177.2	0.25	1	2	88600
177.216	0.25	1	2	88608
177.232	0.25	0	1	88616
177.25	0.25	0	1	88625
177.266	0.25	0	1	88633
177.282	0.25	0	1	88641
177.3	0.25	1	2	88650
177.316	0.25	1	2	88658
177.332	0.25	0	1	88666
177.35	0.25	0	1	88675
177.366	0.25	0	1	88683
177.382	0.25	0	1	88691
177.4	0.25	0	1	88700
177.416	0.25	0	1	88708
177.432	0.25	1	2	88716
177.45	0.25	1	2	88725
177.466	0.25	1	2	88733
178.95	0.25	1	2	89475
178.966	0.25	1	2	89483
178.982	0.25	1	2	89491
179.0	0.25	1	2	89500
179.016	0.25	1	2	89508
179.032	0.25	1	2	89516
179.05	0.25	1	2	89525
179.066	0.25	1	2	89533
179.082	0.25	1	2	89541
179.1	0.25	1	2	89550
179.116	0.25	1	2	89558
179.132	0.25	1	2	89566
179.15	0.25	1	2	89575
179.166	0.25	1	2	89583
179.182	0.25	0	1	89591
179.2	0.25	0	1	89600
179.216	0.25	0	1	89608
179.232	0.25	0	1	89616
179.25	0.25	1	2	89625
179.266	0.25	1	2	89633
179.282	0.25	1	2	89641
179.3	0.25	1	2	89650
179.316	0.25	0	1	89658
179.332	0.25	0	1	89666
179.35	0.25	0	1	89675
179.366	0.25	0	1	89683
179.382	0.25	1	2	89691
179.4	0.25	1	2	89700
179.416	0.25	1	2	89708
179.432	0.25	1	2	89716
179.45	0.25	0	1	89725
179.466	0.25	0	1	89733
179.482	0.25	0	1	89741
179.5	0.25	0	1	89750
179.516	0.25	1	2	89758
179.532	0.25	1	2	89766
179.55	0.25	0	1	89775
179.566	0.25	0	1	89783
179.582	0.25	1	2	89791
179.6	0.25	1	2	89800
179.616	0.25	1	2	89808
179.632	0.25	1	2	89816
179.65	0.25	0	1	89825
179.666	0.25	0	1	89833
179.682	0.25	1	2	89841
179.7	0.25	1	2	89850
179.716	0.25	0	1	89858
179.732	0.25	0	1	89866
179.75	0.25	0	1	89875
179.766	0.25	0	1	89883
179.782	0.25	1	2	89891
179.8	0.25	1	2	89900
179.816	0.25	0	1	89908
179.832	0.25	0	1	89916
179.85	0.25	1	2	89925
179.866	0.25	1	2	89933
179.882	0.25	1	2	89941
179.9	0.25	1	2	89950
179.916	0.25	1	2	89958
179.932	0.25	1	2	89966
179.95	0.25	0	1	89975
179.966	0.25	0	1	89983
179.982	0.25	0	1	89991
180.0	0.25	0	1	90000
180.016	0.25	0	1	90008
180.032	0.25	0	1	90016
180.05	0.25	1	2	90025
180.066	0.25	1	2	90033
180.082	0.25	0	1	90041
180.1	0.25	0	1	90050
180.116	0.25	1	2	90058
180.132	0.25	1	2	90066
180.15	0.25	1	2	90075
180.166	0.25	1	2	90083
180.182	0.25	1	2	90091
180.2	0.25	1	2	90100
180.216	0.25	0	1	90108
180.232	0.25	0	1	90116
180.25	0.25	0	1	90125
180.266	0.25	0	1	90133
180.282	0.25	1	2	90141
180.3	0.25	1	2	90150
180.316	0.25	0	1	90158
180.332	0.25	0	1	90166
180.35	0.25	1	2	90175
180.366	0.25	1	2	90183
180.382	0.25	0	1	90191
180.4	0.25	0	1	90200
180.416	0.25	0	1	90208
180.432	0.25	0	1	90216
180.45	0.25	0	1	90225
180.466	0.25	0	1	90233
180.482	0.25	1	2	90241
180.5	0.25	1	2	90250
180.516	0.25	1	2	90258
180.532	0.25	1	2	90266
180.55	0.25	0	1	90275
180.566	0.25	0	1	90283
180.582	0.25	1	2	90291
180.6	0.25	1	2	90300
180.616	0.25	0	1	90308
180.632	0.25	0	1	90316
180.65	0.25	0	1	90325
180.666	0.25	0	1	90333
180.682	0.25	0	1	90341
180.7	0.25	0	1	90350
180.716	0.25	1	2	90358
180.732	0.25	1	2	90366
180.75	0.25	0	1	90375
180.766	0.25	0	1	90383
180.782	0.25	1	2	90391
180.8	0.25	1	2	90400
180.816	0.25	0	1	90408
180.832	0.25	0	1	90416
180.85	0.25	0	1	90425
180.866	0.25	0	1	90433
180.882	0.25	1	2	90441
182.366	0.25	1	2	91183
182.382	0.25	1	2	91191
182.4	0.25	1	2	91200
182.416	0.25	1	2	91208
182.432	0.25	0	1	91216
182.45	0.25	0	1	91225
182.466	0.25	0	1	91233
182.482	0.25	0	1	91241
182.5	0.25	0	1	91250
182.516	0.25	0	1	91258
182.532	0.25	0	1	91266
182.55	0.25	0	1	91275
182.566	0.25	1	2	91283
182.582	0.25	1	2	91291
182.6	0.25	0	1	91300
182.616	0.25	0	1	91308
182.632	0.25	0	1	91316
182.65	0.25	0	1	91325
182.666	0.25	1	2	91333
182.682	0.25	1	2	91341
182.7	0.25	1	2	91350
182.716	0.25	1	2	91358
182.732	0.25	0	1	91366
182.75	0.25	0	1	91375
182.766	0.25	0	1	91383
182.782	0.25	0	1	91391
182.8	0.25	0	1	91400
182.816	0.25	0	1	91408
182.832	0.25	0	1	91416
182.85	0.25	0	1	91425
182.866	0.25	0	1	91433
182.882	0.25	0	1	91441
182.9	0.25	0	1	91450
182.916	0.25	0	1	91458
182.932	0.25	1	2	91466
182.95	0.25	1	2	91475
182.966	0.25	0	1	91483
182.982	0.25	0	1	91491
183.0	0.25	1	2	91500
183.016	0.25	1	2	91508
183.032	0.25	1	2	91516
183.05	0.25	1	2	91525
183.066	0.25	0	1	91533
183.082	0.25	0	1	91541
183.1	0.25	1	2	91550
183.116	0.25	1	2	91558
183.132	0.25	0	1	91566
183.15	0.25	0	1	91575
183.166	0.25	1	2	91583
183.182	0.25	1	2	91591
183.2	0.25	0	1	91600
183.216	0.25	0	1	91608
183.232	0.25	1	2	91616
183.25	0.25	1	2	91625
183.266	0.25	0	1	91633
183.282	0.25	0	1	91641
183.3	0.25	0	1	91650
183.316	0.25	0	1	91658
183.332	0.25	0	1	91666
183.35	0.25	0	1	91675
183.366	0.25	1	2	91683
183.382	0.25	1	2	91691
183.4	0.25	1	2	91700
183.416	0.25	1	2	91708
183.432	0.25	1	2	91716
183.45	0.25	1	2	91725
183.466	0.25	0	1	91733
183.482	0.25	0	1	91741
183.5	0.25	1	2	91750
183.516	0.25	1	2	91758
183.532	0.25	1	2	91766
183.55	0.25	1	2	91775
183.566	0.25	1	2	91783
183.582	0.25	1	2	91791
183.6	0.25	0	1	91800
183.616	0.25	0	1	91808
183.632	0.25	1	2	91816
183.65	0.25	1	2	91825
183.666	0.25	0	1	91833
183.682	0.25	0	1	91841
183.7	0.25	1	2	91850
183.716	0.25	1	2	91858
183.732	0.25	1	2	91866
183.75	0.25	1	2	91875
183.766	0.25	0	1	91883
183.782	0.25	0	1	91891
183.8	0.25	0	1	91900
183.816	0.25	0	1	91908
183.832	0.25	0	1	91916
183.85	0.25	0	1	91925
183.866	0.25	1	2	91933
183.882	0.25	1	2	91941
183.9	0.25	1	2	91950
183.916	0.25	1	2	91958
183.932	0.25	0	1	91966
183.95	0.25	0	1	91975
183.966	0.25	1	2	91983
183.982	0.25	1	2	91991
184.0	0.25	1	2	92000
184.016	0.25	1	2	92008
184.032	0.25	1	2	92016
184.05	0.25	1	2	92025
184.066	0.25	0	1	92033
184.082	0.25	0	1	92041
184.1	0.25	0	1	92050
184.116	0.25	0	1	92058
184.132	0.25	0	1	92066
184.15	0.25	0	1	92075
184.166	0.25	0	1	92083
184.182	0.25	0	1	92091
184.2	0.25	0	1	92100
184.216	0.25	0	1	92108
184.232	0.25	1	2	92116
184.25	0.25	1	2	92125
184.266	0.25	1	2	92133
184.282	0.25	1	2	92141
184.3	0.25	1	2	92150
185.782	0.25	1	2	92891
185.8	0.25	1	2	92900
185.816	0.25	1	2	92908
185.832	0.25	1	2	92916
185.85	0.25	0	1	92925
185.866	0.25	0	1	92933
185.882	0.25	1	2	92941
185.9	0.25	1	2	92950
185.916	0.25	1	2	92958
185.932	0.25	1	2	92966
185.95	0.25	0	1	92975
185.966	0.25	0	1	92983
185.982	0.25	1	2	92991
186.0	0.25	1	2	93000
186.016	0.25	1	2	93008
186.032	0.25	1	2	93016
186.05	0.25	0	1	93025
186.066	0.25	0	1	93033
186.082	0.25	1	2	93041
186.1	0.25	1	2	93050
186.116	0.25	1	2	93058
186.132	0.25	1	2	93066
186.15	0.25	0	1	93075
186.166	0.25	0	1	93083
186.182	0.25	0	1	93091
186.2	0.25	0	1	93100
186.216	0.25	0	1	93108
186.232	0.25	0	1	93116
186.25	0.25	1	2	93125
186.266	0.25	1	2	93133
186.282	0.25	1	2	93141
186.3	0.25	1	2	93150
186.316	0.25	1	2	93158
186.332	0.25	1	2	93166
186.35	0.25	0	1	93175
186.366	0.25	0	1	93183
186.382	0.25	0	1	93191
186.4	0.25	0	1	93200
186.416	0.25	0	1	93208
186.432	0.25	0	1	93216
186.45	0.25	1	2	93225
186.466	0.25	1	2	93233
186.482	0.25	1	2	93241
186.5	0.25	1	2	93250
186.516	0.25	1	2	93258
186.532	0.25	1	2	93266
186.55	0.25	1	2	93275
186.566	0.25	1	2	93283
186.582	0.25	1	2	93291
186.6	0.25	1	2	93300
186.616	0.25	0	1	93308
186.632	0.25	0	1	93316
186.65	0.25	0	1	93325
186.666	0.25	0	1	93333
186.682	0.25	1	2	93341
186.7	0.25	1	2	93350
186.716	0.25	0	1	93358
186.732	0.25	0	1	93366
186.75	0.25	1	2	93375
186.766	0.25	1	2	93383
186.782	0.25	0	1	93391
186.8	0.25	0	1	93400
186.816	0.25	0	1	93408
186.832	0.25	0	1	93416
186.85	0.25	1	2	93425
186.866	0.25	1	2	93433
186.882	0.25	1	2	93441
186.9	0.25	1	2	93450
186.916	0.25	0	1	93458
186.932	0.25	0	1	93466
186.95	0.25	0	1	93475
186.966	0.25	0	1	93483
186.982	0.25	0	1	93491
187.0	0.25	0	1	93500
187.016	0.25	0	1	93508
187.032	0.25	0	1	93516
187.05	0.25	1	2	93525
187.066	0.25	1	2	93533
187.082	0.25	0	1	93541
187.1	0.25	0	1	93550
187.116	0.25	0	1	93558
187.132	0.25	0	1	93566
187.15	0.25	0	1	93575
187.166	0.25	0	1	93583
187.182	0.25	0	1	93591
187.2	0.25	0	1	93600
187.216	0.25	1	2	93608
187.232	0.25	1	2	93616
187.25	0.25	1	2	93625
187.266	0.25	1	2	93633
187.282	0.25	1	2	93641
187.3	0.25	1	2	93650
187.316	0.25	1	2	93658
187.332	0.25	1	2	93666
187.35	0.25	1	2	93675
187.366	0.25	1	2	93683
187.382	0.25	1	2	93691
187.4	0.25	1	2	93700
187.416	0.25	0	1	93708
187.432	0.25	0	1	93716
187.45	0.25	1	2	93725
187.466	0.25	1	2	93733
187.482	0.25	0	1	93741
187.5	0.25	0	1	93750
187.516	0.25	1	2	93758
187.532	0.25	1	2	93766
187.55	0.25	0	1	93775
187.566	0.25	0	1	93783
187.582	0.25	0	1	93791
187.6	0.25	0	1	93800
187.616	0.25	1	2	93808
187.632	0.25	1	2	93816
187.65	0.25	1	2	93825
187.666	0.25	1	2	93833
187.682	0.25	0	1	93841
187.7	0.25	0	1	93850
187.716	0.25	0	1	93858
190.932	0.25	1	2	95466
190.95	0.25	1	2	95475
190.966	0.25	1	2	95483
190.982	0.25	1	2	95491
191.0	0.25	0	1	95500
191.016	0.25	0	1	95508
191.032	0.25	1	2	95516
191.05	0.25	1	2	95525
191.066	0.25	1	2	95533
191.082	0.25	1	2	95541
191.1	0.25	0	1	95550
191.116	0.25	0	1	95558
191.132	0.25	1	2	95566
191.15	0.25	1	2	95575
191.166	0.25	1	2	95583
191.182	0.25	1	2	95591
191.2	0.25	0	1	95600
191.216	0.25	0	1	95608
191.232	0.25	1	2	95616
191.25	0.25	1	2	95625
191.266	0.25	1	2	95633
191.282	0.25	1	2	95641
191.3	0.25	0	1	95650
191.316	0.25	0	1	95658
191.332	0.25	0	1	95666
191.35	0.25	0	1	95675
191.366	0.25	0	1	95683
191.382	0.25	0	1	95691
191.4	0.25	1	2	95700
191.416	0.25	1	2	95708
191.432	0.25	1	2	95716
191.45	0.25	1	2	95725
191.466	0.25	1	2	95733
191.482	0.25	1	2	95741
191.5	0.25	0	1	95750
191.516	0.25	0	1	95758
191.532	0.25	0	1	95766
191.55	0.25	0	1	95775
191.566	0.25	0	1	95783
191.582	0.25	0	1	95791
191.6	0.25	1	2	95800
191.616	0.25	1	2	95808
191.632	0.25	1	2	95816
191.65	0.25	1	2	95825
191.666	0.25	1	2	95833
191.682	0.25	1	2	95841
191.7	0.25	1	2	95850
191.716	0.25	1	2	95858
191.732	0.25	1	2	95866
191.75	0.25	1	2	95875
191.766	0.25	0	1	95883
191.782	0.25	0	1	95891
191.8	0.25	0	1	95900
191.816	0.25	0	1	95908
191.832	0.25	1	2	95916
191.85	0.25	1	2	95925
191.866	0.25	0	1	95933
191.882	0.25	0	1	95941
191.9	0.25	1	2	95950
191.916	0.25	1	2	95958
191.932	0.25	0	1	95966
191.95	0.25	0	1	95975
191.966	0.25	0	1	95983
191.982	0.25	0	1	95991
192.0	0.25	1	2	96000
192.016	0.25	1	2	96008
192.032	0.25	1	2	96016
192.05	0.25	1	2	96025
192.066	0.25	0	1	96033
192.082	0.25	0	1	96041
192.1	0.25	0	1	96050
192.116	0.25	0	1	96058
192.132	0.25	0	1	96066
192.15	0.25	0	1	96075
192.166	0.25	0	1	96083
192.182	0.25	0	1	96091
192.2	0.25	1	2	96100
192.216	0.25	1	2	96108
192.232	0.25	0	1	96116
192.25	0.25	0	1	96125
192.266	0.25	0	1	96133
192.282	0.25	0	1	96141
192.3	0.25	0	1	96150
192.316	0.25	0	1	96158
192.332	0.25	0	1	96166
192.35	0.25	0	1	96175
192.366	0.25	1	2	96183
192.382	0.25	1	2	96191
192.4	0.25	1	2	96200
192.416	0.25	1	2	96208
192.432	0.25	1	2	96216
192.45	0.25	1	2	96225
192.466	0.25	1	2	96233
192.482	0.25	1	2	96241
192.5	0.25	1	2	96250
192.516	0.25	1	2	96258
192.532	0.25	1	2	96266
192.55	0.25	1	2	96275
192.566	0.25	0	1	96283
192.582	0.25	0	1	96291
192.6	0.25	1	2	96300
192.616	0.25	1	2	96308
192.632	0.25	0	1	96316
192.65	0.25	0	1	96325
192.666	0.25	1	2	96333
192.682	0.25	1	2	96341
192.7	0.25	0	1	96350
192.716	0.25	0	1	96358
192.732	0.25	0	1	96366
192.75	0.25	0	1	96375
192.766	0.25	1	2	96383
192.782	0.25	1	2	96391
192.8	0.25	1	2	96400
192.816	0.25	1	2	96408
192.832	0.25	0	1	96416
192.85	0.25	0	1	96425
192.866	0.25	0	1	96433
194.35	0.25	1	2	97175
194.366	0.25	1	2	97183
194.382	0.25	1	2	97191
194.4	0.25	1	2	97200
194.416	0.25	1	2	97208
194.432	0.25	1	2	97216
194.45	0.25	1	2	97225
194.466	0.25	1	2	97233
194.482	0.25	1	2	97241
194.5	0.25	1	2	97250
194.516	0.25	1	2	97258
194.532	0.25	1	2	97266
194.55	0.25	1	2	97275
194.566	0.25	1	2	97283
194.582	0.25	0	1	97291
194.6	0.25	0	1	97300
194.616	0.25	0	1	97308
194.632	0.25	0	1	97316
194.65	0.25	1	2	97325
194.666	0.25	1	2	97333
194.682	0.25	1	2	97341
194.7	0.25	1	2	97350
194.716	0.25	0	1	97358
194.732	0.25	0	1	97366
194.75	0.25	0	1	97375
194.766	0.25	0	1	97383
194.782	0.25	1	2	97391
194.8	0.25	1	2	97400
194.816	0.25	1	2	97408
194.832	0.25	1	2	97416
194.85	0.25	0	1	97425
194.866	0.25	0	1	97433
194.882	0.25	0	1	97441
194.9	0.25	0	1	97450
194.916	0.25	1	2	97458
194.932	0.25	1	2	97466
194.95	0.25	0	1	97475
194.966	0.25	0	1	97483
194.982	0.25	1	2	97491
195.0	0.25	1	2	97500
195.016	0.25	1	2	97508
195.032	0.25	1	2	97516
195.05	0.25	0	1	97525
195.066	0.25	0	1	97533
195.082	0.25	1	2	97541
195.1	0.25	1	2	97550
195.116	0.25	0	1	97558
195.132	0.25	0	1	97566
195.15	0.25	0	1	97575
195.166	0.25	0	1	97583
195.182	0.25	1	2	97591
195.2	0.25	1	2	97600
195.216	0.25	0	1	97608
195.232	0.25	0	1	97616
195.25	0.25	1	2	97625
195.266	0.25	1	2	97633
195.282	0.25	1	2	97641
195.3	0.25	1	2	97650
195.316	0.25	1	2	97658
195.332	0.25	1	2	97666
195.35	0.25	0	1	97675
195.366	0.25	0	1	97683
195.382	0.25	0	1	97691
195.4	0.25	0	1	97700
195.416	0.25	0	1	97708
195.432	0.25	0	1	97716
195.45	0.25	1	2	97725
195.466	0.25	1	2	97733
195.482	0.25	0	1	97741
195.5	0.25	0	1	97750
195.516	0.25	1	2	97758
195.532	0.25	1	2	97766
195.55	0.25	1	2	97775
195.566	0.25	1	2	97783
195.582	0.25	1	2	97791
195.6	0.25	1	2	97800
195.616	0.25	0	1	97808
195.632	0.25	0	1	97816
195.65	0.25	0	1	97825
195.666	0.25	0	1	97833
195.682	0.25	1	2	97841
195.7	0.25	1	2	97850
195.716	0.25	0	1	97858
195.732	0.25	0	1	97866
195.75	0.25	1	2	97875
195.766	0.25	1	2	97883
195.782	0.25	0	1	97891
195.8	0.25	0	1	97900
195.816	0.25	0	1	97908
195.832	0.25	0	1	97916
195.85	0.25	0	1	97925
195.866	0.25	0	1	97933
195.882	0.25	1	2	97941
195.9	0.25	1	2	97950
195.916	0.25	1	2	97958
195.932	0.25	1	2	97966
195.95	0.25	0	1	97975
195.966	0.25	0	1	97983
195.982	0.25	1	2	97991
196.0	0.25	1	2	98000
196.016	0.25	0	1	98008
196.032	0.25	0	1	98016
196.05	0.25	0	1	98025
196.066	0.25	0	1	98033
196.082	0.25	0	1	98041
196.1	0.25	0	1	98050
196.116	0.25	1	2	98058
196.132	0.25	1	2	98066
196.15	0.25	0	1	98075
196.166	0.25	0	1	98083
196.182	0.25	1	2	98091
196.2	0.25	1	2	98100
196.216	0.25	0	1	98108
196.232	0.25	0	1	98116
196.25	0.25	0	1	98125
196.266	0.25	0	1	98133
196.282	0.25	1	2	98141
197.766	0.25	0	1	98883
197.782	0.25	0	1	98891
197.8	0.25	0	1	98900
197.816	0.25	0	1	98908
197.832	0.25	1	2	98916
197.85	0.25	1	2	98925
197.866	0.25	1	2	98933
197.882	0.25	1	2	98941
197.9	0.25	0	1	98950
197.916	0.25	0	1	98958
197.932	0.25	0	1	98966
197.95	0.25	0	1	98975
197.966	0.25	0	1	98983
197.982	0.25	0	1	98991
198.0	0.25	0	1	99000
198.016	0.25	0	1	99008
198.032	0.25	1	2	99016
198.05	0.25	1	2	99025
198.066	0.25	1	2	99033
198.082	0.25	1	2	99041
198.1	0.25	1	2	99050
198.116	0.25	1	2	99058
198.132	0.25	1	2	99066
198.15	0.25	1	2	99075
198.166	0.25	1	2	99083
198.182	0.25	1	2	99091
198.2	0.25	0	1	99100
198.216	0.25	0	1	99108
198.232	0.25	0	1	99116
198.25	0.25	0	1	99125
198.266	0.25	0	1	99133
198.282	0.25	0	1	99141
198.3	0.25	0	1	99150
198.316	0.25	0	1	99158
198.332	0.25	0	1	99166
198.35	0.25	0	1	99175
198.366	0.25	0	1	99183
198.382	0.25	0	1	99191
198.4	0.25	1	2	99200
198.416	0.25	1	2	99208
198.432	0.25	1	2	99216
198.45	0.25	1	2	99225
198.466	0.25	0	1	99233
198.482	0.25	0	1	99241
198.5	0.25	0	1	99250
198.516	0.25	0	1	99258
198.532	0.25	1	2	99266
198.55	0.25	1	2	99275
198.566	0.25	0	1	99283
198.582	0.25	0	1	99291
198.6	0.25	1	2	99300
198.616	0.25	1	2	99308
198.632	0.25	0	1	99316
198.65	0.25	0	1	99325
198.666	0.25	1	2	99333
198.682	0.25	1	2	99341
198.7	0.25	0	1	99350
198.716	0.25	0	1	99358
198.732	0.25	1	2	99366
198.75	0.25	1	2	99375
198.766	0.25	1	2	99383
198.782	0.25	1	2	99391
198.8	0.25	0	1	99400
198.816	0.25	0	1	99408
198.832	0.25	1	2	99416
198.85	0.25	1	2	99425
198.866	0.25	0	1	99433
198.882	0.25	0	1	99441
198.9	0.25	0	1	99450
198.916	0.25	0	1	99458
198.932	0.25	0	1	99466
198.95	0.25	0	1	99475
198.966	0.25	1	2	99483
198.982	0.25	1	2	99491
199.0	0.25	0	1	99500
199.016	0.25	0	1	99508
199.032	0.25	0	1	99516
199.05	0.25	0	1	99525
199.066	0.25	0	1	99533
199.082	0.25	0	1	99541
199.1	0.25	1	2	99550
199.116	0.25	1	2	99558
199.132	0.25	1	2	99566
199.15	0.25	1	2	99575
199.166	0.25	1	2	99583
199.182	0.25	1	2	99591
199.2	0.25	0	1	99600
199.216	0.25	0	1	99608
199.232	0.25	1	2	99616
199.25	0.25	1	2	99625
199.266	0.25	0	1	99633
199.282	0.25	0	1	99641
199.3	0.25	1	2	99650
199.316	0.25	1	2	99658
199.332	0.25	1	2	99666
199.35	0.25	1	2	99675
199.366	0.25	1	2	99683
199.382	0.25	1	2	99691
199.4	0.25	1	2	99700
199.416	0.25	1	2	99708
199.432	0.25	1	2	99716
199.45	0.25	1	2	99725
199.466	0.25	0	1	99733
199.482	0.25	0	1	99741
199.5	0.25	0	1	99750
199.516	0.25	0	1	99758
199.532	0.25	1	2	99766
199.55	0.25	1	2	99775
199.566	0.25	0	1	99783
199.582	0.25	0	1	99791
199.6	0.25	0	1	99800
199.616	0.25	0	1	99808
199.632	0.25	0	1	99816
199.65	0.25	0	1	99825
199.666	0.25	1	2	99833
199.682	0.25	1	2	99841
199.7	0.25	1	2	99850
201.182	0.25	1	2	100591
201.2	0.25	1	2	100600
201.216	0.25	1	2	100608
201.232	0.25	1	2	100616
201.25	0.25	0	1	100625
201.266	0.25	0	1	100633
201.282	0.25	0	1	100641
201.3	0.25	0	1	100650
201.316	0.25	0	1	100658
201.332	0.25	0	1	100666
201.35	0.25	0	1	100675
201.366	0.25	0	1	100683
201.382	0.25	1	2	100691
201.4	0.25	1	2	100700
201.416	0.25	0	1	100708
201.432	0.25	0	1	100716
201.45	0.25	0	1	100725
201.466	0.25	0	1	100733
201.482	0.25	1	2	100741
201.5	0.25	1	2	100750
201.516	0.25	1	2	100758
201.532	0.25	1	2	100766
201.55	0.25	0	1	100775
201.566	0.25	0	1	100783
201.582	0.25	0	1	100791
201.6	0.25	0	1	100800
201.616	0.25	0	1	100808
201.632	0.25	0	1	100816
201.65	0.25	0	1	100825
201.666	0.25	0	1	100833
201.682	0.25	0	1	100841
201.7	0.25	0	1	100850
201.716	0.25	0	1	100858
201.732	0.25	0	1	100866
201.75	0.25	1	2	100875
201.766	0.25	1	2	100883
201.782	0.25	0	1	100891
201.8	0.25	0	1	100900
201.816	0.25	1	2	100908
201.832	0.25	1	2	100916
201.85	0.25	1	2	100925
201.866	0.25	1	2	100933
201.882	0.25	0	1	100941
201.9	0.25	0	1	100950
201.916	0.25	1	2	100958
201.932	0.25	1	2	100966
201.95	0.25	0	1	100975
201.966	0.25	0	1	100983
201.982	0.25	1	2	100991
202.0	0.25	1	2	101000
202.016	0.25	0	1	101008
202.032	0.25	0	1	101016
202.05	0.25	1	2	101025
202.066	0.25	1	2	101033
202.082	0.25	0	1	101041
202.1	0.25	0	1	101050
202.116	0.25	0	1	101058
202.132	0.25	0	1	101066
202.15	0.25	0	1	101075
202.166	0.25	0	1	101083
202.182	0.25	1	2	101091
202.2	0.25	1	2	101100
202.216	0.25	1	2	101108
202.232	0.25	1	2	101116
202.25	0.25	1	2	101125
202.266	0.25	1	2	101133
202.282	0.25	0	1	101141
202.3	0.25	0	1	101150
202.316	0.25	1	2	101158
202.332	0.25	1	2	101166
202.35	0.25	1	2	101175
202.366	0.25	1	2	101183
202.382	0.25	1	2	101191
202.4	0.25	1	2	101200
202.416	0.25	0	1	101208
202.432	0.25	0	1	101216
202.45	0.25	1	2	101225
202.466	0.25	1	2	101233
202.482	0.25	0	1	101241
202.5	0.25	0	1	101250
202.516	0.25	1	2	101258
202.532	0.25	1	2	101266
202.55	0.25	1	2	101275
202.566	0.25	1	2	101283
202.582	0.25	0	1	101291
202.6	0.25	0	1	101300
202.616	0.25	0	1	101308
202.632	0.25	0	1	101316
202.65	0.25	0	1	101325
202.666	0.25	0	1	101333
202.682	0.25	1	2	101341
202.7	0.25	1	2	101350
202.716	0.25	1	2	101358
202.732	0.25	1	2	101366
202.75	0.25	0	1	101375
202.766	0.25	0	1	101383
202.782	0.25	1	2	101391
202.8	0.25	1	2	101400
202.816	0.25	1	2	101408
202.832	0.25	1	2	101416
202.85	0.25	1	2	101425
202.866	0.25	1	2	101433
202.882	0.25	0	1	101441
202.9	0.25	0	1	101450
202.916	0.25	0	1	101458
202.932	0.25	0	1	101466
202.95	0.25	0	1	101475
202.966	0.25	0	1	101483
202.982	0.25	0	1	101491
203.0	0.25	0	1	101500
203.016	0.25	0	1	101508
203.032	0.25	0	1	101516
203.05	0.25	1	2	101525
203.066	0.25	1	2	101533
203.082	0.25	1	2	101541
203.1	0.25	1	2	101550
203.116	0.25	1	2	101558
206.8	0.25	1	2	103400
206.816	0.25	1	2	103408
206.832	0.25	1	2	103416
206.85	0.25	1	2	103425
206.866	0.25	0	1	103433
206.882	0.25	0	1	103441
206.9	0.25	1	2	103450
206.916	0.25	1	2	103458
206.932	0.25	1	2	103466
206.95	0.25	1	2	103475
206.966	0.25	0	1	103483
206.982	0.25	0	1	103491
207.0	0.25	1	2	103500
207.016	0.25	1	2	103508
207.032	0.25	1	2	103516
207.05	0.25	1	2	103525
207.066	0.25	0	1	103533
207.082	0.25	0	1	103541
207.1	0.25	1	2	103550
207.116	0.25	1	2	103558
207.132	0.25	1	2	103566
207.15	0.25	1	2	103575
207.166	0.25	0	1	103583
207.182	0.25	0	1	103591
207.2	0.25	0	1	103600
207.216	0.25	0	1	103608
207.232	0.25	0	1	103616
207.25	0.25	0	1	103625
207.266	0.25	1	2	103633
207.282	0.25	1	2	103641
207.3	0.25	1	2	103650
207.316	0.25	1	2	103658
207.332	0.25	1	2	103666
207.35	0.25	1	2	103675
207.366	0.25	0	1	103683
207.382	0.25	0	1	103691
207.4	0.25	0	1	103700
207.416	0.25	0	1	103708
207.432	0.25	0	1	103716
207.45	0.25	0	1	103725
207.466	0.25	1	2	103733
207.482	0.25	1	2	103741
207.5	0.25	1	2	103750
207.516	0.25	1	2	103758
207.532	0.25	1	2	103766
207.55	0.25	1	2	103775
207.566	0.25	1	2	103783
207.582	0.25	1	2	103791
207.6	0.25	1	2	103800
207.616	0.25	1	2	103808
207.632	0.25	0	1	103816
207.65	0.25	0	1	103825
207.666	0.25	0	1	103833
207.682	0.25	0	1	103841
207.7	0.25	1	2	103850
207.716	0.25	1	2	103858
207.732	0.25	0	1	103866
207.75	0.25	0	1	103875
207.766	0.25	1	2	103883
207.782	0.25	1	2	103891
207.8	0.25	0	1	103900
207.816	0.25	0	1	103908
207.832	0.25	0	1	103916
207.85	0.25	0	1	103925
207.866	0.25	1	2	103933
207.882	0.25	1	2	103941
207.9	0.25	1	2	103950
207.916	0.25	1	2	103958
207.932	0.25	0	1	103966
207.95	0.25	0	1	103975
207.966	0.25	0	1	103983
207.982	0.25	0	1	103991
208.0	0.25	0	1	104000
208.016	0.25	0	1	104008
208.032	0.25	0	1	104016
208.05	0.25	0	1	104025
208.066	0.25	1	2	104033
208.082	0.25	1	2	104041
208.1	0.25	0	1	104050
208.116	0.25	0	1	104058
208.132	0.25	0	1	104066
208.15	0.25	0	1	104075
208.166	0.25	0	1	104083
208.182	0.25	0	1	104091
208.2	0.25	0	1	104100
208.216	0.25	0	1	104108
208.232	0.25	1	2	104116
208.25	0.25	1	2	104125
208.266	0.25	1	2	104133
208.282	0.25	1	2	104141
208.3	0.25	1	2	104150
208.316	0.25	1	2	104158
208.332	0.25	1	2	104166
208.35	0.25	1	2	104175
208.366	0.25	1	2	104183
208.382	0.25	1	2	104191
208.4	0.25	1	2	104200
208.416	0.25	1	2	104208
208.432	0.25	0	1	104216
208.45	0.25	0	1	104225
208.466	0.25	1	2	104233
208.482	0.25	1	2	104241
208.5	0.25	0	1	104250
208.516	0.25	0	1	104258
208.532	0.25	1	2	104266
208.55	0.25	1	2	104275
208.566	0.25	0	1	104283
208.582	0.25	0	1	104291
208.6	0.25	0	1	104300
208.616	0.25	0	1	104308
208.632	0.25	1	2	104316
208.65	0.25	1	2	104325
208.666	0.25	1	2	104333
208.682	0.25	1	2	104341
208.7	0.25	0	1	104350
208.716	0.25	0	1	104358
208.732	0.25	0	1	104366
210.216	0.25	1	2	105108
210.232	0.25	1	2	105116
210.25	0.25	1	2	105125
210.266	0.25	1	2	105133
210.282	0.25	0	1	105141
210.3	0.25	0	1	105150
210.316	0.25	0	1	105158
210.332	0.25	0	1	105166
210.35	0.25	0	1	105175
210.366	0.25	0	1	105183
210.382	0.25	0	1	105191
210.4	0.25	0	1	105200
210.416	0.25	1	2	105208
210.432	0.25	1	2	105216
210.45	0.25	0	1	105225
210.466	0.25	0	1	105233
210.482	0.25	0	1	105241
210.5	0.25	0	1	105250
210.516	0.25	1	2	105258
210.532	0.25	1	2	105266
210.55	0.25	1	2	105275
210.566	0.25	1	2	105283
210.582	0.25	0	1	105291
210.6	0.25	0	1	105300
210.616	0.25	0	1	105308
210.632	0.25	0	1	105316
210.65	0.25	0	1	105325
210.666	0.25	0	1	105333
210.682	0.25	0	1	105341
210.7	0.25	0	1	105350
210.716	0.25	0	1	105358
210.732	0.25	0	1	105366
210.75	0.25	0	1	105375
210.766	0.25	0	1	105383
210.782	0.25	1	2	105391
210.8	0.25	1	2	105400
210.816	0.25	0	1	105408
210.832	0.25	0	1	105416
210.85	0.25	1	2	105425
210.866	0.25	1	2	105433
210.882	0.25	1	2	105441
210.9	0.25	1	2	105450
210.916	0.25	0	1	105458
210.932	0.25	0	1	105466
210.95	0.25	1	2	105475
210.966	0.25	1	2	105483
210.982	0.25	0	1	105491
211.0	0.25	0	1	105500
211.016	0.25	1	2	105508
211.032	0.25	1	2	105516
211.05	0.25	0	1	105525
211.066	0.25	0	1	105533
211.082	0.25	1	2	105541
211.1	0.25	1	2	105550
211.116	0.25	0	1	105558
211.132	0.25	0	1	105566
211.15	0.25	0	1	105575
211.166	0.25	0	1	105583
211.182	0.25	0	1	105591
211.2	0.25	0	1	105600
211.216	0.25	1	2	105608
211.232	0.25	1	2	105616
211.25	0.25	1	2	105625
211.266	0.25	1	2	105633
211.282	0.25	1	2	105641
211.3	0.25	1	2	105650
211.316	0.25	0	1	105658
211.332	0.25	0	1	105666
211.35	0.25	1	2	105675
211.366	0.25	1	2	105683
211.382	0.25	1	2	105691
211.4	0.25	1	2	105700
211.416	0.25	1	2	105708
211.432	0.25	1	2	105716
211.45	0.25	0	1	105725
211.466	0.25	0	1	105733
211.482	0.25	1	2	105741
211.5	0.25	1	2	105750
211.516	0.25	0	1	105758
211.532	0.25	0	1	105766
211.55	0.25	1	2	105775
211.566	0.25	1	2	105783
211.582	0.25	1	2	105791
211.6	0.25	1	2	105800
211.616	0.25	0	1	105808
211.632	0.25	0	1	105816
211.65	0.25	0	1	105825
211.666	0.25	0	1	105833
211.682	0.25	0	1	105841
211.7	0.25	0	1	105850
211.716	0.25	1	2	105858
211.732	0.25	1	2	105866
211.75	0.25	1	2	105875
211.766	0.25	1	2	105883
211.782	0.25	0	1	105891
211.8	0.25	0	1	105900
211.816	0.25	1	2	105908
211.832	0.25	1	2	105916
211.85	0.25	1	2	105925
211.866	0.25	1	2	105933
211.882	0.25	1	2	105941
211.9	0.25	1	2	105950
211.916	0.25	0	1	105958
211.932	0.25	0	1	105966
211.95	0.25	0	1	105975
211.966	0.25	0	1	105983
211.982	0.25	0	1	105991
212.0	0.25	0	1	106000
212.016	0.25	0	1	106008
212.032	0.25	0	1	106016
212.05	0.25	0	1	106025
212.066	0.25	0	1	106033
212.082	0.25	1	2	106041
212.1	0.25	1	2	106050
212.116	0.25	1	2	106058
212.132	0.25	1	2	106066
212.15	0.25	1	2	106075
213.632	0.25	1	2	106816
213.65	0.25	1	2	106825
213.666	0.25	1	2	106833
213.682	0.25	1	2	106841
213.7	0.25	1	2	106850
213.716	0.25	1	2	106858
213.732	0.25	1	2	106866
213.75	0.25	1	2	106875
213.766	0.25	1	2	106883
213.782	0.25	1	2	106891
213.8	0.25	1	2	106900
213.816	0.25	1	2	106908
213.832	0.25	1	2	106916
213.85	0.25	1	2	106925
213.866	0.25	0	1	106933
213.882	0.25	0	1	106941
213.9	0.25	0	1	106950
213.916	0.25	0	1	106958
213.932	0.25	1	2	106966
213.95	0.25	1	2	106975
213.966	0.25	1	2	106983
213.982	0.25	1	2	106991
214.0	0.25	0	1	107000
214.016	0.25	0	1	107008
214.032	0.25	0	1	107016
214.05	0.25	0	1	107025
214.066	0.25	1	2	107033
214.082	0.25	1	2	107041
214.1	0.25	1	2	107050
214.116	0.25	1	2	107058
214.132	0.25	0	1	107066
214.15	0.25	0	1	107075
214.166	0.25	0	1	107083
214.182	0.25	0	1	107091
214.2	0.25	1	2	107100
214.216	0.25	1	2	107108
214.232	0.25	0	1	107116
214.25	0.25	0	1	107125
214.266	0.25	1	2	107133
214.282	0.25	1	2	107141
214.3	0.25	1	2	107150
214.316	0.25	1	2	107158
214.332	0.25	0	1	107166
214.35	0.25	0	1	107175
214.366	0.25	1	2	107183
214.382	0.25	1	2	107191
214.4	0.25	0	1	107200
214.416	0.25	0	1	107208
214.432	0.25	0	1	107216
214.45	0.25	0	1	107225
214.466	0.25	1	2	107233
214.482	0.25	1	2	107241
214.5	0.25	0	1	107250
214.516	0.25	0	1	107258
214.532	0.25	1	2	107266
214.55	0.25	1	2	107275
214.566	0.25	1	2	107283
214.582	0.25	1	2	107291
214.6	0.25	1	2	107300
214.616	0.25	1	2	107308
214.632	0.25	0	1	107316
214.65	0.25	0	1	107325
214.666	0.25	0	1	107333
214.682	0.25	0	1	107341
214.7	0.25	0	1	107350
214.716	0.25	0	1	107358
214.732	0.25	1	2	107366
214.75	0.25	1	2	107375
214.766	0.25	0	1	107383
214.782	0.25	0	1	107391
214.8	0.25	1	2	107400
214.816	0.25	1	2	107408
214.832	0.25	1	2	107416
214.85	0.25	1	2	107425
214.866	0.25	1	2	107433
214.882	0.25	1	2	107441
214.9	0.25	0	1	107450
214.916	0.25	0	1	107458
214.932	0.25	0	1	107466
214.95	0.25	0	1	107475
214.966	0.25	1	2	107483
214.982	0.25	1	2	107491
215.0	0.25	0	1	107500
215.016	0.25	0	1	107508
215.032	0.25	1	2	107516
215.05	0.25	1	2	107525
215.066	0.25	0	1	107533
215.082	0.25	0	1	107541
215.1	0.25	0	1	107550
215.116	0.25	0	1	107558
215.132	0.25	0	1	107566
215.15	0.25	0	1	107575
215.166	0.25	1	2	107583
215.182	0.25	1	2	107591
215.2	0.25	1	2	107600
215.216	0.25	1	2	107608
215.232	0.25	0	1	107616
215.25	0.25	0	1	107625
215.266	0.25	1	2	107633
215.282	0.25	1	2	107641
215.3	0.25	0	1	107650
215.316	0.25	0	1	107658
215.332	0.25	0	1	107666
215.35	0.25	0	1	107675
215.366	0.25	0	1	107683
215.382	0.25	0	1	107691
215.4	0.25	1	2	107700
215.416	0.25	1	2	107708
215.432	0.25	0	1	107716
215.45	0.25	0	1	107725
215.466	0.25	1	2	107733
215.482	0.25	1	2	107741
215.5	0.25	0	1	107750
215.516	0.25	0	1	107758
215.532	0.25	0	1	107766
215.55	0.25	0	1	107775
215.566	0.25	1	2	107783
217.05	0.25	0	1	108525
217.066	0.25	0	1	108533
217.082	0.25	0	1	108541
217.1	0.25	0	1	108550
217.116	0.25	1	2	108558
217.132	0.25	1	2	108566
217.15	0.25	1	2	108575
217.166	0.25	1	2	108583
217.182	0.25	0	1	108591
217.2	0.25	0	1	108600
217.216	0.25	0	1	108608
217.232	0.25	0	1	108616
217.25	0.25	0	1	108625
217.266	0.25	0	1	108633
217.282	0.25	0	1	108641
217.3	0.25	0	1	108650
217.316	0.25	1	2	108658
217.332	0.25	1	2	108666
217.35	0.25	1	2	108675
217.366	0.25	1	2	108683
217.382	0.25	1	2	108691
217.4	0.25	1	2	108700
217.416	0.25	1	2	108708
217.432	0.25	1	2	108716
217.45	0.25	1	2	108725
217.466	0.25	1	2	108733
217.482	0.25	0	1	108741
217.5	0.25	0	1	108750
217.516	0.25	0	1	108758
217.532	0.25	0	1	108766
217.55	0.25	0	1	108775
217.566	0.25	0	1	108783
217.582	0.25	0	1	108791
217.6	0.25	0	1	108800
217.616	0.25	0	1	108808
217.632	0.25	0	1	108816
217.65	0.25	0	1	108825
217.666	0.25	0	1	108833
217.682	0.25	1	2	108841
217.7	0.25	1	2	108850
217.716	0.25	1	2	108858
217.732	0.25	1	2	108866
217.75	0.25	0	1	108875
217.766	0.25	0	1	108883
217.782	0.25	0	1	108891
217.8	0.25	0	1	108900
217.816	0.25	1	2	108908
217.832	0.25	1	2	108916
217.85	0.25	0	1	108925
217.866	0.25	0	1	108933
217.882	0.25	1	2	108941
217.9	0.25	1	2	108950
217.916	0.25	0	1	108958
217.932	0.25	0	1	108966
217.95	0.25	1	2	108975
217.966	0.25	1	2	108983
217.982	0.25	0	1	108991
218.0	0.25	0	1	109000
218.016	0.25	1	2	109008
218.032	0.25	1	2	109016
218.05	0.25	1	2	109025
218.066	0.25	1	2	109033
218.082	0.25	0	1	109041
218.1	0.25	0	1	109050
218.116	0.25	1	2	109058
218.132	0.25	1	2	109066
218.15	0.25	0	1	109075
218.166	0.25	0	1	109083
218.182	0.25	0	1	109091
218.2	0.25	0	1	109100
218.216	0.25	0	1	109108
218.232	0.25	0	1	109116
218.25	0.25	1	2	109125
218.266	0.25	1	2	109133
218.282	0.25	0	1	109141
218.3	0.25	0	1	109150
218.316	0.25	0	1	109158
218.332	0.25	0	1	109166
218.35	0.25	0	1	109175
218.366	0.25	0	1	109183
218.382	0.25	1	2	109191
218.4	0.25	1	2	109200
218.416	0.25	1	2	109208
218.432	0.25	1	2	109216
218.45	0.25	1	2	109225
218.466	0.25	1	2	109233
218.482	0.25	0	1	109241
218.5	0.25	0	1	109250
218.516	0.25	1	2	109258
218.532	0.25	1	2	109266
218.55	0.25	0	1	109275
218.566	0.25	0	1	109283
218.582	0.25	1	2	109291
218.6	0.25	1	2	109300
218.616	0.25	1	2	109308
218.632	0.25	1	2	109316
218.65	0.25	1	2	109325
218.666	0.25	1	2	109333
218.682	0.25	1	2	109341
218.7	0.25	1	2	109350
218.716	0.25	1	2	109358
218.732	0.25	1	2	109366
218.75	0.25	0	1	109375
218.766	0.25	0	1	109383
218.782	0.25	0	1	109391
218.8	0.25	0	1	109400
218.816	0.25	1	2	109408
218.832	0.25	1	2	109416
218.85	0.25	0	1	109425
218.866	0.25	0	1	109433
218.882	0.25	0	1	109441
218.9	0.25	0	1	109450
218.916	0.25	0	1	109458
218.932	0.25	0	1	109466
218.95	0.25	1	2	109475
218.966	0.25	1	2	109483
218.982	0.25	1	2	109491
221.366	0.25	0	1	110683
221.382	0.25	0	1	110691
221.4	0.25	0	1	110700
221.416	0.25	0	1	110708
221.432	0.25	1	2	110716
221.45	0.25	1	2	110725
221.466	0.25	1	2	110733
221.482	0.25	1	2	110741
221.5	0.25	0	1	110750
221.516	0.25	0	1	110758
221.532	0.25	0	1	110766
221.55	0.25	0	1	110775
221.566	0.25	0	1	110783
221.582	0.25	0	1	110791
221.6	0.25	0	1	110800
221.616	0.25	0	1	110808
221.632	0.25	1	2	110816
221.65	0.25	1	2	110825
221.666	0.25	1	2	110833
221.682	0.25	1	2	110841
221.7	0.25	1	2	110850
221.716	0.25	1	2	110858
221.732	0.25	1	2	110866
221.75	0.25	1	2	110875
221.766	0.25	1	2	110883
221.782	0.25	1	2	110891
221.8	0.25	0	1	110900
221.816	0.25	0	1	110908
221.832	0.25	0	1	110916
221.85	0.25	0	1	110925
221.866	0.25	0	1	110933
221.882	0.25	0	1	110941
221.9	0.25	0	1	110950
221.916	0.25	0	1	110958
221.932	0.25	0	1	110966
221.95	0.25	0	1	110975
221.966	0.25	0	1	110983
221.982	0.25	0	1	110991
222.0	0.25	1	2	111000
222.016	0.25	1	2	111008
222.032	0.25	1	2	111016
222.05	0.25	1	2	111025
222.066	0.25	0	1	111033
222.082	0.25	0	1	111041
222.1	0.25	0	1	111050
222.116	0.25	0	1	111058
222.132	0.25	1	2	111066
222.15	0.25	1	2	111075
222.166	0.25	0	1	111083
222.182	0.25	0	1	111091
222.2	0.25	1	2	111100
222.216	0.25	1	2	111108
222.232	0.25	0	1	111116
222.25	0.25	0	1	111125
222.266	0.25	1	2	111133
222.282	0.25	1	2	111141
222.3	0.25	0	1	111150
222.316	0.25	0	1	111158
222.332	0.25	1	2	111166
222.35	0.25	1	2	111175
222.366	0.25	1	2	111183
222.382	0.25	1	2	111191
222.4	0.25	0	1	111200
222.416	0.25	0	1	111208
222.432	0.25	1	2	111216
222.45	0.25	1	2	111225
222.466	0.25	0	1	111233
222.482	0.25	0	1	111241
222.5	0.25	0	1	111250
222.516	0.25	0	1	111258
222.532	0.25	0	1	111266
222.55	0.25	0	1	111275
222.566	0.25	1	2	111283
222.582	0.25	1	2	111291
222.6	0.25	0	1	111300
222.616	0.25	0	1	111308
222.632	0.25	0	1	111316
222.65	0.25	0	1	111325
222.666	0.25	0	1	111333
222.682	0.25	0	1	111341
222.7	0.25	1	2	111350
222.716	0.25	1	2	111358
222.732	0.25	1	2	111366
222.75	0.25	1	2	111375
222.766	0.25	1	2	111383
222.782	0.25	1	2	111391
222.8	0.25	0	1	111400
222.816	0.25	0	1	111408
222.832	0.25	1	2	111416
222.85	0.25	1	2	111425
222.866	0.25	0	1	111433
222.882	0.25	0	1	111441
222.9	0.25	1	2	111450
222.916	0.25	1	2	111458
222.932	0.25	1	2	111466
222.95	0.25	1	2	111475
222.966	0.25	1	2	111483
222.982	0.25	1	2	111491
223.0	0.25	1	2	111500
223.016	0.25	1	2	111508
223.032	0.25	1	2	111516
223.05	0.25	1	2	111525
223.066	0.25	0	1	111533
223.082	0.25	0	1	111541
223.1	0.25	0	1	111550
223.116	0.25	0	1	111558
223.132	0.25	1	2	111566
223.15	0.25	1	2	111575
223.166	0.25	0	1	111583
223.182	0.25	0	1	111591
223.2	0.25	0	1	111600
223.216	0.25	0	1	111608
223.232	0.25	0	1	111616
223.25	0.25	0	1	111625
223.266	0.25	1	2	111633
223.282	0.25	1	2	111641
223.3	0.25	1	2	111650
224.782	0.25	1	2	112391
224.8	0.25	1	2	112400
224.816	0.25	1	2	112408
224.832	0.25	1	2	112416
224.85	0.25	0	1	112425
224.866	0.25	0	1	112433
224.882	0.25	0	1	112441
224.9	0.25	0	1	112450
224.916	0.25	0	1	112458
224.932	0.25	0	1	112466
224.95	0.25	0	1	112475
224.966	0.25	0	1	112483
224.982	0.25	1	2	112491
225.0	0.25	1	2	112500
225.016	0.25	0	1	112508
225.032	0.25	0	1	112516
225.05	0.25	0	1	112525
225.066	0.25	0	1	112533
225.082	0.25	1	2	112541
225.1	0.25	1	2	112550
225.116	0.25	1	2	112558
225.132	0.25	1	2	112566
225.15	0.25	0	1	112575
225.166	0.25	0	1	112583
225.182	0.25	0	1	112591
225.2	0.25	0	1	112600
225.216	0.25	0	1	112608
225.232	0.25	0	1	112616
225.25	0.25	0	1	112625
225.266	0.25	0	1	112633
225.282	0.25	0	1	112641
225.3	0.25	0	1	112650
225.316	0.25	0	1	112658
225.332	0.25	0	1	112666
225.35	0.25	1	2	112675
225.366	0.25	1	2	112683
225.382	0.25	0	1	112691
225.4	0.25	0	1	112700
225.416	0.25	1	2	112708
225.432	0.25	1	2	112716
225.45	0.25	1	2	112725
225.466	0.25	1	2	112733
225.482	0.25	0	1	112741
225.5	0.25	0	1	112750
225.516	0.25	1	2	112758
225.532	0.25	1	2	112766
225.55	0.25	0	1	112775
225.566	0.25	0	1	112783
225.582	0.25	1	2	112791
225.6	0.25	1	2	112800
225.616	0.25	0	1	112808
225.632	0.25	0	1	112816
225.65	0.25	1	2	112825
225.666	0.25	1	2	112833
225.682	0.25	0	1	112841
225.7	0.25	0	1	112850
225.716	0.25	0	1	112858
225.732	0.25	0	1	112866
225.75	0.25	0	1	112875
225.766	0.25	0	1	112883
225.782	0.25	1	2	112891
225.8	0.25	1	2	112900
225.816	0.25	1	2	112908
225.832	0.25	1	2	112916
225.85	0.25	1	2	112925
225.866	0.25	1	2	112933
225.882	0.25	0	1	112941
225.9	0.25	0	1	112950
225.916	0.25	1	2	112958
225.932	0.25	1	2	112966
225.95	0.25	1	2	112975
225.966	0.25	1	2	112983
225.982	0.25	1	2	112991
226.0	0.25	1	2	113000
226.016	0.25	0	1	113008
226.032	0.25	0	1	113016
226.05	0.25	1	2	113025
226.066	0.25	1	2	113033
226.082	0.25	0	1	113041
226.1	0.25	0	1	113050
226.116	0.25	1	2	113058
226.132	0.25	1	2	113066
226.15	0.25	1	2	113075
226.166	0.25	1	2	113083
226.182	0.25	0	1	113091
226.2	0.25	0	1	113100
226.216	0.25	0	1	113108
226.232	0.25	0	1	113116
226.25	0.25	0	1	113125
226.266	0.25	0	1	113133
226.282	0.25	1	2	113141
226.3	0.25	1	2	113150
226.316	0.25	1	2	113158
226.332	0.25	1	2	113166
226.35	0.25	0	1	113175
226.366	0.25	0	1	113183
226.382	0.25	1	2	113191
226.4	0.25	1	2	113200
226.416	0.25	1	2	113208
226.432	0.25	1	2	113216
226.45	0.25	1	2	113225
226.466	0.25	1	2	113233
226.482	0.25	0	1	113241
226.5	0.25	0	1	113250
226.516	0.25	0	1	113258
226.532	0.25	0	1	113266
226.55	0.25	0	1	113275
226.566	0.25	0	1	113283
226.582	0.25	0	1	113291
226.6	0.25	0	1	113300
226.616	0.25	0	1	113308
226.632	0.25	0	1	113316
226.65	0.25	1	2	113325
226.666	0.25	1	2	113333
226.682	0.25	1	2	113341
226.7	0.25	1	2	113350
226.716	0.25	1	2	113358
228.2	0.25	1	2	114100
228.216	0.25	1	2	114108
228.232	0.25	1	2	114116
228.25	0.25	1	2	114125
228.266	0.25	1	2	114133
228.282	0.25	1	2	114141
228.3	0.25	1	2	114150
228.316	0.25	1	2	114158
228.332	0.25	1	2	114166
228.35	0.25	1	2	114175
228.366	0.25	1	2	114183
228.382	0.25	1	2	114191
228.4	0.25	1	2	114200
228.416	0.25	1	2	114208
228.432	0.25	0	1	114216
228.45	0.25	0	1	114225
228.466	0.25	0	1	114233
228.482	0.25	0	1	114241
228.5	0.25	1	2	114250
228.516	0.25	1	2	114258
228.532	0.25	1	2	114266
228.55	0.25	1	2	114275
228.566	0.25	0	1	114283
228.582	0.25	0	1	114291
228.6	0.25	0	1	114300
228.616	0.25	0	1	114308
228.632	0.25	1	2	114316
228.65	0.25	1	2	114325
228.666	0.25	1	2	114333
228.682	0.25	1	2	114341
228.7	0.25	0	1	114350
228.716	0.25	0	1	114358
228.732	0.25	0	1	114366
228.75	0.25	0	1	114375
228.766	0.25	1	2	114383
228.782	0.25	1	2	114391
228.8	0.25	0	1	114400
228.816	0.25	0	1	114408
228.832	0.25	1	2	114416
228.85	0.25	1	2	114425
228.866	0.25	1	2	114433
228.882	0.25	1	2	114441
228.9	0.25	0	1	114450
228.916	0.25	0	1	114458
228.932	0.25	1	2	114466
228.95	0.25	1	2	114475
228.966	0.25	0	1	114483
228.982	0.25	0	1	114491
229.0	0.25	0	1	114500
229.016	0.25	0	1	114508
229.032	0.25	1	2	114516
229.05	0.25	1	2	114525
229.066	0.25	0	1	114533
229.082	0.25	0	1	114541
229.1	0.25	1	2	114550
229.116	0.25	1	2	114558
229.132	0.25	1	2	114566
229.15	0.25	1	2	114575
229.166	0.25	1	2	114583
229.182	0.25	1	2	114591
229.2	0.25	0	1	114600
229.216	0.25	0	1	114608
229.232	0.25	0	1	114616
229.25	0.25	0	1	114625
229.266	0.25	0	1	114633
229.282	0.25	0	1	114641
229.3	0.25	1	2	114650
229.316	0.25	1	2	114658
229.332	0.25	0	1	114666
229.35	0.25	0	1	114675
229.366	0.25	1	2	114683
229.382	0.25	1	2	114691
229.4	0.25	1	2	114700
229.416	0.25	1	2	114708
229.432	0.25	1	2	114716
229.45	0.25	1	2	114725
229.466	0.25	0	1	114733
229.482	0.25	0	1	114741
229.5	0.25	0	1	114750
229.516	0.25	0	1	114758
229.532	0.25	1	2	114766
229.55	0.25	1	2	114775
229.566	0.25	0	1	114783
229.582	0.25	0	1	114791
229.6	0.25	1	2	114800
229.616	0.25	1	2	114808
229.632	0.25	0	1	114816
229.65	0.25	0	1	114825
229.666	0.25	0	1	114833
229.682	0.25	0	1	114841
229.7	0.25	0	1	114850
229.716	0.25	0	1	114858
229.732	0.25	1	2	114866
229.75	0.25	1	2	114875
229.766	0.25	1	2	114883
229.782	0.25	1	2	114891
229.8	0.25	0	1	114900
229.816	0.25	0	1	114908
229.832	0.25	1	2	114916
229.85	0.25	1	2	114925
229.866	0.25	0	1	114933
229.882	0.25	0	1	114941
229.9	0.25	0	1	114950
229.916	0.25	0	1	114958
229.932	0.25	0	1	114966
229.95	0.25	0	1	114975
229.966	0.25	1	2	114983
229.982	0.25	1	2	114991
230.0	0.25	0	1	115000
230.016	0.25	0	1	115008
230.032	0.25	1	2	115016
230.05	0.25	1	2	115025
230.066	0.25	0	1	115033
230.082	0.25	0	1	115041
230.1	0.25	0	1	115050
230.116	0.25	0	1	115058
230.132	0.25	1	2	115066
231.616	0.25	1	2	115808
231.632	0.25	1	2	115816
231.65	0.25	1	2	115825
231.666	0.25	1	2	115833
231.682	0.25	0	1	115841
231.7	0.25	0	1	115850
231.716	0.25	1	2	115858
231.732	0.25	1	2	115866
231.75	0.25	1	2	115875
231.766	0.25	1	2	115883
231.782	0.25	0	1	115891
231.8	0.25	0	1	115900
231.816	0.25	1	2	115908
231.832	0.25	1	2	115916
231.85	0.25	1	2	115925
231.866	0.25	1	2	115933
231.882	0.25	0	1	115941
231.9	0.25	0	1	115950
231.916	0.25	1	2	115958
231.932	0.25	1	2	115966
231.95	0.25	1	2	115975
231.966	0.25	1	2	115983
231.982	0.25	0	1	115991
232.0	0.25	0	1	116000
232.016	0.25	0	1	116008
232.032	0.25	0	1	116016
232.05	0.25	0	1	116025
232.066	0.25	0	1	116033
232.082	0.25	1	2	116041
232.1	0.25	1	2	116050
232.116	0.25	1	2	116058
232.132	0.25	1	2	116066
232.15	0.25	1	2	116075
232.166	0.25	1	2	116083
232.182	0.25	0	1	116091
232.2	0.25	0	1	116100
232.216	0.25	0	1	116108
232.232	0.25	0	1	116116
232.25	0.25	0	1	116125
232.266	0.25	0	1	116133
232.282	0.25	1	2	116141
232.3	0.25	1	2	116150
232.316	0.25	1	2	116158
232.332	0.25	1	2	116166
232.35	0.25	1	2	116175
232.366	0.25	1	2	116183
232.382	0.25	1	2	116191
232.4	0.25	1	2	116200
232.416	0.25	1	2	116208
232.432	0.25	1	2	116216
232.45	0.25	0	1	116225
232.466	0.25	0	1	116233
232.482	0.25	0	1	116241
232.5	0.25	0	1	116250
232.516	0.25	1	2	116258
232.532	0.25	1	2	116266
232.55	0.25	0	1	116275
232.566	0.25	0	1	116283
232.582	0.25	1	2	116291
232.6	0.25	1	2	116300
232.616	0.25	0	1	116308
232.632	0.25	0	1	116316
232.65	0.25	0	1	116325
232.666	0.25	0	1	116333
232.682	0.25	1	2	116341
232.7	0.25	1	2	116350
232.716	0.25	1	2	116358
232.732	0.25	1	2	116366
232.75	0.25	0	1	116375
232.766	0.25	0	1	116383
232.782	0.25	0	1	116391
232.8	0.25	0	1	116400
232.816	0.25	0	1	116408
232.832	0.25	0	1	116416
232.85	0.25	0	1	116425
232.866	0.25	0	1	116433
232.882	0.25	1	2	116441
232.9	0.25	1	2	116450
232.916	0.25	0	1	116458
232.932	0.25	0	1	116466
232.95	0.25	0	1	116475
232.966	0.25	0	1	116483
232.982	0.25	0	1	116491
233.0	0.25	0	1	116500
233.016	0.25	0	1	116508
233.032	0.25	0	1	116516
233.05	0.25	1	2	116525
233.066	0.25	1	2	116533
233.082	0.25	1	2	116541
233.1	0.25	1	2	116550
233.116	0.25	1	2	116558
233.132	0.25	1	2	116566
233.15	0.25	1	2	116575
233.166	0.25	1	2	116583
233.182	0.25	1	2	116591
233.2	0.25	1	2	116600
233.216	0.25	1	2	116608
233.232	0.25	1	2	116616
233.25	0.25	0	1	116625
233.266	0.25	0	1	116633
233.282	0.25	1	2	116641
233.3	0.25	1	2	116650
233.316	0.25	0	1	116658
233.332	0.25	0	1	116666
233.35	0.25	1	2	116675
233.366	0.25	1	2	116683
233.382	0.25	0	1	116691
233.4	0.25	0	1	116700
233.416	0.25	0	1	116708
233.432	0.25	0	1	116716
233.45	0.25	1	2	116725
233.466	0.25	1	2	116733
233.482	0.25	1	2	116741
233.5	0.25	1	2	116750
233.516	0.25	0	1	116758
233.532	0.25	0	1	116766
233.55	0.25	0	1	116775
238.25	0.25	1	2	119125
238.266	0.25	1	2	119133
238.282	0.25	1	2	119141
238.3	0.25	1	2	119150
238.316	0.25	0	1	119158
238.332	0.25	0	1	119166
238.35	0.25	1	2	119175
238.366	0.25	1	2	119183
238.382	0.25	1	2	119191
238.4	0.25	1	2	119200
238.416	0.25	0	1	119208
238.432	0.25	0	1	119216
238.45	0.25	1	2	119225
238.466	0.25	1	2	119233
238.482	0.25	1	2	119241
238.5	0.25	1	2	119250
238.516	0.25	0	1	119258
238.532	0.25	0	1	119266
238.55	0.25	1	2	119275
238.566	0.25	1	2	119283
238.582	0.25	1	2	119291
238.6	0.25	1	2	119300
238.616	0.25	0	1	119308
238.632	0.25	0	1	119316
238.65	0.25	0	1	119325
238.666	0.25	0	1	119333
238.682	0.25	0	1	119341
238.7	0.25	0	1	119350
238.716	0.25	1	2	119358
238.732	0.25	1	2	119366
238.75	0.25	1	2	119375
238.766	0.25	1	2	119383
238.782	0.25	1	2	119391
238.8	0.25	1	2	119400
238.816	0.25	0	1	119408
238.832	0.25	0	1	119416
238.85	0.25	0	1	119425
238.866	0.25	0	1	119433
238.882	0.25	0	1	119441
238.9	0.25	0	1	119450
238.916	0.25	1	2	119458
238.932	0.25	1	2	119466
238.95	0.25	1	2	119475
238.966	0.25	1	2	119483
238.982	0.25	1	2	119491
239.0	0.25	1	2	119500
239.016	0.25	1	2	119508
239.032	0.25	1	2	119516
239.05	0.25	1	2	119525
239.066	0.25	1	2	119533
239.082	0.25	0	1	119541
239.1	0.25	0	1	119550
239.116	0.25	0	1	119558
239.132	0.25	0	1	119566
239.15	0.25	1	2	119575
239.166	0.25	1	2	119583
239.182	0.25	0	1	119591
239.2	0.25	0	1	119600
239.216	0.25	1	2	119608
239.232	0.25	1	2	119616
239.25	0.25	0	1	119625
239.266	0.25	0	1	119633
239.282	0.25	0	1	119641
239.3	0.25	0	1	119650
239.316	0.25	1	2	119658
239.332	0.25	1	2	119666
239.35	0.25	1	2	119675
239.366	0.25	1	2	119683
239.382	0.25	0	1	119691
239.4	0.25	0	1	119700
239.416	0.25	0	1	119708
239.432	0.25	0	1	119716
239.45	0.25	0	1	119725
239.466	0.25	0	1	119733
239.482	0.25	0	1	119741
239.5	0.25	0	1	119750
239.516	0.25	1	2	119758
239.532	0.25	1	2	119766
239.55	0.25	0	1	119775
239.566	0.25	0	1	119783
239.582	0.25	0	1	119791
239.6	0.25	0	1	119800
239.616	0.25	0	1	119808
239.632	0.25	0	1	119816
239.65	0.25	0	1	119825
239.666	0.25	0	1	119833
239.682	0.25	1	2	119841
239.7	0.25	1	2	119850
239.716	0.25	1	2	119858
239.732	0.25	1	2	119866
239.75	0.25	1	2	119875
239.766	0.25	1	2	119883
239.782	0.25	1	2	119891
239.8	0.25	1	2	119900
239.816	0.25	1	2	119908
239.832	0.25	1	2	119916
239.85	0.25	1	2	119925
239.866	0.25	1	2	119933
239.882	0.25	0	1	119941
239.9	0.25	0	1	119950
239.916	0.25	1	2	119958
239.932	0.25	1	2	119966
239.95	0.25	0	1	119975
239.966	0.25	0	1	119983
239.982	0.25	1	2	119991
240.0	0.25	1	2	120000
240.016	0.25	0	1	120008
240.032	0.25	0	1	120016
240.05	0.25	0	1	120025
240.066	0.25	0	1	120033
240.082	0.25	1	2	120041
240.1	0.25	1	2	120050
240.116	0.25	1	2	120058
240.132	0.25	1	2	120066
240.15	0.25	0	1	120075
240.166	0.25	0	1	120083
240.182	0.25	0	1	120091
241.666	0.25	1	2	120833
241.682	0.25	1	2	120841
241.7	0.25	1	2	120850
241.716	0.25	1	2	120858
241.732	0.25	0	1	120866
241.75	0.25	0	1	120875
241.766	0.25	0	1	120883
241.782	0.25	0	1	120891
241.8	0.25	0	1	120900
241.816	0.25	0	1	120908
241.832	0.25	0	1	120916
241.85	0.25	0	1	120925
241.866	0.25	1	2	120933
241.882	0.25	1	2	120941
241.9	0.25	0	1	120950
241.916	0.25	0	1	120958
241.932	0.25	0	1	120966
241.95	0.25	0	1	120975
241.966	0.25	1	2	120983
241.982	0.25	1	2	120991
242.0	0.25	1	2	121000
242.016	0.25	1	2	121008
242.032	0.25	0	1	121016
242.05	0.25	0	1	121025
242.066	0.25	0	1	121033
242.082	0.25	0	1	121041
242.1	0.25	0	1	121050
242.116	0.25	0	1	121058
242.132	0.25	0	1	121066
242.15	0.25	0	1	121075
242.166	0.25	0	1	121083
242.182	0.25	0	1	121091
242.2	0.25	0	1	121100
242.216	0.25	0	1	121108
242.232	0.25	1	2	121116
242.25	0.25	1	2	121125
242.266	0.25	0	1	121133
242.282	0.25	0	1	121141
242.3	0.25	1	2	121150
242.316	0.25	1	2	121158
242.332	0.25	1	2	121166
242.35	0.25	1	2	121175
242.366	0.25	0	1	121183
242.382	0.25	0	1	121191
242.4	0.25	1	2	121200
242.416	0.25	1	2	121208
242.432	0.25	0	1	121216
242.45	0.25	0	1	121225
242.466	0.25	1	2	121233
242.482	0.25	1	2	121241
242.5	0.25	0	1	121250
242.516	0.25	0	1	121258
242.532	0.25	1	2	121266
242.55	0.25	1	2	121275
242.566	0.25	0	1	121283
242.582	0.25	0	1	121291
242.6	0.25	0	1	121300
242.616	0.25	0	1	121308
242.632	0.25	0	1	121316
242.65	0.25	0	1	121325
242.666	0.25	1	2	121333
242.682	0.25	1	2	121341
242.7	0.25	1	2	121350
242.716	0.25	1	2	121358
242.732	0.25	1	2	121366
242.75	0.25	1	2	121375
242.766	0.25	0	1	121383
242.782	0.25	0	1	121391
242.8	0.25	1	2	121400
242.816	0.25	1	2	121408
242.832	0.25	1	2	121416
242.85	0.25	1	2	121425
242.866	0.25	1	2	121433
242.882	0.25	1	2	121441
242.9	0.25	0	1	121450
242.916	0.25	0	1	121458
242.932	0.25	1	2	121466
242.95	0.25	1	2	121475
242.966	0.25	0	1	121483
242.982	0.25	0	1	121491
243.0	0.25	1	2	121500
243.016	0.25	1	2	121508
243.032	0.25	1	2	121516
243.05	0.25	1	2	121525
243.066	0.25	0	1	121533
243.082	0.25	0	1	121541
243.1	0.25	0	1	121550
243.116	0.25	0	1	121558
243.132	0.25	0	1	121566
243.15	0.25	0	1	121575
243.166	0.25	1	2	121583
243.182	0.25	1	2	121591
243.2	0.25	1	2	121600
243.216	0.25	1	2	121608
243.232	0.25	0	1	121616
243.25	0.25	0	1	121625
243.266	0.25	1	2	121633
243.282	0.25	1	2	121641
243.3	0.25	1	2	121650
243.316	0.25	1	2	121658
243.332	0.25	1	2	121666
243.35	0.25	1	2	121675
243.366	0.25	0	1	121683
243.382	0.25	0	1	121691
243.4	0.25	0	1	121700
243.416	0.25	0	1	121708
243.432	0.25	0	1	121716
243.45	0.25	0	1	121725
243.466	0.25	0	1	121733
243.482	0.25	0	1	121741
243.5	0.25	0	1	121750
243.516	0.25	0	1	121758
243.532	0.25	1	2	121766
243.55	0.25	1	2	121775
243.566	0.25	1	2	121783
243.582	0.25	1	2	121791
243.6	0.25	1	2	121800
245.082	0.25	1	2	122541
245.1	0.25	1	2	122550
245.116	0.25	1	2	122558
245.132	0.25	1	2	122566
245.15	0.25	1	2	122575
245.166	0.25	1	2	122583
245.182	0.25	1	2	122591
245.2	0.25	1	2	122600
245.216	0.25	1	2	122608
245.232	0.25	1	2	122616
245.25	0.25	1	2	122625
245.266	0.25	1	2	122633
245.282	0.25	1	2	122641
245.3	0.25	1	2	122650
245.316	0.25	0	1	122658
245.332	0.25	0	1	122666
245.35	0.25	0	1	122675
245.366	0.25	0	1	122683
245.382	0.25	1	2	122691
245.4	0.25	1	2	122700
245.416	0.25	1	2	122708
245.432	0.25	1	2	122716
245.45	0.25	0	1	122725
245.466	0.25	0	1	122733
245.482	0.25	0	1	122741
245.5	0.25	0	1	122750
245.516	0.25	1	2	122758
245.532	0.25	1	2	122766
245.55	0.25	1	2	122775
245.566	0.25	1	2	122783
245.582	0.25	0	1	122791
245.6	0.25	0	1	122800
245.616	0.25	0	1	122808
245.632	0.25	0	1	122816
245.65	0.25	1	2	122825
245.666	0.25	1	2	122833
245.682	0.25	0	1	122841
245.7	0.25	0	1	122850
245.716	0.25	1	2	122858
245.732	0.25	1	2	122866
245.75	0.25	1	2	122875
245.766	0.25	1	2	122883
245.782	0.25	0	1	122891
245.8	0.25	0	1	122900
245.816	0.25	1	2	122908
245.832	0.25	1	2	122916
245.85	0.25	0	1	122925
245.866	0.25	0	1	122933
245.882	0.25	0	1	122941
245.9	0.25	0	1	122950
245.916	0.25	1	2	122958
245.932	0.25	1	2	122966
245.95	0.25	0	1	122975
245.966	0.25	0	1	122983
245.982	0.25	1	2	122991
246.0	0.25	1	2	123000
246.016	0.25	1	2	123008
246.032	0.25	1	2	123016
246.05	0.25	1	2	123025
246.066	0.25	1	2	123033
246.082	0.25	0	1	123041
246.1	0.25	0	1	123050
246.116	0.25	0	1	123058
246.132	0.25	0	1	123066
246.15	0.25	0	1	123075
246.166	0.25	0	1	123083
246.182	0.25	1	2	123091
246.2	0.25	1	2	123100
246.216	0.25	0	1	123108
246.232	0.25	0	1	123116
246.25	0.25	1	2	123125
246.266	0.25	1	2	123133
246.282	0.25	1	2	123141
246.3	0.25	1	2	123150
246.316	0.25	1	2	123158
246.332	0.25	1	2	123166
246.35	0.25	0	1	123175
246.366	0.25	0	1	123183
246.382	0.25	0	1	123191
246.4	0.25	0	1	123200
246.416	0.25	1	2	123208
246.432	0.25	1	2	123216
246.45	0.25	0	1	123225
246.466	0.25	0	1	123233
246.482	0.25	1	2	123241
246.5	0.25	1	2	123250
246.516	0.25	0	1	123258
246.532	0.25	0	1	123266
246.55	0.25	0	1	123275
246.566	0.25	0	1	123283
246.582	0.25	0	1	123291
246.6	0.25	0	1	123300
246.616	0.25	1	2	123308
246.632	0.25	1	2	123316
246.65	0.25	1	2	123325
246.666	0.25	1	2	123333
246.682	0.25	0	1	123341
246.7	0.25	0	1	123350
246.716	0.25	1	2	123358
246.732	0.25	1	2	123366
246.75	0.25	0	1	123375
246.766	0.25	0	1	123383
246.782	0.25	0	1	123391
246.8	0.25	0	1	123400
246.816	0.25	0	1	123408
246.832	0.25	0	1	123416
246.85	0.25	1	2	123425
246.866	0.25	1	2	123433
246.882	0.25	0	1	123441
246.9	0.25	0	1	123450
246.916	0.25	1	2	123458
246.932	0.25	1	2	123466
246.95	0.25	0	1	123475
246.966	0.25	0	1	123483
246.982	0.25	0	1	123491
247.0	0.25	0	1	123500
247.016	0.25	1	2	123508
248.5	0.25	0	1	124250
248.516	0.25	0	1	124258
248.532	0.25	0	1	124266
248.55	0.25	0	1	124275
248.566	0.25	1	2	124283
248.582	0.25	1	2	124291
248.6	0.25	1	2	124300
248.616	0.25	1	2	124308
248.632	0.25	0	1	124316
248.65	0.25	0	1	124325
248.666	0.25	0	1	124333
248.682	0.25	0	1	124341
248.7	0.25	0	1	124350
248.716	0.25	0	1	124358
248.732	0.25	0	1	124366
248.75	0.25	0	1	124375
248.766	0.25	1	2	124383
248.782	0.25	1	2	124391
248.8	0.25	1	2	124400
248.816	0.25	1	2	124408
248.832	0.25	1	2	124416
248.85	0.25	1	2	124425
248.866	0.25	1	2	124433
248.882	0.25	1	2	124441
248.9	0.25	1	2	124450
248.916	0.25	1	2	124458
248.932	0.25	0	1	124466
248.95	0.25	0	1	124475
248.966	0.25	0	1	124483
248.982	0.25	0	1	124491
249.0	0.25	0	1	124500
249.016	0.25	0	1	124508
249.032	0.25	0	1	124516
249.05	0.25	0	1	124525
249.066	0.25	0	1	124533
249.082	0.25	0	1	124541
249.1	0.25	0	1	124550
249.116	0.25	0	1	124558
249.132	0.25	1	2	124566
249.15	0.25	1	2	124575
249.166	0.25	1	2	124583
249.182	0.25	1	2	124591
249.2	0.25	0	1	124600
249.216	0.25	0	1	124608
249.232	0.25	0	1	124616
249.25	0.25	0	1	124625
249.266	0.25	1	2	124633
249.282	0.25	1	2	124641
249.3	0.25	0	1	124650
249.316	0.25	0	1	124658
249.332	0.25	1	2	124666
249.35	0.25	1	2	124675
249.366	0.25	0	1	124683
249.382	0.25	0	1	124691
249.4	0.25	1	2	124700
249.416	0.25	1	2	124708
249.432	0.25	0	1	124716
249.45	0.25	0	1	124725
249.466	0.25	1	2	124733
249.482	0.25	1	2	124741
249.5	0.25	1	2	124750
249.516	0.25	1	2	124758
249.532	0.25	0	1	124766
249.55	0.25	0	1	124775
249.566	0.25	1	2	124783
249.582	0.25	1	2	124791
249.6	0.25	0	1	124800
249.616	0.25	0	1	124808
249.632	0.25	0	1	124816
249.65	0.25	0	1	124825
249.666	0.25	0	1	124833
249.682	0.25	0	1	124841
249.7	0.25	1	2	124850
249.716	0.25	1	2	124858
249.732	0.25	0	1	124866
249.75	0.25	0	1	124875
249.766	0.25	0	1	124883
249.782	0.25	0	1	124891
249.8	0.25	0	1	124900
249.816	0.25	0	1	124908
249.832	0.25	1	2	124916
249.85	0.25	1	2	124925
249.866	0.25	1	2	124933
249.882	0.25	1	2	124941
249.9	0.25	1	2	124950
249.916	0.25	1	2	124958
249.932	0.25	0	1	124966
249.95	0.25	0	1	124975
249.966	0.25	1	2	124983
249.982	0.25	1	2	124991
250.0	0.25	0	1	125000
250.016	0.25	0	1	125008
250.032	0.25	1	2	125016
250.05	0.25	1	2	125025
250.066	0.25	1	2	125033
250.082	0.25	1	2	125041
250.1	0.25	1	2	125050
250.116	0.25	1	2	125058
250.132	0.25	1	2	125066
250.15	0.25	1	2	125075
250.166	0.25	1	2	125083
250.182	0.25	1	2	125091
250.2	0.25	0	1	125100
250.216	0.25	0	1	125108
250.232	0.25	0	1	125116
250.25	0.25	0	1	125125
250.266	0.25	1	2	125133
250.282	0.25	1	2	125141
250.3	0.25	0	1	125150
250.316	0.25	0	1	125158
250.332	0.25	0	1	125166
250.35	0.25	0	1	125175
250.366	0.25	0	1	125183
250.382	0.25	0	1	125191
250.4	0.25	1	2	125200
250.416	0.25	1	2	125208
250.432	0.25	1	2	125216
252.766	0.25	1	2	126383
252.782	0.25	1	2	126391
252.8	0.25	1	2	126400
252.816	0.25	1	2	126408
252.832	0.25	1	2	126416
252.85	0.25	1	2	126425
252.866	0.25	1	2	126433
252.882	0.25	1	2	126441
252.9	0.25	1	2	126450
252.916	0.25	1	2	126458
252.932	0.25	1	2	126466
252.95	0.25	1	2	126475
252.966	0.25	1	2	126483
252.982	0.25	1	2	126491
253.0	0.25	0	1	126500
253.016	0.25	0	1	126508
253.032	0.25	0	1	126516
253.05	0.25	0	1	126525
253.066	0.25	1	2	126533
253.082	0.25	1	2	126541
253.1	0.25	1	2	126550
253.116	0.25	1	2	126558
253.132	0.25	0	1	126566
253.15	0.25	0	1	126575
253.166	0.25	0	1	126583
253.182	0.25	0	1	126591
253.2	0.25	1	2	126600
253.216	0.25	1	2	126608
253.232	0.25	1	2	126616
253.25	0.25	1	2	126625
253.266	0.25	0	1	126633
253.282	0.25	0	1	126641
253.3	0.25	0	1	126650
253.316	0.25	0	1	126658
253.332	0.25	1	2	126666
253.35	0.25	1	2	126675
253.366	0.25	0	1	126683
253.382	0.25	0	1	126691
253.4	0.25	1	2	126700
253.416	0.25	1	2	126708
253.432	0.25	1	2	126716
253.45	0.25	1	2	126725
253.466	0.25	0	1	126733
253.482	0.25	0	1	126741
253.5	0.25	1	2	126750
253.516	0.25	1	2	126758
253.532	0.25	0	1	126766
253.55	0.25	0	1	126775
253.566	0.25	0	1	126783
253.582	0.25	0	1	126791
253.6	0.25	1	2	126800
253.616	0.25	1	2	126808
253.632	0.25	0	1	126816
253.65	0.25	0	1	126825
253.666	0.25	1	2	126833
253.682	0.25	1	2	126841
253.7	0.25	1	2	126850
253.716	0.25	1	2	126858
253.732	0.25	1	2	126866
253.75	0.25	1	2	126875
253.766	0.25	0	1	126883
253.782	0.25	0	1	126891
253.8	0.25	0	1	126900
253.816	0.25	0	1	126908
253.832	0.25	0	1	126916
253.85	0.25	0	1	126925
253.866	0.25	1	2	126933
253.882	0.25	1	2	126941
253.9	0.25	0	1	126950
253.916	0.25	0	1	126958
253.932	0.25	1	2	126966
253.95	0.25	1	2	126975
253.966	0.25	1	2	126983
253.982	0.25	1	2	126991
254.0	0.25	1	2	127000
254.016	0.25	1	2	127008
254.032	0.25	0	1	127016
254.05	0.25	0	1	127025
254.066	0.25	0	1	127033
254.082	0.25	0	1	127041
254.1	0.25	1	2	127050
254.116	0.25	1	2	127058
254.132	0.25	0	1	127066
254.15	0.25	0	1	127075
254.166	0.25	1	2	127083
254.182	0.25	1	2	127091
254.2	0.25	0	1	127100
254.216	0.25	0	1	127108
254.232	0.25	0	1	127116
254.25	0.25	0	1	127125
254.266	0.25	0	1	127133
254.282	0.25	0	1	127141
254.3	0.25	1	2	127150
254.316	0.25	1	2	127158
254.332	0.25	1	2	127166
254.35	0.25	1	2	127175
254.366	0.25	0	1	127183
254.382	0.25	0	1	127191
254.4	0.25	1	2	127200
254.416	0.25	1	2	127208
254.432	0.25	0	1	127216
254.45	0.25	0	1	127225
254.466	0.25	0	1	127233
254.482	0.25	0	1	127241
254.5	0.25	0	1	127250
254.516	0.25	0	1	127258
254.532	0.25	1	2	127266
254.55	0.25	1	2	127275
254.566	0.25	0	1	127283
254.582	0.25	0	1	127291
254.6	0.25	1	2	127300
254.616	0.25	1	2	127308
254.632	0.25	0	1	127316
254.65	0.25	0	1	127325
254.666	0.25	0	1	127333
254.682	0.25	0	1	127341
254.7	0.25	1	2	127350
256.182	0.25	0	1	128091
256.2	0.25	0	1	128100
256.216	0.25	0	1	128108
256.232	0.25	0	1	128116
256.25	0.25	1	2	128125
256.266	0.25	1	2	128133
256.282	0.25	1	2	128141
256.3	0.25	1	2	128150
256.316	0.25	0	1	128158
256.332	0.25	0	1	128166
256.35	0.25	0	1	128175
256.366	0.25	0	1	128183
256.382	0.25	0	1	128191
256.398	0.25	0	1	128199
256.416	0.25	0	1	128208
256.432	0.25	0	1	128216
256.45	0.25	1	2	128225
256.466	0.25	1	2	128233
256.482	0.25	1	2	128241
256.5	0.25	1	2	128250
256.516	0.25	1	2	128258
256.532	0.25	1	2	128266
256.55	0.25	1	2	128275
256.566	0.25	1	2	128283
256.582	0.25	1	2	128291
256.6	0.25	1	2	128300
256.616	0.25	0	1	128308
256.632	0.25	0	1	128316
256.648	0.25	0	1	128324
256.666	0.25	0	1	128333
256.682	0.25	0	1	128341
256.7	0.25	0	1	128350
256.716	0.25	0	1	128358
256.732	0.25	0	1	128366
256.75	0.25	0	1	128375
256.766	0.25	0	1	128383
256.782	0.25	0	1	128391
256.8	0.25	0	1	128400
256.816	0.25	1	2	128408
256.832	0.25	1	2	128416
256.85	0.25	1	2	128425
256.866	0.25	1	2	128433
256.882	0.25	0	1	128441
256.898	0.25	0	1	128449
256.916	0.25	0	1	128458
256.932	0.25	0	1	128466
256.95	0.25	1	2	128475
256.966	0.25	1	2	128483
256.982	0.25	0	1	128491
257.0	0.25	0	1	128500
257.016	0.25	1	2	128508
257.032	0.25	1	2	128516
257.05	0.25	0	1	128525
257.066	0.25	0	1	128533
257.082	0.25	1	2	128541
257.1	0.25	1	2	128550
257.116	0.25	0	1	128558
257.132	0.25	0	1	128566
257.148	0.25	1	2	128574
257.166	0.25	1	2	128583
257.182	0.25	1	2	128591
257.2	0.25	1	2	128600
257.216	0.25	0	1	128608
257.232	0.25	0	1	128616
257.25	0.25	1	2	128625
257.266	0.25	1	2	128633
257.282	0.25	0	1	128641
257.3	0.25	0	1	128650
257.316	0.25	0	1	128658
257.332	0.25	0	1	128666
257.35	0.25	0	1	128675
257.366	0.25	0	1	128683
257.382	0.25	1	2	128691
257.398	0.25	1	2	128699
257.416	0.25	0	1	128708
257.432	0.25	0	1	128716
257.45	0.25	0	1	128725
257.466	0.25	0	1	128733
257.482	0.25	0	1	128741
257.5	0.25	0	1	128750
257.516	0.25	1	2	128758
257.532	0.25	1	2	128766
257.55	0.25	1	2	128775
257.566	0.25	1	2	128783
257.582	0.25	1	2	128791
257.6	0.25	1	2	128800
257.616	0.25	0	1	128808
257.632	0.25	0	1	128816
257.648	0.25	1	2	128824
257.666	0.25	1	2	128833
257.682	0.25	0	1	128841
257.7	0.25	0	1	128850
257.716	0.25	1	2	128858
257.732	0.25	1	2	128866
257.75	0.25	1	2	128875
257.766	0.25	1	2	128883
257.782	0.25	1	2	128891
257.8	0.25	1	2	128900
257.816	0.25	1	2	128908
257.832	0.25	1	2	128916
257.85	0.25	1	2	128925
257.866	0.25	1	2	128933
257.882	0.25	0	1	128941
257.898	0.25	0	1	128949
257.916	0.25	0	1	128958
257.932	0.25	0	1	128966
257.95	0.25	1	2	128975
257.966	0.25	1	2	128983
257.982	0.25	0	1	128991
258.0	0.25	0	1	129000
258.016	0.25	0	1	129008
258.032	0.25	0	1	129016
258.05	0.25	0	1	129025
258.066	0.25	0	1	129033
258.082	0.25	1	2	129041
258.1	0.25	1	2	129050
258.116	0.25	1	2	129058
259.6	0.25	1	2	129800
259.616	0.25	1	2	129808
259.632	0.25	1	2	129816
259.648	0.25	1	2	129824
259.666	0.25	0	1	129833
259.682	0.25	0	1	129841
259.7	0.25	1	2	129850
259.716	0.25	1	2	129858
259.732	0.25	1	2	129866
259.75	0.25	1	2	129875
259.766	0.25	0	1	129883
259.782	0.25	0	1	129891
259.8	0.25	1	2	129900
259.816	0.25	1	2	129908
259.832	0.25	1	2	129916
259.85	0.25	1	2	129925
259.866	0.25	0	1	129933
259.882	0.25	0	1	129941
259.898	0.25	1	2	129949
259.916	0.25	1	2	129958
259.932	0.25	1	2	129966
259.95	0.25	1	2	129975
259.966	0.25	0	1	129983
259.982	0.25	0	1	129991
260.0	0.25	0	1	130000
260.016	0.25	0	1	130008
260.032	0.25	0	1	130016
260.05	0.25	0	1	130025
260.066	0.25	1	2	130033
260.082	0.25	1	2	130041
260.1	0.25	1	2	130050
260.116	0.25	1	2	130058
260.132	0.25	1	2	130066
260.148	0.25	1	2	130074
260.166	0.25	0	1	130083
260.182	0.25	0	1	130091
260.2	0.25	0	1	130100
260.216	0.25	0	1	130108
260.232	0.25	0	1	130116
260.25	0.25	0	1	130125
260.266	0.25	1	2	130133
260.282	0.25	1	2	130141
260.3	0.25	1	2	130150
260.316	0.25	1	2	130158
260.332	0.25	1	2	130166
260.35	0.25	1	2	130175
260.366	0.25	1	2	130183
260.382	0.25	1	2	130191
260.398	0.25	1	2	130199
260.416	0.25	1	2	130208
260.432	0.25	0	1	130216
260.45	0.25	0	1	130225
260.466	0.25	0	1	130233
260.482	0.25	0	1	130241
260.5	0.25	1	2	130250
260.516	0.25	1	2	130258
260.532	0.25	0	1	130266
260.55	0.25	0	1	130275
260.566	0.25	1	2	130283
260.582	0.25	1	2	130291
260.6	0.25	0	1	130300
260.616	0.25	0	1	130308
260.632	0.25	0	1	130316
260.648	0.25	0	1	130324
260.666	0.25	1	2	130333
260.682	0.25	1	2	130341
260.7	0.25	1	2	130350
260.716	0.25	1	2	130358
260.732	0.25	0	1	130366
260.75	0.25	0	1	130375
260.766	0.25	0	1	130383
260.782	0.25	0	1	130391
260.8	0.25	0	1	130400
260.816	0.25	0	1	130408
260.832	0.25	0	1	130416
260.85	0.25	0	1	130425
260.866	0.25	1	2	130433
260.882	0.25	1	2	130441
260.898	0.25	0	1	130449
260.916	0.25	0	1	130458
260.932	0.25	0	1	130466
260.95	0.25	0	1	130475
260.966	0.25	0	1	130483
260.982	0.25	0	1	130491
261.0	0.25	0	1	130500
261.016	0.25	0	1	130508
261.032	0.25	1	2	130516
261.05	0.25	1	2	130525
261.066	0.25	1	2	130533
261.082	0.25	1	2	130541
261.1	0.25	1	2	130550
261.116	0.25	1	2	130558
261.132	0.25	1	2	130566
261.148	0.25	1	2	130574
261.166	0.25	1	2	130583
261.182	0.25	1	2	130591
261.2	0.25	1	2	130600
261.216	0.25	1	2	130608
261.232	0.25	0	1	130616
261.25	0.25	0	1	130625
261.266	0.25	1	2	130633
261.282	0.25	1	2	130641
261.3	0.25	0	1	130650
261.316	0.25	0	1	130658
261.332	0.25	1	2	130666
261.35	0.25	1	2	130675
261.366	0.25	0	1	130683
261.382	0.25	0	1	130691
261.398	0.25	0	1	130699
261.416	0.25	0	1	130708
261.432	0.25	1	2	130716
261.45	0.25	1	2	130725
261.466	0.25	1	2	130733
261.482	0.25	1	2	130741
261.5	0.25	0	1	130750
261.516	0.25	0	1	130758
261.532	0.25	0	1	130766
263.016	0.25	1	2	131508
263.032	0.25	1	2	131516
263.05	0.25	1	2	131525
263.066	0.25	1	2	131533
263.082	0.25	0	1	131541
263.1	0.25	0	1	131550
263.116	0.25	0	1	131558
263.132	0.25	0	1	131566
263.15	0.25	0	1	131575
263.166	0.25	0	1	131583
263.182	0.25	0	1	131591
263.2	0.25	0	1	131600
263.216	0.25	1	2	131608
263.232	0.25	1	2	131616
263.25	0.25	0	1	131625
263.266	0.25	0	1	131633
263.282	0.25	0	1	131641
263.3	0.25	0	1	131650
263.316	0.25	1	2	131658
263.332	0.25	1	2	131666
263.35	0.25	1	2	131675
263.366	0.25	1	2	131683
263.382	0.25	0	1	131691
263.4	0.25	0	1	131700
263.416	0.25	0	1	131708
263.432	0.25	0	1	131716
263.45	0.25	0	1	131725
263.466	0.25	0	1	131733
263.482	0.25	0	1	131741
263.5	0.25	0	1	131750
263.516	0.25	0	1	131758
263.532	0.25	0	1	131766
263.55	0.25	0	1	131775
263.566	0.25	0	1	131783
263.582	0.25	1	2	131791
263.6	0.25	1	2	131800
263.616	0.25	0	1	131808
263.632	0.25	0	1	131816
263.65	0.25	1	2	131825
263.666	0.25	1	2	131833
263.682	0.25	1	2	131841
263.7	0.25	1	2	131850
263.716	0.25	0	1	131858
263.732	0.25	0	1	131866
263.75	0.25	1	2	131875
263.766	0.25	1	2	131883
263.782	0.25	0	1	131891
263.8	0.25	0	1	131900
263.816	0.25	1	2	131908
263.832	0.25	1	2	131916
263.85	0.25	0	1	131925
263.866	0.25	0	1	131933
263.882	0.25	1	2	131941
263.9	0.25	1	2	131950
263.916	0.25	0	1	131958
263.932	0.25	0	1	131966
263.95	0.25	0	1	131975
263.966	0.25	0	1	131983
263.982	0.25	0	1	131991
264.0	0.25	0	1	132000
264.016	0.25	1	2	132008
264.032	0.25	1	2	132016
264.05	0.25	1	2	132025
264.066	0.25	1	2	132033
264.082	0.25	1	2	132041
264.1	0.25	1	2	132050
264.116	0.25	0	1	132058
264.132	0.25	0	1	132066
264.15	0.25	1	2	132075
264.166	0.25	1	2	132083
264.182	0.25	1	2	132091
264.2	0.25	1	2	132100
264.216	0.25	1	2	132108
264.232	0.25	1	2	132116
264.25	0.25	0	1	132125
264.266	0.25	0	1	132133
264.282	0.25	1	2	132141
264.3	0.25	1	2	132150
264.316	0.25	0	1	132158
264.332	0.25	0	1	132166
264.35	0.25	1	2	132175
264.366	0.25	1	2	132183
264.382	0.25	1	2	132191
264.4	0.25	1	2	132200
264.416	0.25	0	1	132208
264.432	0.25	0	1	132216
264.45	0.25	0	1	132225
264.466	0.25	0	1	132233
264.482	0.25	0	1	132241
264.5	0.25	0	1	132250
264.516	0.25	1	2	132258
264.532	0.25	1	2	132266
264.55	0.25	1	2	132275
264.566	0.25	1	2	132283
264.582	0.25	0	1	132291
264.6	0.25	0	1	132300
264.616	0.25	1	2	132308
264.632	0.25	1	2	132316
264.65	0.25	1	2	132325
264.666	0.25	1	2	132333
264.682	0.25	1	2	132341
264.7	0.25	1	2	132350
264.716	0.25	0	1	132358
264.732	0.25	0	1	132366
264.75	0.25	0	1	132375
264.766	0.25	0	1	132383
264.782	0.25	0	1	132391
264.8	0.25	0	1	132400
264.816	0.25	0	1	132408
264.832	0.25	0	1	132416
264.85	0.25	0	1	132425
264.866	0.25	0	1	132433
264.882	0.25	1	2	132441
264.9	0.25	1	2	132450
264.916	0.25	1	2	132458
264.932	0.25	1	2	132466
264.95	0.25	1	2	132475
267.45	0.25	1	2	133725
267.466	0.25	1	2	133733
267.482	0.25	1	2	133741
267.5	0.25	1	2	133750
267.516	0.25	1	2	133758
267.532	0.25	1	2	133766
267.55	0.25	1	2	133775
267.566	0.25	1	2	133783
267.582	0.25	1	2	133791
267.6	0.25	1	2	133800
267.616	0.25	1	2	133808
267.632	0.25	1	2	133816
267.65	0.25	1	2	133825
267.666	0.25	1	2	133833
267.682	0.25	0	1	133841
267.7	0.25	0	1	133850
267.716	0.25	0	1	133858
267.732	0.25	0	1	133866
267.75	0.25	1	2	133875
267.766	0.25	1	2	133883
267.782	0.25	1	2	133891
267.8	0.25	1	2	133900
267.816	0.25	0	1	133908
267.832	0.25	0	1	133916
267.85	0.25	0	1	133925
267.866	0.25	0	1	133933
267.882	0.25	1	2	133941
267.9	0.25	1	2	133950
267.916	0.25	1	2	133958
267.932	0.25	1	2	133966
267.95	0.25	0	1	133975
267.966	0.25	0	1	133983
267.982	0.25	0	1	133991
268.0	0.25	0	1	134000
268.016	0.25	1	2	134008
268.032	0.25	1	2	134016
268.05	0.25	0	1	134025
268.066	0.25	0	1	134033
268.082	0.25	1	2	134041
268.1	0.25	1	2	134050
268.116	0.25	1	2	134058
268.132	0.25	1	2	134066
268.15	0.25	0	1	134075
268.166	0.25	0	1	134083
268.182	0.25	1	2	134091
268.2	0.25	1	2	134100
268.216	0.25	0	1	134108
268.232	0.25	0	1	134116
268.25	0.25	0	1	134125
268.266	0.25	0	1	134133
268.282	0.25	1	2	134141
268.3	0.25	1	2	134150
268.316	0.25	0	1	134158
268.332	0.25	0	1	134166
268.35	0.25	1	2	134175
268.366	0.25	1	2	134183
268.382	0.25	1	2	134191
268.4	0.25	1	2	134200
268.416	0.25	1	2	134208
268.432	0.25	1	2	134216
268.45	0.25	0	1	134225
268.466	0.25	0	1	134233
268.482	0.25	0	1	134241
268.5	0.25	0	1	134250
268.516	0.25	0	1	134258
268.532	0.25	0	1	134266
268.55	0.25	1	2	134275
268.566	0.25	1	2	134283
268.582	0.25	0	1	134291
268.6	0.25	0	1	134300
268.616	0.25	1	2	134308
268.632	0.25	1	2	134316
268.65	0.25	1	2	134325
268.666	0.25	1	2	134333
268.682	0.25	1	2	134341
268.7	0.25	1	2	134350
268.716	0.25	0	1	134358
268.732	0.25	0	1	134366
268.75	0.25	0	1	134375
268.766	0.25	0	1	134383
268.782	0.25	1	2	134391
268.8	0.25	1	2	134400
268.816	0.25	0	1	134408
268.832	0.25	0	1	134416
268.85	0.25	1	2	134425
268.866	0.25	1	2	134433
268.882	0.25	0	1	134441
268.9	0.25	0	1	134450
268.916	0.25	0	1	134458
268.932	0.25	0	1	134466
268.95	0.25	0	1	134475
268.966	0.25	0	1	134483
268.982	0.25	1	2	134491
269.0	0.25	1	2	134500
269.016	0.25	1	2	134508
269.032	0.25	1	2	134516
269.05	0.25	0	1	134525
269.066	0.25	0	1	134533
269.082	0.25	1	2	134541
269.1	0.25	1	2	134550
269.116	0.25	0	1	134558
269.132	0.25	0	1	134566
269.15	0.25	0	1	134575
269.166	0.25	0	1	134583
269.182	0.25	0	1	134591
269.2	0.25	0	1	134600
269.216	0.25	1	2	134608
269.232	0.25	1	2	134616
269.25	0.25	0	1	134625
269.266	0.25	0	1	134633
269.282	0.25	1	2	134641
269.3	0.25	1	2	134650
269.316	0.25	0	1	134658
269.332	0.25	0	1	134666
269.35	0.25	0	1	134675
269.366	0.25	0	1	134683
269.382	0.25	1	2	134691
270.866	0.25	1	2	135433
270.882	0.25	1	2	135441
270.9	0.25	1	2	135450
270.916	0.25	1	2	135458
270.932	0.25	0	1	135466
270.95	0.25	0	1	135475
270.966	0.25	1	2	135483
270.982	0.25	1	2	135491
271.0	0.25	1	2	135500
271.016	0.25	1	2	135508
271.032	0.25	0	1	135516
271.05	0.25	0	1	135525
271.066	0.25	1	2	135533
271.082	0.25	1	2	135541
271.1	0.25	1	2	135550
271.116	0.25	1	2	135558
271.132	0.25	0	1	135566
271.15	0.25	0	1	135575
271.166	0.25	1	2	135583
271.182	0.25	1	2	135591
271.2	0.25	1	2	135600
271.216	0.25	1	2	135608
271.232	0.25	0	1	135616
271.25	0.25	0	1	135625
271.266	0.25	0	1	135633
271.282	0.25	0	1	135641
271.3	0.25	0	1	135650
271.316	0.25	0	1	135658
271.332	0.25	1	2	135666
271.35	0.25	1	2	135675
271.366	0.25	1	2	135683
271.382	0.25	1	2	135691
271.4	0.25	1	2	135700
271.416	0.25	1	2	135708
271.432	0.25	0	1	135716
271.45	0.25	0	1	135725
271.466	0.25	0	1	135733
271.482	0.25	0	1	135741
271.5	0.25	0	1	135750
271.516	0.25	0	1	135758
271.532	0.25	1	2	135766
271.55	0.25	1	2	135775
271.566	0.25	1	2	135783
271.582	0.25	1	2	135791
271.6	0.25	1	2	135800
271.616	0.25	1	2	135808
271.632	0.25	1	2	135816
271.65	0.25	1	2	135825
271.666	0.25	1	2	135833
271.682	0.25	1	2	135841
271.7	0.25	0	1	135850
271.716	0.25	0	1	135858
271.732	0.25	0	1	135866
271.75	0.25	0	1	135875
271.766	0.25	1	2	135883
271.782	0.25	1	2	135891
271.8	0.25	0	1	135900
271.816	0.25	0	1	135908
271.832	0.25	1	2	135916
271.85	0.25	1	2	135925
271.866	0.25	0	1	135933
271.882	0.25	0	1	135941
271.9	0.25	0	1	135950
271.916	0.25	0	1	135958
271.932	0.25	1	2	135966
271.95	0.25	1	2	135975
271.966	0.25	1	2	135983
271.982	0.25	1	2	135991
272.0	0.25	0	1	136000
272.016	0.25	0	1	136008
272.032	0.25	0	1	136016
272.05	0.25	0	1	136025
272.066	0.25	0	1	136033
272.082	0.25	0	1	136041
272.1	0.25	0	1	136050
272.116	0.25	0	1	136058
272.132	0.25	1	2	136066
272.15	0.25	1	2	136075
272.166	0.25	0	1	136083
272.182	0.25	0	1	136091
272.2	0.25	0	1	136100
272.216	0.25	0	1	136108
272.232	0.25	0	1	136116
272.25	0.25	0	1	136125
272.266	0.25	0	1	136133
272.282	0.25	0	1	136141
272.3	0.25	1	2	136150
272.316	0.25	1	2	136158
272.332	0.25	1	2	136166
272.35	0.25	1	2	136175
272.366	0.25	1	2	136183
272.382	0.25	1	2	136191
272.4	0.25	1	2	136200
272.416	0.25	1	2	136208
272.432	0.25	1	2	136216
272.45	0.25	1	2	136225
272.466	0.25	1	2	136233
272.482	0.25	1	2	136241
272.5	0.25	0	1	136250
272.516	0.25	0	1	136258
272.532	0.25	1	2	136266
272.55	0.25	1	2	136275
272.566	0.25	0	1	136283
272.582	0.25	0	1	136291
272.6	0.25	1	2	136300
272.616	0.25	1	2	136308
272.632	0.25	0	1	136316
272.65	0.25	0	1	136325
272.666	0.25	0	1	136333
272.682	0.25	0	1	136341
272.7	0.25	1	2	136350
272.716	0.25	1	2	136358
272.732	0.25	1	2	136366
272.75	0.25	1	2	136375
272.766	0.25	0	1	136383
272.782	0.25	0	1	136391
272.8	0.25	0	1	136400
274.282	0.25	1	2	137141
274.3	0.25	1	2	137150
274.316	0.25	1	2	137158
274.332	0.25	1	2	137166
274.35	0.25	0	1	137175
274.366	0.25	0	1	137183
274.382	0.25	0	1	137191
274.4	0.25	0	1	137200
274.416	0.25	0	1	137208
274.432	0.25	0	1	137216
274.45	0.25	0	1	137225
274.466	0.25	0	1	137233
274.482	0.25	1	2	137241
274.5	0.25	1	2	137250
274.516	0.25	0	1	137258
274.532	0.25	0	1	137266
274.55	0.25	0	1	137275
274.566	0.25	0	1	137283
274.582	0.25	1	2	137291
274.6	0.25	1	2	137300
274.616	0.25	1	2	137308
274.632	0.25	1	2	137316
274.65	0.25	0	1	137325
274.666	0.25	0	1	137333
274.682	0.25	0	1	137341
274.7	0.25	0	1	137350
274.716	0.25	0	1	137358
274.732	0.25	0	1	137366
274.75	0.25	0	1	137375
274.766	0.25	0	1	137383
274.782	0.25	0	1	137391
274.8	0.25	0	1	137400
274.816	0.25	0	1	137408
274.832	0.25	0	1	137416
274.85	0.25	1	2	137425
274.866	0.25	1	2	137433
274.882	0.25	0	1	137441
274.9	0.25	0	1	137450
274.916	0.25	1	2	137458
274.932	0.25	1	2	137466
274.95	0.25	1	2	137475
274.966	0.25	1	2	137483
274.982	0.25	0	1	137491
275.0	0.25	0	1	137500
275.016	0.25	1	2	137508
275.032	0.25	1	2	137516
275.05	0.25	0	1	137525
275.066	0.25	0	1	137533
275.082	0.25	1	2	137541
275.1	0.25	1	2	137550
275.116	0.25	0	1	137558
275.132	0.25	0	1	137566
275.15	0.25	1	2	137575
275.166	0.25	1	2	137583
275.182	0.25	0	1	137591
275.2	0.25	0	1	137600
275.216	0.25	0	1	137608
275.232	0.25	0	1	137616
275.25	0.25	0	1	137625
275.266	0.25	0	1	137633
275.282	0.25	1	2	137641
275.3	0.25	1	2	137650
275.316	0.25	1	2	137658
275.332	0.25	1	2	137666
275.35	0.25	1	2	137675
275.366	0.25	1	2	137683
275.382	0.25	0	1	137691
275.4	0.25	0	1	137700
275.416	0.25	1	2	137708
275.432	0.25	1	2	137716
275.45	0.25	1	2	137725
275.466	0.25	1	2	137733
275.482	0.25	1	2	137741
275.5	0.25	1	2	137750
275.516	0.25	0	1	137758
275.532	0.25	0	1	137766
275.55	0.25	1	2	137775
275.566	0.25	1	2	137783
275.582	0.25	0	1	137791
275.6	0.25	0	1	137800
275.616	0.25	1	2	137808
275.632	0.25	1	2	137816
275.65	0.25	1	2	137825
275.666	0.25	1	2	137833
275.682	0.25	0	1	137841
275.7	0.25	0	1	137850
275.716	0.25	0	1	137858
275.732	0.25	0	1	137866
275.75	0.25	0	1	137875
275.766	0.25	0	1	137883
275.782	0.25	1	2	137891
275.8	0.25	1	2	137900
275.816	0.25	1	2	137908
275.832	0.25	1	2	137916
275.85	0.25	0	1	137925
275.866	0.25	0	1	137933
275.882	0.25	1	2	137941
275.9	0.25	1	2	137950
275.916	0.25	1	2	137958
275.932	0.25	1	2	137966
275.95	0.25	1	2	137975
275.966	0.25	1	2	137983
275.982	0.25	0	1	137991
276.0	0.25	0	1	138000
276.016	0.25	0	1	138008
276.032	0.25	0	1	138016
276.05	0.25	0	1	138025
276.066	0.25	0	1	138033
276.082	0.25	0	1	138041
276.1	0.25	0	1	138050
276.116	0.25	0	1	138058
276.132	0.25	0	1	138066
276.15	0.25	1	2	138075
276.166	0.25	1	2	138083
276.182	0.25	1	2	138091
276.2	0.25	1	2	138100
276.216	0.25	1	2	138108
277.7	0.25	0	1	138850
277.716	0.25	0	1	138858
277.732	0.25	0	1	138866
277.75	0.25	0	1	138875
277.766	0.25	1	2	138883
277.782	0.25	1	2	138891
277.8	0.25	1	2	138900
277.816	0.25	1	2	138908
277.832	0.25	0	1	138916
277.85	0.25	0	1	138925
277.866	0.25	0	1	138933
277.882	0.25	0	1	138941
277.9	0.25	0	1	138950
277.916	0.25	0	1	138958
277.932	0.25	0	1	138966
277.95	0.25	0	1	138975
277.966	0.25	1	2	138983
277.982	0.25	1	2	138991
278.0	0.25	1	2	139000
278.016	0.25	1	2	139008
278.032	0.25	1	2	139016
278.05	0.25	1	2	139025
278.066	0.25	1	2	139033
278.082	0.25	1	2	139041
278.1	0.25	1	2	139050
278.116	0.25	1	2	139058
278.132	0.25	0	1	139066
278.15	0.25	0	1	139075
278.166	0.25	0	1	139083
278.182	0.25	0	1	139091
278.2	0.25	0	1	139100
278.216	0.25	0	1	139108
278.232	0.25	0	1	139116
278.25	0.25	0	1	139125
278.266	0.25	0	1	139133
278.282	0.25	0	1	139141
278.3	0.25	0	1	139150
278.316	0.25	0	1	139158
278.332	0.25	1	2	139166
278.35	0.25	1	2	139175
278.366	0.25	1	2	139183
278.382	0.25	1	2	139191
278.4	0.25	0	1	139200
278.416	0.25	0	1	139208
278.432	0.25	0	1	139216
278.45	0.25	0	1	139225
278.466	0.25	1	2	139233
278.482	0.25	1	2	139241
278.5	0.25	0	1	139250
278.516	0.25	0	1	139258
278.532	0.25	1	2	139266
278.55	0.25	1	2	139275
278.566	0.25	0	1	139283
278.582	0.25	0	1	139291
278.6	0.25	1	2	139300
278.616	0.25	1	2	139308
278.632	0.25	0	1	139316
278.65	0.25	0	1	139325
278.666	0.25	1	2	139333
278.682	0.25	1	2	139341
278.7	0.25	1	2	139350
278.716	0.25	1	2	139358
278.732	0.25	0	1	139366
278.75	0.25	0	1	139375
278.766	0.25	1	2	139383
278.782	0.25	1	2	139391
278.8	0.25	0	1	139400
278.816	0.25	0	1	139408
278.832	0.25	0	1	139416
278.85	0.25	0	1	139425
278.866	0.25	0	1	139433
278.882	0.25	0	1	139441
278.9	0.25	1	2	139450
278.916	0.25	1	2	139458
278.932	0.25	0	1	139466
278.95	0.25	0	1	139475
278.966	0.25	0	1	139483
278.982	0.25	0	1	139491
279.0	0.25	0	1	139500
279.016	0.25	0	1	139508
279.032	0.25	1	2	139516
279.05	0.25	1	2	139525
279.066	0.25	1	2	139533
279.082	0.25	1	2	139541
279.1	0.25	1	2	139550
279.116	0.25	1	2	139558
279.132	0.25	0	1	139566
279.15	0.25	0	1	139575
279.166	0.25	1	2	139583
279.182	0.25	1	2	139591
279.2	0.25	0	1	139600
279.216	0.25	0	1	139608
279.232	0.25	1	2	139616
279.25	0.25	1	2	139625
279.266	0.25	1	2	139633
279.282	0.25	1	2	139641
279.3	0.25	1	2	139650
279.316	0.25	1	2	139658
279.332	0.25	1	2	139666
279.35	0.25	1	2	139675
279.366	0.25	1	2	139683
279.382	0.25	1	2	139691
279.4	0.25	0	1	139700
279.416	0.25	0	1	139708
279.432	0.25	0	1	139716
279.45	0.25	0	1	139725
279.466	0.25	1	2	139733
279.482	0.25	1	2	139741
279.5	0.25	0	1	139750
279.516	0.25	0	1	139758
279.532	0.25	0	1	139766
279.55	0.25	0	1	139775
279.566	0.25	0	1	139783
279.582	0.25	0	1	139791
279.6	0.25	1	2	139800
279.616	0.25	1	2	139808
279.632	0.25	1	2	139816
