onset	duration	trial_type	value	sample
9.282	n/a	1	2	4641
9.3	n/a	1	2	4650
9.316	n/a	1	2	4658
9.332	n/a	1	2	4666
9.35	n/a	0	1	4675
9.366	n/a	0	1	4683
9.382	n/a	0	1	4691
9.4	n/a	0	1	4700
9.416	n/a	0	1	4708
9.432	n/a	0	1	4716
9.45	n/a	0	1	4725
9.466	n/a	0	1	4733
9.482	n/a	1	2	4741
9.5	n/a	1	2	4750
9.516	n/a	0	1	4758
9.532	n/a	0	1	4766
9.55	n/a	0	1	4775
9.566	n/a	0	1	4783
9.582	n/a	1	2	4791
9.6	n/a	1	2	4800
9.616	n/a	1	2	4808
9.632	n/a	1	2	4816
9.65	n/a	0	1	4825
9.666	n/a	0	1	4833
9.682	n/a	0	1	4841
9.7	n/a	0	1	4850
9.716	n/a	0	1	4858
9.732	n/a	0	1	4866
9.75	n/a	0	1	4875
9.766	n/a	0	1	4883
9.782	n/a	0	1	4891
9.8	n/a	0	1	4900
9.816	n/a	0	1	4908
9.832	n/a	0	1	4916
9.85	n/a	1	2	4925
9.866	n/a	1	2	4933
9.882	n/a	0	1	4941
9.9	n/a	0	1	4950
9.916	n/a	1	2	4958
9.932	n/a	1	2	4966
9.95	n/a	1	2	4975
9.966	n/a	1	2	4983
9.982	n/a	0	1	4991
10.0	n/a	0	1	5000
10.016	n/a	1	2	5008
10.032	n/a	1	2	5016
10.05	n/a	0	1	5025
10.066	n/a	0	1	5033
10.082	n/a	1	2	5041
10.1	n/a	1	2	5050
10.116	n/a	0	1	5058
10.132	n/a	0	1	5066
10.15	n/a	1	2	5075
10.166	n/a	1	2	5083
10.182	n/a	0	1	5091
10.2	n/a	0	1	5100
10.216	n/a	0	1	5108
10.232	n/a	0	1	5116
10.25	n/a	0	1	5125
10.266	n/a	0	1	5133
10.282	n/a	1	2	5141
10.3	n/a	1	2	5150
10.316	n/a	1	2	5158
10.332	n/a	1	2	5166
10.35	n/a	1	2	5175
10.366	n/a	1	2	5183
10.382	n/a	0	1	5191
10.4	n/a	0	1	5200
10.416	n/a	1	2	5208
10.432	n/a	1	2	5216
10.45	n/a	1	2	5225
10.466	n/a	1	2	5233
10.482	n/a	1	2	5241
10.5	n/a	1	2	5250
10.516	n/a	0	1	5258
10.532	n/a	0	1	5266
10.55	n/a	1	2	5275
10.566	n/a	1	2	5283
10.582	n/a	0	1	5291
10.6	n/a	0	1	5300
10.616	n/a	1	2	5308
10.632	n/a	1	2	5316
10.65	n/a	1	2	5325
10.666	n/a	1	2	5333
10.682	n/a	0	1	5341
10.7	n/a	0	1	5350
10.716	n/a	0	1	5358
10.732	n/a	0	1	5366
10.75	n/a	0	1	5375
10.766	n/a	0	1	5383
10.782	n/a	1	2	5391
10.8	n/a	1	2	5400
10.816	n/a	1	2	5408
10.832	n/a	1	2	5416
10.85	n/a	0	1	5425
10.866	n/a	0	1	5433
10.882	n/a	1	2	5441
10.9	n/a	1	2	5450
10.916	n/a	1	2	5458
10.932	n/a	1	2	5466
10.95	n/a	1	2	5475
10.966	n/a	1	2	5483
10.982	n/a	0	1	5491
11.0	n/a	0	1	5500
11.016	n/a	0	1	5508
11.032	n/a	0	1	5516
11.05	n/a	0	1	5525
11.066	n/a	0	1	5533
11.082	n/a	0	1	5541
11.1	n/a	0	1	5550
11.116	n/a	0	1	5558
11.132	n/a	0	1	5566
11.15	n/a	1	2	5575
11.166	n/a	1	2	5583
11.182	n/a	1	2	5591
11.2	n/a	1	2	5600
11.216	n/a	1	2	5608
12.7	n/a	1	2	6350
12.716	n/a	1	2	6358
12.732	n/a	1	2	6366
12.75	n/a	1	2	6375
12.766	n/a	1	2	6383
12.782	n/a	1	2	6391
12.8	n/a	1	2	6400
12.816	n/a	1	2	6408
12.832	n/a	1	2	6416
12.85	n/a	1	2	6425
12.866	n/a	1	2	6433
12.882	n/a	1	2	6441
12.9	n/a	1	2	6450
12.916	n/a	1	2	6458
12.932	n/a	0	1	6466
12.95	n/a	0	1	6475
12.966	n/a	0	1	6483
12.982	n/a	0	1	6491
13.0	n/a	1	2	6500
13.016	n/a	1	2	6508
13.032	n/a	1	2	6516
13.05	n/a	1	2	6525
13.066	n/a	0	1	6533
13.082	n/a	0	1	6541
13.1	n/a	0	1	6550
13.116	n/a	0	1	6558
13.132	n/a	1	2	6566
13.15	n/a	1	2	6575
13.166	n/a	1	2	6583
13.182	n/a	1	2	6591
13.2	n/a	0	1	6600
13.216	n/a	0	1	6608
13.232	n/a	0	1	6616
13.25	n/a	0	1	6625
13.266	n/a	1	2	6633
13.282	n/a	1	2	6641
13.3	n/a	0	1	6650
13.316	n/a	0	1	6658
13.332	n/a	1	2	6666
13.35	n/a	1	2	6675
13.366	n/a	1	2	6683
13.382	n/a	1	2	6691
13.4	n/a	0	1	6700
13.416	n/a	0	1	6708
13.432	n/a	1	2	6716
13.45	n/a	1	2	6725
13.466	n/a	0	1	6733
13.482	n/a	0	1	6741
13.5	n/a	0	1	6750
13.516	n/a	0	1	6758
13.532	n/a	1	2	6766
13.55	n/a	1	2	6775
13.566	n/a	0	1	6783
13.582	n/a	0	1	6791
13.6	n/a	1	2	6800
13.616	n/a	1	2	6808
13.632	n/a	1	2	6816
13.65	n/a	1	2	6825
13.666	n/a	1	2	6833
13.682	n/a	1	2	6841
13.7	n/a	0	1	6850
13.716	n/a	0	1	6858
13.732	n/a	0	1	6866
13.75	n/a	0	1	6875
13.766	n/a	0	1	6883
13.782	n/a	0	1	6891
13.8	n/a	1	2	6900
13.816	n/a	1	2	6908
13.832	n/a	0	1	6916
13.85	n/a	0	1	6925
13.866	n/a	1	2	6933
13.882	n/a	1	2	6941
13.9	n/a	1	2	6950
13.916	n/a	1	2	6958
13.932	n/a	1	2	6966
13.95	n/a	1	2	6975
13.966	n/a	0	1	6983
13.982	n/a	0	1	6991
14.0	n/a	0	1	7000
14.016	n/a	0	1	7008
14.032	n/a	1	2	7016
14.05	n/a	1	2	7025
14.066	n/a	0	1	7033
14.082	n/a	0	1	7041
14.1	n/a	1	2	7050
14.116	n/a	1	2	7058
14.132	n/a	0	1	7066
14.15	n/a	0	1	7075
14.166	n/a	0	1	7083
14.182	n/a	0	1	7091
14.2	n/a	0	1	7100
14.216	n/a	0	1	7108
14.232	n/a	1	2	7116
14.25	n/a	1	2	7125
14.266	n/a	1	2	7133
14.282	n/a	1	2	7141
14.3	n/a	0	1	7150
14.316	n/a	0	1	7158
14.332	n/a	1	2	7166
14.35	n/a	1	2	7175
14.366	n/a	0	1	7183
14.382	n/a	0	1	7191
14.4	n/a	0	1	7200
14.416	n/a	0	1	7208
14.432	n/a	0	1	7216
14.45	n/a	0	1	7225
14.466	n/a	1	2	7233
14.482	n/a	1	2	7241
14.5	n/a	0	1	7250
14.516	n/a	0	1	7258
14.532	n/a	1	2	7266
14.55	n/a	1	2	7275
14.566	n/a	0	1	7283
14.582	n/a	0	1	7291
14.6	n/a	0	1	7300
14.616	n/a	0	1	7308
14.632	n/a	1	2	7316
16.116	n/a	0	1	8058
16.132	n/a	0	1	8066
16.148	n/a	0	1	8074
16.166	n/a	0	1	8083
16.182	n/a	1	2	8091
16.2	n/a	1	2	8100
16.216	n/a	1	2	8108
16.232	n/a	1	2	8116
16.25	n/a	0	1	8125
16.266	n/a	0	1	8133
16.282	n/a	0	1	8141
16.3	n/a	0	1	8150
16.316	n/a	0	1	8158
16.332	n/a	0	1	8166
16.35	n/a	0	1	8175
16.366	n/a	0	1	8183
16.382	n/a	1	2	8191
16.4	n/a	1	2	8200
16.416	n/a	1	2	8208
16.432	n/a	1	2	8216
16.45	n/a	1	2	8225
16.466	n/a	1	2	8233
16.482	n/a	1	2	8241
16.5	n/a	1	2	8250
16.516	n/a	1	2	8258
16.532	n/a	1	2	8266
16.55	n/a	0	1	8275
16.566	n/a	0	1	8283
16.582	n/a	0	1	8291
16.6	n/a	0	1	8300
16.616	n/a	0	1	8308
16.632	n/a	0	1	8316
16.65	n/a	0	1	8325
16.666	n/a	0	1	8333
16.682	n/a	0	1	8341
16.7	n/a	0	1	8350
16.716	n/a	0	1	8358
16.732	n/a	0	1	8366
16.75	n/a	1	2	8375
16.766	n/a	1	2	8383
16.782	n/a	1	2	8391
16.8	n/a	1	2	8400
16.816	n/a	0	1	8408
16.832	n/a	0	1	8416
16.85	n/a	0	1	8425
16.866	n/a	0	1	8433
16.882	n/a	1	2	8441
16.9	n/a	1	2	8450
16.916	n/a	0	1	8458
16.932	n/a	0	1	8466
16.95	n/a	1	2	8475
16.966	n/a	1	2	8483
16.982	n/a	0	1	8491
17.0	n/a	0	1	8500
17.016	n/a	1	2	8508
17.032	n/a	1	2	8516
17.05	n/a	0	1	8525
17.066	n/a	0	1	8533
17.082	n/a	1	2	8541
17.1	n/a	1	2	8550
17.116	n/a	1	2	8558
17.132	n/a	1	2	8566
17.15	n/a	0	1	8575
17.166	n/a	0	1	8583
17.182	n/a	1	2	8591
17.2	n/a	1	2	8600
17.216	n/a	0	1	8608
17.232	n/a	0	1	8616
17.25	n/a	0	1	8625
17.266	n/a	0	1	8633
17.282	n/a	0	1	8641
17.3	n/a	0	1	8650
17.316	n/a	1	2	8658
17.332	n/a	1	2	8666
17.35	n/a	0	1	8675
17.366	n/a	0	1	8683
17.382	n/a	0	1	8691
17.4	n/a	0	1	8700
17.416	n/a	0	1	8708
17.432	n/a	0	1	8716
17.45	n/a	1	2	8725
17.466	n/a	1	2	8733
17.482	n/a	1	2	8741
17.5	n/a	1	2	8750
17.516	n/a	1	2	8758
17.532	n/a	1	2	8766
17.55	n/a	0	1	8775
17.566	n/a	0	1	8783
17.582	n/a	1	2	8791
17.6	n/a	1	2	8800
17.616	n/a	0	1	8808
17.632	n/a	0	1	8816
17.65	n/a	1	2	8825
17.666	n/a	1	2	8833
17.682	n/a	1	2	8841
17.7	n/a	1	2	8850
17.716	n/a	1	2	8858
17.732	n/a	1	2	8866
17.75	n/a	1	2	8875
17.766	n/a	1	2	8883
17.782	n/a	1	2	8891
17.8	n/a	1	2	8900
17.816	n/a	0	1	8908
17.832	n/a	0	1	8916
17.85	n/a	0	1	8925
17.866	n/a	0	1	8933
17.882	n/a	1	2	8941
17.9	n/a	1	2	8950
17.916	n/a	0	1	8958
17.932	n/a	0	1	8966
17.95	n/a	0	1	8975
17.966	n/a	0	1	8983
17.982	n/a	0	1	8991
18.0	n/a	0	1	9000
18.016	n/a	1	2	9008
18.032	n/a	1	2	9016
18.05	n/a	1	2	9025
19.532	n/a	1	2	9766
19.55	n/a	1	2	9775
19.566	n/a	1	2	9783
19.582	n/a	1	2	9791
19.6	n/a	0	1	9800
19.616	n/a	0	1	9808
19.632	n/a	1	2	9816
19.65	n/a	1	2	9825
19.666	n/a	1	2	9833
19.682	n/a	1	2	9841
19.7	n/a	0	1	9850
19.716	n/a	0	1	9858
19.732	n/a	1	2	9866
19.75	n/a	1	2	9875
19.766	n/a	1	2	9883
19.782	n/a	1	2	9891
19.8	n/a	0	1	9900
19.816	n/a	0	1	9908
19.832	n/a	1	2	9916
19.85	n/a	1	2	9925
19.866	n/a	1	2	9933
19.882	n/a	1	2	9941
19.9	n/a	0	1	9950
19.916	n/a	0	1	9958
19.932	n/a	0	1	9966
19.95	n/a	0	1	9975
19.966	n/a	0	1	9983
19.982	n/a	0	1	9991
20.0	n/a	1	2	10000
20.016	n/a	1	2	10008
20.032	n/a	1	2	10016
20.05	n/a	1	2	10025
20.066	n/a	1	2	10033
20.082	n/a	1	2	10041
20.1	n/a	0	1	10050
20.116	n/a	0	1	10058
20.132	n/a	0	1	10066
20.15	n/a	0	1	10075
20.166	n/a	0	1	10083
20.182	n/a	0	1	10091
20.2	n/a	1	2	10100
20.216	n/a	1	2	10108
20.232	n/a	1	2	10116
20.25	n/a	1	2	10125
20.266	n/a	1	2	10133
20.282	n/a	1	2	10141
20.3	n/a	1	2	10150
20.316	n/a	1	2	10158
20.332	n/a	1	2	10166
20.35	n/a	1	2	10175
20.366	n/a	0	1	10183
20.382	n/a	0	1	10191
20.4	n/a	0	1	10200
20.416	n/a	0	1	10208
20.432	n/a	1	2	10216
20.45	n/a	1	2	10225
20.466	n/a	0	1	10233
20.482	n/a	0	1	10241
20.5	n/a	1	2	10250
20.516	n/a	1	2	10258
20.532	n/a	0	1	10266
20.55	n/a	0	1	10275
20.566	n/a	0	1	10283
20.582	n/a	0	1	10291
20.6	n/a	1	2	10300
20.616	n/a	1	2	10308
20.632	n/a	1	2	10316
20.65	n/a	1	2	10325
20.666	n/a	0	1	10333
20.682	n/a	0	1	10341
20.7	n/a	0	1	10350
20.716	n/a	0	1	10358
20.732	n/a	0	1	10366
20.75	n/a	0	1	10375
20.766	n/a	0	1	10383
20.782	n/a	0	1	10391
20.8	n/a	1	2	10400
20.816	n/a	1	2	10408
20.832	n/a	0	1	10416
20.85	n/a	0	1	10425
20.866	n/a	0	1	10433
20.882	n/a	0	1	10441
20.9	n/a	0	1	10450
20.916	n/a	0	1	10458
20.932	n/a	0	1	10466
20.95	n/a	0	1	10475
20.966	n/a	1	2	10483
20.982	n/a	1	2	10491
21.0	n/a	1	2	10500
21.016	n/a	1	2	10508
21.032	n/a	1	2	10516
21.05	n/a	1	2	10525
21.066	n/a	1	2	10533
21.082	n/a	1	2	10541
21.1	n/a	1	2	10550
21.116	n/a	1	2	10558
21.132	n/a	1	2	10566
21.15	n/a	1	2	10575
21.166	n/a	0	1	10583
21.182	n/a	0	1	10591
21.2	n/a	1	2	10600
21.216	n/a	1	2	10608
21.232	n/a	0	1	10616
21.25	n/a	0	1	10625
21.266	n/a	1	2	10633
21.282	n/a	1	2	10641
21.3	n/a	0	1	10650
21.316	n/a	0	1	10658
21.332	n/a	0	1	10666
21.35	n/a	0	1	10675
21.366	n/a	1	2	10683
21.382	n/a	1	2	10691
21.4	n/a	1	2	10700
21.416	n/a	1	2	10708
21.432	n/a	0	1	10716
21.45	n/a	0	1	10725
21.466	n/a	0	1	10733
24.9	n/a	1	2	12450
24.916	n/a	1	2	12458
24.932	n/a	1	2	12466
24.95	n/a	1	2	12475
24.966	n/a	1	2	12483
24.982	n/a	1	2	12491
25.0	n/a	1	2	12500
25.016	n/a	1	2	12508
25.032	n/a	1	2	12516
25.05	n/a	1	2	12525
25.066	n/a	1	2	12533
25.082	n/a	1	2	12541
25.1	n/a	1	2	12550
25.116	n/a	1	2	12558
25.132	n/a	0	1	12566
25.15	n/a	0	1	12575
25.166	n/a	0	1	12583
25.182	n/a	0	1	12591
25.2	n/a	1	2	12600
25.216	n/a	1	2	12608
25.232	n/a	1	2	12616
25.25	n/a	1	2	12625
25.266	n/a	0	1	12633
25.282	n/a	0	1	12641
25.3	n/a	0	1	12650
25.316	n/a	0	1	12658
25.332	n/a	1	2	12666
25.35	n/a	1	2	12675
25.366	n/a	1	2	12683
25.382	n/a	1	2	12691
25.4	n/a	0	1	12700
25.416	n/a	0	1	12708
25.432	n/a	0	1	12716
25.45	n/a	0	1	12725
25.466	n/a	1	2	12733
25.482	n/a	1	2	12741
25.5	n/a	0	1	12750
25.516	n/a	0	1	12758
25.532	n/a	1	2	12766
25.55	n/a	1	2	12775
25.566	n/a	1	2	12783
25.582	n/a	1	2	12791
25.6	n/a	0	1	12800
25.616	n/a	0	1	12808
25.632	n/a	1	2	12816
25.65	n/a	1	2	12825
25.666	n/a	0	1	12833
25.682	n/a	0	1	12841
25.7	n/a	0	1	12850
25.716	n/a	0	1	12858
25.732	n/a	1	2	12866
25.75	n/a	1	2	12875
25.766	n/a	0	1	12883
25.782	n/a	0	1	12891
25.8	n/a	1	2	12900
25.816	n/a	1	2	12908
25.832	n/a	1	2	12916
25.85	n/a	1	2	12925
25.866	n/a	1	2	12933
25.882	n/a	1	2	12941
25.9	n/a	0	1	12950
25.916	n/a	0	1	12958
25.932	n/a	0	1	12966
25.95	n/a	0	1	12975
25.966	n/a	0	1	12983
25.982	n/a	0	1	12991
26.0	n/a	1	2	13000
26.016	n/a	1	2	13008
26.032	n/a	0	1	13016
26.05	n/a	0	1	13025
26.066	n/a	1	2	13033
26.082	n/a	1	2	13041
26.1	n/a	1	2	13050
26.116	n/a	1	2	13058
26.132	n/a	1	2	13066
26.15	n/a	1	2	13075
26.166	n/a	0	1	13083
26.182	n/a	0	1	13091
26.2	n/a	0	1	13100
26.216	n/a	0	1	13108
26.232	n/a	1	2	13116
26.25	n/a	1	2	13125
26.266	n/a	0	1	13133
26.282	n/a	0	1	13141
26.3	n/a	1	2	13150
26.316	n/a	1	2	13158
26.332	n/a	0	1	13166
26.35	n/a	0	1	13175
26.366	n/a	0	1	13183
26.382	n/a	0	1	13191
26.4	n/a	0	1	13200
26.416	n/a	0	1	13208
26.432	n/a	1	2	13216
26.45	n/a	1	2	13225
26.466	n/a	1	2	13233
26.482	n/a	1	2	13241
26.5	n/a	0	1	13250
26.516	n/a	0	1	13258
26.532	n/a	1	2	13266
26.55	n/a	1	2	13275
26.566	n/a	0	1	13283
26.582	n/a	0	1	13291
26.6	n/a	0	1	13300
26.616	n/a	0	1	13308
26.632	n/a	0	1	13316
26.65	n/a	0	1	13325
26.666	n/a	1	2	13333
26.682	n/a	1	2	13341
26.7	n/a	0	1	13350
26.716	n/a	0	1	13358
26.732	n/a	1	2	13366
26.75	n/a	1	2	13375
26.766	n/a	0	1	13383
26.782	n/a	0	1	13391
26.8	n/a	0	1	13400
26.816	n/a	0	1	13408
26.832	n/a	1	2	13416
28.316	n/a	1	2	14158
28.332	n/a	1	2	14166
28.35	n/a	1	2	14175
28.366	n/a	1	2	14183
28.382	n/a	0	1	14191
28.4	n/a	0	1	14200
28.416	n/a	1	2	14208
28.432	n/a	1	2	14216
28.45	n/a	1	2	14225
28.466	n/a	1	2	14233
28.482	n/a	0	1	14241
28.5	n/a	0	1	14250
28.516	n/a	1	2	14258
28.532	n/a	1	2	14266
28.55	n/a	1	2	14275
28.566	n/a	1	2	14283
28.582	n/a	0	1	14291
28.6	n/a	0	1	14300
28.616	n/a	1	2	14308
28.632	n/a	1	2	14316
28.65	n/a	1	2	14325
28.666	n/a	1	2	14333
28.682	n/a	0	1	14341
28.7	n/a	0	1	14350
28.716	n/a	0	1	14358
28.732	n/a	0	1	14366
28.75	n/a	0	1	14375
28.766	n/a	0	1	14383
28.782	n/a	1	2	14391
28.8	n/a	1	2	14400
28.816	n/a	1	2	14408
28.832	n/a	1	2	14416
28.85	n/a	1	2	14425
28.866	n/a	1	2	14433
28.882	n/a	0	1	14441
28.9	n/a	0	1	14450
28.916	n/a	0	1	14458
28.932	n/a	0	1	14466
28.95	n/a	0	1	14475
28.966	n/a	0	1	14483
28.982	n/a	1	2	14491
29.0	n/a	1	2	14500
29.016	n/a	1	2	14508
29.032	n/a	1	2	14516
29.05	n/a	1	2	14525
29.066	n/a	1	2	14533
29.082	n/a	1	2	14541
29.1	n/a	1	2	14550
29.116	n/a	1	2	14558
29.132	n/a	1	2	14566
29.15	n/a	0	1	14575
29.166	n/a	0	1	14583
29.182	n/a	0	1	14591
29.2	n/a	0	1	14600
29.216	n/a	1	2	14608
29.232	n/a	1	2	14616
29.25	n/a	0	1	14625
29.266	n/a	0	1	14633
29.282	n/a	1	2	14641
29.3	n/a	1	2	14650
29.316	n/a	0	1	14658
29.332	n/a	0	1	14666
29.35	n/a	0	1	14675
29.366	n/a	0	1	14683
29.382	n/a	1	2	14691
29.4	n/a	1	2	14700
29.416	n/a	1	2	14708
29.432	n/a	1	2	14716
29.45	n/a	0	1	14725
29.466	n/a	0	1	14733
29.482	n/a	0	1	14741
29.5	n/a	0	1	14750
29.516	n/a	0	1	14758
29.532	n/a	0	1	14766
29.55	n/a	0	1	14775
29.566	n/a	0	1	14783
29.582	n/a	1	2	14791
29.6	n/a	1	2	14800
29.616	n/a	0	1	14808
29.632	n/a	0	1	14816
29.65	n/a	0	1	14825
29.666	n/a	0	1	14833
29.682	n/a	0	1	14841
29.7	n/a	0	1	14850
29.716	n/a	0	1	14858
29.732	n/a	0	1	14866
29.75	n/a	1	2	14875
29.766	n/a	1	2	14883
29.782	n/a	1	2	14891
29.8	n/a	1	2	14900
29.816	n/a	1	2	14908
29.832	n/a	1	2	14916
29.85	n/a	1	2	14925
29.866	n/a	1	2	14933
29.882	n/a	1	2	14941
29.9	n/a	1	2	14950
29.916	n/a	1	2	14958
29.932	n/a	1	2	14966
29.95	n/a	0	1	14975
29.966	n/a	0	1	14983
29.982	n/a	1	2	14991
30.0	n/a	1	2	15000
30.016	n/a	0	1	15008
30.032	n/a	0	1	15016
30.05	n/a	1	2	15025
30.066	n/a	1	2	15033
30.082	n/a	0	1	15041
30.1	n/a	0	1	15050
30.116	n/a	0	1	15058
30.132	n/a	0	1	15066
30.15	n/a	1	2	15075
30.166	n/a	1	2	15083
30.182	n/a	1	2	15091
30.2	n/a	1	2	15100
30.216	n/a	0	1	15108
30.232	n/a	0	1	15116
30.25	n/a	0	1	15125
31.732	n/a	0	1	15866
31.75	n/a	0	1	15875
31.766	n/a	0	1	15883
31.782	n/a	0	1	15891
31.8	n/a	1	2	15900
31.816	n/a	1	2	15908
31.832	n/a	1	2	15916
31.85	n/a	1	2	15925
31.866	n/a	0	1	15933
31.882	n/a	0	1	15941
31.9	n/a	0	1	15950
31.916	n/a	0	1	15958
31.932	n/a	0	1	15966
31.95	n/a	0	1	15975
31.966	n/a	0	1	15983
31.982	n/a	0	1	15991
32.0	n/a	1	2	16000
32.016	n/a	1	2	16008
32.032	n/a	1	2	16016
32.048	n/a	1	2	16024
32.066	n/a	1	2	16033
32.082	n/a	1	2	16041
32.1	n/a	1	2	16050
32.116	n/a	1	2	16058
32.132	n/a	1	2	16066
32.15	n/a	1	2	16075
32.166	n/a	0	1	16083
32.182	n/a	0	1	16091
32.2	n/a	0	1	16100
32.216	n/a	0	1	16108
32.232	n/a	0	1	16116
32.25	n/a	0	1	16125
32.266	n/a	0	1	16133
32.282	n/a	0	1	16141
32.298	n/a	0	1	16149
32.316	n/a	0	1	16158
32.332	n/a	0	1	16166
32.35	n/a	0	1	16175
32.366	n/a	1	2	16183
32.382	n/a	1	2	16191
32.4	n/a	1	2	16200
32.416	n/a	1	2	16208
32.432	n/a	0	1	16216
32.45	n/a	0	1	16225
32.466	n/a	0	1	16233
32.482	n/a	0	1	16241
32.5	n/a	1	2	16250
32.516	n/a	1	2	16258
32.532	n/a	0	1	16266
32.548	n/a	0	1	16274
32.566	n/a	1	2	16283
32.582	n/a	1	2	16291
32.6	n/a	0	1	16300
32.616	n/a	0	1	16308
32.632	n/a	1	2	16316
32.65	n/a	1	2	16325
32.666	n/a	0	1	16333
32.682	n/a	0	1	16341
32.7	n/a	1	2	16350
32.716	n/a	1	2	16358
32.732	n/a	1	2	16366
32.75	n/a	1	2	16375
32.766	n/a	0	1	16383
32.782	n/a	0	1	16391
32.8	n/a	1	2	16400
32.816	n/a	1	2	16408
32.832	n/a	0	1	16416
32.85	n/a	0	1	16425
32.866	n/a	0	1	16433
32.882	n/a	0	1	16441
32.9	n/a	0	1	16450
32.916	n/a	0	1	16458
32.932	n/a	1	2	16466
32.95	n/a	1	2	16475
32.966	n/a	0	1	16483
32.982	n/a	0	1	16491
33.0	n/a	0	1	16500
33.016	n/a	0	1	16508
33.032	n/a	0	1	16516
33.05	n/a	0	1	16525
33.066	n/a	1	2	16533
33.082	n/a	1	2	16541
33.1	n/a	1	2	16550
33.116	n/a	1	2	16558
33.132	n/a	1	2	16566
33.15	n/a	1	2	16575
33.166	n/a	0	1	16583
33.182	n/a	0	1	16591
33.2	n/a	1	2	16600
33.216	n/a	1	2	16608
33.232	n/a	0	1	16616
33.25	n/a	0	1	16625
33.266	n/a	1	2	16633
33.282	n/a	1	2	16641
33.3	n/a	1	2	16650
33.316	n/a	1	2	16658
33.332	n/a	1	2	16666
33.35	n/a	1	2	16675
33.366	n/a	1	2	16683
33.382	n/a	1	2	16691
33.4	n/a	1	2	16700
33.416	n/a	1	2	16708
33.432	n/a	0	1	16716
33.45	n/a	0	1	16725
33.466	n/a	0	1	16733
33.482	n/a	0	1	16741
33.5	n/a	1	2	16750
33.516	n/a	1	2	16758
33.532	n/a	0	1	16766
33.55	n/a	0	1	16775
33.566	n/a	0	1	16783
33.582	n/a	0	1	16791
33.6	n/a	0	1	16800
33.616	n/a	0	1	16808
33.632	n/a	1	2	16816
33.65	n/a	1	2	16825
33.666	n/a	1	2	16833
35.15	n/a	1	2	17575
35.166	n/a	1	2	17583
35.182	n/a	1	2	17591
35.2	n/a	1	2	17600
35.216	n/a	0	1	17608
35.232	n/a	0	1	17616
35.25	n/a	0	1	17625
35.266	n/a	0	1	17633
35.282	n/a	0	1	17641
35.3	n/a	0	1	17650
35.316	n/a	0	1	17658
35.332	n/a	0	1	17666
35.35	n/a	1	2	17675
35.366	n/a	1	2	17683
35.382	n/a	0	1	17691
35.4	n/a	0	1	17700
35.416	n/a	0	1	17708
35.432	n/a	0	1	17716
35.45	n/a	1	2	17725
35.466	n/a	1	2	17733
35.482	n/a	1	2	17741
35.5	n/a	1	2	17750
35.516	n/a	0	1	17758
35.532	n/a	0	1	17766
35.55	n/a	0	1	17775
35.566	n/a	0	1	17783
35.582	n/a	0	1	17791
35.6	n/a	0	1	17800
35.616	n/a	0	1	17808
35.632	n/a	0	1	17816
35.65	n/a	0	1	17825
35.666	n/a	0	1	17833
35.682	n/a	0	1	17841
35.7	n/a	0	1	17850
35.716	n/a	1	2	17858
35.732	n/a	1	2	17866
35.75	n/a	0	1	17875
35.766	n/a	0	1	17883
35.782	n/a	1	2	17891
35.8	n/a	1	2	17900
35.816	n/a	1	2	17908
35.832	n/a	1	2	17916
35.85	n/a	0	1	17925
35.866	n/a	0	1	17933
35.882	n/a	1	2	17941
35.9	n/a	1	2	17950
35.916	n/a	0	1	17958
35.932	n/a	0	1	17966
35.95	n/a	1	2	17975
35.966	n/a	1	2	17983
35.982	n/a	0	1	17991
36.0	n/a	0	1	18000
36.016	n/a	1	2	18008
36.032	n/a	1	2	18016
36.05	n/a	0	1	18025
36.066	n/a	0	1	18033
36.082	n/a	0	1	18041
36.1	n/a	0	1	18050
36.116	n/a	0	1	18058
36.132	n/a	0	1	18066
36.15	n/a	1	2	18075
36.166	n/a	1	2	18083
36.182	n/a	1	2	18091
36.2	n/a	1	2	18100
36.216	n/a	1	2	18108
36.232	n/a	1	2	18116
36.25	n/a	0	1	18125
36.266	n/a	0	1	18133
36.282	n/a	1	2	18141
36.3	n/a	1	2	18150
36.316	n/a	1	2	18158
36.332	n/a	1	2	18166
36.35	n/a	1	2	18175
36.366	n/a	1	2	18183
36.382	n/a	0	1	18191
36.4	n/a	0	1	18200
36.416	n/a	1	2	18208
36.432	n/a	1	2	18216
36.45	n/a	0	1	18225
36.466	n/a	0	1	18233
36.482	n/a	1	2	18241
36.5	n/a	1	2	18250
36.516	n/a	1	2	18258
36.532	n/a	1	2	18266
36.55	n/a	0	1	18275
36.566	n/a	0	1	18283
36.582	n/a	0	1	18291
36.6	n/a	0	1	18300
36.616	n/a	0	1	18308
36.632	n/a	0	1	18316
36.65	n/a	1	2	18325
36.666	n/a	1	2	18333
36.682	n/a	1	2	18341
36.7	n/a	1	2	18350
36.716	n/a	0	1	18358
36.732	n/a	0	1	18366
36.75	n/a	1	2	18375
36.766	n/a	1	2	18383
36.782	n/a	1	2	18391
36.8	n/a	1	2	18400
36.816	n/a	1	2	18408
36.832	n/a	1	2	18416
36.85	n/a	0	1	18425
36.866	n/a	0	1	18433
36.882	n/a	0	1	18441
36.9	n/a	0	1	18450
36.916	n/a	0	1	18458
36.932	n/a	0	1	18466
36.95	n/a	0	1	18475
36.966	n/a	0	1	18483
36.982	n/a	0	1	18491
37.0	n/a	0	1	18500
37.016	n/a	1	2	18508
37.032	n/a	1	2	18516
37.05	n/a	1	2	18525
37.066	n/a	1	2	18533
37.082	n/a	1	2	18541
39.55	n/a	1	2	19775
39.566	n/a	1	2	19783
39.582	n/a	1	2	19791
39.6	n/a	1	2	19800
39.616	n/a	1	2	19808
39.632	n/a	1	2	19816
39.65	n/a	1	2	19825
39.666	n/a	1	2	19833
39.682	n/a	1	2	19841
39.7	n/a	1	2	19850
39.716	n/a	1	2	19858
39.732	n/a	1	2	19866
39.75	n/a	1	2	19875
39.766	n/a	1	2	19883
39.782	n/a	0	1	19891
39.8	n/a	0	1	19900
39.816	n/a	0	1	19908
39.832	n/a	0	1	19916
39.85	n/a	1	2	19925
39.866	n/a	1	2	19933
39.882	n/a	1	2	19941
39.9	n/a	1	2	19950
39.916	n/a	0	1	19958
39.932	n/a	0	1	19966
39.95	n/a	0	1	19975
39.966	n/a	0	1	19983
39.982	n/a	1	2	19991
40.0	n/a	1	2	20000
40.016	n/a	1	2	20008
40.032	n/a	1	2	20016
40.05	n/a	0	1	20025
40.066	n/a	0	1	20033
40.082	n/a	0	1	20041
40.1	n/a	0	1	20050
40.116	n/a	1	2	20058
40.132	n/a	1	2	20066
40.15	n/a	0	1	20075
40.166	n/a	0	1	20083
40.182	n/a	1	2	20091
40.2	n/a	1	2	20100
40.216	n/a	1	2	20108
40.232	n/a	1	2	20116
40.25	n/a	0	1	20125
40.266	n/a	0	1	20133
40.282	n/a	1	2	20141
40.3	n/a	1	2	20150
40.316	n/a	0	1	20158
40.332	n/a	0	1	20166
40.35	n/a	0	1	20175
40.366	n/a	0	1	20183
40.382	n/a	1	2	20191
40.4	n/a	1	2	20200
40.416	n/a	0	1	20208
40.432	n/a	0	1	20216
40.45	n/a	1	2	20225
40.466	n/a	1	2	20233
40.482	n/a	1	2	20241
40.5	n/a	1	2	20250
40.516	n/a	1	2	20258
40.532	n/a	1	2	20266
40.55	n/a	0	1	20275
40.566	n/a	0	1	20283
40.582	n/a	0	1	20291
40.6	n/a	0	1	20300
40.616	n/a	0	1	20308
40.632	n/a	0	1	20316
40.65	n/a	1	2	20325
40.666	n/a	1	2	20333
40.682	n/a	0	1	20341
40.7	n/a	0	1	20350
40.716	n/a	1	2	20358
40.732	n/a	1	2	20366
40.75	n/a	1	2	20375
40.766	n/a	1	2	20383
40.782	n/a	1	2	20391
40.8	n/a	1	2	20400
40.816	n/a	0	1	20408
40.832	n/a	0	1	20416
40.85	n/a	0	1	20425
40.866	n/a	0	1	20433
40.882	n/a	1	2	20441
40.9	n/a	1	2	20450
40.916	n/a	0	1	20458
40.932	n/a	0	1	20466
40.95	n/a	1	2	20475
40.966	n/a	1	2	20483
40.982	n/a	0	1	20491
41.0	n/a	0	1	20500
41.016	n/a	0	1	20508
41.032	n/a	0	1	20516
41.05	n/a	0	1	20525
41.066	n/a	0	1	20533
41.082	n/a	1	2	20541
41.1	n/a	1	2	20550
41.116	n/a	1	2	20558
41.132	n/a	1	2	20566
41.15	n/a	0	1	20575
41.166	n/a	0	1	20583
41.182	n/a	1	2	20591
41.2	n/a	1	2	20600
41.216	n/a	0	1	20608
41.232	n/a	0	1	20616
41.25	n/a	0	1	20625
41.266	n/a	0	1	20633
41.282	n/a	0	1	20641
41.3	n/a	0	1	20650
41.316	n/a	1	2	20658
41.332	n/a	1	2	20666
41.35	n/a	0	1	20675
41.366	n/a	0	1	20683
41.382	n/a	1	2	20691
41.4	n/a	1	2	20700
41.416	n/a	0	1	20708
41.432	n/a	0	1	20716
41.45	n/a	0	1	20725
41.466	n/a	0	1	20733
41.482	n/a	1	2	20741
42.966	n/a	0	1	21483
42.982	n/a	0	1	21491
43.0	n/a	0	1	21500
43.016	n/a	0	1	21508
43.032	n/a	1	2	21516
43.05	n/a	1	2	21525
43.066	n/a	1	2	21533
43.082	n/a	1	2	21541
43.1	n/a	0	1	21550
43.116	n/a	0	1	21558
43.132	n/a	0	1	21566
43.15	n/a	0	1	21575
43.166	n/a	0	1	21583
43.182	n/a	0	1	21591
43.2	n/a	0	1	21600
43.216	n/a	0	1	21608
43.232	n/a	1	2	21616
43.25	n/a	1	2	21625
43.266	n/a	1	2	21633
43.282	n/a	1	2	21641
43.3	n/a	1	2	21650
43.316	n/a	1	2	21658
43.332	n/a	1	2	21666
43.35	n/a	1	2	21675
43.366	n/a	1	2	21683
43.382	n/a	1	2	21691
43.4	n/a	0	1	21700
43.416	n/a	0	1	21708
43.432	n/a	0	1	21716
43.45	n/a	0	1	21725
43.466	n/a	0	1	21733
43.482	n/a	0	1	21741
43.5	n/a	0	1	21750
43.516	n/a	0	1	21758
43.532	n/a	0	1	21766
43.55	n/a	0	1	21775
43.566	n/a	0	1	21783
43.582	n/a	0	1	21791
43.6	n/a	1	2	21800
43.616	n/a	1	2	21808
43.632	n/a	1	2	21816
43.65	n/a	1	2	21825
43.666	n/a	0	1	21833
43.682	n/a	0	1	21841
43.7	n/a	0	1	21850
43.716	n/a	0	1	21858
43.732	n/a	1	2	21866
43.75	n/a	1	2	21875
43.766	n/a	0	1	21883
43.782	n/a	0	1	21891
43.8	n/a	1	2	21900
43.816	n/a	1	2	21908
43.832	n/a	0	1	21916
43.85	n/a	0	1	21925
43.866	n/a	1	2	21933
43.882	n/a	1	2	21941
43.9	n/a	0	1	21950
43.916	n/a	0	1	21958
43.932	n/a	1	2	21966
43.95	n/a	1	2	21975
43.966	n/a	1	2	21983
43.982	n/a	1	2	21991
44.0	n/a	0	1	22000
44.016	n/a	0	1	22008
44.032	n/a	1	2	22016
44.05	n/a	1	2	22025
44.066	n/a	0	1	22033
44.082	n/a	0	1	22041
44.1	n/a	0	1	22050
44.116	n/a	0	1	22058
44.132	n/a	0	1	22066
44.15	n/a	0	1	22075
44.166	n/a	1	2	22083
44.182	n/a	1	2	22091
44.2	n/a	0	1	22100
44.216	n/a	0	1	22108
44.232	n/a	0	1	22116
44.25	n/a	0	1	22125
44.266	n/a	0	1	22133
44.282	n/a	0	1	22141
44.3	n/a	1	2	22150
44.316	n/a	1	2	22158
44.332	n/a	1	2	22166
44.35	n/a	1	2	22175
44.366	n/a	1	2	22183
44.382	n/a	1	2	22191
44.4	n/a	0	1	22200
44.416	n/a	0	1	22208
44.432	n/a	1	2	22216
44.45	n/a	1	2	22225
44.466	n/a	0	1	22233
44.482	n/a	0	1	22241
44.5	n/a	1	2	22250
44.516	n/a	1	2	22258
44.532	n/a	1	2	22266
44.55	n/a	1	2	22275
44.566	n/a	1	2	22283
44.582	n/a	1	2	22291
44.6	n/a	1	2	22300
44.616	n/a	1	2	22308
44.632	n/a	1	2	22316
44.65	n/a	1	2	22325
44.666	n/a	0	1	22333
44.682	n/a	0	1	22341
44.7	n/a	0	1	22350
44.716	n/a	0	1	22358
44.732	n/a	1	2	22366
44.75	n/a	1	2	22375
44.766	n/a	0	1	22383
44.782	n/a	0	1	22391
44.8	n/a	0	1	22400
44.816	n/a	0	1	22408
44.832	n/a	0	1	22416
44.85	n/a	0	1	22425
44.866	n/a	1	2	22433
44.882	n/a	1	2	22441
44.9	n/a	1	2	22450
46.382	n/a	1	2	23191
46.4	n/a	1	2	23200
46.416	n/a	1	2	23208
46.432	n/a	1	2	23216
46.45	n/a	0	1	23225
46.466	n/a	0	1	23233
46.482	n/a	0	1	23241
46.5	n/a	0	1	23250
46.516	n/a	0	1	23258
46.532	n/a	0	1	23266
46.55	n/a	0	1	23275
46.566	n/a	0	1	23283
46.582	n/a	1	2	23291
46.6	n/a	1	2	23300
46.616	n/a	0	1	23308
46.632	n/a	0	1	23316
46.65	n/a	0	1	23325
46.666	n/a	0	1	23333
46.682	n/a	1	2	23341
46.7	n/a	1	2	23350
46.716	n/a	1	2	23358
46.732	n/a	1	2	23366
46.75	n/a	0	1	23375
46.766	n/a	0	1	23383
46.782	n/a	0	1	23391
46.8	n/a	0	1	23400
46.816	n/a	0	1	23408
46.832	n/a	0	1	23416
46.85	n/a	0	1	23425
46.866	n/a	0	1	23433
46.882	n/a	0	1	23441
46.9	n/a	0	1	23450
46.916	n/a	0	1	23458
46.932	n/a	0	1	23466
46.95	n/a	1	2	23475
46.966	n/a	1	2	23483
46.982	n/a	0	1	23491
47.0	n/a	0	1	23500
47.016	n/a	1	2	23508
47.032	n/a	1	2	23516
47.05	n/a	1	2	23525
47.066	n/a	1	2	23533
47.082	n/a	0	1	23541
47.1	n/a	0	1	23550
47.116	n/a	1	2	23558
47.132	n/a	1	2	23566
47.15	n/a	0	1	23575
47.166	n/a	0	1	23583
47.182	n/a	1	2	23591
47.2	n/a	1	2	23600
47.216	n/a	0	1	23608
47.232	n/a	0	1	23616
47.25	n/a	1	2	23625
47.266	n/a	1	2	23633
47.282	n/a	0	1	23641
47.3	n/a	0	1	23650
47.316	n/a	0	1	23658
47.332	n/a	0	1	23666
47.35	n/a	0	1	23675
47.366	n/a	0	1	23683
47.382	n/a	1	2	23691
47.4	n/a	1	2	23700
47.416	n/a	1	2	23708
47.432	n/a	1	2	23716
47.45	n/a	1	2	23725
47.466	n/a	1	2	23733
47.482	n/a	0	1	23741
47.5	n/a	0	1	23750
47.516	n/a	1	2	23758
47.532	n/a	1	2	23766
47.55	n/a	1	2	23775
47.566	n/a	1	2	23783
47.582	n/a	1	2	23791
47.6	n/a	1	2	23800
47.616	n/a	0	1	23808
47.632	n/a	0	1	23816
47.65	n/a	1	2	23825
47.666	n/a	1	2	23833
47.682	n/a	0	1	23841
47.7	n/a	0	1	23850
47.716	n/a	1	2	23858
47.732	n/a	1	2	23866
47.75	n/a	1	2	23875
47.766	n/a	1	2	23883
47.782	n/a	0	1	23891
47.8	n/a	0	1	23900
47.816	n/a	0	1	23908
47.832	n/a	0	1	23916
47.85	n/a	0	1	23925
47.866	n/a	0	1	23933
47.882	n/a	1	2	23941
47.9	n/a	1	2	23950
47.916	n/a	1	2	23958
47.932	n/a	1	2	23966
47.95	n/a	0	1	23975
47.966	n/a	0	1	23983
47.982	n/a	1	2	23991
48.0	n/a	1	2	24000
48.016	n/a	1	2	24008
48.032	n/a	1	2	24016
48.05	n/a	1	2	24025
48.066	n/a	1	2	24033
48.082	n/a	0	1	24041
48.1	n/a	0	1	24050
48.116	n/a	0	1	24058
48.132	n/a	0	1	24066
48.15	n/a	0	1	24075
48.166	n/a	0	1	24083
48.182	n/a	0	1	24091
48.2	n/a	0	1	24100
48.216	n/a	0	1	24108
48.232	n/a	0	1	24116
48.25	n/a	1	2	24125
48.266	n/a	1	2	24133
48.282	n/a	1	2	24141
48.3	n/a	1	2	24150
48.316	n/a	1	2	24158
49.8	n/a	1	2	24900
49.816	n/a	1	2	24908
49.832	n/a	1	2	24916
49.85	n/a	1	2	24925
49.866	n/a	0	1	24933
49.882	n/a	0	1	24941
49.9	n/a	1	2	24950
49.916	n/a	1	2	24958
49.932	n/a	1	2	24966
49.95	n/a	1	2	24975
49.966	n/a	0	1	24983
49.982	n/a	0	1	24991
50.0	n/a	1	2	25000
50.016	n/a	1	2	25008
50.032	n/a	1	2	25016
50.05	n/a	1	2	25025
50.066	n/a	0	1	25033
50.082	n/a	0	1	25041
50.1	n/a	1	2	25050
50.116	n/a	1	2	25058
50.132	n/a	1	2	25066
50.15	n/a	1	2	25075
50.166	n/a	0	1	25083
50.182	n/a	0	1	25091
50.2	n/a	0	1	25100
50.216	n/a	0	1	25108
50.232	n/a	0	1	25116
50.25	n/a	0	1	25125
50.266	n/a	1	2	25133
50.282	n/a	1	2	25141
50.3	n/a	1	2	25150
50.316	n/a	1	2	25158
50.332	n/a	1	2	25166
50.35	n/a	1	2	25175
50.366	n/a	0	1	25183
50.382	n/a	0	1	25191
50.4	n/a	0	1	25200
50.416	n/a	0	1	25208
50.432	n/a	0	1	25216
50.45	n/a	0	1	25225
50.466	n/a	1	2	25233
50.482	n/a	1	2	25241
50.5	n/a	1	2	25250
50.516	n/a	1	2	25258
50.532	n/a	1	2	25266
50.55	n/a	1	2	25275
50.566	n/a	1	2	25283
50.582	n/a	1	2	25291
50.6	n/a	1	2	25300
50.616	n/a	1	2	25308
50.632	n/a	0	1	25316
50.65	n/a	0	1	25325
50.666	n/a	0	1	25333
50.682	n/a	0	1	25341
50.7	n/a	1	2	25350
50.716	n/a	1	2	25358
50.732	n/a	0	1	25366
50.75	n/a	0	1	25375
50.766	n/a	1	2	25383
50.782	n/a	1	2	25391
50.8	n/a	0	1	25400
50.816	n/a	0	1	25408
50.832	n/a	0	1	25416
50.85	n/a	0	1	25425
50.866	n/a	1	2	25433
50.882	n/a	1	2	25441
50.9	n/a	1	2	25450
50.916	n/a	1	2	25458
50.932	n/a	0	1	25466
50.95	n/a	0	1	25475
50.966	n/a	0	1	25483
50.982	n/a	0	1	25491
51.0	n/a	0	1	25500
51.016	n/a	0	1	25508
51.032	n/a	0	1	25516
51.05	n/a	0	1	25525
51.066	n/a	1	2	25533
51.082	n/a	1	2	25541
51.1	n/a	0	1	25550
51.116	n/a	0	1	25558
51.132	n/a	0	1	25566
51.15	n/a	0	1	25575
51.166	n/a	0	1	25583
51.182	n/a	0	1	25591
51.2	n/a	0	1	25600
51.216	n/a	0	1	25608
51.232	n/a	1	2	25616
51.25	n/a	1	2	25625
51.266	n/a	1	2	25633
51.282	n/a	1	2	25641
51.3	n/a	1	2	25650
51.316	n/a	1	2	25658
51.332	n/a	1	2	25666
51.35	n/a	1	2	25675
51.366	n/a	1	2	25683
51.382	n/a	1	2	25691
51.4	n/a	1	2	25700
51.416	n/a	1	2	25708
51.432	n/a	0	1	25716
51.45	n/a	0	1	25725
51.466	n/a	1	2	25733
51.482	n/a	1	2	25741
51.5	n/a	0	1	25750
51.516	n/a	0	1	25758
51.532	n/a	1	2	25766
51.55	n/a	1	2	25775
51.566	n/a	0	1	25783
51.582	n/a	0	1	25791
51.6	n/a	0	1	25800
51.616	n/a	0	1	25808
51.632	n/a	1	2	25816
51.65	n/a	1	2	25825
51.666	n/a	1	2	25833
51.682	n/a	1	2	25841
51.7	n/a	0	1	25850
51.716	n/a	0	1	25858
51.732	n/a	0	1	25866
54.55	n/a	1	2	27275
54.566	n/a	1	2	27283
54.582	n/a	1	2	27291
54.6	n/a	1	2	27300
54.616	n/a	0	1	27308
54.632	n/a	0	1	27316
54.65	n/a	0	1	27325
54.666	n/a	0	1	27333
54.682	n/a	0	1	27341
54.7	n/a	0	1	27350
54.716	n/a	0	1	27358
54.732	n/a	0	1	27366
54.75	n/a	1	2	27375
54.766	n/a	1	2	27383
54.782	n/a	0	1	27391
54.8	n/a	0	1	27400
54.816	n/a	0	1	27408
54.832	n/a	0	1	27416
54.85	n/a	1	2	27425
54.866	n/a	1	2	27433
54.882	n/a	1	2	27441
54.9	n/a	1	2	27450
54.916	n/a	0	1	27458
54.932	n/a	0	1	27466
54.95	n/a	0	1	27475
54.966	n/a	0	1	27483
54.982	n/a	0	1	27491
55.0	n/a	0	1	27500
55.016	n/a	0	1	27508
55.032	n/a	0	1	27516
55.05	n/a	0	1	27525
55.066	n/a	0	1	27533
55.082	n/a	0	1	27541
55.1	n/a	0	1	27550
55.116	n/a	1	2	27558
55.132	n/a	1	2	27566
55.15	n/a	0	1	27575
55.166	n/a	0	1	27583
55.182	n/a	1	2	27591
55.2	n/a	1	2	27600
55.216	n/a	1	2	27608
55.232	n/a	1	2	27616
55.25	n/a	0	1	27625
55.266	n/a	0	1	27633
55.282	n/a	1	2	27641
55.3	n/a	1	2	27650
55.316	n/a	0	1	27658
55.332	n/a	0	1	27666
55.35	n/a	1	2	27675
55.366	n/a	1	2	27683
55.382	n/a	0	1	27691
55.4	n/a	0	1	27700
55.416	n/a	1	2	27708
55.432	n/a	1	2	27716
55.45	n/a	0	1	27725
55.466	n/a	0	1	27733
55.482	n/a	0	1	27741
55.5	n/a	0	1	27750
55.516	n/a	0	1	27758
55.532	n/a	0	1	27766
55.55	n/a	1	2	27775
55.566	n/a	1	2	27783
55.582	n/a	1	2	27791
55.6	n/a	1	2	27800
55.616	n/a	1	2	27808
55.632	n/a	1	2	27816
55.65	n/a	0	1	27825
55.666	n/a	0	1	27833
55.682	n/a	1	2	27841
55.7	n/a	1	2	27850
55.716	n/a	1	2	27858
55.732	n/a	1	2	27866
55.75	n/a	1	2	27875
55.766	n/a	1	2	27883
55.782	n/a	0	1	27891
55.8	n/a	0	1	27900
55.816	n/a	1	2	27908
55.832	n/a	1	2	27916
55.85	n/a	0	1	27925
55.866	n/a	0	1	27933
55.882	n/a	1	2	27941
55.9	n/a	1	2	27950
55.916	n/a	1	2	27958
55.932	n/a	1	2	27966
55.95	n/a	0	1	27975
55.966	n/a	0	1	27983
55.982	n/a	0	1	27991
56.0	n/a	0	1	28000
56.016	n/a	0	1	28008
56.032	n/a	0	1	28016
56.05	n/a	1	2	28025
56.066	n/a	1	2	28033
56.082	n/a	1	2	28041
56.1	n/a	1	2	28050
56.116	n/a	0	1	28058
56.132	n/a	0	1	28066
56.15	n/a	1	2	28075
56.166	n/a	1	2	28083
56.182	n/a	1	2	28091
56.2	n/a	1	2	28100
56.216	n/a	1	2	28108
56.232	n/a	1	2	28116
56.25	n/a	0	1	28125
56.266	n/a	0	1	28133
56.282	n/a	0	1	28141
56.3	n/a	0	1	28150
56.316	n/a	0	1	28158
56.332	n/a	0	1	28166
56.35	n/a	0	1	28175
56.366	n/a	0	1	28183
56.382	n/a	0	1	28191
56.4	n/a	0	1	28200
56.416	n/a	1	2	28208
56.432	n/a	1	2	28216
56.45	n/a	1	2	28225
56.466	n/a	1	2	28233
56.482	n/a	1	2	28241
57.966	n/a	1	2	28983
57.982	n/a	1	2	28991
58.0	n/a	1	2	29000
58.016	n/a	1	2	29008
58.032	n/a	1	2	29016
58.05	n/a	1	2	29025
58.066	n/a	1	2	29033
58.082	n/a	1	2	29041
58.1	n/a	1	2	29050
58.116	n/a	1	2	29058
58.132	n/a	1	2	29066
58.15	n/a	1	2	29075
58.166	n/a	1	2	29083
58.182	n/a	1	2	29091
58.2	n/a	0	1	29100
58.216	n/a	0	1	29108
58.232	n/a	0	1	29116
58.25	n/a	0	1	29125
58.266	n/a	1	2	29133
58.282	n/a	1	2	29141
58.3	n/a	1	2	29150
58.316	n/a	1	2	29158
58.332	n/a	0	1	29166
58.35	n/a	0	1	29175
58.366	n/a	0	1	29183
58.382	n/a	0	1	29191
58.4	n/a	1	2	29200
58.416	n/a	1	2	29208
58.432	n/a	1	2	29216
58.45	n/a	1	2	29225
58.466	n/a	0	1	29233
58.482	n/a	0	1	29241
58.5	n/a	0	1	29250
58.516	n/a	0	1	29258
58.532	n/a	1	2	29266
58.55	n/a	1	2	29275
58.566	n/a	0	1	29283
58.582	n/a	0	1	29291
58.6	n/a	1	2	29300
58.616	n/a	1	2	29308
58.632	n/a	1	2	29316
58.65	n/a	1	2	29325
58.666	n/a	0	1	29333
58.682	n/a	0	1	29341
58.7	n/a	1	2	29350
58.716	n/a	1	2	29358
58.732	n/a	0	1	29366
58.75	n/a	0	1	29375
58.766	n/a	0	1	29383
58.782	n/a	0	1	29391
58.8	n/a	1	2	29400
58.816	n/a	1	2	29408
58.832	n/a	0	1	29416
58.85	n/a	0	1	29425
58.866	n/a	1	2	29433
58.882	n/a	1	2	29441
58.9	n/a	1	2	29450
58.916	n/a	1	2	29458
58.932	n/a	1	2	29466
58.95	n/a	1	2	29475
58.966	n/a	0	1	29483
58.982	n/a	0	1	29491
59.0	n/a	0	1	29500
59.016	n/a	0	1	29508
59.032	n/a	0	1	29516
59.05	n/a	0	1	29525
59.066	n/a	1	2	29533
59.082	n/a	1	2	29541
59.1	n/a	0	1	29550
59.116	n/a	0	1	29558
59.132	n/a	1	2	29566
59.15	n/a	1	2	29575
59.166	n/a	1	2	29583
59.182	n/a	1	2	29591
59.2	n/a	1	2	29600
59.216	n/a	1	2	29608
59.232	n/a	0	1	29616
59.25	n/a	0	1	29625
59.266	n/a	0	1	29633
59.282	n/a	0	1	29641
59.3	n/a	1	2	29650
59.316	n/a	1	2	29658
59.332	n/a	0	1	29666
59.35	n/a	0	1	29675
59.366	n/a	1	2	29683
59.382	n/a	1	2	29691
59.4	n/a	0	1	29700
59.416	n/a	0	1	29708
59.432	n/a	0	1	29716
59.45	n/a	0	1	29725
59.466	n/a	0	1	29733
59.482	n/a	0	1	29741
59.5	n/a	1	2	29750
59.516	n/a	1	2	29758
59.532	n/a	1	2	29766
59.55	n/a	1	2	29775
59.566	n/a	0	1	29783
59.582	n/a	0	1	29791
59.6	n/a	1	2	29800
59.616	n/a	1	2	29808
59.632	n/a	0	1	29816
59.65	n/a	0	1	29825
59.666	n/a	0	1	29833
59.682	n/a	0	1	29841
59.7	n/a	0	1	29850
59.716	n/a	0	1	29858
59.732	n/a	1	2	29866
59.75	n/a	1	2	29875
59.766	n/a	0	1	29883
59.782	n/a	0	1	29891
59.8	n/a	1	2	29900
59.816	n/a	1	2	29908
59.832	n/a	0	1	29916
59.85	n/a	0	1	29925
59.866	n/a	0	1	29933
59.882	n/a	0	1	29941
59.9	n/a	1	2	29950
61.382	n/a	0	1	30691
61.4	n/a	0	1	30700
61.416	n/a	0	1	30708
61.432	n/a	0	1	30716
61.45	n/a	1	2	30725
61.466	n/a	1	2	30733
61.482	n/a	1	2	30741
61.5	n/a	1	2	30750
61.516	n/a	0	1	30758
61.532	n/a	0	1	30766
61.55	n/a	0	1	30775
61.566	n/a	0	1	30783
61.582	n/a	0	1	30791
61.6	n/a	0	1	30800
61.616	n/a	0	1	30808
61.632	n/a	0	1	30816
61.65	n/a	1	2	30825
61.666	n/a	1	2	30833
61.682	n/a	1	2	30841
61.7	n/a	1	2	30850
61.716	n/a	1	2	30858
61.732	n/a	1	2	30866
61.75	n/a	1	2	30875
61.766	n/a	1	2	30883
61.782	n/a	1	2	30891
61.8	n/a	1	2	30900
61.816	n/a	0	1	30908
61.832	n/a	0	1	30916
61.85	n/a	0	1	30925
61.866	n/a	0	1	30933
61.882	n/a	0	1	30941
61.9	n/a	0	1	30950
61.916	n/a	0	1	30958
61.932	n/a	0	1	30966
61.95	n/a	0	1	30975
61.966	n/a	0	1	30983
61.982	n/a	0	1	30991
62.0	n/a	0	1	31000
62.016	n/a	1	2	31008
62.032	n/a	1	2	31016
62.05	n/a	1	2	31025
62.066	n/a	1	2	31033
62.082	n/a	0	1	31041
62.1	n/a	0	1	31050
62.116	n/a	0	1	31058
62.132	n/a	0	1	31066
62.15	n/a	1	2	31075
62.166	n/a	1	2	31083
62.182	n/a	0	1	31091
62.2	n/a	0	1	31100
62.216	n/a	1	2	31108
62.232	n/a	1	2	31116
62.25	n/a	0	1	31125
62.266	n/a	0	1	31133
62.282	n/a	1	2	31141
62.3	n/a	1	2	31150
62.316	n/a	0	1	31158
62.332	n/a	0	1	31166
62.35	n/a	1	2	31175
62.366	n/a	1	2	31183
62.382	n/a	1	2	31191
62.4	n/a	1	2	31200
62.416	n/a	0	1	31208
62.432	n/a	0	1	31216
62.45	n/a	1	2	31225
62.466	n/a	1	2	31233
62.482	n/a	0	1	31241
62.5	n/a	0	1	31250
62.516	n/a	0	1	31258
62.532	n/a	0	1	31266
62.55	n/a	0	1	31275
62.566	n/a	0	1	31283
62.582	n/a	1	2	31291
62.6	n/a	1	2	31300
62.616	n/a	0	1	31308
62.632	n/a	0	1	31316
62.65	n/a	0	1	31325
62.666	n/a	0	1	31333
62.682	n/a	0	1	31341
62.7	n/a	0	1	31350
62.716	n/a	1	2	31358
62.732	n/a	1	2	31366
62.75	n/a	1	2	31375
62.766	n/a	1	2	31383
62.782	n/a	1	2	31391
62.8	n/a	1	2	31400
62.816	n/a	0	1	31408
62.832	n/a	0	1	31416
62.85	n/a	1	2	31425
62.866	n/a	1	2	31433
62.882	n/a	0	1	31441
62.9	n/a	0	1	31450
62.916	n/a	1	2	31458
62.932	n/a	1	2	31466
62.95	n/a	1	2	31475
62.966	n/a	1	2	31483
62.982	n/a	1	2	31491
63.0	n/a	1	2	31500
63.016	n/a	1	2	31508
63.032	n/a	1	2	31516
63.05	n/a	1	2	31525
63.066	n/a	1	2	31533
63.082	n/a	0	1	31541
63.1	n/a	0	1	31550
63.116	n/a	0	1	31558
63.132	n/a	0	1	31566
63.15	n/a	1	2	31575
63.166	n/a	1	2	31583
63.182	n/a	0	1	31591
63.2	n/a	0	1	31600
63.216	n/a	0	1	31608
63.232	n/a	0	1	31616
63.25	n/a	0	1	31625
63.266	n/a	0	1	31633
63.282	n/a	1	2	31641
63.3	n/a	1	2	31650
63.316	n/a	1	2	31658
64.8	n/a	1	2	32400
64.816	n/a	1	2	32408
64.832	n/a	1	2	32416
64.848	n/a	1	2	32424
64.866	n/a	0	1	32433
64.882	n/a	0	1	32441
64.9	n/a	1	2	32450
64.916	n/a	1	2	32458
64.932	n/a	1	2	32466
64.95	n/a	1	2	32475
64.966	n/a	0	1	32483
64.982	n/a	0	1	32491
65.0	n/a	1	2	32500
65.016	n/a	1	2	32508
65.032	n/a	1	2	32516
65.05	n/a	1	2	32525
65.066	n/a	0	1	32533
65.082	n/a	0	1	32541
65.098	n/a	1	2	32549
65.116	n/a	1	2	32558
65.132	n/a	1	2	32566
65.15	n/a	1	2	32575
65.166	n/a	0	1	32583
65.182	n/a	0	1	32591
65.2	n/a	0	1	32600
65.216	n/a	0	1	32608
65.232	n/a	0	1	32616
65.25	n/a	0	1	32625
65.266	n/a	1	2	32633
65.282	n/a	1	2	32641
65.3	n/a	1	2	32650
65.316	n/a	1	2	32658
65.332	n/a	1	2	32666
65.348	n/a	1	2	32674
65.366	n/a	0	1	32683
65.382	n/a	0	1	32691
65.4	n/a	0	1	32700
65.416	n/a	0	1	32708
65.432	n/a	0	1	32716
65.45	n/a	0	1	32725
65.466	n/a	1	2	32733
65.482	n/a	1	2	32741
65.5	n/a	1	2	32750
65.516	n/a	1	2	32758
65.532	n/a	1	2	32766
65.55	n/a	1	2	32775
65.566	n/a	1	2	32783
65.582	n/a	1	2	32791
65.6	n/a	1	2	32800
65.616	n/a	1	2	32808
65.632	n/a	0	1	32816
65.65	n/a	0	1	32825
65.666	n/a	0	1	32833
65.682	n/a	0	1	32841
65.7	n/a	1	2	32850
65.716	n/a	1	2	32858
65.732	n/a	0	1	32866
65.75	n/a	0	1	32875
65.766	n/a	1	2	32883
65.782	n/a	1	2	32891
65.8	n/a	0	1	32900
65.816	n/a	0	1	32908
65.832	n/a	0	1	32916
65.85	n/a	0	1	32925
65.866	n/a	1	2	32933
65.882	n/a	1	2	32941
65.9	n/a	1	2	32950
65.916	n/a	1	2	32958
65.932	n/a	0	1	32966
65.95	n/a	0	1	32975
65.966	n/a	0	1	32983
65.982	n/a	0	1	32991
66.0	n/a	0	1	33000
66.016	n/a	0	1	33008
66.032	n/a	0	1	33016
66.05	n/a	0	1	33025
66.066	n/a	1	2	33033
66.082	n/a	1	2	33041
66.1	n/a	0	1	33050
66.116	n/a	0	1	33058
66.132	n/a	0	1	33066
66.15	n/a	0	1	33075
66.166	n/a	0	1	33083
66.182	n/a	0	1	33091
66.2	n/a	0	1	33100
66.216	n/a	0	1	33108
66.232	n/a	1	2	33116
66.25	n/a	1	2	33125
66.266	n/a	1	2	33133
66.282	n/a	1	2	33141
66.3	n/a	1	2	33150
66.316	n/a	1	2	33158
66.332	n/a	1	2	33166
66.35	n/a	1	2	33175
66.366	n/a	1	2	33183
66.382	n/a	1	2	33191
66.4	n/a	1	2	33200
66.416	n/a	1	2	33208
66.432	n/a	0	1	33216
66.45	n/a	0	1	33225
66.466	n/a	1	2	33233
66.482	n/a	1	2	33241
66.5	n/a	0	1	33250
66.516	n/a	0	1	33258
66.532	n/a	1	2	33266
66.55	n/a	1	2	33275
66.566	n/a	0	1	33283
66.582	n/a	0	1	33291
66.6	n/a	0	1	33300
66.616	n/a	0	1	33308
66.632	n/a	1	2	33316
66.65	n/a	1	2	33325
66.666	n/a	1	2	33333
66.682	n/a	1	2	33341
66.7	n/a	0	1	33350
66.716	n/a	0	1	33358
66.732	n/a	0	1	33366
69.3	n/a	1	2	34650
69.316	n/a	1	2	34658
69.332	n/a	1	2	34666
69.35	n/a	1	2	34675
69.366	n/a	0	1	34683
69.382	n/a	0	1	34691
69.4	n/a	1	2	34700
69.416	n/a	1	2	34708
69.432	n/a	1	2	34716
69.45	n/a	1	2	34725
69.466	n/a	0	1	34733
69.482	n/a	0	1	34741
69.5	n/a	1	2	34750
69.516	n/a	1	2	34758
69.532	n/a	1	2	34766
69.55	n/a	1	2	34775
69.566	n/a	0	1	34783
69.582	n/a	0	1	34791
69.6	n/a	1	2	34800
69.616	n/a	1	2	34808
69.632	n/a	1	2	34816
69.65	n/a	1	2	34825
69.666	n/a	0	1	34833
69.682	n/a	0	1	34841
69.7	n/a	0	1	34850
69.716	n/a	0	1	34858
69.732	n/a	0	1	34866
69.75	n/a	0	1	34875
69.766	n/a	1	2	34883
69.782	n/a	1	2	34891
69.8	n/a	1	2	34900
69.816	n/a	1	2	34908
69.832	n/a	1	2	34916
69.85	n/a	1	2	34925
69.866	n/a	0	1	34933
69.882	n/a	0	1	34941
69.9	n/a	0	1	34950
69.916	n/a	0	1	34958
69.932	n/a	0	1	34966
69.95	n/a	0	1	34975
69.966	n/a	1	2	34983
69.982	n/a	1	2	34991
70.0	n/a	1	2	35000
70.016	n/a	1	2	35008
70.032	n/a	1	2	35016
70.05	n/a	1	2	35025
70.066	n/a	1	2	35033
70.082	n/a	1	2	35041
70.1	n/a	1	2	35050
70.116	n/a	1	2	35058
70.132	n/a	0	1	35066
70.15	n/a	0	1	35075
70.166	n/a	0	1	35083
70.182	n/a	0	1	35091
70.2	n/a	1	2	35100
70.216	n/a	1	2	35108
70.232	n/a	0	1	35116
70.25	n/a	0	1	35125
70.266	n/a	1	2	35133
70.282	n/a	1	2	35141
70.3	n/a	0	1	35150
70.316	n/a	0	1	35158
70.332	n/a	0	1	35166
70.35	n/a	0	1	35175
70.366	n/a	1	2	35183
70.382	n/a	1	2	35191
70.4	n/a	1	2	35200
70.416	n/a	1	2	35208
70.432	n/a	0	1	35216
70.45	n/a	0	1	35225
70.466	n/a	0	1	35233
70.482	n/a	0	1	35241
70.5	n/a	0	1	35250
70.516	n/a	0	1	35258
70.532	n/a	0	1	35266
70.55	n/a	0	1	35275
70.566	n/a	1	2	35283
70.582	n/a	1	2	35291
70.6	n/a	0	1	35300
70.616	n/a	0	1	35308
70.632	n/a	0	1	35316
70.65	n/a	0	1	35325
70.666	n/a	0	1	35333
70.682	n/a	0	1	35341
70.7	n/a	0	1	35350
70.716	n/a	0	1	35358
70.732	n/a	1	2	35366
70.75	n/a	1	2	35375
70.766	n/a	1	2	35383
70.782	n/a	1	2	35391
70.8	n/a	1	2	35400
70.816	n/a	1	2	35408
70.832	n/a	1	2	35416
70.85	n/a	1	2	35425
70.866	n/a	1	2	35433
70.882	n/a	1	2	35441
70.9	n/a	1	2	35450
70.916	n/a	1	2	35458
70.932	n/a	0	1	35466
70.95	n/a	0	1	35475
70.966	n/a	1	2	35483
70.982	n/a	1	2	35491
71.0	n/a	0	1	35500
71.016	n/a	0	1	35508
71.032	n/a	1	2	35516
71.05	n/a	1	2	35525
71.066	n/a	0	1	35533
71.082	n/a	0	1	35541
71.1	n/a	0	1	35550
71.116	n/a	0	1	35558
71.132	n/a	1	2	35566
71.15	n/a	1	2	35575
71.166	n/a	1	2	35583
71.182	n/a	1	2	35591
71.2	n/a	0	1	35600
71.216	n/a	0	1	35608
71.232	n/a	0	1	35616
72.716	n/a	1	2	36358
72.732	n/a	1	2	36366
72.75	n/a	1	2	36375
72.766	n/a	1	2	36383
72.782	n/a	0	1	36391
72.8	n/a	0	1	36400
72.816	n/a	0	1	36408
72.832	n/a	0	1	36416
72.85	n/a	0	1	36425
72.866	n/a	0	1	36433
72.882	n/a	0	1	36441
72.9	n/a	0	1	36450
72.916	n/a	1	2	36458
72.932	n/a	1	2	36466
72.95	n/a	0	1	36475
72.966	n/a	0	1	36483
72.982	n/a	0	1	36491
73.0	n/a	0	1	36500
73.016	n/a	1	2	36508
73.032	n/a	1	2	36516
73.05	n/a	1	2	36525
73.066	n/a	1	2	36533
73.082	n/a	0	1	36541
73.1	n/a	0	1	36550
73.116	n/a	0	1	36558
73.132	n/a	0	1	36566
73.15	n/a	0	1	36575
73.166	n/a	0	1	36583
73.182	n/a	0	1	36591
73.2	n/a	0	1	36600
73.216	n/a	0	1	36608
73.232	n/a	0	1	36616
73.25	n/a	0	1	36625
73.266	n/a	0	1	36633
73.282	n/a	1	2	36641
73.3	n/a	1	2	36650
73.316	n/a	0	1	36658
73.332	n/a	0	1	36666
73.35	n/a	1	2	36675
73.366	n/a	1	2	36683
73.382	n/a	1	2	36691
73.4	n/a	1	2	36700
73.416	n/a	0	1	36708
73.432	n/a	0	1	36716
73.45	n/a	1	2	36725
73.466	n/a	1	2	36733
73.482	n/a	0	1	36741
73.5	n/a	0	1	36750
73.516	n/a	1	2	36758
73.532	n/a	1	2	36766
73.55	n/a	0	1	36775
73.566	n/a	0	1	36783
73.582	n/a	1	2	36791
73.6	n/a	1	2	36800
73.616	n/a	0	1	36808
73.632	n/a	0	1	36816
73.65	n/a	0	1	36825
73.666	n/a	0	1	36833
73.682	n/a	0	1	36841
73.7	n/a	0	1	36850
73.716	n/a	1	2	36858
73.732	n/a	1	2	36866
73.75	n/a	1	2	36875
73.766	n/a	1	2	36883
73.782	n/a	1	2	36891
73.8	n/a	1	2	36900
73.816	n/a	0	1	36908
73.832	n/a	0	1	36916
73.85	n/a	1	2	36925
73.866	n/a	1	2	36933
73.882	n/a	1	2	36941
73.9	n/a	1	2	36950
73.916	n/a	1	2	36958
73.932	n/a	1	2	36966
73.95	n/a	0	1	36975
73.966	n/a	0	1	36983
73.982	n/a	1	2	36991
74.0	n/a	1	2	37000
74.016	n/a	0	1	37008
74.032	n/a	0	1	37016
74.05	n/a	1	2	37025
74.066	n/a	1	2	37033
74.082	n/a	1	2	37041
74.1	n/a	1	2	37050
74.116	n/a	0	1	37058
74.132	n/a	0	1	37066
74.15	n/a	0	1	37075
74.166	n/a	0	1	37083
74.182	n/a	0	1	37091
74.2	n/a	0	1	37100
74.216	n/a	1	2	37108
74.232	n/a	1	2	37116
74.25	n/a	1	2	37125
74.266	n/a	1	2	37133
74.282	n/a	0	1	37141
74.3	n/a	0	1	37150
74.316	n/a	1	2	37158
74.332	n/a	1	2	37166
74.35	n/a	1	2	37175
74.366	n/a	1	2	37183
74.382	n/a	1	2	37191
74.4	n/a	1	2	37200
74.416	n/a	0	1	37208
74.432	n/a	0	1	37216
74.45	n/a	0	1	37225
74.466	n/a	0	1	37233
74.482	n/a	0	1	37241
74.5	n/a	0	1	37250
74.516	n/a	0	1	37258
74.532	n/a	0	1	37266
74.55	n/a	0	1	37275
74.566	n/a	0	1	37283
74.582	n/a	1	2	37291
74.6	n/a	1	2	37300
74.616	n/a	1	2	37308
74.632	n/a	1	2	37316
74.65	n/a	1	2	37325
76.132	n/a	0	1	38066
76.15	n/a	0	1	38075
76.166	n/a	0	1	38083
76.182	n/a	0	1	38091
76.2	n/a	1	2	38100
76.216	n/a	1	2	38108
76.232	n/a	1	2	38116
76.25	n/a	1	2	38125
76.266	n/a	0	1	38133
76.282	n/a	0	1	38141
76.3	n/a	0	1	38150
76.316	n/a	0	1	38158
76.332	n/a	0	1	38166
76.35	n/a	0	1	38175
76.366	n/a	0	1	38183
76.382	n/a	0	1	38191
76.4	n/a	1	2	38200
76.416	n/a	1	2	38208
76.432	n/a	1	2	38216
76.45	n/a	1	2	38225
76.466	n/a	1	2	38233
76.482	n/a	1	2	38241
76.5	n/a	1	2	38250
76.516	n/a	1	2	38258
76.532	n/a	1	2	38266
76.55	n/a	1	2	38275
76.566	n/a	0	1	38283
76.582	n/a	0	1	38291
76.6	n/a	0	1	38300
76.616	n/a	0	1	38308
76.632	n/a	0	1	38316
76.65	n/a	0	1	38325
76.666	n/a	0	1	38333
76.682	n/a	0	1	38341
76.7	n/a	0	1	38350
76.716	n/a	0	1	38358
76.732	n/a	0	1	38366
76.75	n/a	0	1	38375
76.766	n/a	1	2	38383
76.782	n/a	1	2	38391
76.8	n/a	1	2	38400
76.816	n/a	1	2	38408
76.832	n/a	0	1	38416
76.85	n/a	0	1	38425
76.866	n/a	0	1	38433
76.882	n/a	0	1	38441
76.9	n/a	1	2	38450
76.916	n/a	1	2	38458
76.932	n/a	0	1	38466
76.95	n/a	0	1	38475
76.966	n/a	1	2	38483
76.982	n/a	1	2	38491
77.0	n/a	0	1	38500
77.016	n/a	0	1	38508
77.032	n/a	1	2	38516
77.05	n/a	1	2	38525
77.066	n/a	0	1	38533
77.082	n/a	0	1	38541
77.1	n/a	1	2	38550
77.116	n/a	1	2	38558
77.132	n/a	1	2	38566
77.15	n/a	1	2	38575
77.166	n/a	0	1	38583
77.182	n/a	0	1	38591
77.2	n/a	1	2	38600
77.216	n/a	1	2	38608
77.232	n/a	0	1	38616
77.25	n/a	0	1	38625
77.266	n/a	0	1	38633
77.282	n/a	0	1	38641
77.3	n/a	0	1	38650
77.316	n/a	0	1	38658
77.332	n/a	1	2	38666
77.35	n/a	1	2	38675
77.366	n/a	0	1	38683
77.382	n/a	0	1	38691
77.4	n/a	0	1	38700
77.416	n/a	0	1	38708
77.432	n/a	0	1	38716
77.45	n/a	0	1	38725
77.466	n/a	1	2	38733
77.482	n/a	1	2	38741
77.5	n/a	1	2	38750
77.516	n/a	1	2	38758
77.532	n/a	1	2	38766
77.55	n/a	1	2	38775
77.566	n/a	0	1	38783
77.582	n/a	0	1	38791
77.6	n/a	1	2	38800
77.616	n/a	1	2	38808
77.632	n/a	0	1	38816
77.65	n/a	0	1	38825
77.666	n/a	1	2	38833
77.682	n/a	1	2	38841
77.7	n/a	1	2	38850
77.716	n/a	1	2	38858
77.732	n/a	1	2	38866
77.75	n/a	1	2	38875
77.766	n/a	1	2	38883
77.782	n/a	1	2	38891
77.8	n/a	1	2	38900
77.816	n/a	1	2	38908
77.832	n/a	0	1	38916
77.85	n/a	0	1	38925
77.866	n/a	0	1	38933
77.882	n/a	0	1	38941
77.9	n/a	1	2	38950
77.916	n/a	1	2	38958
77.932	n/a	0	1	38966
77.95	n/a	0	1	38975
77.966	n/a	0	1	38983
77.982	n/a	0	1	38991
78.0	n/a	0	1	39000
78.016	n/a	0	1	39008
78.032	n/a	1	2	39016
78.05	n/a	1	2	39025
78.066	n/a	1	2	39033
79.55	n/a	1	2	39775
79.566	n/a	1	2	39783
79.582	n/a	1	2	39791
79.6	n/a	1	2	39800
79.616	n/a	1	2	39808
79.632	n/a	1	2	39816
79.65	n/a	1	2	39825
79.666	n/a	1	2	39833
79.682	n/a	1	2	39841
79.7	n/a	1	2	39850
79.716	n/a	1	2	39858
79.732	n/a	1	2	39866
79.75	n/a	1	2	39875
79.766	n/a	1	2	39883
79.782	n/a	0	1	39891
79.8	n/a	0	1	39900
79.816	n/a	0	1	39908
79.832	n/a	0	1	39916
79.85	n/a	1	2	39925
79.866	n/a	1	2	39933
79.882	n/a	1	2	39941
79.9	n/a	1	2	39950
79.916	n/a	0	1	39958
79.932	n/a	0	1	39966
79.95	n/a	0	1	39975
79.966	n/a	0	1	39983
79.982	n/a	1	2	39991
80.0	n/a	1	2	40000
80.016	n/a	1	2	40008
80.032	n/a	1	2	40016
80.05	n/a	0	1	40025
80.066	n/a	0	1	40033
80.082	n/a	0	1	40041
80.1	n/a	0	1	40050
80.116	n/a	1	2	40058
80.132	n/a	1	2	40066
80.15	n/a	0	1	40075
80.166	n/a	0	1	40083
80.182	n/a	1	2	40091
80.2	n/a	1	2	40100
80.216	n/a	1	2	40108
80.232	n/a	1	2	40116
80.25	n/a	0	1	40125
80.266	n/a	0	1	40133
80.282	n/a	1	2	40141
80.3	n/a	1	2	40150
80.316	n/a	0	1	40158
80.332	n/a	0	1	40166
80.35	n/a	0	1	40175
80.366	n/a	0	1	40183
80.382	n/a	1	2	40191
80.4	n/a	1	2	40200
80.416	n/a	0	1	40208
80.432	n/a	0	1	40216
80.45	n/a	1	2	40225
80.466	n/a	1	2	40233
80.482	n/a	1	2	40241
80.5	n/a	1	2	40250
80.516	n/a	1	2	40258
80.532	n/a	1	2	40266
80.55	n/a	0	1	40275
80.566	n/a	0	1	40283
80.582	n/a	0	1	40291
80.6	n/a	0	1	40300
80.616	n/a	0	1	40308
80.632	n/a	0	1	40316
80.65	n/a	1	2	40325
80.666	n/a	1	2	40333
80.682	n/a	0	1	40341
80.7	n/a	0	1	40350
80.716	n/a	1	2	40358
80.732	n/a	1	2	40366
80.75	n/a	1	2	40375
80.766	n/a	1	2	40383
80.782	n/a	1	2	40391
80.8	n/a	1	2	40400
80.816	n/a	0	1	40408
80.832	n/a	0	1	40416
80.85	n/a	0	1	40425
80.866	n/a	0	1	40433
80.882	n/a	1	2	40441
80.9	n/a	1	2	40450
80.916	n/a	0	1	40458
80.932	n/a	0	1	40466
80.95	n/a	1	2	40475
80.966	n/a	1	2	40483
80.982	n/a	0	1	40491
81.0	n/a	0	1	40500
81.016	n/a	0	1	40508
81.032	n/a	0	1	40516
81.05	n/a	0	1	40525
81.066	n/a	0	1	40533
81.082	n/a	1	2	40541
81.1	n/a	1	2	40550
81.116	n/a	1	2	40558
81.132	n/a	1	2	40566
81.15	n/a	0	1	40575
81.166	n/a	0	1	40583
81.182	n/a	1	2	40591
81.2	n/a	1	2	40600
81.216	n/a	0	1	40608
81.232	n/a	0	1	40616
81.25	n/a	0	1	40625
81.266	n/a	0	1	40633
81.282	n/a	0	1	40641
81.3	n/a	0	1	40650
81.316	n/a	1	2	40658
81.332	n/a	1	2	40666
81.35	n/a	0	1	40675
81.366	n/a	0	1	40683
81.382	n/a	1	2	40691
81.4	n/a	1	2	40700
81.416	n/a	0	1	40708
81.432	n/a	0	1	40716
81.45	n/a	0	1	40725
81.466	n/a	0	1	40733
81.482	n/a	1	2	40741
83.65	n/a	1	2	41825
83.666	n/a	1	2	41833
83.682	n/a	1	2	41841
83.7	n/a	1	2	41850
83.716	n/a	1	2	41858
83.732	n/a	1	2	41866
83.75	n/a	1	2	41875
83.766	n/a	1	2	41883
83.782	n/a	1	2	41891
83.8	n/a	1	2	41900
83.816	n/a	1	2	41908
83.832	n/a	1	2	41916
83.85	n/a	1	2	41925
83.866	n/a	1	2	41933
83.882	n/a	0	1	41941
83.9	n/a	0	1	41950
83.916	n/a	0	1	41958
83.932	n/a	0	1	41966
83.95	n/a	1	2	41975
83.966	n/a	1	2	41983
83.982	n/a	1	2	41991
84.0	n/a	1	2	42000
84.016	n/a	0	1	42008
84.032	n/a	0	1	42016
84.05	n/a	0	1	42025
84.066	n/a	0	1	42033
84.082	n/a	1	2	42041
84.1	n/a	1	2	42050
84.116	n/a	1	2	42058
84.132	n/a	1	2	42066
84.15	n/a	0	1	42075
84.166	n/a	0	1	42083
84.182	n/a	0	1	42091
84.2	n/a	0	1	42100
84.216	n/a	1	2	42108
84.232	n/a	1	2	42116
84.25	n/a	0	1	42125
84.266	n/a	0	1	42133
84.282	n/a	1	2	42141
84.3	n/a	1	2	42150
84.316	n/a	1	2	42158
84.332	n/a	1	2	42166
84.35	n/a	0	1	42175
84.366	n/a	0	1	42183
84.382	n/a	1	2	42191
84.4	n/a	1	2	42200
84.416	n/a	0	1	42208
84.432	n/a	0	1	42216
84.45	n/a	0	1	42225
84.466	n/a	0	1	42233
84.482	n/a	1	2	42241
84.5	n/a	1	2	42250
84.516	n/a	0	1	42258
84.532	n/a	0	1	42266
84.55	n/a	1	2	42275
84.566	n/a	1	2	42283
84.582	n/a	1	2	42291
84.6	n/a	1	2	42300
84.616	n/a	1	2	42308
84.632	n/a	1	2	42316
84.65	n/a	0	1	42325
84.666	n/a	0	1	42333
84.682	n/a	0	1	42341
84.7	n/a	0	1	42350
84.716	n/a	0	1	42358
84.732	n/a	0	1	42366
84.75	n/a	1	2	42375
84.766	n/a	1	2	42383
84.782	n/a	0	1	42391
84.8	n/a	0	1	42400
84.816	n/a	1	2	42408
84.832	n/a	1	2	42416
84.85	n/a	1	2	42425
84.866	n/a	1	2	42433
84.882	n/a	1	2	42441
84.9	n/a	1	2	42450
84.916	n/a	0	1	42458
84.932	n/a	0	1	42466
84.95	n/a	0	1	42475
84.966	n/a	0	1	42483
84.982	n/a	1	2	42491
85.0	n/a	1	2	42500
85.016	n/a	0	1	42508
85.032	n/a	0	1	42516
85.05	n/a	1	2	42525
85.066	n/a	1	2	42533
85.082	n/a	0	1	42541
85.1	n/a	0	1	42550
85.116	n/a	0	1	42558
85.132	n/a	0	1	42566
85.15	n/a	0	1	42575
85.166	n/a	0	1	42583
85.182	n/a	1	2	42591
85.2	n/a	1	2	42600
85.216	n/a	1	2	42608
85.232	n/a	1	2	42616
85.25	n/a	0	1	42625
85.266	n/a	0	1	42633
85.282	n/a	1	2	42641
85.3	n/a	1	2	42650
85.316	n/a	0	1	42658
85.332	n/a	0	1	42666
85.35	n/a	0	1	42675
85.366	n/a	0	1	42683
85.382	n/a	0	1	42691
85.4	n/a	0	1	42700
85.416	n/a	1	2	42708
85.432	n/a	1	2	42716
85.45	n/a	0	1	42725
85.466	n/a	0	1	42733
85.482	n/a	1	2	42741
85.5	n/a	1	2	42750
85.516	n/a	0	1	42758
85.532	n/a	0	1	42766
85.55	n/a	0	1	42775
85.566	n/a	0	1	42783
85.582	n/a	1	2	42791
87.066	n/a	0	1	43533
87.082	n/a	0	1	43541
87.1	n/a	0	1	43550
87.116	n/a	0	1	43558
87.132	n/a	1	2	43566
87.15	n/a	1	2	43575
87.166	n/a	1	2	43583
87.182	n/a	1	2	43591
87.2	n/a	0	1	43600
87.216	n/a	0	1	43608
87.232	n/a	0	1	43616
87.25	n/a	0	1	43625
87.266	n/a	0	1	43633
87.282	n/a	0	1	43641
87.3	n/a	0	1	43650
87.316	n/a	0	1	43658
87.332	n/a	1	2	43666
87.35	n/a	1	2	43675
87.366	n/a	1	2	43683
87.382	n/a	1	2	43691
87.4	n/a	1	2	43700
87.416	n/a	1	2	43708
87.432	n/a	1	2	43716
87.45	n/a	1	2	43725
87.466	n/a	1	2	43733
87.482	n/a	1	2	43741
87.5	n/a	0	1	43750
87.516	n/a	0	1	43758
87.532	n/a	0	1	43766
87.55	n/a	0	1	43775
87.566	n/a	0	1	43783
87.582	n/a	0	1	43791
87.6	n/a	0	1	43800
87.616	n/a	0	1	43808
87.632	n/a	0	1	43816
87.65	n/a	0	1	43825
87.666	n/a	0	1	43833
87.682	n/a	0	1	43841
87.7	n/a	1	2	43850
87.716	n/a	1	2	43858
87.732	n/a	1	2	43866
87.75	n/a	1	2	43875
87.766	n/a	0	1	43883
87.782	n/a	0	1	43891
87.8	n/a	0	1	43900
87.816	n/a	0	1	43908
87.832	n/a	1	2	43916
87.85	n/a	1	2	43925
87.866	n/a	0	1	43933
87.882	n/a	0	1	43941
87.9	n/a	1	2	43950
87.916	n/a	1	2	43958
87.932	n/a	0	1	43966
87.95	n/a	0	1	43975
87.966	n/a	1	2	43983
87.982	n/a	1	2	43991
88.0	n/a	0	1	44000
88.016	n/a	0	1	44008
88.032	n/a	1	2	44016
88.05	n/a	1	2	44025
88.066	n/a	1	2	44033
88.082	n/a	1	2	44041
88.1	n/a	0	1	44050
88.116	n/a	0	1	44058
88.132	n/a	1	2	44066
88.15	n/a	1	2	44075
88.166	n/a	0	1	44083
88.182	n/a	0	1	44091
88.2	n/a	0	1	44100
88.216	n/a	0	1	44108
88.232	n/a	0	1	44116
88.25	n/a	0	1	44125
88.266	n/a	1	2	44133
88.282	n/a	1	2	44141
88.3	n/a	0	1	44150
88.316	n/a	0	1	44158
88.332	n/a	0	1	44166
88.35	n/a	0	1	44175
88.366	n/a	0	1	44183
88.382	n/a	0	1	44191
88.4	n/a	1	2	44200
88.416	n/a	1	2	44208
88.432	n/a	1	2	44216
88.45	n/a	1	2	44225
88.466	n/a	1	2	44233
88.482	n/a	1	2	44241
88.5	n/a	0	1	44250
88.516	n/a	0	1	44258
88.532	n/a	1	2	44266
88.55	n/a	1	2	44275
88.566	n/a	0	1	44283
88.582	n/a	0	1	44291
88.6	n/a	1	2	44300
88.616	n/a	1	2	44308
88.632	n/a	1	2	44316
88.65	n/a	1	2	44325
88.666	n/a	1	2	44333
88.682	n/a	1	2	44341
88.7	n/a	1	2	44350
88.716	n/a	1	2	44358
88.732	n/a	1	2	44366
88.75	n/a	1	2	44375
88.766	n/a	0	1	44383
88.782	n/a	0	1	44391
88.8	n/a	0	1	44400
88.816	n/a	0	1	44408
88.832	n/a	1	2	44416
88.85	n/a	1	2	44425
88.866	n/a	0	1	44433
88.882	n/a	0	1	44441
88.9	n/a	0	1	44450
88.916	n/a	0	1	44458
88.932	n/a	0	1	44466
88.95	n/a	0	1	44475
88.966	n/a	1	2	44483
88.982	n/a	1	2	44491
89.0	n/a	1	2	44500
90.482	n/a	1	2	45241
90.5	n/a	1	2	45250
90.516	n/a	1	2	45258
90.532	n/a	1	2	45266
90.55	n/a	0	1	45275
90.566	n/a	0	1	45283
90.582	n/a	0	1	45291
90.6	n/a	0	1	45300
90.616	n/a	0	1	45308
90.632	n/a	0	1	45316
90.65	n/a	0	1	45325
90.666	n/a	0	1	45333
90.682	n/a	1	2	45341
90.7	n/a	1	2	45350
90.716	n/a	0	1	45358
90.732	n/a	0	1	45366
90.75	n/a	0	1	45375
90.766	n/a	0	1	45383
90.782	n/a	1	2	45391
90.8	n/a	1	2	45400
90.816	n/a	1	2	45408
90.832	n/a	1	2	45416
90.85	n/a	0	1	45425
90.866	n/a	0	1	45433
90.882	n/a	0	1	45441
90.9	n/a	0	1	45450
90.916	n/a	0	1	45458
90.932	n/a	0	1	45466
90.95	n/a	0	1	45475
90.966	n/a	0	1	45483
90.982	n/a	0	1	45491
91.0	n/a	0	1	45500
91.016	n/a	0	1	45508
91.032	n/a	0	1	45516
91.05	n/a	1	2	45525
91.066	n/a	1	2	45533
91.082	n/a	0	1	45541
91.1	n/a	0	1	45550
91.116	n/a	1	2	45558
91.132	n/a	1	2	45566
91.15	n/a	1	2	45575
91.166	n/a	1	2	45583
91.182	n/a	0	1	45591
91.2	n/a	0	1	45600
91.216	n/a	1	2	45608
91.232	n/a	1	2	45616
91.25	n/a	0	1	45625
91.266	n/a	0	1	45633
91.282	n/a	1	2	45641
91.3	n/a	1	2	45650
91.316	n/a	0	1	45658
91.332	n/a	0	1	45666
91.35	n/a	1	2	45675
91.366	n/a	1	2	45683
91.382	n/a	0	1	45691
91.4	n/a	0	1	45700
91.416	n/a	0	1	45708
91.432	n/a	0	1	45716
91.45	n/a	0	1	45725
91.466	n/a	0	1	45733
91.482	n/a	1	2	45741
91.5	n/a	1	2	45750
91.516	n/a	1	2	45758
91.532	n/a	1	2	45766
91.55	n/a	1	2	45775
91.566	n/a	1	2	45783
91.582	n/a	0	1	45791
91.6	n/a	0	1	45800
91.616	n/a	1	2	45808
91.632	n/a	1	2	45816
91.65	n/a	1	2	45825
91.666	n/a	1	2	45833
91.682	n/a	1	2	45841
91.7	n/a	1	2	45850
91.716	n/a	0	1	45858
91.732	n/a	0	1	45866
91.75	n/a	1	2	45875
91.766	n/a	1	2	45883
91.782	n/a	0	1	45891
91.8	n/a	0	1	45900
91.816	n/a	1	2	45908
91.832	n/a	1	2	45916
91.85	n/a	1	2	45925
91.866	n/a	1	2	45933
91.882	n/a	0	1	45941
91.9	n/a	0	1	45950
91.916	n/a	0	1	45958
91.932	n/a	0	1	45966
91.95	n/a	0	1	45975
91.966	n/a	0	1	45983
91.982	n/a	1	2	45991
92.0	n/a	1	2	46000
92.016	n/a	1	2	46008
92.032	n/a	1	2	46016
92.05	n/a	0	1	46025
92.066	n/a	0	1	46033
92.082	n/a	1	2	46041
92.1	n/a	1	2	46050
92.116	n/a	1	2	46058
92.132	n/a	1	2	46066
92.15	n/a	1	2	46075
92.166	n/a	1	2	46083
92.182	n/a	0	1	46091
92.2	n/a	0	1	46100
92.216	n/a	0	1	46108
92.232	n/a	0	1	46116
92.25	n/a	0	1	46125
92.266	n/a	0	1	46133
92.282	n/a	0	1	46141
92.3	n/a	0	1	46150
92.316	n/a	0	1	46158
92.332	n/a	0	1	46166
92.35	n/a	1	2	46175
92.366	n/a	1	2	46183
92.382	n/a	1	2	46191
92.4	n/a	1	2	46200
92.416	n/a	1	2	46208
93.9	n/a	1	2	46950
93.916	n/a	1	2	46958
93.932	n/a	1	2	46966
93.95	n/a	1	2	46975
93.966	n/a	0	1	46983
93.982	n/a	0	1	46991
94.0	n/a	1	2	47000
94.016	n/a	1	2	47008
94.032	n/a	1	2	47016
94.05	n/a	1	2	47025
94.066	n/a	0	1	47033
94.082	n/a	0	1	47041
94.1	n/a	1	2	47050
94.116	n/a	1	2	47058
94.132	n/a	1	2	47066
94.15	n/a	1	2	47075
94.166	n/a	0	1	47083
94.182	n/a	0	1	47091
94.2	n/a	1	2	47100
94.216	n/a	1	2	47108
94.232	n/a	1	2	47116
94.25	n/a	1	2	47125
94.266	n/a	0	1	47133
94.282	n/a	0	1	47141
94.3	n/a	0	1	47150
94.316	n/a	0	1	47158
94.332	n/a	0	1	47166
94.35	n/a	0	1	47175
94.366	n/a	1	2	47183
94.382	n/a	1	2	47191
94.4	n/a	1	2	47200
94.416	n/a	1	2	47208
94.432	n/a	1	2	47216
94.45	n/a	1	2	47225
94.466	n/a	0	1	47233
94.482	n/a	0	1	47241
94.5	n/a	0	1	47250
94.516	n/a	0	1	47258
94.532	n/a	0	1	47266
94.55	n/a	0	1	47275
94.566	n/a	1	2	47283
94.582	n/a	1	2	47291
94.6	n/a	1	2	47300
94.616	n/a	1	2	47308
94.632	n/a	1	2	47316
94.65	n/a	1	2	47325
94.666	n/a	1	2	47333
94.682	n/a	1	2	47341
94.7	n/a	1	2	47350
94.716	n/a	1	2	47358
94.732	n/a	0	1	47366
94.75	n/a	0	1	47375
94.766	n/a	0	1	47383
94.782	n/a	0	1	47391
94.8	n/a	1	2	47400
94.816	n/a	1	2	47408
94.832	n/a	0	1	47416
94.85	n/a	0	1	47425
94.866	n/a	1	2	47433
94.882	n/a	1	2	47441
94.9	n/a	0	1	47450
94.916	n/a	0	1	47458
94.932	n/a	0	1	47466
94.95	n/a	0	1	47475
94.966	n/a	1	2	47483
94.982	n/a	1	2	47491
95.0	n/a	1	2	47500
95.016	n/a	1	2	47508
95.032	n/a	0	1	47516
95.05	n/a	0	1	47525
95.066	n/a	0	1	47533
95.082	n/a	0	1	47541
95.1	n/a	0	1	47550
95.116	n/a	0	1	47558
95.132	n/a	0	1	47566
95.15	n/a	0	1	47575
95.166	n/a	1	2	47583
95.182	n/a	1	2	47591
95.2	n/a	0	1	47600
95.216	n/a	0	1	47608
95.232	n/a	0	1	47616
95.25	n/a	0	1	47625
95.266	n/a	0	1	47633
95.282	n/a	0	1	47641
95.3	n/a	0	1	47650
95.316	n/a	0	1	47658
95.332	n/a	1	2	47666
95.35	n/a	1	2	47675
95.366	n/a	1	2	47683
95.382	n/a	1	2	47691
95.4	n/a	1	2	47700
95.416	n/a	1	2	47708
95.432	n/a	1	2	47716
95.45	n/a	1	2	47725
95.466	n/a	1	2	47733
95.482	n/a	1	2	47741
95.5	n/a	1	2	47750
95.516	n/a	1	2	47758
95.532	n/a	0	1	47766
95.55	n/a	0	1	47775
95.566	n/a	1	2	47783
95.582	n/a	1	2	47791
95.6	n/a	0	1	47800
95.616	n/a	0	1	47808
95.632	n/a	1	2	47816
95.65	n/a	1	2	47825
95.666	n/a	0	1	47833
95.682	n/a	0	1	47841
95.7	n/a	0	1	47850
95.716	n/a	0	1	47858
95.732	n/a	1	2	47866
95.75	n/a	1	2	47875
95.766	n/a	1	2	47883
95.782	n/a	1	2	47891
95.8	n/a	0	1	47900
95.816	n/a	0	1	47908
95.832	n/a	0	1	47916
98.2	n/a	1	2	49100
98.216	n/a	1	2	49108
98.232	n/a	1	2	49116
98.25	n/a	1	2	49125
98.266	n/a	0	1	49133
98.282	n/a	0	1	49141
98.3	n/a	0	1	49150
98.316	n/a	0	1	49158
98.332	n/a	0	1	49166
98.35	n/a	0	1	49175
98.366	n/a	0	1	49183
98.382	n/a	0	1	49191
98.4	n/a	1	2	49200
98.416	n/a	1	2	49208
98.432	n/a	0	1	49216
98.45	n/a	0	1	49225
98.466	n/a	0	1	49233
98.482	n/a	0	1	49241
98.5	n/a	1	2	49250
98.516	n/a	1	2	49258
98.532	n/a	1	2	49266
98.55	n/a	1	2	49275
98.566	n/a	0	1	49283
98.582	n/a	0	1	49291
98.6	n/a	0	1	49300
98.616	n/a	0	1	49308
98.632	n/a	0	1	49316
98.65	n/a	0	1	49325
98.666	n/a	0	1	49333
98.682	n/a	0	1	49341
98.7	n/a	0	1	49350
98.716	n/a	0	1	49358
98.732	n/a	0	1	49366
98.75	n/a	0	1	49375
98.766	n/a	1	2	49383
98.782	n/a	1	2	49391
98.8	n/a	0	1	49400
98.816	n/a	0	1	49408
98.832	n/a	1	2	49416
98.85	n/a	1	2	49425
98.866	n/a	1	2	49433
98.882	n/a	1	2	49441
98.9	n/a	0	1	49450
98.916	n/a	0	1	49458
98.932	n/a	1	2	49466
98.95	n/a	1	2	49475
98.966	n/a	0	1	49483
98.982	n/a	0	1	49491
99.0	n/a	1	2	49500
99.016	n/a	1	2	49508
99.032	n/a	0	1	49516
99.05	n/a	0	1	49525
99.066	n/a	1	2	49533
99.082	n/a	1	2	49541
99.1	n/a	0	1	49550
99.116	n/a	0	1	49558
99.132	n/a	0	1	49566
99.15	n/a	0	1	49575
99.166	n/a	0	1	49583
99.182	n/a	0	1	49591
99.2	n/a	1	2	49600
99.216	n/a	1	2	49608
99.232	n/a	1	2	49616
99.25	n/a	1	2	49625
99.266	n/a	1	2	49633
99.282	n/a	1	2	49641
99.3	n/a	0	1	49650
99.316	n/a	0	1	49658
99.332	n/a	1	2	49666
99.35	n/a	1	2	49675
99.366	n/a	1	2	49683
99.382	n/a	1	2	49691
99.4	n/a	1	2	49700
99.416	n/a	1	2	49708
99.432	n/a	0	1	49716
99.45	n/a	0	1	49725
99.466	n/a	1	2	49733
99.482	n/a	1	2	49741
99.5	n/a	0	1	49750
99.516	n/a	0	1	49758
99.532	n/a	1	2	49766
99.55	n/a	1	2	49775
99.566	n/a	1	2	49783
99.582	n/a	1	2	49791
99.6	n/a	0	1	49800
99.616	n/a	0	1	49808
99.632	n/a	0	1	49816
99.65	n/a	0	1	49825
99.666	n/a	0	1	49833
99.682	n/a	0	1	49841
99.7	n/a	1	2	49850
99.716	n/a	1	2	49858
99.732	n/a	1	2	49866
99.75	n/a	1	2	49875
99.766	n/a	0	1	49883
99.782	n/a	0	1	49891
99.8	n/a	1	2	49900
99.816	n/a	1	2	49908
99.832	n/a	1	2	49916
99.85	n/a	1	2	49925
99.866	n/a	1	2	49933
99.882	n/a	1	2	49941
99.9	n/a	0	1	49950
99.916	n/a	0	1	49958
99.932	n/a	0	1	49966
99.95	n/a	0	1	49975
99.966	n/a	0	1	49983
99.982	n/a	0	1	49991
100.0	n/a	0	1	50000
100.016	n/a	0	1	50008
100.032	n/a	0	1	50016
100.05	n/a	0	1	50025
100.066	n/a	1	2	50033
100.082	n/a	1	2	50041
100.1	n/a	1	2	50050
100.116	n/a	1	2	50058
100.132	n/a	1	2	50066
101.616	n/a	1	2	50808
101.632	n/a	1	2	50816
101.65	n/a	1	2	50825
101.666	n/a	1	2	50833
101.682	n/a	0	1	50841
101.7	n/a	0	1	50850
101.716	n/a	1	2	50858
101.732	n/a	1	2	50866
101.75	n/a	1	2	50875
101.766	n/a	1	2	50883
101.782	n/a	0	1	50891
101.8	n/a	0	1	50900
101.816	n/a	1	2	50908
101.832	n/a	1	2	50916
101.85	n/a	1	2	50925
101.866	n/a	1	2	50933
101.882	n/a	0	1	50941
101.9	n/a	0	1	50950
101.916	n/a	1	2	50958
101.932	n/a	1	2	50966
101.95	n/a	1	2	50975
101.966	n/a	1	2	50983
101.982	n/a	0	1	50991
102.0	n/a	0	1	51000
102.016	n/a	0	1	51008
102.032	n/a	0	1	51016
102.05	n/a	0	1	51025
102.066	n/a	0	1	51033
102.082	n/a	1	2	51041
102.1	n/a	1	2	51050
102.116	n/a	1	2	51058
102.132	n/a	1	2	51066
102.15	n/a	1	2	51075
102.166	n/a	1	2	51083
102.182	n/a	0	1	51091
102.2	n/a	0	1	51100
102.216	n/a	0	1	51108
102.232	n/a	0	1	51116
102.25	n/a	0	1	51125
102.266	n/a	0	1	51133
102.282	n/a	1	2	51141
102.3	n/a	1	2	51150
102.316	n/a	1	2	51158
102.332	n/a	1	2	51166
102.35	n/a	1	2	51175
102.366	n/a	1	2	51183
102.382	n/a	1	2	51191
102.4	n/a	1	2	51200
102.416	n/a	1	2	51208
102.432	n/a	1	2	51216
102.45	n/a	0	1	51225
102.466	n/a	0	1	51233
102.482	n/a	0	1	51241
102.5	n/a	0	1	51250
102.516	n/a	1	2	51258
102.532	n/a	1	2	51266
102.55	n/a	0	1	51275
102.566	n/a	0	1	51283
102.582	n/a	1	2	51291
102.6	n/a	1	2	51300
102.616	n/a	0	1	51308
102.632	n/a	0	1	51316
102.65	n/a	0	1	51325
102.666	n/a	0	1	51333
102.682	n/a	1	2	51341
102.7	n/a	1	2	51350
102.716	n/a	1	2	51358
102.732	n/a	1	2	51366
102.75	n/a	0	1	51375
102.766	n/a	0	1	51383
102.782	n/a	0	1	51391
102.8	n/a	0	1	51400
102.816	n/a	0	1	51408
102.832	n/a	0	1	51416
102.85	n/a	0	1	51425
102.866	n/a	0	1	51433
102.882	n/a	1	2	51441
102.9	n/a	1	2	51450
102.916	n/a	0	1	51458
102.932	n/a	0	1	51466
102.95	n/a	0	1	51475
102.966	n/a	0	1	51483
102.982	n/a	0	1	51491
103.0	n/a	0	1	51500
103.016	n/a	0	1	51508
103.032	n/a	0	1	51516
103.05	n/a	1	2	51525
103.066	n/a	1	2	51533
103.082	n/a	1	2	51541
103.1	n/a	1	2	51550
103.116	n/a	1	2	51558
103.132	n/a	1	2	51566
103.15	n/a	1	2	51575
103.166	n/a	1	2	51583
103.182	n/a	1	2	51591
103.2	n/a	1	2	51600
103.216	n/a	1	2	51608
103.232	n/a	1	2	51616
103.25	n/a	0	1	51625
103.266	n/a	0	1	51633
103.282	n/a	1	2	51641
103.3	n/a	1	2	51650
103.316	n/a	0	1	51658
103.332	n/a	0	1	51666
103.35	n/a	1	2	51675
103.366	n/a	1	2	51683
103.382	n/a	0	1	51691
103.4	n/a	0	1	51700
103.416	n/a	0	1	51708
103.432	n/a	0	1	51716
103.45	n/a	1	2	51725
103.466	n/a	1	2	51733
103.482	n/a	1	2	51741
103.5	n/a	1	2	51750
103.516	n/a	0	1	51758
103.532	n/a	0	1	51766
103.55	n/a	0	1	51775
105.032	n/a	1	2	52516
105.05	n/a	1	2	52525
105.066	n/a	1	2	52533
105.082	n/a	1	2	52541
105.1	n/a	1	2	52550
105.116	n/a	1	2	52558
105.132	n/a	1	2	52566
105.15	n/a	1	2	52575
105.166	n/a	1	2	52583
105.182	n/a	1	2	52591
105.2	n/a	1	2	52600
105.216	n/a	1	2	52608
105.232	n/a	1	2	52616
105.25	n/a	1	2	52625
105.266	n/a	0	1	52633
105.282	n/a	0	1	52641
105.3	n/a	0	1	52650
105.316	n/a	0	1	52658
105.332	n/a	1	2	52666
105.35	n/a	1	2	52675
105.366	n/a	1	2	52683
105.382	n/a	1	2	52691
105.4	n/a	0	1	52700
105.416	n/a	0	1	52708
105.432	n/a	0	1	52716
105.45	n/a	0	1	52725
105.466	n/a	1	2	52733
105.482	n/a	1	2	52741
105.5	n/a	1	2	52750
105.516	n/a	1	2	52758
105.532	n/a	0	1	52766
105.55	n/a	0	1	52775
105.566	n/a	0	1	52783
105.582	n/a	0	1	52791
105.6	n/a	1	2	52800
105.616	n/a	1	2	52808
105.632	n/a	0	1	52816
105.65	n/a	0	1	52825
105.666	n/a	1	2	52833
105.682	n/a	1	2	52841
105.7	n/a	1	2	52850
105.716	n/a	1	2	52858
105.732	n/a	0	1	52866
105.75	n/a	0	1	52875
105.766	n/a	1	2	52883
105.782	n/a	1	2	52891
105.8	n/a	0	1	52900
105.816	n/a	0	1	52908
105.832	n/a	0	1	52916
105.85	n/a	0	1	52925
105.866	n/a	1	2	52933
105.882	n/a	1	2	52941
105.9	n/a	0	1	52950
105.916	n/a	0	1	52958
105.932	n/a	1	2	52966
105.95	n/a	1	2	52975
105.966	n/a	1	2	52983
105.982	n/a	1	2	52991
106.0	n/a	1	2	53000
106.016	n/a	1	2	53008
106.032	n/a	0	1	53016
106.05	n/a	0	1	53025
106.066	n/a	0	1	53033
106.082	n/a	0	1	53041
106.1	n/a	0	1	53050
106.116	n/a	0	1	53058
106.132	n/a	1	2	53066
106.15	n/a	1	2	53075
106.166	n/a	0	1	53083
106.182	n/a	0	1	53091
106.2	n/a	1	2	53100
106.216	n/a	1	2	53108
106.232	n/a	1	2	53116
106.25	n/a	1	2	53125
106.266	n/a	1	2	53133
106.282	n/a	1	2	53141
106.3	n/a	0	1	53150
106.316	n/a	0	1	53158
106.332	n/a	0	1	53166
106.35	n/a	0	1	53175
106.366	n/a	1	2	53183
106.382	n/a	1	2	53191
106.4	n/a	0	1	53200
106.416	n/a	0	1	53208
106.432	n/a	1	2	53216
106.45	n/a	1	2	53225
106.466	n/a	0	1	53233
106.482	n/a	0	1	53241
106.5	n/a	0	1	53250
106.516	n/a	0	1	53258
106.532	n/a	0	1	53266
106.55	n/a	0	1	53275
106.566	n/a	1	2	53283
106.582	n/a	1	2	53291
106.6	n/a	1	2	53300
106.616	n/a	1	2	53308
106.632	n/a	0	1	53316
106.65	n/a	0	1	53325
106.666	n/a	1	2	53333
106.682	n/a	1	2	53341
106.7	n/a	0	1	53350
106.716	n/a	0	1	53358
106.732	n/a	0	1	53366
106.75	n/a	0	1	53375
106.766	n/a	0	1	53383
106.782	n/a	0	1	53391
106.8	n/a	1	2	53400
106.816	n/a	1	2	53408
106.832	n/a	0	1	53416
106.85	n/a	0	1	53425
106.866	n/a	1	2	53433
106.882	n/a	1	2	53441
106.9	n/a	0	1	53450
106.916	n/a	0	1	53458
106.932	n/a	0	1	53466
106.95	n/a	0	1	53475
106.966	n/a	1	2	53483
108.45	n/a	0	1	54225
108.466	n/a	0	1	54233
108.482	n/a	0	1	54241
108.5	n/a	0	1	54250
108.516	n/a	1	2	54258
108.532	n/a	1	2	54266
108.55	n/a	1	2	54275
108.566	n/a	1	2	54283
108.582	n/a	0	1	54291
108.6	n/a	0	1	54300
108.616	n/a	0	1	54308
108.632	n/a	0	1	54316
108.65	n/a	0	1	54325
108.666	n/a	0	1	54333
108.682	n/a	0	1	54341
108.7	n/a	0	1	54350
108.716	n/a	1	2	54358
108.732	n/a	1	2	54366
108.75	n/a	1	2	54375
108.766	n/a	1	2	54383
108.782	n/a	1	2	54391
108.8	n/a	1	2	54400
108.816	n/a	1	2	54408
108.832	n/a	1	2	54416
108.85	n/a	1	2	54425
108.866	n/a	1	2	54433
108.882	n/a	0	1	54441
108.9	n/a	0	1	54450
108.916	n/a	0	1	54458
108.932	n/a	0	1	54466
108.95	n/a	0	1	54475
108.966	n/a	0	1	54483
108.982	n/a	0	1	54491
109.0	n/a	0	1	54500
109.016	n/a	0	1	54508
109.032	n/a	0	1	54516
109.05	n/a	0	1	54525
109.066	n/a	0	1	54533
109.082	n/a	1	2	54541
109.1	n/a	1	2	54550
109.116	n/a	1	2	54558
109.132	n/a	1	2	54566
109.15	n/a	0	1	54575
109.166	n/a	0	1	54583
109.182	n/a	0	1	54591
109.2	n/a	0	1	54600
109.216	n/a	1	2	54608
109.232	n/a	1	2	54616
109.25	n/a	0	1	54625
109.266	n/a	0	1	54633
109.282	n/a	1	2	54641
109.3	n/a	1	2	54650
109.316	n/a	0	1	54658
109.332	n/a	0	1	54666
109.35	n/a	1	2	54675
109.366	n/a	1	2	54683
109.382	n/a	0	1	54691
109.4	n/a	0	1	54700
109.416	n/a	1	2	54708
109.432	n/a	1	2	54716
109.45	n/a	1	2	54725
109.466	n/a	1	2	54733
109.482	n/a	0	1	54741
109.5	n/a	0	1	54750
109.516	n/a	1	2	54758
109.532	n/a	1	2	54766
109.55	n/a	0	1	54775
109.566	n/a	0	1	54783
109.582	n/a	0	1	54791
109.6	n/a	0	1	54800
109.616	n/a	0	1	54808
109.632	n/a	0	1	54816
109.65	n/a	1	2	54825
109.666	n/a	1	2	54833
109.682	n/a	0	1	54841
109.7	n/a	0	1	54850
109.716	n/a	0	1	54858
109.732	n/a	0	1	54866
109.75	n/a	0	1	54875
109.766	n/a	0	1	54883
109.782	n/a	1	2	54891
109.8	n/a	1	2	54900
109.816	n/a	1	2	54908
109.832	n/a	1	2	54916
109.85	n/a	1	2	54925
109.866	n/a	1	2	54933
109.882	n/a	0	1	54941
109.9	n/a	0	1	54950
109.916	n/a	1	2	54958
109.932	n/a	1	2	54966
109.95	n/a	0	1	54975
109.966	n/a	0	1	54983
109.982	n/a	1	2	54991
110.0	n/a	1	2	55000
110.016	n/a	1	2	55008
110.032	n/a	1	2	55016
110.05	n/a	1	2	55025
110.066	n/a	1	2	55033
110.082	n/a	1	2	55041
110.1	n/a	1	2	55050
110.116	n/a	1	2	55058
110.132	n/a	1	2	55066
110.15	n/a	0	1	55075
110.166	n/a	0	1	55083
110.182	n/a	0	1	55091
110.2	n/a	0	1	55100
110.216	n/a	1	2	55108
110.232	n/a	1	2	55116
110.25	n/a	0	1	55125
110.266	n/a	0	1	55133
110.282	n/a	0	1	55141
110.3	n/a	0	1	55150
110.316	n/a	0	1	55158
110.332	n/a	0	1	55166
110.35	n/a	1	2	55175
110.366	n/a	1	2	55183
110.382	n/a	1	2	55191
113.066	n/a	0	1	56533
113.082	n/a	0	1	56541
113.1	n/a	0	1	56550
113.116	n/a	0	1	56558
113.132	n/a	1	2	56566
113.15	n/a	1	2	56575
113.166	n/a	1	2	56583
113.182	n/a	1	2	56591
113.2	n/a	0	1	56600
113.216	n/a	0	1	56608
113.232	n/a	0	1	56616
113.25	n/a	0	1	56625
113.266	n/a	0	1	56633
113.282	n/a	0	1	56641
113.3	n/a	0	1	56650
113.316	n/a	0	1	56658
113.332	n/a	1	2	56666
113.35	n/a	1	2	56675
113.366	n/a	1	2	56683
113.382	n/a	1	2	56691
113.4	n/a	1	2	56700
113.416	n/a	1	2	56708
113.432	n/a	1	2	56716
113.45	n/a	1	2	56725
113.466	n/a	1	2	56733
113.482	n/a	1	2	56741
113.5	n/a	0	1	56750
113.516	n/a	0	1	56758
113.532	n/a	0	1	56766
113.55	n/a	0	1	56775
113.566	n/a	0	1	56783
113.582	n/a	0	1	56791
113.6	n/a	0	1	56800
113.616	n/a	0	1	56808
113.632	n/a	0	1	56816
113.65	n/a	0	1	56825
113.666	n/a	0	1	56833
113.682	n/a	0	1	56841
113.7	n/a	1	2	56850
113.716	n/a	1	2	56858
113.732	n/a	1	2	56866
113.75	n/a	1	2	56875
113.766	n/a	0	1	56883
113.782	n/a	0	1	56891
113.8	n/a	0	1	56900
113.816	n/a	0	1	56908
113.832	n/a	1	2	56916
113.85	n/a	1	2	56925
113.866	n/a	0	1	56933
113.882	n/a	0	1	56941
113.9	n/a	1	2	56950
113.916	n/a	1	2	56958
113.932	n/a	0	1	56966
113.95	n/a	0	1	56975
113.966	n/a	1	2	56983
113.982	n/a	1	2	56991
114.0	n/a	0	1	57000
114.016	n/a	0	1	57008
114.032	n/a	1	2	57016
114.05	n/a	1	2	57025
114.066	n/a	1	2	57033
114.082	n/a	1	2	57041
114.1	n/a	0	1	57050
114.116	n/a	0	1	57058
114.132	n/a	1	2	57066
114.15	n/a	1	2	57075
114.166	n/a	0	1	57083
114.182	n/a	0	1	57091
114.2	n/a	0	1	57100
114.216	n/a	0	1	57108
114.232	n/a	0	1	57116
114.25	n/a	0	1	57125
114.266	n/a	1	2	57133
114.282	n/a	1	2	57141
114.3	n/a	0	1	57150
114.316	n/a	0	1	57158
114.332	n/a	0	1	57166
114.35	n/a	0	1	57175
114.366	n/a	0	1	57183
114.382	n/a	0	1	57191
114.4	n/a	1	2	57200
114.416	n/a	1	2	57208
114.432	n/a	1	2	57216
114.45	n/a	1	2	57225
114.466	n/a	1	2	57233
114.482	n/a	1	2	57241
114.5	n/a	0	1	57250
114.516	n/a	0	1	57258
114.532	n/a	1	2	57266
114.55	n/a	1	2	57275
114.566	n/a	0	1	57283
114.582	n/a	0	1	57291
114.6	n/a	1	2	57300
114.616	n/a	1	2	57308
114.632	n/a	1	2	57316
114.65	n/a	1	2	57325
114.666	n/a	1	2	57333
114.682	n/a	1	2	57341
114.7	n/a	1	2	57350
114.716	n/a	1	2	57358
114.732	n/a	1	2	57366
114.75	n/a	1	2	57375
114.766	n/a	0	1	57383
114.782	n/a	0	1	57391
114.8	n/a	0	1	57400
114.816	n/a	0	1	57408
114.832	n/a	1	2	57416
114.85	n/a	1	2	57425
114.866	n/a	0	1	57433
114.882	n/a	0	1	57441
114.9	n/a	0	1	57450
114.916	n/a	0	1	57458
114.932	n/a	0	1	57466
114.95	n/a	0	1	57475
114.966	n/a	1	2	57483
114.982	n/a	1	2	57491
115.0	n/a	1	2	57500
116.482	n/a	1	2	58241
116.5	n/a	1	2	58250
116.516	n/a	1	2	58258
116.532	n/a	1	2	58266
116.55	n/a	0	1	58275
116.566	n/a	0	1	58283
116.582	n/a	0	1	58291
116.6	n/a	0	1	58300
116.616	n/a	0	1	58308
116.632	n/a	0	1	58316
116.65	n/a	0	1	58325
116.666	n/a	0	1	58333
116.682	n/a	1	2	58341
116.7	n/a	1	2	58350
116.716	n/a	0	1	58358
116.732	n/a	0	1	58366
116.75	n/a	0	1	58375
116.766	n/a	0	1	58383
116.782	n/a	1	2	58391
116.8	n/a	1	2	58400
116.816	n/a	1	2	58408
116.832	n/a	1	2	58416
116.85	n/a	0	1	58425
116.866	n/a	0	1	58433
116.882	n/a	0	1	58441
116.9	n/a	0	1	58450
116.916	n/a	0	1	58458
116.932	n/a	0	1	58466
116.95	n/a	0	1	58475
116.966	n/a	0	1	58483
116.982	n/a	0	1	58491
117.0	n/a	0	1	58500
117.016	n/a	0	1	58508
117.032	n/a	0	1	58516
117.05	n/a	1	2	58525
117.066	n/a	1	2	58533
117.082	n/a	0	1	58541
117.1	n/a	0	1	58550
117.116	n/a	1	2	58558
117.132	n/a	1	2	58566
117.15	n/a	1	2	58575
117.166	n/a	1	2	58583
117.182	n/a	0	1	58591
117.2	n/a	0	1	58600
117.216	n/a	1	2	58608
117.232	n/a	1	2	58616
117.25	n/a	0	1	58625
117.266	n/a	0	1	58633
117.282	n/a	1	2	58641
117.3	n/a	1	2	58650
117.316	n/a	0	1	58658
117.332	n/a	0	1	58666
117.35	n/a	1	2	58675
117.366	n/a	1	2	58683
117.382	n/a	0	1	58691
117.4	n/a	0	1	58700
117.416	n/a	0	1	58708
117.432	n/a	0	1	58716
117.45	n/a	0	1	58725
117.466	n/a	0	1	58733
117.482	n/a	1	2	58741
117.5	n/a	1	2	58750
117.516	n/a	1	2	58758
117.532	n/a	1	2	58766
117.55	n/a	1	2	58775
117.566	n/a	1	2	58783
117.582	n/a	0	1	58791
117.6	n/a	0	1	58800
117.616	n/a	1	2	58808
117.632	n/a	1	2	58816
117.65	n/a	1	2	58825
117.666	n/a	1	2	58833
117.682	n/a	1	2	58841
117.7	n/a	1	2	58850
117.716	n/a	0	1	58858
117.732	n/a	0	1	58866
117.75	n/a	1	2	58875
117.766	n/a	1	2	58883
117.782	n/a	0	1	58891
117.8	n/a	0	1	58900
117.816	n/a	1	2	58908
117.832	n/a	1	2	58916
117.85	n/a	1	2	58925
117.866	n/a	1	2	58933
117.882	n/a	0	1	58941
117.9	n/a	0	1	58950
117.916	n/a	0	1	58958
117.932	n/a	0	1	58966
117.95	n/a	0	1	58975
117.966	n/a	0	1	58983
117.982	n/a	1	2	58991
118.0	n/a	1	2	59000
118.016	n/a	1	2	59008
118.032	n/a	1	2	59016
118.05	n/a	0	1	59025
118.066	n/a	0	1	59033
118.082	n/a	1	2	59041
118.1	n/a	1	2	59050
118.116	n/a	1	2	59058
118.132	n/a	1	2	59066
118.15	n/a	1	2	59075
118.166	n/a	1	2	59083
118.182	n/a	0	1	59091
118.2	n/a	0	1	59100
118.216	n/a	0	1	59108
118.232	n/a	0	1	59116
118.25	n/a	0	1	59125
118.266	n/a	0	1	59133
118.282	n/a	0	1	59141
118.3	n/a	0	1	59150
118.316	n/a	0	1	59158
118.332	n/a	0	1	59166
118.35	n/a	1	2	59175
118.366	n/a	1	2	59183
118.382	n/a	1	2	59191
118.4	n/a	1	2	59200
118.416	n/a	1	2	59208
119.9	n/a	1	2	59950
119.916	n/a	1	2	59958
119.932	n/a	1	2	59966
119.95	n/a	1	2	59975
119.966	n/a	0	1	59983
119.982	n/a	0	1	59991
120.0	n/a	1	2	60000
120.016	n/a	1	2	60008
120.032	n/a	1	2	60016
120.05	n/a	1	2	60025
120.066	n/a	0	1	60033
120.082	n/a	0	1	60041
120.1	n/a	1	2	60050
120.116	n/a	1	2	60058
120.132	n/a	1	2	60066
120.15	n/a	1	2	60075
120.166	n/a	0	1	60083
120.182	n/a	0	1	60091
120.2	n/a	1	2	60100
120.216	n/a	1	2	60108
120.232	n/a	1	2	60116
120.25	n/a	1	2	60125
120.266	n/a	0	1	60133
120.282	n/a	0	1	60141
120.3	n/a	0	1	60150
120.316	n/a	0	1	60158
120.332	n/a	0	1	60166
120.35	n/a	0	1	60175
120.366	n/a	1	2	60183
120.382	n/a	1	2	60191
120.4	n/a	1	2	60200
120.416	n/a	1	2	60208
120.432	n/a	1	2	60216
120.45	n/a	1	2	60225
120.466	n/a	0	1	60233
120.482	n/a	0	1	60241
120.5	n/a	0	1	60250
120.516	n/a	0	1	60258
120.532	n/a	0	1	60266
120.55	n/a	0	1	60275
120.566	n/a	1	2	60283
120.582	n/a	1	2	60291
120.6	n/a	1	2	60300
120.616	n/a	1	2	60308
120.632	n/a	1	2	60316
120.65	n/a	1	2	60325
120.666	n/a	1	2	60333
120.682	n/a	1	2	60341
120.7	n/a	1	2	60350
120.716	n/a	1	2	60358
120.732	n/a	0	1	60366
120.75	n/a	0	1	60375
120.766	n/a	0	1	60383
120.782	n/a	0	1	60391
120.8	n/a	1	2	60400
120.816	n/a	1	2	60408
120.832	n/a	0	1	60416
120.85	n/a	0	1	60425
120.866	n/a	1	2	60433
120.882	n/a	1	2	60441
120.9	n/a	0	1	60450
120.916	n/a	0	1	60458
120.932	n/a	0	1	60466
120.95	n/a	0	1	60475
120.966	n/a	1	2	60483
120.982	n/a	1	2	60491
121.0	n/a	1	2	60500
121.016	n/a	1	2	60508
121.032	n/a	0	1	60516
121.05	n/a	0	1	60525
121.066	n/a	0	1	60533
121.082	n/a	0	1	60541
121.1	n/a	0	1	60550
121.116	n/a	0	1	60558
121.132	n/a	0	1	60566
121.15	n/a	0	1	60575
121.166	n/a	1	2	60583
121.182	n/a	1	2	60591
121.2	n/a	0	1	60600
121.216	n/a	0	1	60608
121.232	n/a	0	1	60616
121.25	n/a	0	1	60625
121.266	n/a	0	1	60633
121.282	n/a	0	1	60641
121.3	n/a	0	1	60650
121.316	n/a	0	1	60658
121.332	n/a	1	2	60666
121.35	n/a	1	2	60675
121.366	n/a	1	2	60683
121.382	n/a	1	2	60691
121.4	n/a	1	2	60700
121.416	n/a	1	2	60708
121.432	n/a	1	2	60716
121.45	n/a	1	2	60725
121.466	n/a	1	2	60733
121.482	n/a	1	2	60741
121.5	n/a	1	2	60750
121.516	n/a	1	2	60758
121.532	n/a	0	1	60766
121.55	n/a	0	1	60775
121.566	n/a	1	2	60783
121.582	n/a	1	2	60791
121.6	n/a	0	1	60800
121.616	n/a	0	1	60808
121.632	n/a	1	2	60816
121.65	n/a	1	2	60825
121.666	n/a	0	1	60833
121.682	n/a	0	1	60841
121.7	n/a	0	1	60850
121.716	n/a	0	1	60858
121.732	n/a	1	2	60866
121.75	n/a	1	2	60875
121.766	n/a	1	2	60883
121.782	n/a	1	2	60891
121.8	n/a	0	1	60900
121.816	n/a	0	1	60908
121.832	n/a	0	1	60916
123.316	n/a	1	2	61658
123.332	n/a	1	2	61666
123.35	n/a	1	2	61675
123.366	n/a	1	2	61683
123.382	n/a	1	2	61691
123.4	n/a	1	2	61700
123.416	n/a	1	2	61708
123.432	n/a	1	2	61716
123.45	n/a	1	2	61725
123.466	n/a	1	2	61733
123.482	n/a	1	2	61741
123.5	n/a	1	2	61750
123.516	n/a	1	2	61758
123.532	n/a	1	2	61766
123.55	n/a	0	1	61775
123.566	n/a	0	1	61783
123.582	n/a	0	1	61791
123.6	n/a	0	1	61800
123.616	n/a	1	2	61808
123.632	n/a	1	2	61816
123.65	n/a	1	2	61825
123.666	n/a	1	2	61833
123.682	n/a	0	1	61841
123.7	n/a	0	1	61850
123.716	n/a	0	1	61858
123.732	n/a	0	1	61866
123.75	n/a	1	2	61875
123.766	n/a	1	2	61883
123.782	n/a	1	2	61891
123.8	n/a	1	2	61900
123.816	n/a	0	1	61908
123.832	n/a	0	1	61916
123.85	n/a	0	1	61925
123.866	n/a	0	1	61933
123.882	n/a	1	2	61941
123.9	n/a	1	2	61950
123.916	n/a	0	1	61958
123.932	n/a	0	1	61966
123.95	n/a	1	2	61975
123.966	n/a	1	2	61983
123.982	n/a	1	2	61991
124.0	n/a	1	2	62000
124.016	n/a	0	1	62008
124.032	n/a	0	1	62016
124.05	n/a	1	2	62025
124.066	n/a	1	2	62033
124.082	n/a	0	1	62041
124.1	n/a	0	1	62050
124.116	n/a	0	1	62058
124.132	n/a	0	1	62066
124.15	n/a	1	2	62075
124.166	n/a	1	2	62083
124.182	n/a	0	1	62091
124.2	n/a	0	1	62100
124.216	n/a	1	2	62108
124.232	n/a	1	2	62116
124.25	n/a	1	2	62125
124.266	n/a	1	2	62133
124.282	n/a	1	2	62141
124.3	n/a	1	2	62150
124.316	n/a	0	1	62158
124.332	n/a	0	1	62166
124.35	n/a	0	1	62175
124.366	n/a	0	1	62183
124.382	n/a	0	1	62191
124.4	n/a	0	1	62200
124.416	n/a	1	2	62208
124.432	n/a	1	2	62216
124.45	n/a	0	1	62225
124.466	n/a	0	1	62233
124.482	n/a	1	2	62241
124.5	n/a	1	2	62250
124.516	n/a	1	2	62258
124.532	n/a	1	2	62266
124.55	n/a	1	2	62275
124.566	n/a	1	2	62283
124.582	n/a	0	1	62291
124.6	n/a	0	1	62300
124.616	n/a	0	1	62308
124.632	n/a	0	1	62316
124.65	n/a	1	2	62325
124.666	n/a	1	2	62333
124.682	n/a	0	1	62341
124.7	n/a	0	1	62350
124.716	n/a	1	2	62358
124.732	n/a	1	2	62366
124.75	n/a	0	1	62375
124.766	n/a	0	1	62383
124.782	n/a	0	1	62391
124.8	n/a	0	1	62400
124.816	n/a	0	1	62408
124.832	n/a	0	1	62416
124.85	n/a	1	2	62425
124.866	n/a	1	2	62433
124.882	n/a	1	2	62441
124.9	n/a	1	2	62450
124.916	n/a	0	1	62458
124.932	n/a	0	1	62466
124.95	n/a	1	2	62475
124.966	n/a	1	2	62483
124.982	n/a	0	1	62491
125.0	n/a	0	1	62500
125.016	n/a	0	1	62508
125.032	n/a	0	1	62516
125.05	n/a	0	1	62525
125.066	n/a	0	1	62533
125.082	n/a	1	2	62541
125.1	n/a	1	2	62550
125.116	n/a	0	1	62558
125.132	n/a	0	1	62566
125.15	n/a	1	2	62575
125.166	n/a	1	2	62583
125.182	n/a	0	1	62591
125.2	n/a	0	1	62600
125.216	n/a	0	1	62608
125.232	n/a	0	1	62616
125.25	n/a	1	2	62625
127.7	n/a	0	1	63850
127.716	n/a	0	1	63858
127.732	n/a	0	1	63866
127.75	n/a	0	1	63875
127.766	n/a	1	2	63883
127.782	n/a	1	2	63891
127.8	n/a	1	2	63900
127.816	n/a	1	2	63908
127.832	n/a	0	1	63916
127.85	n/a	0	1	63925
127.866	n/a	0	1	63933
127.882	n/a	0	1	63941
127.9	n/a	0	1	63950
127.916	n/a	0	1	63958
127.932	n/a	0	1	63966
127.95	n/a	0	1	63975
127.966	n/a	1	2	63983
127.982	n/a	1	2	63991
128.0	n/a	1	2	64000
128.016	n/a	1	2	64008
128.032	n/a	1	2	64016
128.05	n/a	1	2	64025
128.066	n/a	1	2	64033
128.082	n/a	1	2	64041
128.1	n/a	1	2	64050
128.116	n/a	1	2	64058
128.132	n/a	0	1	64066
128.15	n/a	0	1	64075
128.166	n/a	0	1	64083
128.182	n/a	0	1	64091
128.198	n/a	0	1	64099
128.216	n/a	0	1	64108
128.232	n/a	0	1	64116
128.25	n/a	0	1	64125
128.266	n/a	0	1	64133
128.282	n/a	0	1	64141
128.3	n/a	0	1	64150
128.316	n/a	0	1	64158
128.332	n/a	1	2	64166
128.35	n/a	1	2	64175
128.366	n/a	1	2	64183
128.382	n/a	1	2	64191
128.4	n/a	0	1	64200
128.416	n/a	0	1	64208
128.432	n/a	0	1	64216
128.448	n/a	0	1	64224
128.466	n/a	1	2	64233
128.482	n/a	1	2	64241
128.5	n/a	0	1	64250
128.516	n/a	0	1	64258
128.532	n/a	1	2	64266
128.55	n/a	1	2	64275
128.566	n/a	0	1	64283
128.582	n/a	0	1	64291
128.6	n/a	1	2	64300
128.616	n/a	1	2	64308
128.632	n/a	0	1	64316
128.65	n/a	0	1	64325
128.666	n/a	1	2	64333
128.682	n/a	1	2	64341
128.698	n/a	1	2	64349
128.716	n/a	1	2	64358
128.732	n/a	0	1	64366
128.75	n/a	0	1	64375
128.766	n/a	1	2	64383
128.782	n/a	1	2	64391
128.8	n/a	0	1	64400
128.816	n/a	0	1	64408
128.832	n/a	0	1	64416
128.85	n/a	0	1	64425
128.866	n/a	0	1	64433
128.882	n/a	0	1	64441
128.9	n/a	1	2	64450
128.916	n/a	1	2	64458
128.932	n/a	0	1	64466
128.948	n/a	0	1	64474
128.966	n/a	0	1	64483
128.982	n/a	0	1	64491
129.0	n/a	0	1	64500
129.016	n/a	0	1	64508
129.032	n/a	1	2	64516
129.05	n/a	1	2	64525
129.066	n/a	1	2	64533
129.082	n/a	1	2	64541
129.1	n/a	1	2	64550
129.116	n/a	1	2	64558
129.132	n/a	0	1	64566
129.15	n/a	0	1	64575
129.166	n/a	1	2	64583
129.182	n/a	1	2	64591
129.198	n/a	0	1	64599
129.216	n/a	0	1	64608
129.232	n/a	1	2	64616
129.25	n/a	1	2	64625
129.266	n/a	1	2	64633
129.282	n/a	1	2	64641
129.3	n/a	1	2	64650
129.316	n/a	1	2	64658
129.332	n/a	1	2	64666
129.35	n/a	1	2	64675
129.366	n/a	1	2	64683
129.382	n/a	1	2	64691
129.4	n/a	0	1	64700
129.416	n/a	0	1	64708
129.432	n/a	0	1	64716
129.448	n/a	0	1	64724
129.466	n/a	1	2	64733
129.482	n/a	1	2	64741
129.5	n/a	0	1	64750
129.516	n/a	0	1	64758
129.532	n/a	0	1	64766
129.55	n/a	0	1	64775
129.566	n/a	0	1	64783
129.582	n/a	0	1	64791
129.6	n/a	1	2	64800
129.616	n/a	1	2	64808
129.632	n/a	1	2	64816
131.116	n/a	1	2	65558
131.132	n/a	1	2	65566
131.15	n/a	1	2	65575
131.166	n/a	1	2	65583
131.182	n/a	0	1	65591
131.2	n/a	0	1	65600
131.216	n/a	0	1	65608
131.232	n/a	0	1	65616
131.25	n/a	0	1	65625
131.266	n/a	0	1	65633
131.282	n/a	0	1	65641
131.3	n/a	0	1	65650
131.316	n/a	1	2	65658
131.332	n/a	1	2	65666
131.35	n/a	0	1	65675
131.366	n/a	0	1	65683
131.382	n/a	0	1	65691
131.4	n/a	0	1	65700
131.416	n/a	1	2	65708
131.432	n/a	1	2	65716
131.45	n/a	1	2	65725
131.466	n/a	1	2	65733
131.482	n/a	0	1	65741
131.5	n/a	0	1	65750
131.516	n/a	0	1	65758
131.532	n/a	0	1	65766
131.55	n/a	0	1	65775
131.566	n/a	0	1	65783
131.582	n/a	0	1	65791
131.6	n/a	0	1	65800
131.616	n/a	0	1	65808
131.632	n/a	0	1	65816
131.65	n/a	0	1	65825
131.666	n/a	0	1	65833
131.682	n/a	1	2	65841
131.7	n/a	1	2	65850
131.716	n/a	0	1	65858
131.732	n/a	0	1	65866
131.75	n/a	1	2	65875
131.766	n/a	1	2	65883
131.782	n/a	1	2	65891
131.8	n/a	1	2	65900
131.816	n/a	0	1	65908
131.832	n/a	0	1	65916
131.85	n/a	1	2	65925
131.866	n/a	1	2	65933
131.882	n/a	0	1	65941
131.9	n/a	0	1	65950
131.916	n/a	1	2	65958
131.932	n/a	1	2	65966
131.95	n/a	0	1	65975
131.966	n/a	0	1	65983
131.982	n/a	1	2	65991
132.0	n/a	1	2	66000
132.016	n/a	0	1	66008
132.032	n/a	0	1	66016
132.05	n/a	0	1	66025
132.066	n/a	0	1	66033
132.082	n/a	0	1	66041
132.1	n/a	0	1	66050
132.116	n/a	1	2	66058
132.132	n/a	1	2	66066
132.15	n/a	1	2	66075
132.166	n/a	1	2	66083
132.182	n/a	1	2	66091
132.2	n/a	1	2	66100
132.216	n/a	0	1	66108
132.232	n/a	0	1	66116
132.25	n/a	1	2	66125
132.266	n/a	1	2	66133
132.282	n/a	1	2	66141
132.3	n/a	1	2	66150
132.316	n/a	1	2	66158
132.332	n/a	1	2	66166
132.35	n/a	0	1	66175
132.366	n/a	0	1	66183
132.382	n/a	1	2	66191
132.4	n/a	1	2	66200
132.416	n/a	0	1	66208
132.432	n/a	0	1	66216
132.45	n/a	1	2	66225
132.466	n/a	1	2	66233
132.482	n/a	1	2	66241
132.5	n/a	1	2	66250
132.516	n/a	0	1	66258
132.532	n/a	0	1	66266
132.55	n/a	0	1	66275
132.566	n/a	0	1	66283
132.582	n/a	0	1	66291
132.6	n/a	0	1	66300
132.616	n/a	1	2	66308
132.632	n/a	1	2	66316
132.65	n/a	1	2	66325
132.666	n/a	1	2	66333
132.682	n/a	0	1	66341
132.7	n/a	0	1	66350
132.716	n/a	1	2	66358
132.732	n/a	1	2	66366
132.75	n/a	1	2	66375
132.766	n/a	1	2	66383
132.782	n/a	1	2	66391
132.8	n/a	1	2	66400
132.816	n/a	0	1	66408
132.832	n/a	0	1	66416
132.85	n/a	0	1	66425
132.866	n/a	0	1	66433
132.882	n/a	0	1	66441
132.9	n/a	0	1	66450
132.916	n/a	0	1	66458
132.932	n/a	0	1	66466
132.95	n/a	0	1	66475
132.966	n/a	0	1	66483
132.982	n/a	1	2	66491
133.0	n/a	1	2	66500
133.016	n/a	1	2	66508
133.032	n/a	1	2	66516
133.05	n/a	1	2	66525
134.532	n/a	1	2	67266
134.55	n/a	1	2	67275
134.566	n/a	1	2	67283
134.582	n/a	1	2	67291
134.6	n/a	1	2	67300
134.616	n/a	1	2	67308
134.632	n/a	1	2	67316
134.65	n/a	1	2	67325
134.666	n/a	1	2	67333
134.682	n/a	1	2	67341
134.7	n/a	1	2	67350
134.716	n/a	1	2	67358
134.732	n/a	1	2	67366
134.75	n/a	1	2	67375
134.766	n/a	0	1	67383
134.782	n/a	0	1	67391
134.8	n/a	0	1	67400
134.816	n/a	0	1	67408
134.832	n/a	1	2	67416
134.85	n/a	1	2	67425
134.866	n/a	1	2	67433
134.882	n/a	1	2	67441
134.9	n/a	0	1	67450
134.916	n/a	0	1	67458
134.932	n/a	0	1	67466
134.95	n/a	0	1	67475
134.966	n/a	1	2	67483
134.982	n/a	1	2	67491
135.0	n/a	1	2	67500
135.016	n/a	1	2	67508
135.032	n/a	0	1	67516
135.05	n/a	0	1	67525
135.066	n/a	0	1	67533
135.082	n/a	0	1	67541
135.1	n/a	1	2	67550
135.116	n/a	1	2	67558
135.132	n/a	0	1	67566
135.15	n/a	0	1	67575
135.166	n/a	1	2	67583
135.182	n/a	1	2	67591
135.2	n/a	1	2	67600
135.216	n/a	1	2	67608
135.232	n/a	0	1	67616
135.25	n/a	0	1	67625
135.266	n/a	1	2	67633
135.282	n/a	1	2	67641
135.3	n/a	0	1	67650
135.316	n/a	0	1	67658
135.332	n/a	0	1	67666
135.35	n/a	0	1	67675
135.366	n/a	1	2	67683
135.382	n/a	1	2	67691
135.4	n/a	0	1	67700
135.416	n/a	0	1	67708
135.432	n/a	1	2	67716
135.45	n/a	1	2	67725
135.466	n/a	1	2	67733
135.482	n/a	1	2	67741
135.5	n/a	1	2	67750
135.516	n/a	1	2	67758
135.532	n/a	0	1	67766
135.55	n/a	0	1	67775
135.566	n/a	0	1	67783
135.582	n/a	0	1	67791
135.6	n/a	0	1	67800
135.616	n/a	0	1	67808
135.632	n/a	1	2	67816
135.65	n/a	1	2	67825
135.666	n/a	0	1	67833
135.682	n/a	0	1	67841
135.7	n/a	1	2	67850
135.716	n/a	1	2	67858
135.732	n/a	1	2	67866
135.75	n/a	1	2	67875
135.766	n/a	1	2	67883
135.782	n/a	1	2	67891
135.8	n/a	0	1	67900
135.816	n/a	0	1	67908
135.832	n/a	0	1	67916
135.85	n/a	0	1	67925
135.866	n/a	1	2	67933
135.882	n/a	1	2	67941
135.9	n/a	0	1	67950
135.916	n/a	0	1	67958
135.932	n/a	1	2	67966
135.95	n/a	1	2	67975
135.966	n/a	0	1	67983
135.982	n/a	0	1	67991
136.0	n/a	0	1	68000
136.016	n/a	0	1	68008
136.032	n/a	0	1	68016
136.05	n/a	0	1	68025
136.066	n/a	1	2	68033
136.082	n/a	1	2	68041
136.1	n/a	1	2	68050
136.116	n/a	1	2	68058
136.132	n/a	0	1	68066
136.15	n/a	0	1	68075
136.166	n/a	1	2	68083
136.182	n/a	1	2	68091
136.2	n/a	0	1	68100
136.216	n/a	0	1	68108
136.232	n/a	0	1	68116
136.25	n/a	0	1	68125
136.266	n/a	0	1	68133
136.282	n/a	0	1	68141
136.3	n/a	1	2	68150
136.316	n/a	1	2	68158
136.332	n/a	0	1	68166
136.35	n/a	0	1	68175
136.366	n/a	1	2	68183
136.382	n/a	1	2	68191
136.4	n/a	0	1	68200
136.416	n/a	0	1	68208
136.432	n/a	0	1	68216
136.45	n/a	0	1	68225
136.466	n/a	1	2	68233
137.95	n/a	1	2	68975
137.966	n/a	1	2	68983
137.982	n/a	1	2	68991
138.0	n/a	1	2	69000
138.016	n/a	0	1	69008
138.032	n/a	0	1	69016
138.05	n/a	1	2	69025
138.066	n/a	1	2	69033
138.082	n/a	1	2	69041
138.1	n/a	1	2	69050
138.116	n/a	0	1	69058
138.132	n/a	0	1	69066
138.15	n/a	1	2	69075
138.166	n/a	1	2	69083
138.182	n/a	1	2	69091
138.2	n/a	1	2	69100
138.216	n/a	0	1	69108
138.232	n/a	0	1	69116
138.25	n/a	1	2	69125
138.266	n/a	1	2	69133
138.282	n/a	1	2	69141
138.3	n/a	1	2	69150
138.316	n/a	0	1	69158
138.332	n/a	0	1	69166
138.35	n/a	0	1	69175
138.366	n/a	0	1	69183
138.382	n/a	0	1	69191
138.4	n/a	0	1	69200
138.416	n/a	1	2	69208
138.432	n/a	1	2	69216
138.45	n/a	1	2	69225
138.466	n/a	1	2	69233
138.482	n/a	1	2	69241
138.5	n/a	1	2	69250
138.516	n/a	0	1	69258
138.532	n/a	0	1	69266
138.55	n/a	0	1	69275
138.566	n/a	0	1	69283
138.582	n/a	0	1	69291
138.6	n/a	0	1	69300
138.616	n/a	1	2	69308
138.632	n/a	1	2	69316
138.65	n/a	1	2	69325
138.666	n/a	1	2	69333
138.682	n/a	1	2	69341
138.7	n/a	1	2	69350
138.716	n/a	1	2	69358
138.732	n/a	1	2	69366
138.75	n/a	1	2	69375
138.766	n/a	1	2	69383
138.782	n/a	0	1	69391
138.8	n/a	0	1	69400
138.816	n/a	0	1	69408
138.832	n/a	0	1	69416
138.85	n/a	1	2	69425
138.866	n/a	1	2	69433
138.882	n/a	0	1	69441
138.9	n/a	0	1	69450
138.916	n/a	1	2	69458
138.932	n/a	1	2	69466
138.95	n/a	0	1	69475
138.966	n/a	0	1	69483
138.982	n/a	0	1	69491
139.0	n/a	0	1	69500
139.016	n/a	1	2	69508
139.032	n/a	1	2	69516
139.05	n/a	1	2	69525
139.066	n/a	1	2	69533
139.082	n/a	0	1	69541
139.1	n/a	0	1	69550
139.116	n/a	0	1	69558
139.132	n/a	0	1	69566
139.15	n/a	0	1	69575
139.166	n/a	0	1	69583
139.182	n/a	0	1	69591
139.2	n/a	0	1	69600
139.216	n/a	1	2	69608
139.232	n/a	1	2	69616
139.25	n/a	0	1	69625
139.266	n/a	0	1	69633
139.282	n/a	0	1	69641
139.3	n/a	0	1	69650
139.316	n/a	0	1	69658
139.332	n/a	0	1	69666
139.35	n/a	0	1	69675
139.366	n/a	0	1	69683
139.382	n/a	1	2	69691
139.4	n/a	1	2	69700
139.416	n/a	1	2	69708
139.432	n/a	1	2	69716
139.45	n/a	1	2	69725
139.466	n/a	1	2	69733
139.482	n/a	1	2	69741
139.5	n/a	1	2	69750
139.516	n/a	1	2	69758
139.532	n/a	1	2	69766
139.55	n/a	1	2	69775
139.566	n/a	1	2	69783
139.582	n/a	0	1	69791
139.6	n/a	0	1	69800
139.616	n/a	1	2	69808
139.632	n/a	1	2	69816
139.65	n/a	0	1	69825
139.666	n/a	0	1	69833
139.682	n/a	1	2	69841
139.7	n/a	1	2	69850
139.716	n/a	0	1	69858
139.732	n/a	0	1	69866
139.75	n/a	0	1	69875
139.766	n/a	0	1	69883
139.782	n/a	1	2	69891
139.8	n/a	1	2	69900
139.816	n/a	1	2	69908
139.832	n/a	1	2	69916
139.85	n/a	0	1	69925
139.866	n/a	0	1	69933
139.882	n/a	0	1	69941
144.632	n/a	0	1	72316
144.65	n/a	0	1	72325
144.666	n/a	0	1	72333
144.682	n/a	0	1	72341
144.7	n/a	1	2	72350
144.716	n/a	1	2	72358
144.732	n/a	1	2	72366
144.75	n/a	1	2	72375
144.766	n/a	0	1	72383
144.782	n/a	0	1	72391
144.8	n/a	0	1	72400
144.816	n/a	0	1	72408
144.832	n/a	0	1	72416
144.85	n/a	0	1	72425
144.866	n/a	0	1	72433
144.882	n/a	0	1	72441
144.9	n/a	1	2	72450
144.916	n/a	1	2	72458
144.932	n/a	1	2	72466
144.95	n/a	1	2	72475
144.966	n/a	1	2	72483
144.982	n/a	1	2	72491
145.0	n/a	1	2	72500
145.016	n/a	1	2	72508
145.032	n/a	1	2	72516
145.05	n/a	1	2	72525
145.066	n/a	0	1	72533
145.082	n/a	0	1	72541
145.1	n/a	0	1	72550
145.116	n/a	0	1	72558
145.132	n/a	0	1	72566
145.15	n/a	0	1	72575
145.166	n/a	0	1	72583
145.182	n/a	0	1	72591
145.2	n/a	0	1	72600
145.216	n/a	0	1	72608
145.232	n/a	0	1	72616
145.25	n/a	0	1	72625
145.266	n/a	1	2	72633
145.282	n/a	1	2	72641
145.3	n/a	1	2	72650
145.316	n/a	1	2	72658
145.332	n/a	0	1	72666
145.35	n/a	0	1	72675
145.366	n/a	0	1	72683
145.382	n/a	0	1	72691
145.4	n/a	1	2	72700
145.416	n/a	1	2	72708
145.432	n/a	0	1	72716
145.45	n/a	0	1	72725
145.466	n/a	1	2	72733
145.482	n/a	1	2	72741
145.5	n/a	0	1	72750
145.516	n/a	0	1	72758
145.532	n/a	1	2	72766
145.55	n/a	1	2	72775
145.566	n/a	0	1	72783
145.582	n/a	0	1	72791
145.6	n/a	1	2	72800
145.616	n/a	1	2	72808
145.632	n/a	1	2	72816
145.65	n/a	1	2	72825
145.666	n/a	0	1	72833
145.682	n/a	0	1	72841
145.7	n/a	1	2	72850
145.716	n/a	1	2	72858
145.732	n/a	0	1	72866
145.75	n/a	0	1	72875
145.766	n/a	0	1	72883
145.782	n/a	0	1	72891
145.8	n/a	0	1	72900
145.816	n/a	0	1	72908
145.832	n/a	1	2	72916
145.85	n/a	1	2	72925
145.866	n/a	0	1	72933
145.882	n/a	0	1	72941
145.9	n/a	0	1	72950
145.916	n/a	0	1	72958
145.932	n/a	0	1	72966
145.95	n/a	0	1	72975
145.966	n/a	1	2	72983
145.982	n/a	1	2	72991
146.0	n/a	1	2	73000
146.016	n/a	1	2	73008
146.032	n/a	1	2	73016
146.05	n/a	1	2	73025
146.066	n/a	0	1	73033
146.082	n/a	0	1	73041
146.1	n/a	1	2	73050
146.116	n/a	1	2	73058
146.132	n/a	0	1	73066
146.15	n/a	0	1	73075
146.166	n/a	1	2	73083
146.182	n/a	1	2	73091
146.2	n/a	1	2	73100
146.216	n/a	1	2	73108
146.232	n/a	1	2	73116
146.25	n/a	1	2	73125
146.266	n/a	1	2	73133
146.282	n/a	1	2	73141
146.3	n/a	1	2	73150
146.316	n/a	1	2	73158
146.332	n/a	0	1	73166
146.35	n/a	0	1	73175
146.366	n/a	0	1	73183
146.382	n/a	0	1	73191
146.4	n/a	1	2	73200
146.416	n/a	1	2	73208
146.432	n/a	0	1	73216
146.45	n/a	0	1	73225
146.466	n/a	0	1	73233
146.482	n/a	0	1	73241
146.5	n/a	0	1	73250
146.516	n/a	0	1	73258
146.532	n/a	1	2	73266
146.55	n/a	1	2	73275
146.566	n/a	1	2	73283
148.05	n/a	1	2	74025
148.066	n/a	1	2	74033
148.082	n/a	1	2	74041
148.1	n/a	1	2	74050
148.116	n/a	0	1	74058
148.132	n/a	0	1	74066
148.15	n/a	1	2	74075
148.166	n/a	1	2	74083
148.182	n/a	1	2	74091
148.2	n/a	1	2	74100
148.216	n/a	0	1	74108
148.232	n/a	0	1	74116
148.25	n/a	1	2	74125
148.266	n/a	1	2	74133
148.282	n/a	1	2	74141
148.3	n/a	1	2	74150
148.316	n/a	0	1	74158
148.332	n/a	0	1	74166
148.35	n/a	1	2	74175
148.366	n/a	1	2	74183
148.382	n/a	1	2	74191
148.4	n/a	1	2	74200
148.416	n/a	0	1	74208
148.432	n/a	0	1	74216
148.45	n/a	0	1	74225
148.466	n/a	0	1	74233
148.482	n/a	0	1	74241
148.5	n/a	0	1	74250
148.516	n/a	1	2	74258
148.532	n/a	1	2	74266
148.55	n/a	1	2	74275
148.566	n/a	1	2	74283
148.582	n/a	1	2	74291
148.6	n/a	1	2	74300
148.616	n/a	0	1	74308
148.632	n/a	0	1	74316
148.65	n/a	0	1	74325
148.666	n/a	0	1	74333
148.682	n/a	0	1	74341
148.7	n/a	0	1	74350
148.716	n/a	1	2	74358
148.732	n/a	1	2	74366
148.75	n/a	1	2	74375
148.766	n/a	1	2	74383
148.782	n/a	1	2	74391
148.8	n/a	1	2	74400
148.816	n/a	1	2	74408
148.832	n/a	1	2	74416
148.85	n/a	1	2	74425
148.866	n/a	1	2	74433
148.882	n/a	0	1	74441
148.9	n/a	0	1	74450
148.916	n/a	0	1	74458
148.932	n/a	0	1	74466
148.95	n/a	1	2	74475
148.966	n/a	1	2	74483
148.982	n/a	0	1	74491
149.0	n/a	0	1	74500
149.016	n/a	1	2	74508
149.032	n/a	1	2	74516
149.05	n/a	0	1	74525
149.066	n/a	0	1	74533
149.082	n/a	0	1	74541
149.1	n/a	0	1	74550
149.116	n/a	1	2	74558
149.132	n/a	1	2	74566
149.15	n/a	1	2	74575
149.166	n/a	1	2	74583
149.182	n/a	0	1	74591
149.2	n/a	0	1	74600
149.216	n/a	0	1	74608
149.232	n/a	0	1	74616
149.25	n/a	0	1	74625
149.266	n/a	0	1	74633
149.282	n/a	0	1	74641
149.3	n/a	0	1	74650
149.316	n/a	1	2	74658
149.332	n/a	1	2	74666
149.35	n/a	0	1	74675
149.366	n/a	0	1	74683
149.382	n/a	0	1	74691
149.4	n/a	0	1	74700
149.416	n/a	0	1	74708
149.432	n/a	0	1	74716
149.45	n/a	0	1	74725
149.466	n/a	0	1	74733
149.482	n/a	1	2	74741
149.5	n/a	1	2	74750
149.516	n/a	1	2	74758
149.532	n/a	1	2	74766
149.55	n/a	1	2	74775
149.566	n/a	1	2	74783
149.582	n/a	1	2	74791
149.6	n/a	1	2	74800
149.616	n/a	1	2	74808
149.632	n/a	1	2	74816
149.65	n/a	1	2	74825
149.666	n/a	1	2	74833
149.682	n/a	0	1	74841
149.7	n/a	0	1	74850
149.716	n/a	1	2	74858
149.732	n/a	1	2	74866
149.75	n/a	0	1	74875
149.766	n/a	0	1	74883
149.782	n/a	1	2	74891
149.8	n/a	1	2	74900
149.816	n/a	0	1	74908
149.832	n/a	0	1	74916
149.85	n/a	0	1	74925
149.866	n/a	0	1	74933
149.882	n/a	1	2	74941
149.9	n/a	1	2	74950
149.916	n/a	1	2	74958
149.932	n/a	1	2	74966
149.95	n/a	0	1	74975
149.966	n/a	0	1	74983
149.982	n/a	0	1	74991
151.466	n/a	1	2	75733
151.482	n/a	1	2	75741
151.5	n/a	1	2	75750
151.516	n/a	1	2	75758
151.532	n/a	1	2	75766
151.55	n/a	1	2	75775
151.566	n/a	1	2	75783
151.582	n/a	1	2	75791
151.6	n/a	1	2	75800
151.616	n/a	1	2	75808
151.632	n/a	1	2	75816
151.65	n/a	1	2	75825
151.666	n/a	1	2	75833
151.682	n/a	1	2	75841
151.7	n/a	0	1	75850
151.716	n/a	0	1	75858
151.732	n/a	0	1	75866
151.75	n/a	0	1	75875
151.766	n/a	1	2	75883
151.782	n/a	1	2	75891
151.8	n/a	1	2	75900
151.816	n/a	1	2	75908
151.832	n/a	0	1	75916
151.85	n/a	0	1	75925
151.866	n/a	0	1	75933
151.882	n/a	0	1	75941
151.9	n/a	1	2	75950
151.916	n/a	1	2	75958
151.932	n/a	1	2	75966
151.95	n/a	1	2	75975
151.966	n/a	0	1	75983
151.982	n/a	0	1	75991
152.0	n/a	0	1	76000
152.016	n/a	0	1	76008
152.032	n/a	1	2	76016
152.05	n/a	1	2	76025
152.066	n/a	0	1	76033
152.082	n/a	0	1	76041
152.1	n/a	1	2	76050
152.116	n/a	1	2	76058
152.132	n/a	1	2	76066
152.15	n/a	1	2	76075
152.166	n/a	0	1	76083
152.182	n/a	0	1	76091
152.2	n/a	1	2	76100
152.216	n/a	1	2	76108
152.232	n/a	0	1	76116
152.25	n/a	0	1	76125
152.266	n/a	0	1	76133
152.282	n/a	0	1	76141
152.3	n/a	1	2	76150
152.316	n/a	1	2	76158
152.332	n/a	0	1	76166
152.35	n/a	0	1	76175
152.366	n/a	1	2	76183
152.382	n/a	1	2	76191
152.4	n/a	1	2	76200
152.416	n/a	1	2	76208
152.432	n/a	1	2	76216
152.45	n/a	1	2	76225
152.466	n/a	0	1	76233
152.482	n/a	0	1	76241
152.5	n/a	0	1	76250
152.516	n/a	0	1	76258
152.532	n/a	0	1	76266
152.55	n/a	0	1	76275
152.566	n/a	1	2	76283
152.582	n/a	1	2	76291
152.6	n/a	0	1	76300
152.616	n/a	0	1	76308
152.632	n/a	1	2	76316
152.65	n/a	1	2	76325
152.666	n/a	1	2	76333
152.682	n/a	1	2	76341
152.7	n/a	1	2	76350
152.716	n/a	1	2	76358
152.732	n/a	0	1	76366
152.75	n/a	0	1	76375
152.766	n/a	0	1	76383
152.782	n/a	0	1	76391
152.8	n/a	1	2	76400
152.816	n/a	1	2	76408
152.832	n/a	0	1	76416
152.85	n/a	0	1	76425
152.866	n/a	1	2	76433
152.882	n/a	1	2	76441
152.9	n/a	0	1	76450
152.916	n/a	0	1	76458
152.932	n/a	0	1	76466
152.95	n/a	0	1	76475
152.966	n/a	0	1	76483
152.982	n/a	0	1	76491
153.0	n/a	1	2	76500
153.016	n/a	1	2	76508
153.032	n/a	1	2	76516
153.05	n/a	1	2	76525
153.066	n/a	0	1	76533
153.082	n/a	0	1	76541
153.1	n/a	1	2	76550
153.116	n/a	1	2	76558
153.132	n/a	0	1	76566
153.15	n/a	0	1	76575
153.166	n/a	0	1	76583
153.182	n/a	0	1	76591
153.2	n/a	0	1	76600
153.216	n/a	0	1	76608
153.232	n/a	1	2	76616
153.25	n/a	1	2	76625
153.266	n/a	0	1	76633
153.282	n/a	0	1	76641
153.3	n/a	1	2	76650
153.316	n/a	1	2	76658
153.332	n/a	0	1	76666
153.35	n/a	0	1	76675
153.366	n/a	0	1	76683
153.382	n/a	0	1	76691
153.4	n/a	1	2	76700
154.882	n/a	1	2	77441
154.9	n/a	1	2	77450
154.916	n/a	1	2	77458
154.932	n/a	1	2	77466
154.95	n/a	0	1	77475
154.966	n/a	0	1	77483
154.982	n/a	0	1	77491
155.0	n/a	0	1	77500
155.016	n/a	0	1	77508
155.032	n/a	0	1	77516
155.05	n/a	0	1	77525
155.066	n/a	0	1	77533
155.082	n/a	1	2	77541
155.1	n/a	1	2	77550
155.116	n/a	0	1	77558
155.132	n/a	0	1	77566
155.15	n/a	0	1	77575
155.166	n/a	0	1	77583
155.182	n/a	1	2	77591
155.2	n/a	1	2	77600
155.216	n/a	1	2	77608
155.232	n/a	1	2	77616
155.25	n/a	0	1	77625
155.266	n/a	0	1	77633
155.282	n/a	0	1	77641
155.3	n/a	0	1	77650
155.316	n/a	0	1	77658
155.332	n/a	0	1	77666
155.35	n/a	0	1	77675
155.366	n/a	0	1	77683
155.382	n/a	0	1	77691
155.4	n/a	0	1	77700
155.416	n/a	0	1	77708
155.432	n/a	0	1	77716
155.45	n/a	1	2	77725
155.466	n/a	1	2	77733
155.482	n/a	0	1	77741
155.5	n/a	0	1	77750
155.516	n/a	1	2	77758
155.532	n/a	1	2	77766
155.55	n/a	1	2	77775
155.566	n/a	1	2	77783
155.582	n/a	0	1	77791
155.6	n/a	0	1	77800
155.616	n/a	1	2	77808
155.632	n/a	1	2	77816
155.65	n/a	0	1	77825
155.666	n/a	0	1	77833
155.682	n/a	1	2	77841
155.7	n/a	1	2	77850
155.716	n/a	0	1	77858
155.732	n/a	0	1	77866
155.75	n/a	1	2	77875
155.766	n/a	1	2	77883
155.782	n/a	0	1	77891
155.8	n/a	0	1	77900
155.816	n/a	0	1	77908
155.832	n/a	0	1	77916
155.85	n/a	0	1	77925
155.866	n/a	0	1	77933
155.882	n/a	1	2	77941
155.9	n/a	1	2	77950
155.916	n/a	1	2	77958
155.932	n/a	1	2	77966
155.95	n/a	1	2	77975
155.966	n/a	1	2	77983
155.982	n/a	0	1	77991
156.0	n/a	0	1	78000
156.016	n/a	1	2	78008
156.032	n/a	1	2	78016
156.05	n/a	1	2	78025
156.066	n/a	1	2	78033
156.082	n/a	1	2	78041
156.1	n/a	1	2	78050
156.116	n/a	0	1	78058
156.132	n/a	0	1	78066
156.15	n/a	1	2	78075
156.166	n/a	1	2	78083
156.182	n/a	0	1	78091
156.2	n/a	0	1	78100
156.216	n/a	1	2	78108
156.232	n/a	1	2	78116
156.25	n/a	1	2	78125
156.266	n/a	1	2	78133
156.282	n/a	0	1	78141
156.3	n/a	0	1	78150
156.316	n/a	0	1	78158
156.332	n/a	0	1	78166
156.35	n/a	0	1	78175
156.366	n/a	0	1	78183
156.382	n/a	1	2	78191
156.4	n/a	1	2	78200
156.416	n/a	1	2	78208
156.432	n/a	1	2	78216
156.45	n/a	0	1	78225
156.466	n/a	0	1	78233
156.482	n/a	1	2	78241
156.5	n/a	1	2	78250
156.516	n/a	1	2	78258
156.532	n/a	1	2	78266
156.55	n/a	1	2	78275
156.566	n/a	1	2	78283
156.582	n/a	0	1	78291
156.6	n/a	0	1	78300
156.616	n/a	0	1	78308
156.632	n/a	0	1	78316
156.65	n/a	0	1	78325
156.666	n/a	0	1	78333
156.682	n/a	0	1	78341
156.7	n/a	0	1	78350
156.716	n/a	0	1	78358
156.732	n/a	0	1	78366
156.75	n/a	1	2	78375
156.766	n/a	1	2	78383
156.782	n/a	1	2	78391
156.8	n/a	1	2	78400
156.816	n/a	1	2	78408
159.732	n/a	0	1	79866
159.75	n/a	0	1	79875
159.766	n/a	0	1	79883
159.782	n/a	0	1	79891
159.8	n/a	1	2	79900
159.816	n/a	1	2	79908
159.832	n/a	1	2	79916
159.85	n/a	1	2	79925
159.866	n/a	0	1	79933
159.882	n/a	0	1	79941
159.9	n/a	0	1	79950
159.916	n/a	0	1	79958
159.932	n/a	0	1	79966
159.95	n/a	0	1	79975
159.966	n/a	0	1	79983
159.982	n/a	0	1	79991
160.0	n/a	1	2	80000
160.016	n/a	1	2	80008
160.032	n/a	1	2	80016
160.05	n/a	1	2	80025
160.066	n/a	1	2	80033
160.082	n/a	1	2	80041
160.1	n/a	1	2	80050
160.116	n/a	1	2	80058
160.132	n/a	1	2	80066
160.15	n/a	1	2	80075
160.166	n/a	0	1	80083
160.182	n/a	0	1	80091
160.2	n/a	0	1	80100
160.216	n/a	0	1	80108
160.232	n/a	0	1	80116
160.25	n/a	0	1	80125
160.266	n/a	0	1	80133
160.282	n/a	0	1	80141
160.3	n/a	0	1	80150
160.316	n/a	0	1	80158
160.332	n/a	0	1	80166
160.35	n/a	0	1	80175
160.366	n/a	1	2	80183
160.382	n/a	1	2	80191
160.4	n/a	1	2	80200
160.416	n/a	1	2	80208
160.432	n/a	0	1	80216
160.45	n/a	0	1	80225
160.466	n/a	0	1	80233
160.482	n/a	0	1	80241
160.5	n/a	1	2	80250
160.516	n/a	1	2	80258
160.532	n/a	0	1	80266
160.55	n/a	0	1	80275
160.566	n/a	1	2	80283
160.582	n/a	1	2	80291
160.6	n/a	0	1	80300
160.616	n/a	0	1	80308
160.632	n/a	1	2	80316
160.65	n/a	1	2	80325
160.666	n/a	0	1	80333
160.682	n/a	0	1	80341
160.7	n/a	1	2	80350
160.716	n/a	1	2	80358
160.732	n/a	1	2	80366
160.75	n/a	1	2	80375
160.766	n/a	0	1	80383
160.782	n/a	0	1	80391
160.8	n/a	1	2	80400
160.816	n/a	1	2	80408
160.832	n/a	0	1	80416
160.85	n/a	0	1	80425
160.866	n/a	0	1	80433
160.882	n/a	0	1	80441
160.9	n/a	0	1	80450
160.916	n/a	0	1	80458
160.932	n/a	1	2	80466
160.95	n/a	1	2	80475
160.966	n/a	0	1	80483
160.982	n/a	0	1	80491
161.0	n/a	0	1	80500
161.016	n/a	0	1	80508
161.032	n/a	0	1	80516
161.05	n/a	0	1	80525
161.066	n/a	1	2	80533
161.082	n/a	1	2	80541
161.1	n/a	1	2	80550
161.116	n/a	1	2	80558
161.132	n/a	1	2	80566
161.15	n/a	1	2	80575
161.166	n/a	0	1	80583
161.182	n/a	0	1	80591
161.2	n/a	1	2	80600
161.216	n/a	1	2	80608
161.232	n/a	0	1	80616
161.25	n/a	0	1	80625
161.266	n/a	1	2	80633
161.282	n/a	1	2	80641
161.3	n/a	1	2	80650
161.316	n/a	1	2	80658
161.332	n/a	1	2	80666
161.35	n/a	1	2	80675
161.366	n/a	1	2	80683
161.382	n/a	1	2	80691
161.4	n/a	1	2	80700
161.416	n/a	1	2	80708
161.432	n/a	0	1	80716
161.45	n/a	0	1	80725
161.466	n/a	0	1	80733
161.482	n/a	0	1	80741
161.5	n/a	1	2	80750
161.516	n/a	1	2	80758
161.532	n/a	0	1	80766
161.55	n/a	0	1	80775
161.566	n/a	0	1	80783
161.582	n/a	0	1	80791
161.6	n/a	0	1	80800
161.616	n/a	0	1	80808
161.632	n/a	1	2	80816
161.65	n/a	1	2	80825
161.666	n/a	1	2	80833
163.15	n/a	1	2	81575
163.166	n/a	1	2	81583
163.182	n/a	1	2	81591
163.2	n/a	1	2	81600
163.216	n/a	1	2	81608
163.232	n/a	1	2	81616
163.25	n/a	1	2	81625
163.266	n/a	1	2	81633
163.282	n/a	1	2	81641
163.3	n/a	1	2	81650
163.316	n/a	1	2	81658
163.332	n/a	1	2	81666
163.35	n/a	1	2	81675
163.366	n/a	1	2	81683
163.382	n/a	0	1	81691
163.4	n/a	0	1	81700
163.416	n/a	0	1	81708
163.432	n/a	0	1	81716
163.45	n/a	1	2	81725
163.466	n/a	1	2	81733
163.482	n/a	1	2	81741
163.5	n/a	1	2	81750
163.516	n/a	0	1	81758
163.532	n/a	0	1	81766
163.55	n/a	0	1	81775
163.566	n/a	0	1	81783
163.582	n/a	1	2	81791
163.6	n/a	1	2	81800
163.616	n/a	1	2	81808
163.632	n/a	1	2	81816
163.65	n/a	0	1	81825
163.666	n/a	0	1	81833
163.682	n/a	0	1	81841
163.7	n/a	0	1	81850
163.716	n/a	1	2	81858
163.732	n/a	1	2	81866
163.75	n/a	0	1	81875
163.766	n/a	0	1	81883
163.782	n/a	1	2	81891
163.8	n/a	1	2	81900
163.816	n/a	1	2	81908
163.832	n/a	1	2	81916
163.85	n/a	0	1	81925
163.866	n/a	0	1	81933
163.882	n/a	1	2	81941
163.9	n/a	1	2	81950
163.916	n/a	0	1	81958
163.932	n/a	0	1	81966
163.95	n/a	0	1	81975
163.966	n/a	0	1	81983
163.982	n/a	1	2	81991
164.0	n/a	1	2	82000
164.016	n/a	0	1	82008
164.032	n/a	0	1	82016
164.05	n/a	1	2	82025
164.066	n/a	1	2	82033
164.082	n/a	1	2	82041
164.1	n/a	1	2	82050
164.116	n/a	1	2	82058
164.132	n/a	1	2	82066
164.15	n/a	0	1	82075
164.166	n/a	0	1	82083
164.182	n/a	0	1	82091
164.2	n/a	0	1	82100
164.216	n/a	0	1	82108
164.232	n/a	0	1	82116
164.25	n/a	1	2	82125
164.266	n/a	1	2	82133
164.282	n/a	0	1	82141
164.3	n/a	0	1	82150
164.316	n/a	1	2	82158
164.332	n/a	1	2	82166
164.35	n/a	1	2	82175
164.366	n/a	1	2	82183
164.382	n/a	1	2	82191
164.4	n/a	1	2	82200
164.416	n/a	0	1	82208
164.432	n/a	0	1	82216
164.45	n/a	0	1	82225
164.466	n/a	0	1	82233
164.482	n/a	1	2	82241
164.5	n/a	1	2	82250
164.516	n/a	0	1	82258
164.532	n/a	0	1	82266
164.55	n/a	1	2	82275
164.566	n/a	1	2	82283
164.582	n/a	0	1	82291
164.6	n/a	0	1	82300
164.616	n/a	0	1	82308
164.632	n/a	0	1	82316
164.65	n/a	0	1	82325
164.666	n/a	0	1	82333
164.682	n/a	1	2	82341
164.7	n/a	1	2	82350
164.716	n/a	1	2	82358
164.732	n/a	1	2	82366
164.75	n/a	0	1	82375
164.766	n/a	0	1	82383
164.782	n/a	1	2	82391
164.8	n/a	1	2	82400
164.816	n/a	0	1	82408
164.832	n/a	0	1	82416
164.85	n/a	0	1	82425
164.866	n/a	0	1	82433
164.882	n/a	0	1	82441
164.9	n/a	0	1	82450
164.916	n/a	1	2	82458
164.932	n/a	1	2	82466
164.95	n/a	0	1	82475
164.966	n/a	0	1	82483
164.982	n/a	1	2	82491
165.0	n/a	1	2	82500
165.016	n/a	0	1	82508
165.032	n/a	0	1	82516
165.05	n/a	0	1	82525
165.066	n/a	0	1	82533
165.082	n/a	1	2	82541
166.566	n/a	1	2	83283
166.582	n/a	1	2	83291
166.6	n/a	1	2	83300
166.616	n/a	1	2	83308
166.632	n/a	0	1	83316
166.65	n/a	0	1	83325
166.666	n/a	0	1	83333
166.682	n/a	0	1	83341
166.7	n/a	0	1	83350
166.716	n/a	0	1	83358
166.732	n/a	0	1	83366
166.75	n/a	0	1	83375
166.766	n/a	1	2	83383
166.782	n/a	1	2	83391
166.8	n/a	0	1	83400
166.816	n/a	0	1	83408
166.832	n/a	0	1	83416
166.85	n/a	0	1	83425
166.866	n/a	1	2	83433
166.882	n/a	1	2	83441
166.9	n/a	1	2	83450
166.916	n/a	1	2	83458
166.932	n/a	0	1	83466
166.95	n/a	0	1	83475
166.966	n/a	0	1	83483
166.982	n/a	0	1	83491
167.0	n/a	0	1	83500
167.016	n/a	0	1	83508
167.032	n/a	0	1	83516
167.05	n/a	0	1	83525
167.066	n/a	0	1	83533
167.082	n/a	0	1	83541
167.1	n/a	0	1	83550
167.116	n/a	0	1	83558
167.132	n/a	1	2	83566
167.15	n/a	1	2	83575
167.166	n/a	0	1	83583
167.182	n/a	0	1	83591
167.2	n/a	1	2	83600
167.216	n/a	1	2	83608
167.232	n/a	1	2	83616
167.25	n/a	1	2	83625
167.266	n/a	0	1	83633
167.282	n/a	0	1	83641
167.3	n/a	1	2	83650
167.316	n/a	1	2	83658
167.332	n/a	0	1	83666
167.35	n/a	0	1	83675
167.366	n/a	1	2	83683
167.382	n/a	1	2	83691
167.4	n/a	0	1	83700
167.416	n/a	0	1	83708
167.432	n/a	1	2	83716
167.45	n/a	1	2	83725
167.466	n/a	0	1	83733
167.482	n/a	0	1	83741
167.5	n/a	0	1	83750
167.516	n/a	0	1	83758
167.532	n/a	0	1	83766
167.55	n/a	0	1	83775
167.566	n/a	1	2	83783
167.582	n/a	1	2	83791
167.6	n/a	1	2	83800
167.616	n/a	1	2	83808
167.632	n/a	1	2	83816
167.65	n/a	1	2	83825
167.666	n/a	0	1	83833
167.682	n/a	0	1	83841
167.7	n/a	1	2	83850
167.716	n/a	1	2	83858
167.732	n/a	1	2	83866
167.75	n/a	1	2	83875
167.766	n/a	1	2	83883
167.782	n/a	1	2	83891
167.8	n/a	0	1	83900
167.816	n/a	0	1	83908
167.832	n/a	1	2	83916
167.85	n/a	1	2	83925
167.866	n/a	0	1	83933
167.882	n/a	0	1	83941
167.9	n/a	1	2	83950
167.916	n/a	1	2	83958
167.932	n/a	1	2	83966
167.95	n/a	1	2	83975
167.966	n/a	0	1	83983
167.982	n/a	0	1	83991
168.0	n/a	0	1	84000
168.016	n/a	0	1	84008
168.032	n/a	0	1	84016
168.05	n/a	0	1	84025
168.066	n/a	1	2	84033
168.082	n/a	1	2	84041
168.1	n/a	1	2	84050
168.116	n/a	1	2	84058
168.132	n/a	0	1	84066
168.15	n/a	0	1	84075
168.166	n/a	1	2	84083
168.182	n/a	1	2	84091
168.2	n/a	1	2	84100
168.216	n/a	1	2	84108
168.232	n/a	1	2	84116
168.25	n/a	1	2	84125
168.266	n/a	0	1	84133
168.282	n/a	0	1	84141
168.3	n/a	0	1	84150
168.316	n/a	0	1	84158
168.332	n/a	0	1	84166
168.35	n/a	0	1	84175
168.366	n/a	0	1	84183
168.382	n/a	0	1	84191
168.4	n/a	0	1	84200
168.416	n/a	0	1	84208
168.432	n/a	1	2	84216
168.45	n/a	1	2	84225
168.466	n/a	1	2	84233
168.482	n/a	1	2	84241
168.5	n/a	1	2	84250
169.982	n/a	1	2	84991
170.0	n/a	1	2	85000
170.016	n/a	1	2	85008
170.032	n/a	1	2	85016
170.05	n/a	0	1	85025
170.066	n/a	0	1	85033
170.082	n/a	1	2	85041
170.1	n/a	1	2	85050
170.116	n/a	1	2	85058
170.132	n/a	1	2	85066
170.15	n/a	0	1	85075
170.166	n/a	0	1	85083
170.182	n/a	1	2	85091
170.2	n/a	1	2	85100
170.216	n/a	1	2	85108
170.232	n/a	1	2	85116
170.25	n/a	0	1	85125
170.266	n/a	0	1	85133
170.282	n/a	1	2	85141
170.3	n/a	1	2	85150
170.316	n/a	1	2	85158
170.332	n/a	1	2	85166
170.35	n/a	0	1	85175
170.366	n/a	0	1	85183
170.382	n/a	0	1	85191
170.4	n/a	0	1	85200
170.416	n/a	0	1	85208
170.432	n/a	0	1	85216
170.45	n/a	1	2	85225
170.466	n/a	1	2	85233
170.482	n/a	1	2	85241
170.5	n/a	1	2	85250
170.516	n/a	1	2	85258
170.532	n/a	1	2	85266
170.55	n/a	0	1	85275
170.566	n/a	0	1	85283
170.582	n/a	0	1	85291
170.6	n/a	0	1	85300
170.616	n/a	0	1	85308
170.632	n/a	0	1	85316
170.65	n/a	1	2	85325
170.666	n/a	1	2	85333
170.682	n/a	1	2	85341
170.7	n/a	1	2	85350
170.716	n/a	1	2	85358
170.732	n/a	1	2	85366
170.75	n/a	1	2	85375
170.766	n/a	1	2	85383
170.782	n/a	1	2	85391
170.8	n/a	1	2	85400
170.816	n/a	0	1	85408
170.832	n/a	0	1	85416
170.85	n/a	0	1	85425
170.866	n/a	0	1	85433
170.882	n/a	1	2	85441
170.9	n/a	1	2	85450
170.916	n/a	0	1	85458
170.932	n/a	0	1	85466
170.95	n/a	1	2	85475
170.966	n/a	1	2	85483
170.982	n/a	0	1	85491
171.0	n/a	0	1	85500
171.016	n/a	0	1	85508
171.032	n/a	0	1	85516
171.05	n/a	1	2	85525
171.066	n/a	1	2	85533
171.082	n/a	1	2	85541
171.1	n/a	1	2	85550
171.116	n/a	0	1	85558
171.132	n/a	0	1	85566
171.15	n/a	0	1	85575
171.166	n/a	0	1	85583
171.182	n/a	0	1	85591
171.2	n/a	0	1	85600
171.216	n/a	0	1	85608
171.232	n/a	0	1	85616
171.25	n/a	1	2	85625
171.266	n/a	1	2	85633
171.282	n/a	0	1	85641
171.3	n/a	0	1	85650
171.316	n/a	0	1	85658
171.332	n/a	0	1	85666
171.35	n/a	0	1	85675
171.366	n/a	0	1	85683
171.382	n/a	0	1	85691
171.4	n/a	0	1	85700
171.416	n/a	1	2	85708
171.432	n/a	1	2	85716
171.45	n/a	1	2	85725
171.466	n/a	1	2	85733
171.482	n/a	1	2	85741
171.5	n/a	1	2	85750
171.516	n/a	1	2	85758
171.532	n/a	1	2	85766
171.55	n/a	1	2	85775
171.566	n/a	1	2	85783
171.582	n/a	1	2	85791
171.6	n/a	1	2	85800
171.616	n/a	0	1	85808
171.632	n/a	0	1	85816
171.65	n/a	1	2	85825
171.666	n/a	1	2	85833
171.682	n/a	0	1	85841
171.7	n/a	0	1	85850
171.716	n/a	1	2	85858
171.732	n/a	1	2	85866
171.75	n/a	0	1	85875
171.766	n/a	0	1	85883
171.782	n/a	0	1	85891
171.8	n/a	0	1	85900
171.816	n/a	1	2	85908
171.832	n/a	1	2	85916
171.85	n/a	1	2	85925
171.866	n/a	1	2	85933
171.882	n/a	0	1	85941
171.9	n/a	0	1	85950
171.916	n/a	0	1	85958
177.882	n/a	1	2	88941
177.9	n/a	1	2	88950
177.916	n/a	1	2	88958
177.932	n/a	1	2	88966
177.95	n/a	0	1	88975
177.966	n/a	0	1	88983
177.982	n/a	1	2	88991
178.0	n/a	1	2	89000
178.016	n/a	1	2	89008
178.032	n/a	1	2	89016
178.05	n/a	0	1	89025
178.066	n/a	0	1	89033
178.082	n/a	1	2	89041
178.1	n/a	1	2	89050
178.116	n/a	1	2	89058
178.132	n/a	1	2	89066
178.15	n/a	0	1	89075
178.166	n/a	0	1	89083
178.182	n/a	1	2	89091
178.2	n/a	1	2	89100
178.216	n/a	1	2	89108
178.232	n/a	1	2	89116
178.25	n/a	0	1	89125
178.266	n/a	0	1	89133
178.282	n/a	0	1	89141
178.3	n/a	0	1	89150
178.316	n/a	0	1	89158
178.332	n/a	0	1	89166
178.35	n/a	1	2	89175
178.366	n/a	1	2	89183
178.382	n/a	1	2	89191
178.4	n/a	1	2	89200
178.416	n/a	1	2	89208
178.432	n/a	1	2	89216
178.45	n/a	0	1	89225
178.466	n/a	0	1	89233
178.482	n/a	0	1	89241
178.5	n/a	0	1	89250
178.516	n/a	0	1	89258
178.532	n/a	0	1	89266
178.55	n/a	1	2	89275
178.566	n/a	1	2	89283
178.582	n/a	1	2	89291
178.6	n/a	1	2	89300
178.616	n/a	1	2	89308
178.632	n/a	1	2	89316
178.65	n/a	1	2	89325
178.666	n/a	1	2	89333
178.682	n/a	1	2	89341
178.7	n/a	1	2	89350
178.716	n/a	0	1	89358
178.732	n/a	0	1	89366
178.75	n/a	0	1	89375
178.766	n/a	0	1	89383
178.782	n/a	1	2	89391
178.8	n/a	1	2	89400
178.816	n/a	0	1	89408
178.832	n/a	0	1	89416
178.85	n/a	1	2	89425
178.866	n/a	1	2	89433
178.882	n/a	0	1	89441
178.9	n/a	0	1	89450
178.916	n/a	0	1	89458
178.932	n/a	0	1	89466
178.95	n/a	1	2	89475
178.966	n/a	1	2	89483
178.982	n/a	1	2	89491
179.0	n/a	1	2	89500
179.016	n/a	0	1	89508
179.032	n/a	0	1	89516
179.05	n/a	0	1	89525
179.066	n/a	0	1	89533
179.082	n/a	0	1	89541
179.1	n/a	0	1	89550
179.116	n/a	0	1	89558
179.132	n/a	0	1	89566
179.15	n/a	1	2	89575
179.166	n/a	1	2	89583
179.182	n/a	0	1	89591
179.2	n/a	0	1	89600
179.216	n/a	0	1	89608
179.232	n/a	0	1	89616
179.25	n/a	0	1	89625
179.266	n/a	0	1	89633
179.282	n/a	0	1	89641
179.3	n/a	0	1	89650
179.316	n/a	1	2	89658
179.332	n/a	1	2	89666
179.35	n/a	1	2	89675
179.366	n/a	1	2	89683
179.382	n/a	1	2	89691
179.4	n/a	1	2	89700
179.416	n/a	1	2	89708
179.432	n/a	1	2	89716
179.45	n/a	1	2	89725
179.466	n/a	1	2	89733
179.482	n/a	1	2	89741
179.5	n/a	1	2	89750
179.516	n/a	0	1	89758
179.532	n/a	0	1	89766
179.55	n/a	1	2	89775
179.566	n/a	1	2	89783
179.582	n/a	0	1	89791
179.6	n/a	0	1	89800
179.616	n/a	1	2	89808
179.632	n/a	1	2	89816
179.65	n/a	0	1	89825
179.666	n/a	0	1	89833
179.682	n/a	0	1	89841
179.7	n/a	0	1	89850
179.716	n/a	1	2	89858
179.732	n/a	1	2	89866
179.75	n/a	1	2	89875
179.766	n/a	1	2	89883
179.782	n/a	0	1	89891
179.8	n/a	0	1	89900
179.816	n/a	0	1	89908
181.3	n/a	1	2	90650
181.316	n/a	1	2	90658
181.332	n/a	1	2	90666
181.35	n/a	1	2	90675
181.366	n/a	0	1	90683
181.382	n/a	0	1	90691
181.4	n/a	0	1	90700
181.416	n/a	0	1	90708
181.432	n/a	0	1	90716
181.45	n/a	0	1	90725
181.466	n/a	0	1	90733
181.482	n/a	0	1	90741
181.5	n/a	1	2	90750
181.516	n/a	1	2	90758
181.532	n/a	0	1	90766
181.55	n/a	0	1	90775
181.566	n/a	0	1	90783
181.582	n/a	0	1	90791
181.6	n/a	1	2	90800
181.616	n/a	1	2	90808
181.632	n/a	1	2	90816
181.65	n/a	1	2	90825
181.666	n/a	0	1	90833
181.682	n/a	0	1	90841
181.7	n/a	0	1	90850
181.716	n/a	0	1	90858
181.732	n/a	0	1	90866
181.75	n/a	0	1	90875
181.766	n/a	0	1	90883
181.782	n/a	0	1	90891
181.8	n/a	0	1	90900
181.816	n/a	0	1	90908
181.832	n/a	0	1	90916
181.85	n/a	0	1	90925
181.866	n/a	1	2	90933
181.882	n/a	1	2	90941
181.9	n/a	0	1	90950
181.916	n/a	0	1	90958
181.932	n/a	1	2	90966
181.95	n/a	1	2	90975
181.966	n/a	1	2	90983
181.982	n/a	1	2	90991
182.0	n/a	0	1	91000
182.016	n/a	0	1	91008
182.032	n/a	1	2	91016
182.05	n/a	1	2	91025
182.066	n/a	0	1	91033
182.082	n/a	0	1	91041
182.1	n/a	1	2	91050
182.116	n/a	1	2	91058
182.132	n/a	0	1	91066
182.15	n/a	0	1	91075
182.166	n/a	1	2	91083
182.182	n/a	1	2	91091
182.2	n/a	0	1	91100
182.216	n/a	0	1	91108
182.232	n/a	0	1	91116
182.25	n/a	0	1	91125
182.266	n/a	0	1	91133
182.282	n/a	0	1	91141
182.3	n/a	1	2	91150
182.316	n/a	1	2	91158
182.332	n/a	1	2	91166
182.35	n/a	1	2	91175
182.366	n/a	1	2	91183
182.382	n/a	1	2	91191
182.4	n/a	0	1	91200
182.416	n/a	0	1	91208
182.432	n/a	1	2	91216
182.45	n/a	1	2	91225
182.466	n/a	1	2	91233
182.482	n/a	1	2	91241
182.5	n/a	1	2	91250
182.516	n/a	1	2	91258
182.532	n/a	0	1	91266
182.55	n/a	0	1	91275
182.566	n/a	1	2	91283
182.582	n/a	1	2	91291
182.6	n/a	0	1	91300
182.616	n/a	0	1	91308
182.632	n/a	1	2	91316
182.65	n/a	1	2	91325
182.666	n/a	1	2	91333
182.682	n/a	1	2	91341
182.7	n/a	0	1	91350
182.716	n/a	0	1	91358
182.732	n/a	0	1	91366
182.75	n/a	0	1	91375
182.766	n/a	0	1	91383
182.782	n/a	0	1	91391
182.8	n/a	1	2	91400
182.816	n/a	1	2	91408
182.832	n/a	1	2	91416
182.85	n/a	1	2	91425
182.866	n/a	0	1	91433
182.882	n/a	0	1	91441
182.9	n/a	1	2	91450
182.916	n/a	1	2	91458
182.932	n/a	1	2	91466
182.95	n/a	1	2	91475
182.966	n/a	1	2	91483
182.982	n/a	1	2	91491
183.0	n/a	0	1	91500
183.016	n/a	0	1	91508
183.032	n/a	0	1	91516
183.05	n/a	0	1	91525
183.066	n/a	0	1	91533
183.082	n/a	0	1	91541
183.1	n/a	0	1	91550
183.116	n/a	0	1	91558
183.132	n/a	0	1	91566
183.15	n/a	0	1	91575
183.166	n/a	1	2	91583
183.182	n/a	1	2	91591
183.2	n/a	1	2	91600
183.216	n/a	1	2	91608
183.232	n/a	1	2	91616
184.716	n/a	1	2	92358
184.732	n/a	1	2	92366
184.75	n/a	1	2	92375
184.766	n/a	1	2	92383
184.782	n/a	1	2	92391
184.8	n/a	1	2	92400
184.816	n/a	1	2	92408
184.832	n/a	1	2	92416
184.85	n/a	1	2	92425
184.866	n/a	1	2	92433
184.882	n/a	1	2	92441
184.9	n/a	1	2	92450
184.916	n/a	1	2	92458
184.932	n/a	1	2	92466
184.95	n/a	0	1	92475
184.966	n/a	0	1	92483
184.982	n/a	0	1	92491
185.0	n/a	0	1	92500
185.016	n/a	1	2	92508
185.032	n/a	1	2	92516
185.05	n/a	1	2	92525
185.066	n/a	1	2	92533
185.082	n/a	0	1	92541
185.1	n/a	0	1	92550
185.116	n/a	0	1	92558
185.132	n/a	0	1	92566
185.15	n/a	1	2	92575
185.166	n/a	1	2	92583
185.182	n/a	1	2	92591
185.2	n/a	1	2	92600
185.216	n/a	0	1	92608
185.232	n/a	0	1	92616
185.25	n/a	0	1	92625
185.266	n/a	0	1	92633
185.282	n/a	1	2	92641
185.3	n/a	1	2	92650
185.316	n/a	0	1	92658
185.332	n/a	0	1	92666
185.35	n/a	1	2	92675
185.366	n/a	1	2	92683
185.382	n/a	1	2	92691
185.4	n/a	1	2	92700
185.416	n/a	0	1	92708
185.432	n/a	0	1	92716
185.45	n/a	1	2	92725
185.466	n/a	1	2	92733
185.482	n/a	0	1	92741
185.5	n/a	0	1	92750
185.516	n/a	0	1	92758
185.532	n/a	0	1	92766
185.55	n/a	1	2	92775
185.566	n/a	1	2	92783
185.582	n/a	0	1	92791
185.6	n/a	0	1	92800
185.616	n/a	1	2	92808
185.632	n/a	1	2	92816
185.65	n/a	1	2	92825
185.666	n/a	1	2	92833
185.682	n/a	1	2	92841
185.7	n/a	1	2	92850
185.716	n/a	0	1	92858
185.732	n/a	0	1	92866
185.75	n/a	0	1	92875
185.766	n/a	0	1	92883
185.782	n/a	0	1	92891
185.8	n/a	0	1	92900
185.816	n/a	1	2	92908
185.832	n/a	1	2	92916
185.85	n/a	0	1	92925
185.866	n/a	0	1	92933
185.882	n/a	1	2	92941
185.9	n/a	1	2	92950
185.916	n/a	1	2	92958
185.932	n/a	1	2	92966
185.95	n/a	1	2	92975
185.966	n/a	1	2	92983
185.982	n/a	0	1	92991
186.0	n/a	0	1	93000
186.016	n/a	0	1	93008
186.032	n/a	0	1	93016
186.05	n/a	1	2	93025
186.066	n/a	1	2	93033
186.082	n/a	0	1	93041
186.1	n/a	0	1	93050
186.116	n/a	1	2	93058
186.132	n/a	1	2	93066
186.15	n/a	0	1	93075
186.166	n/a	0	1	93083
186.182	n/a	0	1	93091
186.2	n/a	0	1	93100
186.216	n/a	0	1	93108
186.232	n/a	0	1	93116
186.25	n/a	1	2	93125
186.266	n/a	1	2	93133
186.282	n/a	1	2	93141
186.3	n/a	1	2	93150
186.316	n/a	0	1	93158
186.332	n/a	0	1	93166
186.35	n/a	1	2	93175
186.366	n/a	1	2	93183
186.382	n/a	0	1	93191
186.4	n/a	0	1	93200
186.416	n/a	0	1	93208
186.432	n/a	0	1	93216
186.45	n/a	0	1	93225
186.466	n/a	0	1	93233
186.482	n/a	1	2	93241
186.5	n/a	1	2	93250
186.516	n/a	0	1	93258
186.532	n/a	0	1	93266
186.55	n/a	1	2	93275
186.566	n/a	1	2	93283
186.582	n/a	0	1	93291
186.6	n/a	0	1	93300
186.616	n/a	0	1	93308
186.632	n/a	0	1	93316
186.65	n/a	1	2	93325
188.132	n/a	0	1	94066
188.15	n/a	0	1	94075
188.166	n/a	0	1	94083
188.182	n/a	0	1	94091
188.2	n/a	1	2	94100
188.216	n/a	1	2	94108
188.232	n/a	1	2	94116
188.25	n/a	1	2	94125
188.266	n/a	0	1	94133
188.282	n/a	0	1	94141
188.3	n/a	0	1	94150
188.316	n/a	0	1	94158
188.332	n/a	0	1	94166
188.35	n/a	0	1	94175
188.366	n/a	0	1	94183
188.382	n/a	0	1	94191
188.4	n/a	1	2	94200
188.416	n/a	1	2	94208
188.432	n/a	1	2	94216
188.45	n/a	1	2	94225
188.466	n/a	1	2	94233
188.482	n/a	1	2	94241
188.5	n/a	1	2	94250
188.516	n/a	1	2	94258
188.532	n/a	1	2	94266
188.55	n/a	1	2	94275
188.566	n/a	0	1	94283
188.582	n/a	0	1	94291
188.6	n/a	0	1	94300
188.616	n/a	0	1	94308
188.632	n/a	0	1	94316
188.65	n/a	0	1	94325
188.666	n/a	0	1	94333
188.682	n/a	0	1	94341
188.7	n/a	0	1	94350
188.716	n/a	0	1	94358
188.732	n/a	0	1	94366
188.75	n/a	0	1	94375
188.766	n/a	1	2	94383
188.782	n/a	1	2	94391
188.8	n/a	1	2	94400
188.816	n/a	1	2	94408
188.832	n/a	0	1	94416
188.85	n/a	0	1	94425
188.866	n/a	0	1	94433
188.882	n/a	0	1	94441
188.9	n/a	1	2	94450
188.916	n/a	1	2	94458
188.932	n/a	0	1	94466
188.95	n/a	0	1	94475
188.966	n/a	1	2	94483
188.982	n/a	1	2	94491
189.0	n/a	0	1	94500
189.016	n/a	0	1	94508
189.032	n/a	1	2	94516
189.05	n/a	1	2	94525
189.066	n/a	0	1	94533
189.082	n/a	0	1	94541
189.1	n/a	1	2	94550
189.116	n/a	1	2	94558
189.132	n/a	1	2	94566
189.15	n/a	1	2	94575
189.166	n/a	0	1	94583
189.182	n/a	0	1	94591
189.2	n/a	1	2	94600
189.216	n/a	1	2	94608
189.232	n/a	0	1	94616
189.25	n/a	0	1	94625
189.266	n/a	0	1	94633
189.282	n/a	0	1	94641
189.3	n/a	0	1	94650
189.316	n/a	0	1	94658
189.332	n/a	1	2	94666
189.35	n/a	1	2	94675
189.366	n/a	0	1	94683
189.382	n/a	0	1	94691
189.4	n/a	0	1	94700
189.416	n/a	0	1	94708
189.432	n/a	0	1	94716
189.45	n/a	0	1	94725
189.466	n/a	1	2	94733
189.482	n/a	1	2	94741
189.5	n/a	1	2	94750
189.516	n/a	1	2	94758
189.532	n/a	1	2	94766
189.55	n/a	1	2	94775
189.566	n/a	0	1	94783
189.582	n/a	0	1	94791
189.6	n/a	1	2	94800
189.616	n/a	1	2	94808
189.632	n/a	0	1	94816
189.65	n/a	0	1	94825
189.666	n/a	1	2	94833
189.682	n/a	1	2	94841
189.7	n/a	1	2	94850
189.716	n/a	1	2	94858
189.732	n/a	1	2	94866
189.75	n/a	1	2	94875
189.766	n/a	1	2	94883
189.782	n/a	1	2	94891
189.8	n/a	1	2	94900
189.816	n/a	1	2	94908
189.832	n/a	0	1	94916
189.85	n/a	0	1	94925
189.866	n/a	0	1	94933
189.882	n/a	0	1	94941
189.9	n/a	1	2	94950
189.916	n/a	1	2	94958
189.932	n/a	0	1	94966
189.95	n/a	0	1	94975
189.966	n/a	0	1	94983
189.982	n/a	0	1	94991
190.0	n/a	0	1	95000
190.016	n/a	0	1	95008
190.032	n/a	1	2	95016
190.05	n/a	1	2	95025
190.066	n/a	1	2	95033
192.332	n/a	1	2	96166
192.35	n/a	1	2	96175
192.366	n/a	1	2	96183
192.382	n/a	1	2	96191
192.4	n/a	0	1	96200
192.416	n/a	0	1	96208
192.432	n/a	1	2	96216
192.45	n/a	1	2	96225
192.466	n/a	1	2	96233
192.482	n/a	1	2	96241
192.5	n/a	0	1	96250
192.516	n/a	0	1	96258
192.532	n/a	1	2	96266
192.55	n/a	1	2	96275
192.566	n/a	1	2	96283
192.582	n/a	1	2	96291
192.6	n/a	0	1	96300
192.616	n/a	0	1	96308
192.632	n/a	1	2	96316
192.65	n/a	1	2	96325
192.666	n/a	1	2	96333
192.682	n/a	1	2	96341
192.7	n/a	0	1	96350
192.716	n/a	0	1	96358
192.732	n/a	0	1	96366
192.75	n/a	0	1	96375
192.766	n/a	0	1	96383
192.782	n/a	0	1	96391
192.8	n/a	1	2	96400
192.816	n/a	1	2	96408
192.832	n/a	1	2	96416
192.85	n/a	1	2	96425
192.866	n/a	1	2	96433
192.882	n/a	1	2	96441
192.9	n/a	0	1	96450
192.916	n/a	0	1	96458
192.932	n/a	0	1	96466
192.95	n/a	0	1	96475
192.966	n/a	0	1	96483
192.982	n/a	0	1	96491
193.0	n/a	1	2	96500
193.016	n/a	1	2	96508
193.032	n/a	1	2	96516
193.05	n/a	1	2	96525
193.066	n/a	1	2	96533
193.082	n/a	1	2	96541
193.1	n/a	1	2	96550
193.116	n/a	1	2	96558
193.132	n/a	1	2	96566
193.15	n/a	1	2	96575
193.166	n/a	0	1	96583
193.182	n/a	0	1	96591
193.2	n/a	0	1	96600
193.216	n/a	0	1	96608
193.232	n/a	1	2	96616
193.25	n/a	1	2	96625
193.266	n/a	0	1	96633
193.282	n/a	0	1	96641
193.3	n/a	1	2	96650
193.316	n/a	1	2	96658
193.332	n/a	0	1	96666
193.35	n/a	0	1	96675
193.366	n/a	0	1	96683
193.382	n/a	0	1	96691
193.4	n/a	1	2	96700
193.416	n/a	1	2	96708
193.432	n/a	1	2	96716
193.45	n/a	1	2	96725
193.466	n/a	0	1	96733
193.482	n/a	0	1	96741
193.5	n/a	0	1	96750
193.516	n/a	0	1	96758
193.532	n/a	0	1	96766
193.55	n/a	0	1	96775
193.566	n/a	0	1	96783
193.582	n/a	0	1	96791
193.6	n/a	1	2	96800
193.616	n/a	1	2	96808
193.632	n/a	0	1	96816
193.65	n/a	0	1	96825
193.666	n/a	0	1	96833
193.682	n/a	0	1	96841
193.7	n/a	0	1	96850
193.716	n/a	0	1	96858
193.732	n/a	0	1	96866
193.75	n/a	0	1	96875
193.766	n/a	1	2	96883
193.782	n/a	1	2	96891
193.8	n/a	1	2	96900
193.816	n/a	1	2	96908
193.832	n/a	1	2	96916
193.85	n/a	1	2	96925
193.866	n/a	1	2	96933
193.882	n/a	1	2	96941
193.9	n/a	1	2	96950
193.916	n/a	1	2	96958
193.932	n/a	1	2	96966
193.95	n/a	1	2	96975
193.966	n/a	0	1	96983
193.982	n/a	0	1	96991
194.0	n/a	1	2	97000
194.016	n/a	1	2	97008
194.032	n/a	0	1	97016
194.05	n/a	0	1	97025
194.066	n/a	1	2	97033
194.082	n/a	1	2	97041
194.1	n/a	0	1	97050
194.116	n/a	0	1	97058
194.132	n/a	0	1	97066
194.15	n/a	0	1	97075
194.166	n/a	1	2	97083
194.182	n/a	1	2	97091
194.2	n/a	1	2	97100
194.216	n/a	1	2	97108
194.232	n/a	0	1	97116
194.25	n/a	0	1	97125
194.266	n/a	0	1	97133
195.75	n/a	0	1	97875
195.766	n/a	0	1	97883
195.782	n/a	0	1	97891
195.8	n/a	0	1	97900
195.816	n/a	1	2	97908
195.832	n/a	1	2	97916
195.85	n/a	1	2	97925
195.866	n/a	1	2	97933
195.882	n/a	0	1	97941
195.9	n/a	0	1	97950
195.916	n/a	0	1	97958
195.932	n/a	0	1	97966
195.95	n/a	0	1	97975
195.966	n/a	0	1	97983
195.982	n/a	0	1	97991
196.0	n/a	0	1	98000
196.016	n/a	1	2	98008
196.032	n/a	1	2	98016
196.05	n/a	1	2	98025
196.066	n/a	1	2	98033
196.082	n/a	1	2	98041
196.1	n/a	1	2	98050
196.116	n/a	1	2	98058
196.132	n/a	1	2	98066
196.15	n/a	1	2	98075
196.166	n/a	1	2	98083
196.182	n/a	0	1	98091
196.2	n/a	0	1	98100
196.216	n/a	0	1	98108
196.232	n/a	0	1	98116
196.25	n/a	0	1	98125
196.266	n/a	0	1	98133
196.282	n/a	0	1	98141
196.3	n/a	0	1	98150
196.316	n/a	0	1	98158
196.332	n/a	0	1	98166
196.35	n/a	0	1	98175
196.366	n/a	0	1	98183
196.382	n/a	1	2	98191
196.4	n/a	1	2	98200
196.416	n/a	1	2	98208
196.432	n/a	1	2	98216
196.45	n/a	0	1	98225
196.466	n/a	0	1	98233
196.482	n/a	0	1	98241
196.5	n/a	0	1	98250
196.516	n/a	1	2	98258
196.532	n/a	1	2	98266
196.55	n/a	0	1	98275
196.566	n/a	0	1	98283
196.582	n/a	1	2	98291
196.6	n/a	1	2	98300
196.616	n/a	0	1	98308
196.632	n/a	0	1	98316
196.65	n/a	1	2	98325
196.666	n/a	1	2	98333
196.682	n/a	0	1	98341
196.7	n/a	0	1	98350
196.716	n/a	1	2	98358
196.732	n/a	1	2	98366
196.75	n/a	1	2	98375
196.766	n/a	1	2	98383
196.782	n/a	0	1	98391
196.8	n/a	0	1	98400
196.816	n/a	1	2	98408
196.832	n/a	1	2	98416
196.85	n/a	0	1	98425
196.866	n/a	0	1	98433
196.882	n/a	0	1	98441
196.9	n/a	0	1	98450
196.916	n/a	0	1	98458
196.932	n/a	0	1	98466
196.95	n/a	1	2	98475
196.966	n/a	1	2	98483
196.982	n/a	0	1	98491
197.0	n/a	0	1	98500
197.016	n/a	0	1	98508
197.032	n/a	0	1	98516
197.05	n/a	0	1	98525
197.066	n/a	0	1	98533
197.082	n/a	1	2	98541
197.1	n/a	1	2	98550
197.116	n/a	1	2	98558
197.132	n/a	1	2	98566
197.15	n/a	1	2	98575
197.166	n/a	1	2	98583
197.182	n/a	0	1	98591
197.2	n/a	0	1	98600
197.216	n/a	1	2	98608
197.232	n/a	1	2	98616
197.25	n/a	0	1	98625
197.266	n/a	0	1	98633
197.282	n/a	1	2	98641
197.3	n/a	1	2	98650
197.316	n/a	1	2	98658
197.332	n/a	1	2	98666
197.35	n/a	1	2	98675
197.366	n/a	1	2	98683
197.382	n/a	1	2	98691
197.4	n/a	1	2	98700
197.416	n/a	1	2	98708
197.432	n/a	1	2	98716
197.45	n/a	0	1	98725
197.466	n/a	0	1	98733
197.482	n/a	0	1	98741
197.5	n/a	0	1	98750
197.516	n/a	1	2	98758
197.532	n/a	1	2	98766
197.55	n/a	0	1	98775
197.566	n/a	0	1	98783
197.582	n/a	0	1	98791
197.6	n/a	0	1	98800
197.616	n/a	0	1	98808
197.632	n/a	0	1	98816
197.65	n/a	1	2	98825
197.666	n/a	1	2	98833
197.682	n/a	1	2	98841
199.166	n/a	1	2	99583
199.182	n/a	1	2	99591
199.2	n/a	1	2	99600
199.216	n/a	1	2	99608
199.232	n/a	1	2	99616
199.25	n/a	1	2	99625
199.266	n/a	1	2	99633
199.282	n/a	1	2	99641
199.3	n/a	1	2	99650
199.316	n/a	1	2	99658
199.332	n/a	1	2	99666
199.35	n/a	1	2	99675
199.366	n/a	1	2	99683
199.382	n/a	1	2	99691
199.4	n/a	0	1	99700
199.416	n/a	0	1	99708
199.432	n/a	0	1	99716
199.45	n/a	0	1	99725
199.466	n/a	1	2	99733
199.482	n/a	1	2	99741
199.5	n/a	1	2	99750
199.516	n/a	1	2	99758
199.532	n/a	0	1	99766
199.55	n/a	0	1	99775
199.566	n/a	0	1	99783
199.582	n/a	0	1	99791
199.6	n/a	1	2	99800
199.616	n/a	1	2	99808
199.632	n/a	1	2	99816
199.65	n/a	1	2	99825
199.666	n/a	0	1	99833
199.682	n/a	0	1	99841
199.7	n/a	0	1	99850
199.716	n/a	0	1	99858
199.732	n/a	1	2	99866
199.75	n/a	1	2	99875
199.766	n/a	0	1	99883
199.782	n/a	0	1	99891
199.8	n/a	1	2	99900
199.816	n/a	1	2	99908
199.832	n/a	1	2	99916
199.85	n/a	1	2	99925
199.866	n/a	0	1	99933
199.882	n/a	0	1	99941
199.9	n/a	1	2	99950
199.916	n/a	1	2	99958
199.932	n/a	0	1	99966
199.95	n/a	0	1	99975
199.966	n/a	0	1	99983
199.982	n/a	0	1	99991
200.0	n/a	1	2	100000
200.016	n/a	1	2	100008
200.032	n/a	0	1	100016
200.05	n/a	0	1	100025
200.066	n/a	1	2	100033
200.082	n/a	1	2	100041
200.1	n/a	1	2	100050
200.116	n/a	1	2	100058
200.132	n/a	1	2	100066
200.15	n/a	1	2	100075
200.166	n/a	0	1	100083
200.182	n/a	0	1	100091
200.2	n/a	0	1	100100
200.216	n/a	0	1	100108
200.232	n/a	0	1	100116
200.25	n/a	0	1	100125
200.266	n/a	1	2	100133
200.282	n/a	1	2	100141
200.3	n/a	0	1	100150
200.316	n/a	0	1	100158
200.332	n/a	1	2	100166
200.35	n/a	1	2	100175
200.366	n/a	1	2	100183
200.382	n/a	1	2	100191
200.4	n/a	1	2	100200
200.416	n/a	1	2	100208
200.432	n/a	0	1	100216
200.45	n/a	0	1	100225
200.466	n/a	0	1	100233
200.482	n/a	0	1	100241
200.5	n/a	1	2	100250
200.516	n/a	1	2	100258
200.532	n/a	0	1	100266
200.55	n/a	0	1	100275
200.566	n/a	1	2	100283
200.582	n/a	1	2	100291
200.6	n/a	0	1	100300
200.616	n/a	0	1	100308
200.632	n/a	0	1	100316
200.65	n/a	0	1	100325
200.666	n/a	0	1	100333
200.682	n/a	0	1	100341
200.7	n/a	1	2	100350
200.716	n/a	1	2	100358
200.732	n/a	1	2	100366
200.75	n/a	1	2	100375
200.766	n/a	0	1	100383
200.782	n/a	0	1	100391
200.8	n/a	1	2	100400
200.816	n/a	1	2	100408
200.832	n/a	0	1	100416
200.85	n/a	0	1	100425
200.866	n/a	0	1	100433
200.882	n/a	0	1	100441
200.9	n/a	0	1	100450
200.916	n/a	0	1	100458
200.932	n/a	1	2	100466
200.95	n/a	1	2	100475
200.966	n/a	0	1	100483
200.982	n/a	0	1	100491
201.0	n/a	1	2	100500
201.016	n/a	1	2	100508
201.032	n/a	0	1	100516
201.05	n/a	0	1	100525
201.066	n/a	0	1	100533
201.082	n/a	0	1	100541
201.1	n/a	1	2	100550
202.582	n/a	1	2	101291
202.6	n/a	1	2	101300
202.616	n/a	1	2	101308
202.632	n/a	1	2	101316
202.65	n/a	0	1	101325
202.666	n/a	0	1	101333
202.682	n/a	0	1	101341
202.7	n/a	0	1	101350
202.716	n/a	0	1	101358
202.732	n/a	0	1	101366
202.75	n/a	0	1	101375
202.766	n/a	0	1	101383
202.782	n/a	1	2	101391
202.8	n/a	1	2	101400
202.816	n/a	0	1	101408
202.832	n/a	0	1	101416
202.85	n/a	0	1	101425
202.866	n/a	0	1	101433
202.882	n/a	1	2	101441
202.9	n/a	1	2	101450
202.916	n/a	1	2	101458
202.932	n/a	1	2	101466
202.95	n/a	0	1	101475
202.966	n/a	0	1	101483
202.982	n/a	0	1	101491
203.0	n/a	0	1	101500
203.016	n/a	0	1	101508
203.032	n/a	0	1	101516
203.05	n/a	0	1	101525
203.066	n/a	0	1	101533
203.082	n/a	0	1	101541
203.1	n/a	0	1	101550
203.116	n/a	0	1	101558
203.132	n/a	0	1	101566
203.15	n/a	1	2	101575
203.166	n/a	1	2	101583
203.182	n/a	0	1	101591
203.2	n/a	0	1	101600
203.216	n/a	1	2	101608
203.232	n/a	1	2	101616
203.25	n/a	1	2	101625
203.266	n/a	1	2	101633
203.282	n/a	0	1	101641
203.3	n/a	0	1	101650
203.316	n/a	1	2	101658
203.332	n/a	1	2	101666
203.35	n/a	0	1	101675
203.366	n/a	0	1	101683
203.382	n/a	1	2	101691
203.4	n/a	1	2	101700
203.416	n/a	0	1	101708
203.432	n/a	0	1	101716
203.45	n/a	1	2	101725
203.466	n/a	1	2	101733
203.482	n/a	0	1	101741
203.5	n/a	0	1	101750
203.516	n/a	0	1	101758
203.532	n/a	0	1	101766
203.55	n/a	0	1	101775
203.566	n/a	0	1	101783
203.582	n/a	1	2	101791
203.6	n/a	1	2	101800
203.616	n/a	1	2	101808
203.632	n/a	1	2	101816
203.65	n/a	1	2	101825
203.666	n/a	1	2	101833
203.682	n/a	0	1	101841
203.7	n/a	0	1	101850
203.716	n/a	1	2	101858
203.732	n/a	1	2	101866
203.75	n/a	1	2	101875
203.766	n/a	1	2	101883
203.782	n/a	1	2	101891
203.8	n/a	1	2	101900
203.816	n/a	0	1	101908
203.832	n/a	0	1	101916
203.85	n/a	1	2	101925
203.866	n/a	1	2	101933
203.882	n/a	0	1	101941
203.9	n/a	0	1	101950
203.916	n/a	1	2	101958
203.932	n/a	1	2	101966
203.95	n/a	1	2	101975
203.966	n/a	1	2	101983
203.982	n/a	0	1	101991
204.0	n/a	0	1	102000
204.016	n/a	0	1	102008
204.032	n/a	0	1	102016
204.05	n/a	0	1	102025
204.066	n/a	0	1	102033
204.082	n/a	1	2	102041
204.1	n/a	1	2	102050
204.116	n/a	1	2	102058
204.132	n/a	1	2	102066
204.15	n/a	0	1	102075
204.166	n/a	0	1	102083
204.182	n/a	1	2	102091
204.2	n/a	1	2	102100
204.216	n/a	1	2	102108
204.232	n/a	1	2	102116
204.25	n/a	1	2	102125
204.266	n/a	1	2	102133
204.282	n/a	0	1	102141
204.3	n/a	0	1	102150
204.316	n/a	0	1	102158
204.332	n/a	0	1	102166
204.35	n/a	0	1	102175
204.366	n/a	0	1	102183
204.382	n/a	0	1	102191
204.4	n/a	0	1	102200
204.416	n/a	0	1	102208
204.432	n/a	0	1	102216
204.45	n/a	1	2	102225
204.466	n/a	1	2	102233
204.482	n/a	1	2	102241
204.5	n/a	1	2	102250
204.516	n/a	1	2	102258
207.366	n/a	1	2	103683
207.382	n/a	1	2	103691
207.4	n/a	1	2	103700
207.416	n/a	1	2	103708
207.432	n/a	0	1	103716
207.45	n/a	0	1	103725
207.466	n/a	0	1	103733
207.482	n/a	0	1	103741
207.5	n/a	0	1	103750
207.516	n/a	0	1	103758
207.532	n/a	0	1	103766
207.55	n/a	0	1	103775
207.566	n/a	1	2	103783
207.582	n/a	1	2	103791
207.6	n/a	0	1	103800
207.616	n/a	0	1	103808
207.632	n/a	0	1	103816
207.65	n/a	0	1	103825
207.666	n/a	1	2	103833
207.682	n/a	1	2	103841
207.7	n/a	1	2	103850
207.716	n/a	1	2	103858
207.732	n/a	0	1	103866
207.75	n/a	0	1	103875
207.766	n/a	0	1	103883
207.782	n/a	0	1	103891
207.8	n/a	0	1	103900
207.816	n/a	0	1	103908
207.832	n/a	0	1	103916
207.85	n/a	0	1	103925
207.866	n/a	0	1	103933
207.882	n/a	0	1	103941
207.9	n/a	0	1	103950
207.916	n/a	0	1	103958
207.932	n/a	1	2	103966
207.95	n/a	1	2	103975
207.966	n/a	0	1	103983
207.982	n/a	0	1	103991
208.0	n/a	1	2	104000
208.016	n/a	1	2	104008
208.032	n/a	1	2	104016
208.05	n/a	1	2	104025
208.066	n/a	0	1	104033
208.082	n/a	0	1	104041
208.1	n/a	1	2	104050
208.116	n/a	1	2	104058
208.132	n/a	0	1	104066
208.15	n/a	0	1	104075
208.166	n/a	1	2	104083
208.182	n/a	1	2	104091
208.2	n/a	0	1	104100
208.216	n/a	0	1	104108
208.232	n/a	1	2	104116
208.25	n/a	1	2	104125
208.266	n/a	0	1	104133
208.282	n/a	0	1	104141
208.3	n/a	0	1	104150
208.316	n/a	0	1	104158
208.332	n/a	0	1	104166
208.35	n/a	0	1	104175
208.366	n/a	1	2	104183
208.382	n/a	1	2	104191
208.4	n/a	1	2	104200
208.416	n/a	1	2	104208
208.432	n/a	1	2	104216
208.45	n/a	1	2	104225
208.466	n/a	0	1	104233
208.482	n/a	0	1	104241
208.5	n/a	1	2	104250
208.516	n/a	1	2	104258
208.532	n/a	1	2	104266
208.55	n/a	1	2	104275
208.566	n/a	1	2	104283
208.582	n/a	1	2	104291
208.6	n/a	0	1	104300
208.616	n/a	0	1	104308
208.632	n/a	1	2	104316
208.65	n/a	1	2	104325
208.666	n/a	0	1	104333
208.682	n/a	0	1	104341
208.7	n/a	1	2	104350
208.716	n/a	1	2	104358
208.732	n/a	1	2	104366
208.75	n/a	1	2	104375
208.766	n/a	0	1	104383
208.782	n/a	0	1	104391
208.8	n/a	0	1	104400
208.816	n/a	0	1	104408
208.832	n/a	0	1	104416
208.85	n/a	0	1	104425
208.866	n/a	1	2	104433
208.882	n/a	1	2	104441
208.9	n/a	1	2	104450
208.916	n/a	1	2	104458
208.932	n/a	0	1	104466
208.95	n/a	0	1	104475
208.966	n/a	1	2	104483
208.982	n/a	1	2	104491
209.0	n/a	1	2	104500
209.016	n/a	1	2	104508
209.032	n/a	1	2	104516
209.05	n/a	1	2	104525
209.066	n/a	0	1	104533
209.082	n/a	0	1	104541
209.1	n/a	0	1	104550
209.116	n/a	0	1	104558
209.132	n/a	0	1	104566
209.15	n/a	0	1	104575
209.166	n/a	0	1	104583
209.182	n/a	0	1	104591
209.2	n/a	0	1	104600
209.216	n/a	0	1	104608
209.232	n/a	1	2	104616
209.25	n/a	1	2	104625
209.266	n/a	1	2	104633
209.282	n/a	1	2	104641
209.3	n/a	1	2	104650
210.782	n/a	0	1	105391
210.8	n/a	0	1	105400
210.816	n/a	0	1	105408
210.832	n/a	0	1	105416
210.85	n/a	1	2	105425
210.866	n/a	1	2	105433
210.882	n/a	1	2	105441
210.9	n/a	1	2	105450
210.916	n/a	0	1	105458
210.932	n/a	0	1	105466
210.95	n/a	0	1	105475
210.966	n/a	0	1	105483
210.982	n/a	0	1	105491
211.0	n/a	0	1	105500
211.016	n/a	0	1	105508
211.032	n/a	0	1	105516
211.05	n/a	1	2	105525
211.066	n/a	1	2	105533
211.082	n/a	1	2	105541
211.1	n/a	1	2	105550
211.116	n/a	1	2	105558
211.132	n/a	1	2	105566
211.15	n/a	1	2	105575
211.166	n/a	1	2	105583
211.182	n/a	1	2	105591
211.2	n/a	1	2	105600
211.216	n/a	0	1	105608
211.232	n/a	0	1	105616
211.25	n/a	0	1	105625
211.266	n/a	0	1	105633
211.282	n/a	0	1	105641
211.3	n/a	0	1	105650
211.316	n/a	0	1	105658
211.332	n/a	0	1	105666
211.35	n/a	0	1	105675
211.366	n/a	0	1	105683
211.382	n/a	0	1	105691
211.4	n/a	0	1	105700
211.416	n/a	1	2	105708
211.432	n/a	1	2	105716
211.45	n/a	1	2	105725
211.466	n/a	1	2	105733
211.482	n/a	0	1	105741
211.5	n/a	0	1	105750
211.516	n/a	0	1	105758
211.532	n/a	0	1	105766
211.55	n/a	1	2	105775
211.566	n/a	1	2	105783
211.582	n/a	0	1	105791
211.6	n/a	0	1	105800
211.616	n/a	1	2	105808
211.632	n/a	1	2	105816
211.65	n/a	0	1	105825
211.666	n/a	0	1	105833
211.682	n/a	1	2	105841
211.7	n/a	1	2	105850
211.716	n/a	0	1	105858
211.732	n/a	0	1	105866
211.75	n/a	1	2	105875
211.766	n/a	1	2	105883
211.782	n/a	1	2	105891
211.8	n/a	1	2	105900
211.816	n/a	0	1	105908
211.832	n/a	0	1	105916
211.85	n/a	1	2	105925
211.866	n/a	1	2	105933
211.882	n/a	0	1	105941
211.9	n/a	0	1	105950
211.916	n/a	0	1	105958
211.932	n/a	0	1	105966
211.95	n/a	0	1	105975
211.966	n/a	0	1	105983
211.982	n/a	1	2	105991
212.0	n/a	1	2	106000
212.016	n/a	0	1	106008
212.032	n/a	0	1	106016
212.05	n/a	0	1	106025
212.066	n/a	0	1	106033
212.082	n/a	0	1	106041
212.1	n/a	0	1	106050
212.116	n/a	1	2	106058
212.132	n/a	1	2	106066
212.15	n/a	1	2	106075
212.166	n/a	1	2	106083
212.182	n/a	1	2	106091
212.2	n/a	1	2	106100
212.216	n/a	0	1	106108
212.232	n/a	0	1	106116
212.25	n/a	1	2	106125
212.266	n/a	1	2	106133
212.282	n/a	0	1	106141
212.3	n/a	0	1	106150
212.316	n/a	1	2	106158
212.332	n/a	1	2	106166
212.35	n/a	1	2	106175
212.366	n/a	1	2	106183
212.382	n/a	1	2	106191
212.4	n/a	1	2	106200
212.416	n/a	1	2	106208
212.432	n/a	1	2	106216
212.45	n/a	1	2	106225
212.466	n/a	1	2	106233
212.482	n/a	0	1	106241
212.5	n/a	0	1	106250
212.516	n/a	0	1	106258
212.532	n/a	0	1	106266
212.55	n/a	1	2	106275
212.566	n/a	1	2	106283
212.582	n/a	0	1	106291
212.6	n/a	0	1	106300
212.616	n/a	0	1	106308
212.632	n/a	0	1	106316
212.65	n/a	0	1	106325
212.666	n/a	0	1	106333
212.682	n/a	1	2	106341
212.7	n/a	1	2	106350
212.716	n/a	1	2	106358
214.2	n/a	1	2	107100
214.216	n/a	1	2	107108
214.232	n/a	1	2	107116
214.25	n/a	1	2	107125
214.266	n/a	1	2	107133
214.282	n/a	1	2	107141
214.3	n/a	1	2	107150
214.316	n/a	1	2	107158
214.332	n/a	1	2	107166
214.35	n/a	1	2	107175
214.366	n/a	1	2	107183
214.382	n/a	1	2	107191
214.4	n/a	1	2	107200
214.416	n/a	1	2	107208
214.432	n/a	0	1	107216
214.45	n/a	0	1	107225
214.466	n/a	0	1	107233
214.482	n/a	0	1	107241
214.5	n/a	1	2	107250
214.516	n/a	1	2	107258
214.532	n/a	1	2	107266
214.55	n/a	1	2	107275
214.566	n/a	0	1	107283
214.582	n/a	0	1	107291
214.6	n/a	0	1	107300
214.616	n/a	0	1	107308
214.632	n/a	1	2	107316
214.65	n/a	1	2	107325
214.666	n/a	1	2	107333
214.682	n/a	1	2	107341
214.7	n/a	0	1	107350
214.716	n/a	0	1	107358
214.732	n/a	0	1	107366
214.75	n/a	0	1	107375
214.766	n/a	1	2	107383
214.782	n/a	1	2	107391
214.8	n/a	0	1	107400
214.816	n/a	0	1	107408
214.832	n/a	1	2	107416
214.85	n/a	1	2	107425
214.866	n/a	1	2	107433
214.882	n/a	1	2	107441
214.9	n/a	0	1	107450
214.916	n/a	0	1	107458
214.932	n/a	1	2	107466
214.95	n/a	1	2	107475
214.966	n/a	0	1	107483
214.982	n/a	0	1	107491
215.0	n/a	0	1	107500
215.016	n/a	0	1	107508
215.032	n/a	1	2	107516
215.05	n/a	1	2	107525
215.066	n/a	0	1	107533
215.082	n/a	0	1	107541
215.1	n/a	1	2	107550
215.116	n/a	1	2	107558
215.132	n/a	1	2	107566
215.15	n/a	1	2	107575
215.166	n/a	1	2	107583
215.182	n/a	1	2	107591
215.2	n/a	0	1	107600
215.216	n/a	0	1	107608
215.232	n/a	0	1	107616
215.25	n/a	0	1	107625
215.266	n/a	0	1	107633
215.282	n/a	0	1	107641
215.3	n/a	1	2	107650
215.316	n/a	1	2	107658
215.332	n/a	0	1	107666
215.35	n/a	0	1	107675
215.366	n/a	1	2	107683
215.382	n/a	1	2	107691
215.4	n/a	1	2	107700
215.416	n/a	1	2	107708
215.432	n/a	1	2	107716
215.45	n/a	1	2	107725
215.466	n/a	0	1	107733
215.482	n/a	0	1	107741
215.5	n/a	0	1	107750
215.516	n/a	0	1	107758
215.532	n/a	1	2	107766
215.55	n/a	1	2	107775
215.566	n/a	0	1	107783
215.582	n/a	0	1	107791
215.6	n/a	1	2	107800
215.616	n/a	1	2	107808
215.632	n/a	0	1	107816
215.65	n/a	0	1	107825
215.666	n/a	0	1	107833
215.682	n/a	0	1	107841
215.7	n/a	0	1	107850
215.716	n/a	0	1	107858
215.732	n/a	1	2	107866
215.75	n/a	1	2	107875
215.766	n/a	1	2	107883
215.782	n/a	1	2	107891
215.8	n/a	0	1	107900
215.816	n/a	0	1	107908
215.832	n/a	1	2	107916
215.85	n/a	1	2	107925
215.866	n/a	0	1	107933
215.882	n/a	0	1	107941
215.9	n/a	0	1	107950
215.916	n/a	0	1	107958
215.932	n/a	0	1	107966
215.95	n/a	0	1	107975
215.966	n/a	1	2	107983
215.982	n/a	1	2	107991
216.0	n/a	0	1	108000
216.016	n/a	0	1	108008
216.032	n/a	1	2	108016
216.05	n/a	1	2	108025
216.066	n/a	0	1	108033
216.082	n/a	0	1	108041
216.1	n/a	0	1	108050
216.116	n/a	0	1	108058
216.132	n/a	1	2	108066
217.616	n/a	1	2	108808
217.632	n/a	1	2	108816
217.65	n/a	1	2	108825
217.666	n/a	1	2	108833
217.682	n/a	0	1	108841
217.7	n/a	0	1	108850
217.716	n/a	1	2	108858
217.732	n/a	1	2	108866
217.75	n/a	1	2	108875
217.766	n/a	1	2	108883
217.782	n/a	0	1	108891
217.8	n/a	0	1	108900
217.816	n/a	1	2	108908
217.832	n/a	1	2	108916
217.85	n/a	1	2	108925
217.866	n/a	1	2	108933
217.882	n/a	0	1	108941
217.9	n/a	0	1	108950
217.916	n/a	1	2	108958
217.932	n/a	1	2	108966
217.95	n/a	1	2	108975
217.966	n/a	1	2	108983
217.982	n/a	0	1	108991
218.0	n/a	0	1	109000
218.016	n/a	0	1	109008
218.032	n/a	0	1	109016
218.05	n/a	0	1	109025
218.066	n/a	0	1	109033
218.082	n/a	1	2	109041
218.1	n/a	1	2	109050
218.116	n/a	1	2	109058
218.132	n/a	1	2	109066
218.15	n/a	1	2	109075
218.166	n/a	1	2	109083
218.182	n/a	0	1	109091
218.2	n/a	0	1	109100
218.216	n/a	0	1	109108
218.232	n/a	0	1	109116
218.25	n/a	0	1	109125
218.266	n/a	0	1	109133
218.282	n/a	1	2	109141
218.3	n/a	1	2	109150
218.316	n/a	1	2	109158
218.332	n/a	1	2	109166
218.35	n/a	1	2	109175
218.366	n/a	1	2	109183
218.382	n/a	1	2	109191
218.4	n/a	1	2	109200
218.416	n/a	1	2	109208
218.432	n/a	1	2	109216
218.45	n/a	0	1	109225
218.466	n/a	0	1	109233
218.482	n/a	0	1	109241
218.5	n/a	0	1	109250
218.516	n/a	1	2	109258
218.532	n/a	1	2	109266
218.55	n/a	0	1	109275
218.566	n/a	0	1	109283
218.582	n/a	1	2	109291
218.6	n/a	1	2	109300
218.616	n/a	0	1	109308
218.632	n/a	0	1	109316
218.65	n/a	0	1	109325
218.666	n/a	0	1	109333
218.682	n/a	1	2	109341
218.7	n/a	1	2	109350
218.716	n/a	1	2	109358
218.732	n/a	1	2	109366
218.75	n/a	0	1	109375
218.766	n/a	0	1	109383
218.782	n/a	0	1	109391
218.8	n/a	0	1	109400
218.816	n/a	0	1	109408
218.832	n/a	0	1	109416
218.85	n/a	0	1	109425
218.866	n/a	0	1	109433
218.882	n/a	1	2	109441
218.9	n/a	1	2	109450
218.916	n/a	0	1	109458
218.932	n/a	0	1	109466
218.95	n/a	0	1	109475
218.966	n/a	0	1	109483
218.982	n/a	0	1	109491
219.0	n/a	0	1	109500
219.016	n/a	0	1	109508
219.032	n/a	0	1	109516
219.05	n/a	1	2	109525
219.066	n/a	1	2	109533
219.082	n/a	1	2	109541
219.1	n/a	1	2	109550
219.116	n/a	1	2	109558
219.132	n/a	1	2	109566
219.15	n/a	1	2	109575
219.166	n/a	1	2	109583
219.182	n/a	1	2	109591
219.2	n/a	1	2	109600
219.216	n/a	1	2	109608
219.232	n/a	1	2	109616
219.25	n/a	0	1	109625
219.266	n/a	0	1	109633
219.282	n/a	1	2	109641
219.3	n/a	1	2	109650
219.316	n/a	0	1	109658
219.332	n/a	0	1	109666
219.35	n/a	1	2	109675
219.366	n/a	1	2	109683
219.382	n/a	0	1	109691
219.4	n/a	0	1	109700
219.416	n/a	0	1	109708
219.432	n/a	0	1	109716
219.45	n/a	1	2	109725
219.466	n/a	1	2	109733
219.482	n/a	1	2	109741
219.5	n/a	1	2	109750
219.516	n/a	0	1	109758
219.532	n/a	0	1	109766
219.55	n/a	0	1	109775
222.132	n/a	1	2	111066
222.15	n/a	1	2	111075
222.166	n/a	1	2	111083
222.182	n/a	1	2	111091
222.2	n/a	1	2	111100
222.216	n/a	1	2	111108
222.232	n/a	1	2	111116
222.25	n/a	1	2	111125
222.266	n/a	1	2	111133
222.282	n/a	1	2	111141
222.3	n/a	1	2	111150
222.316	n/a	1	2	111158
222.332	n/a	1	2	111166
222.35	n/a	1	2	111175
222.366	n/a	0	1	111183
222.382	n/a	0	1	111191
222.4	n/a	0	1	111200
222.416	n/a	0	1	111208
222.432	n/a	1	2	111216
222.45	n/a	1	2	111225
222.466	n/a	1	2	111233
222.482	n/a	1	2	111241
222.5	n/a	0	1	111250
222.516	n/a	0	1	111258
222.532	n/a	0	1	111266
222.55	n/a	0	1	111275
222.566	n/a	1	2	111283
222.582	n/a	1	2	111291
222.6	n/a	1	2	111300
222.616	n/a	1	2	111308
222.632	n/a	0	1	111316
222.65	n/a	0	1	111325
222.666	n/a	0	1	111333
222.682	n/a	0	1	111341
222.7	n/a	1	2	111350
222.716	n/a	1	2	111358
222.732	n/a	0	1	111366
222.75	n/a	0	1	111375
222.766	n/a	1	2	111383
222.782	n/a	1	2	111391
222.8	n/a	1	2	111400
222.816	n/a	1	2	111408
222.832	n/a	0	1	111416
222.85	n/a	0	1	111425
222.866	n/a	1	2	111433
222.882	n/a	1	2	111441
222.9	n/a	0	1	111450
222.916	n/a	0	1	111458
222.932	n/a	0	1	111466
222.95	n/a	0	1	111475
222.966	n/a	1	2	111483
222.982	n/a	1	2	111491
223.0	n/a	0	1	111500
223.016	n/a	0	1	111508
223.032	n/a	1	2	111516
223.05	n/a	1	2	111525
223.066	n/a	1	2	111533
223.082	n/a	1	2	111541
223.1	n/a	1	2	111550
223.116	n/a	1	2	111558
223.132	n/a	0	1	111566
223.15	n/a	0	1	111575
223.166	n/a	0	1	111583
223.182	n/a	0	1	111591
223.2	n/a	0	1	111600
223.216	n/a	0	1	111608
223.232	n/a	1	2	111616
223.25	n/a	1	2	111625
223.266	n/a	0	1	111633
223.282	n/a	0	1	111641
223.3	n/a	1	2	111650
223.316	n/a	1	2	111658
223.332	n/a	1	2	111666
223.35	n/a	1	2	111675
223.366	n/a	1	2	111683
223.382	n/a	1	2	111691
223.4	n/a	0	1	111700
223.416	n/a	0	1	111708
223.432	n/a	0	1	111716
223.45	n/a	0	1	111725
223.466	n/a	1	2	111733
223.482	n/a	1	2	111741
223.5	n/a	0	1	111750
223.516	n/a	0	1	111758
223.532	n/a	1	2	111766
223.55	n/a	1	2	111775
223.566	n/a	0	1	111783
223.582	n/a	0	1	111791
223.6	n/a	0	1	111800
223.616	n/a	0	1	111808
223.632	n/a	0	1	111816
223.65	n/a	0	1	111825
223.666	n/a	1	2	111833
223.682	n/a	1	2	111841
223.7	n/a	1	2	111850
223.716	n/a	1	2	111858
223.732	n/a	0	1	111866
223.75	n/a	0	1	111875
223.766	n/a	1	2	111883
223.782	n/a	1	2	111891
223.8	n/a	0	1	111900
223.816	n/a	0	1	111908
223.832	n/a	0	1	111916
223.85	n/a	0	1	111925
223.866	n/a	0	1	111933
223.882	n/a	0	1	111941
223.9	n/a	1	2	111950
223.916	n/a	1	2	111958
223.932	n/a	0	1	111966
223.95	n/a	0	1	111975
223.966	n/a	1	2	111983
223.982	n/a	1	2	111991
224.0	n/a	0	1	112000
224.016	n/a	0	1	112008
224.032	n/a	0	1	112016
224.05	n/a	0	1	112025
224.066	n/a	1	2	112033
225.55	n/a	1	2	112775
225.566	n/a	1	2	112783
225.582	n/a	1	2	112791
225.6	n/a	1	2	112800
225.616	n/a	0	1	112808
225.632	n/a	0	1	112816
225.65	n/a	1	2	112825
225.666	n/a	1	2	112833
225.682	n/a	1	2	112841
225.7	n/a	1	2	112850
225.716	n/a	0	1	112858
225.732	n/a	0	1	112866
225.75	n/a	1	2	112875
225.766	n/a	1	2	112883
225.782	n/a	1	2	112891
225.8	n/a	1	2	112900
225.816	n/a	0	1	112908
225.832	n/a	0	1	112916
225.85	n/a	1	2	112925
225.866	n/a	1	2	112933
225.882	n/a	1	2	112941
225.9	n/a	1	2	112950
225.916	n/a	0	1	112958
225.932	n/a	0	1	112966
225.95	n/a	0	1	112975
225.966	n/a	0	1	112983
225.982	n/a	0	1	112991
226.0	n/a	0	1	113000
226.016	n/a	1	2	113008
226.032	n/a	1	2	113016
226.05	n/a	1	2	113025
226.066	n/a	1	2	113033
226.082	n/a	1	2	113041
226.1	n/a	1	2	113050
226.116	n/a	0	1	113058
226.132	n/a	0	1	113066
226.15	n/a	0	1	113075
226.166	n/a	0	1	113083
226.182	n/a	0	1	113091
226.2	n/a	0	1	113100
226.216	n/a	1	2	113108
226.232	n/a	1	2	113116
226.25	n/a	1	2	113125
226.266	n/a	1	2	113133
226.282	n/a	1	2	113141
226.3	n/a	1	2	113150
226.316	n/a	1	2	113158
226.332	n/a	1	2	113166
226.35	n/a	1	2	113175
226.366	n/a	1	2	113183
226.382	n/a	0	1	113191
226.4	n/a	0	1	113200
226.416	n/a	0	1	113208
226.432	n/a	0	1	113216
226.45	n/a	1	2	113225
226.466	n/a	1	2	113233
226.482	n/a	0	1	113241
226.5	n/a	0	1	113250
226.516	n/a	1	2	113258
226.532	n/a	1	2	113266
226.55	n/a	0	1	113275
226.566	n/a	0	1	113283
226.582	n/a	0	1	113291
226.6	n/a	0	1	113300
226.616	n/a	1	2	113308
226.632	n/a	1	2	113316
226.65	n/a	1	2	113325
226.666	n/a	1	2	113333
226.682	n/a	0	1	113341
226.7	n/a	0	1	113350
226.716	n/a	0	1	113358
226.732	n/a	0	1	113366
226.75	n/a	0	1	113375
226.766	n/a	0	1	113383
226.782	n/a	0	1	113391
226.8	n/a	0	1	113400
226.816	n/a	1	2	113408
226.832	n/a	1	2	113416
226.85	n/a	0	1	113425
226.866	n/a	0	1	113433
226.882	n/a	0	1	113441
226.9	n/a	0	1	113450
226.916	n/a	0	1	113458
226.932	n/a	0	1	113466
226.95	n/a	0	1	113475
226.966	n/a	0	1	113483
226.982	n/a	1	2	113491
227.0	n/a	1	2	113500
227.016	n/a	1	2	113508
227.032	n/a	1	2	113516
227.05	n/a	1	2	113525
227.066	n/a	1	2	113533
227.082	n/a	1	2	113541
227.1	n/a	1	2	113550
227.116	n/a	1	2	113558
227.132	n/a	1	2	113566
227.15	n/a	1	2	113575
227.166	n/a	1	2	113583
227.182	n/a	0	1	113591
227.2	n/a	0	1	113600
227.216	n/a	1	2	113608
227.232	n/a	1	2	113616
227.25	n/a	0	1	113625
227.266	n/a	0	1	113633
227.282	n/a	1	2	113641
227.3	n/a	1	2	113650
227.316	n/a	0	1	113658
227.332	n/a	0	1	113666
227.35	n/a	0	1	113675
227.366	n/a	0	1	113683
227.382	n/a	1	2	113691
227.4	n/a	1	2	113700
227.416	n/a	1	2	113708
227.432	n/a	1	2	113716
227.45	n/a	0	1	113725
227.466	n/a	0	1	113733
227.482	n/a	0	1	113741
228.966	n/a	1	2	114483
228.982	n/a	1	2	114491
229.0	n/a	1	2	114500
229.016	n/a	1	2	114508
229.032	n/a	0	1	114516
229.05	n/a	0	1	114525
229.066	n/a	0	1	114533
229.082	n/a	0	1	114541
229.1	n/a	0	1	114550
229.116	n/a	0	1	114558
229.132	n/a	0	1	114566
229.15	n/a	0	1	114575
229.166	n/a	1	2	114583
229.182	n/a	1	2	114591
229.2	n/a	0	1	114600
229.216	n/a	0	1	114608
229.232	n/a	0	1	114616
229.25	n/a	0	1	114625
229.266	n/a	1	2	114633
229.282	n/a	1	2	114641
229.3	n/a	1	2	114650
229.316	n/a	1	2	114658
229.332	n/a	0	1	114666
229.35	n/a	0	1	114675
229.366	n/a	0	1	114683
229.382	n/a	0	1	114691
229.4	n/a	0	1	114700
229.416	n/a	0	1	114708
229.432	n/a	0	1	114716
229.45	n/a	0	1	114725
229.466	n/a	0	1	114733
229.482	n/a	0	1	114741
229.5	n/a	0	1	114750
229.516	n/a	0	1	114758
229.532	n/a	1	2	114766
229.55	n/a	1	2	114775
229.566	n/a	0	1	114783
229.582	n/a	0	1	114791
229.6	n/a	1	2	114800
229.616	n/a	1	2	114808
229.632	n/a	1	2	114816
229.65	n/a	1	2	114825
229.666	n/a	0	1	114833
229.682	n/a	0	1	114841
229.7	n/a	1	2	114850
229.716	n/a	1	2	114858
229.732	n/a	0	1	114866
229.75	n/a	0	1	114875
229.766	n/a	1	2	114883
229.782	n/a	1	2	114891
229.8	n/a	0	1	114900
229.816	n/a	0	1	114908
229.832	n/a	1	2	114916
229.85	n/a	1	2	114925
229.866	n/a	0	1	114933
229.882	n/a	0	1	114941
229.9	n/a	0	1	114950
229.916	n/a	0	1	114958
229.932	n/a	0	1	114966
229.95	n/a	0	1	114975
229.966	n/a	1	2	114983
229.982	n/a	1	2	114991
230.0	n/a	1	2	115000
230.016	n/a	1	2	115008
230.032	n/a	1	2	115016
230.05	n/a	1	2	115025
230.066	n/a	0	1	115033
230.082	n/a	0	1	115041
230.1	n/a	1	2	115050
230.116	n/a	1	2	115058
230.132	n/a	1	2	115066
230.15	n/a	1	2	115075
230.166	n/a	1	2	115083
230.182	n/a	1	2	115091
230.2	n/a	0	1	115100
230.216	n/a	0	1	115108
230.232	n/a	1	2	115116
230.25	n/a	1	2	115125
230.266	n/a	0	1	115133
230.282	n/a	0	1	115141
230.3	n/a	1	2	115150
230.316	n/a	1	2	115158
230.332	n/a	1	2	115166
230.35	n/a	1	2	115175
230.366	n/a	0	1	115183
230.382	n/a	0	1	115191
230.4	n/a	0	1	115200
230.416	n/a	0	1	115208
230.432	n/a	0	1	115216
230.45	n/a	0	1	115225
230.466	n/a	1	2	115233
230.482	n/a	1	2	115241
230.5	n/a	1	2	115250
230.516	n/a	1	2	115258
230.532	n/a	0	1	115266
230.55	n/a	0	1	115275
230.566	n/a	1	2	115283
230.582	n/a	1	2	115291
230.6	n/a	1	2	115300
230.616	n/a	1	2	115308
230.632	n/a	1	2	115316
230.65	n/a	1	2	115325
230.666	n/a	0	1	115333
230.682	n/a	0	1	115341
230.7	n/a	0	1	115350
230.716	n/a	0	1	115358
230.732	n/a	0	1	115366
230.75	n/a	0	1	115375
230.766	n/a	0	1	115383
230.782	n/a	0	1	115391
230.8	n/a	0	1	115400
230.816	n/a	0	1	115408
230.832	n/a	1	2	115416
230.85	n/a	1	2	115425
230.866	n/a	1	2	115433
230.882	n/a	1	2	115441
230.9	n/a	1	2	115450
232.382	n/a	0	1	116191
232.4	n/a	0	1	116200
232.416	n/a	0	1	116208
232.432	n/a	0	1	116216
232.45	n/a	1	2	116225
232.466	n/a	1	2	116233
232.482	n/a	1	2	116241
232.5	n/a	1	2	116250
232.516	n/a	0	1	116258
232.532	n/a	0	1	116266
232.55	n/a	0	1	116275
232.566	n/a	0	1	116283
232.582	n/a	0	1	116291
232.6	n/a	0	1	116300
232.616	n/a	0	1	116308
232.632	n/a	0	1	116316
232.65	n/a	1	2	116325
232.666	n/a	1	2	116333
232.682	n/a	1	2	116341
232.7	n/a	1	2	116350
232.716	n/a	1	2	116358
232.732	n/a	1	2	116366
232.75	n/a	1	2	116375
232.766	n/a	1	2	116383
232.782	n/a	1	2	116391
232.8	n/a	1	2	116400
232.816	n/a	0	1	116408
232.832	n/a	0	1	116416
232.85	n/a	0	1	116425
232.866	n/a	0	1	116433
232.882	n/a	0	1	116441
232.9	n/a	0	1	116450
232.916	n/a	0	1	116458
232.932	n/a	0	1	116466
232.95	n/a	0	1	116475
232.966	n/a	0	1	116483
232.982	n/a	0	1	116491
233.0	n/a	0	1	116500
233.016	n/a	1	2	116508
233.032	n/a	1	2	116516
233.05	n/a	1	2	116525
233.066	n/a	1	2	116533
233.082	n/a	0	1	116541
233.1	n/a	0	1	116550
233.116	n/a	0	1	116558
233.132	n/a	0	1	116566
233.15	n/a	1	2	116575
233.166	n/a	1	2	116583
233.182	n/a	0	1	116591
233.2	n/a	0	1	116600
233.216	n/a	1	2	116608
233.232	n/a	1	2	116616
233.25	n/a	0	1	116625
233.266	n/a	0	1	116633
233.282	n/a	1	2	116641
233.3	n/a	1	2	116650
233.316	n/a	0	1	116658
233.332	n/a	0	1	116666
233.35	n/a	1	2	116675
233.366	n/a	1	2	116683
233.382	n/a	1	2	116691
233.4	n/a	1	2	116700
233.416	n/a	0	1	116708
233.432	n/a	0	1	116716
233.45	n/a	1	2	116725
233.466	n/a	1	2	116733
233.482	n/a	0	1	116741
233.5	n/a	0	1	116750
233.516	n/a	0	1	116758
233.532	n/a	0	1	116766
233.55	n/a	0	1	116775
233.566	n/a	0	1	116783
233.582	n/a	1	2	116791
233.6	n/a	1	2	116800
233.616	n/a	0	1	116808
233.632	n/a	0	1	116816
233.65	n/a	0	1	116825
233.666	n/a	0	1	116833
233.682	n/a	0	1	116841
233.7	n/a	0	1	116850
233.716	n/a	1	2	116858
233.732	n/a	1	2	116866
233.75	n/a	1	2	116875
233.766	n/a	1	2	116883
233.782	n/a	1	2	116891
233.8	n/a	1	2	116900
233.816	n/a	0	1	116908
233.832	n/a	0	1	116916
233.85	n/a	1	2	116925
233.866	n/a	1	2	116933
233.882	n/a	0	1	116941
233.9	n/a	0	1	116950
233.916	n/a	1	2	116958
233.932	n/a	1	2	116966
233.95	n/a	1	2	116975
233.966	n/a	1	2	116983
233.982	n/a	1	2	116991
234.0	n/a	1	2	117000
234.016	n/a	1	2	117008
234.032	n/a	1	2	117016
234.05	n/a	1	2	117025
234.066	n/a	1	2	117033
234.082	n/a	0	1	117041
234.1	n/a	0	1	117050
234.116	n/a	0	1	117058
234.132	n/a	0	1	117066
234.15	n/a	1	2	117075
234.166	n/a	1	2	117083
234.182	n/a	0	1	117091
234.2	n/a	0	1	117100
234.216	n/a	0	1	117108
234.232	n/a	0	1	117116
234.25	n/a	0	1	117125
234.266	n/a	0	1	117133
234.282	n/a	1	2	117141
234.3	n/a	1	2	117150
234.316	n/a	1	2	117158
