onset	duration	trial_type	value	sample
6.032	0.25	1	2	3016
6.05	0.25	1	2	3025
6.066	0.25	1	2	3033
6.082	0.25	1	2	3041
6.1	0.25	0	1	3050
6.116	0.25	0	1	3058
6.132	0.25	0	1	3066
6.15	0.25	0	1	3075
6.166	0.25	0	1	3083
6.182	0.25	0	1	3091
6.2	0.25	0	1	3100
6.216	0.25	0	1	3108
6.232	0.25	1	2	3116
6.25	0.25	1	2	3125
6.266	0.25	0	1	3133
6.282	0.25	0	1	3141
6.3	0.25	0	1	3150
6.316	0.25	0	1	3158
6.332	0.25	1	2	3166
6.35	0.25	1	2	3175
6.366	0.25	1	2	3183
6.382	0.25	1	2	3191
6.4	0.25	0	1	3200
6.416	0.25	0	1	3208
6.432	0.25	0	1	3216
6.45	0.25	0	1	3225
6.466	0.25	0	1	3233
6.482	0.25	0	1	3241
6.5	0.25	0	1	3250
6.516	0.25	0	1	3258
6.532	0.25	0	1	3266
6.55	0.25	0	1	3275
6.566	0.25	0	1	3283
6.582	0.25	0	1	3291
6.6	0.25	1	2	3300
6.616	0.25	1	2	3308
6.632	0.25	0	1	3316
6.65	0.25	0	1	3325
6.666	0.25	1	2	3333
6.682	0.25	1	2	3341
6.7	0.25	1	2	3350
6.716	0.25	1	2	3358
6.732	0.25	0	1	3366
6.75	0.25	0	1	3375
6.766	0.25	1	2	3383
6.782	0.25	1	2	3391
6.8	0.25	0	1	3400
6.816	0.25	0	1	3408
6.832	0.25	1	2	3416
6.85	0.25	1	2	3425
6.866	0.25	0	1	3433
6.882	0.25	0	1	3441
6.9	0.25	1	2	3450
6.916	0.25	1	2	3458
6.932	0.25	0	1	3466
6.95	0.25	0	1	3475
6.966	0.25	0	1	3483
6.982	0.25	0	1	3491
7.0	0.25	0	1	3500
7.016	0.25	0	1	3508
7.032	0.25	1	2	3516
7.05	0.25	1	2	3525
7.066	0.25	1	2	3533
7.082	0.25	1	2	3541
7.1	0.25	1	2	3550
7.116	0.25	1	2	3558
7.132	0.25	0	1	3566
7.15	0.25	0	1	3575
7.166	0.25	1	2	3583
7.182	0.25	1	2	3591
7.2	0.25	1	2	3600
7.216	0.25	1	2	3608
7.232	0.25	1	2	3616
7.25	0.25	1	2	3625
7.266	0.25	0	1	3633
7.282	0.25	0	1	3641
7.3	0.25	1	2	3650
7.316	0.25	1	2	3658
7.332	0.25	0	1	3666
7.35	0.25	0	1	3675
7.366	0.25	1	2	3683
7.382	0.25	1	2	3691
7.4	0.25	1	2	3700
7.416	0.25	1	2	3708
7.432	0.25	0	1	3716
7.45	0.25	0	1	3725
7.466	0.25	0	1	3733
7.482	0.25	0	1	3741
7.5	0.25	0	1	3750
7.516	0.25	0	1	3758
7.532	0.25	1	2	3766
7.55	0.25	1	2	3775
7.566	0.25	1	2	3783
7.582	0.25	1	2	3791
7.6	0.25	0	1	3800
7.616	0.25	0	1	3808
7.632	0.25	1	2	3816
7.65	0.25	1	2	3825
7.666	0.25	1	2	3833
7.682	0.25	1	2	3841
7.7	0.25	1	2	3850
7.716	0.25	1	2	3858
7.732	0.25	0	1	3866
7.75	0.25	0	1	3875
7.766	0.25	0	1	3883
7.782	0.25	0	1	3891
7.8	0.25	0	1	3900
7.816	0.25	0	1	3908
7.832	0.25	0	1	3916
7.85	0.25	0	1	3925
7.866	0.25	0	1	3933
7.882	0.25	0	1	3941
7.9	0.25	1	2	3950
7.916	0.25	1	2	3958
7.932	0.25	1	2	3966
7.95	0.25	1	2	3975
7.966	0.25	1	2	3983
9.45	0.25	0	1	4725
9.466	0.25	0	1	4733
9.482	0.25	0	1	4741
9.5	0.25	0	1	4750
9.516	0.25	1	2	4758
9.532	0.25	1	2	4766
9.55	0.25	1	2	4775
9.566	0.25	1	2	4783
9.582	0.25	0	1	4791
9.6	0.25	0	1	4800
9.616	0.25	0	1	4808
9.632	0.25	0	1	4816
9.65	0.25	0	1	4825
9.666	0.25	0	1	4833
9.682	0.25	0	1	4841
9.7	0.25	0	1	4850
9.716	0.25	1	2	4858
9.732	0.25	1	2	4866
9.75	0.25	1	2	4875
9.766	0.25	1	2	4883
9.782	0.25	1	2	4891
9.8	0.25	1	2	4900
9.816	0.25	1	2	4908
9.832	0.25	1	2	4916
9.85	0.25	1	2	4925
9.866	0.25	1	2	4933
9.882	0.25	0	1	4941
9.9	0.25	0	1	4950
9.916	0.25	0	1	4958
9.932	0.25	0	1	4966
9.95	0.25	0	1	4975
9.966	0.25	0	1	4983
9.982	0.25	0	1	4991
10.0	0.25	0	1	5000
10.016	0.25	0	1	5008
10.032	0.25	0	1	5016
10.05	0.25	0	1	5025
10.066	0.25	0	1	5033
10.082	0.25	1	2	5041
10.1	0.25	1	2	5050
10.116	0.25	1	2	5058
10.132	0.25	1	2	5066
10.15	0.25	0	1	5075
10.166	0.25	0	1	5083
10.182	0.25	0	1	5091
10.2	0.25	0	1	5100
10.216	0.25	1	2	5108
10.232	0.25	1	2	5116
10.25	0.25	0	1	5125
10.266	0.25	0	1	5133
10.282	0.25	1	2	5141
10.3	0.25	1	2	5150
10.316	0.25	0	1	5158
10.332	0.25	0	1	5166
10.35	0.25	1	2	5175
10.366	0.25	1	2	5183
10.382	0.25	0	1	5191
10.4	0.25	0	1	5200
10.416	0.25	1	2	5208
10.432	0.25	1	2	5216
10.45	0.25	1	2	5225
10.466	0.25	1	2	5233
10.482	0.25	0	1	5241
10.5	0.25	0	1	5250
10.516	0.25	1	2	5258
10.532	0.25	1	2	5266
10.55	0.25	0	1	5275
10.566	0.25	0	1	5283
10.582	0.25	0	1	5291
10.6	0.25	0	1	5300
10.616	0.25	0	1	5308
10.632	0.25	0	1	5316
10.65	0.25	1	2	5325
10.666	0.25	1	2	5333
10.682	0.25	0	1	5341
10.7	0.25	0	1	5350
10.716	0.25	0	1	5358
10.732	0.25	0	1	5366
10.75	0.25	0	1	5375
10.766	0.25	0	1	5383
10.782	0.25	1	2	5391
10.8	0.25	1	2	5400
10.816	0.25	1	2	5408
10.832	0.25	1	2	5416
10.85	0.25	1	2	5425
10.866	0.25	1	2	5433
10.882	0.25	0	1	5441
10.9	0.25	0	1	5450
10.916	0.25	1	2	5458
10.932	0.25	1	2	5466
10.95	0.25	0	1	5475
10.966	0.25	0	1	5483
10.982	0.25	1	2	5491
11.0	0.25	1	2	5500
11.016	0.25	1	2	5508
11.032	0.25	1	2	5516
11.05	0.25	1	2	5525
11.066	0.25	1	2	5533
11.082	0.25	1	2	5541
11.1	0.25	1	2	5550
11.116	0.25	1	2	5558
11.132	0.25	1	2	5566
11.15	0.25	0	1	5575
11.166	0.25	0	1	5583
11.182	0.25	0	1	5591
11.2	0.25	0	1	5600
11.216	0.25	1	2	5608
11.232	0.25	1	2	5616
11.25	0.25	0	1	5625
11.266	0.25	0	1	5633
11.282	0.25	0	1	5641
11.3	0.25	0	1	5650
11.316	0.25	0	1	5658
11.332	0.25	0	1	5666
11.35	0.25	1	2	5675
11.366	0.25	1	2	5683
11.382	0.25	1	2	5691
12.866	0.25	1	2	6433
12.882	0.25	1	2	6441
12.9	0.25	1	2	6450
12.916	0.25	1	2	6458
12.932	0.25	1	2	6466
12.95	0.25	1	2	6475
12.966	0.25	1	2	6483
12.982	0.25	1	2	6491
13.0	0.25	1	2	6500
13.016	0.25	1	2	6508
13.032	0.25	1	2	6516
13.05	0.25	1	2	6525
13.066	0.25	1	2	6533
13.082	0.25	1	2	6541
13.1	0.25	0	1	6550
13.116	0.25	0	1	6558
13.132	0.25	0	1	6566
13.15	0.25	0	1	6575
13.166	0.25	1	2	6583
13.182	0.25	1	2	6591
13.2	0.25	1	2	6600
13.216	0.25	1	2	6608
13.232	0.25	0	1	6616
13.25	0.25	0	1	6625
13.266	0.25	0	1	6633
13.282	0.25	0	1	6641
13.3	0.25	1	2	6650
13.316	0.25	1	2	6658
13.332	0.25	1	2	6666
13.35	0.25	1	2	6675
13.366	0.25	0	1	6683
13.382	0.25	0	1	6691
13.4	0.25	0	1	6700
13.416	0.25	0	1	6708
13.432	0.25	1	2	6716
13.45	0.25	1	2	6725
13.466	0.25	0	1	6733
13.482	0.25	0	1	6741
13.5	0.25	1	2	6750
13.516	0.25	1	2	6758
13.532	0.25	1	2	6766
13.55	0.25	1	2	6775
13.566	0.25	0	1	6783
13.582	0.25	0	1	6791
13.6	0.25	1	2	6800
13.616	0.25	1	2	6808
13.632	0.25	0	1	6816
13.65	0.25	0	1	6825
13.666	0.25	0	1	6833
13.682	0.25	0	1	6841
13.7	0.25	1	2	6850
13.716	0.25	1	2	6858
13.732	0.25	0	1	6866
13.75	0.25	0	1	6875
13.766	0.25	1	2	6883
13.782	0.25	1	2	6891
13.8	0.25	1	2	6900
13.816	0.25	1	2	6908
13.832	0.25	1	2	6916
13.85	0.25	1	2	6925
13.866	0.25	0	1	6933
13.882	0.25	0	1	6941
13.9	0.25	0	1	6950
13.916	0.25	0	1	6958
13.932	0.25	0	1	6966
13.95	0.25	0	1	6975
13.966	0.25	1	2	6983
13.982	0.25	1	2	6991
14.0	0.25	0	1	7000
14.016	0.25	0	1	7008
14.032	0.25	1	2	7016
14.05	0.25	1	2	7025
14.066	0.25	1	2	7033
14.082	0.25	1	2	7041
14.1	0.25	1	2	7050
14.116	0.25	1	2	7058
14.132	0.25	0	1	7066
14.15	0.25	0	1	7075
14.166	0.25	0	1	7083
14.182	0.25	0	1	7091
14.2	0.25	1	2	7100
14.216	0.25	1	2	7108
14.232	0.25	0	1	7116
14.25	0.25	0	1	7125
14.266	0.25	1	2	7133
14.282	0.25	1	2	7141
14.3	0.25	0	1	7150
14.316	0.25	0	1	7158
14.332	0.25	0	1	7166
14.35	0.25	0	1	7175
14.366	0.25	0	1	7183
14.382	0.25	0	1	7191
14.4	0.25	1	2	7200
14.416	0.25	1	2	7208
14.432	0.25	1	2	7216
14.45	0.25	1	2	7225
14.466	0.25	0	1	7233
14.482	0.25	0	1	7241
14.5	0.25	1	2	7250
14.516	0.25	1	2	7258
14.532	0.25	0	1	7266
14.55	0.25	0	1	7275
14.566	0.25	0	1	7283
14.582	0.25	0	1	7291
14.6	0.25	0	1	7300
14.616	0.25	0	1	7308
14.632	0.25	1	2	7316
14.65	0.25	1	2	7325
14.666	0.25	0	1	7333
14.682	0.25	0	1	7341
14.7	0.25	1	2	7350
14.716	0.25	1	2	7358
14.732	0.25	0	1	7366
14.75	0.25	0	1	7375
14.766	0.25	0	1	7383
14.782	0.25	0	1	7391
14.8	0.25	1	2	7400
16.282	0.25	1	2	8141
16.3	0.25	1	2	8150
16.316	0.25	1	2	8158
16.332	0.25	1	2	8166
16.35	0.25	0	1	8175
16.366	0.25	0	1	8183
16.382	0.25	1	2	8191
16.4	0.25	1	2	8200
16.416	0.25	1	2	8208
16.432	0.25	1	2	8216
16.45	0.25	0	1	8225
16.466	0.25	0	1	8233
16.482	0.25	1	2	8241
16.5	0.25	1	2	8250
16.516	0.25	1	2	8258
16.532	0.25	1	2	8266
16.55	0.25	0	1	8275
16.566	0.25	0	1	8283
16.582	0.25	1	2	8291
16.6	0.25	1	2	8300
16.616	0.25	1	2	8308
16.632	0.25	1	2	8316
16.65	0.25	0	1	8325
16.666	0.25	0	1	8333
16.682	0.25	0	1	8341
16.7	0.25	0	1	8350
16.716	0.25	0	1	8358
16.732	0.25	0	1	8366
16.75	0.25	1	2	8375
16.766	0.25	1	2	8383
16.782	0.25	1	2	8391
16.8	0.25	1	2	8400
16.816	0.25	1	2	8408
16.832	0.25	1	2	8416
16.85	0.25	0	1	8425
16.866	0.25	0	1	8433
16.882	0.25	0	1	8441
16.9	0.25	0	1	8450
16.916	0.25	0	1	8458
16.932	0.25	0	1	8466
16.95	0.25	1	2	8475
16.966	0.25	1	2	8483
16.982	0.25	1	2	8491
17.0	0.25	1	2	8500
17.016	0.25	1	2	8508
17.032	0.25	1	2	8516
17.05	0.25	1	2	8525
17.066	0.25	1	2	8533
17.082	0.25	1	2	8541
17.1	0.25	1	2	8550
17.116	0.25	0	1	8558
17.132	0.25	0	1	8566
17.15	0.25	0	1	8575
17.166	0.25	0	1	8583
17.182	0.25	1	2	8591
17.2	0.25	1	2	8600
17.216	0.25	0	1	8608
17.232	0.25	0	1	8616
17.25	0.25	1	2	8625
17.266	0.25	1	2	8633
17.282	0.25	0	1	8641
17.3	0.25	0	1	8650
17.316	0.25	0	1	8658
17.332	0.25	0	1	8666
17.35	0.25	1	2	8675
17.366	0.25	1	2	8683
17.382	0.25	1	2	8691
17.4	0.25	1	2	8700
17.416	0.25	0	1	8708
17.432	0.25	0	1	8716
17.45	0.25	0	1	8725
17.466	0.25	0	1	8733
17.482	0.25	0	1	8741
17.5	0.25	0	1	8750
17.516	0.25	0	1	8758
17.532	0.25	0	1	8766
17.55	0.25	1	2	8775
17.566	0.25	1	2	8783
17.582	0.25	0	1	8791
17.6	0.25	0	1	8800
17.616	0.25	0	1	8808
17.632	0.25	0	1	8816
17.65	0.25	0	1	8825
17.666	0.25	0	1	8833
17.682	0.25	0	1	8841
17.7	0.25	0	1	8850
17.716	0.25	1	2	8858
17.732	0.25	1	2	8866
17.75	0.25	1	2	8875
17.766	0.25	1	2	8883
17.782	0.25	1	2	8891
17.8	0.25	1	2	8900
17.816	0.25	1	2	8908
17.832	0.25	1	2	8916
17.85	0.25	1	2	8925
17.866	0.25	1	2	8933
17.882	0.25	1	2	8941
17.9	0.25	1	2	8950
17.916	0.25	0	1	8958
17.932	0.25	0	1	8966
17.95	0.25	1	2	8975
17.966	0.25	1	2	8983
17.982	0.25	0	1	8991
18.0	0.25	0	1	9000
18.016	0.25	1	2	9008
18.032	0.25	1	2	9016
18.05	0.25	0	1	9025
18.066	0.25	0	1	9033
18.082	0.25	0	1	9041
18.1	0.25	0	1	9050
18.116	0.25	1	2	9058
18.132	0.25	1	2	9066
18.15	0.25	1	2	9075
18.166	0.25	1	2	9083
18.182	0.25	0	1	9091
18.2	0.25	0	1	9100
18.216	0.25	0	1	9108
22.982	0.25	0	1	11491
23.0	0.25	0	1	11500
23.016	0.25	0	1	11508
23.032	0.25	0	1	11516
23.05	0.25	1	2	11525
23.066	0.25	1	2	11533
23.082	0.25	1	2	11541
23.1	0.25	1	2	11550
23.116	0.25	0	1	11558
23.132	0.25	0	1	11566
23.15	0.25	0	1	11575
23.166	0.25	0	1	11583
23.182	0.25	0	1	11591
23.2	0.25	0	1	11600
23.216	0.25	0	1	11608
23.232	0.25	0	1	11616
23.25	0.25	1	2	11625
23.266	0.25	1	2	11633
23.282	0.25	1	2	11641
23.3	0.25	1	2	11650
23.316	0.25	1	2	11658
23.332	0.25	1	2	11666
23.35	0.25	1	2	11675
23.366	0.25	1	2	11683
23.382	0.25	1	2	11691
23.4	0.25	1	2	11700
23.416	0.25	0	1	11708
23.432	0.25	0	1	11716
23.45	0.25	0	1	11725
23.466	0.25	0	1	11733
23.482	0.25	0	1	11741
23.5	0.25	0	1	11750
23.516	0.25	0	1	11758
23.532	0.25	0	1	11766
23.55	0.25	0	1	11775
23.566	0.25	0	1	11783
23.582	0.25	0	1	11791
23.6	0.25	0	1	11800
23.616	0.25	1	2	11808
23.632	0.25	1	2	11816
23.65	0.25	1	2	11825
23.666	0.25	1	2	11833
23.682	0.25	0	1	11841
23.7	0.25	0	1	11850
23.716	0.25	0	1	11858
23.732	0.25	0	1	11866
23.75	0.25	1	2	11875
23.766	0.25	1	2	11883
23.782	0.25	0	1	11891
23.8	0.25	0	1	11900
23.816	0.25	1	2	11908
23.832	0.25	1	2	11916
23.85	0.25	0	1	11925
23.866	0.25	0	1	11933
23.882	0.25	1	2	11941
23.9	0.25	1	2	11950
23.916	0.25	0	1	11958
23.932	0.25	0	1	11966
23.95	0.25	1	2	11975
23.966	0.25	1	2	11983
23.982	0.25	1	2	11991
24.0	0.25	1	2	12000
24.016	0.25	0	1	12008
24.032	0.25	0	1	12016
24.05	0.25	1	2	12025
24.066	0.25	1	2	12033
24.082	0.25	0	1	12041
24.1	0.25	0	1	12050
24.116	0.25	0	1	12058
24.132	0.25	0	1	12066
24.15	0.25	0	1	12075
24.166	0.25	0	1	12083
24.182	0.25	1	2	12091
24.2	0.25	1	2	12100
24.216	0.25	0	1	12108
24.232	0.25	0	1	12116
24.25	0.25	0	1	12125
24.266	0.25	0	1	12133
24.282	0.25	0	1	12141
24.3	0.25	0	1	12150
24.316	0.25	1	2	12158
24.332	0.25	1	2	12166
24.35	0.25	1	2	12175
24.366	0.25	1	2	12183
24.382	0.25	1	2	12191
24.4	0.25	1	2	12200
24.416	0.25	0	1	12208
24.432	0.25	0	1	12216
24.45	0.25	1	2	12225
24.466	0.25	1	2	12233
24.482	0.25	0	1	12241
24.5	0.25	0	1	12250
24.516	0.25	1	2	12258
24.532	0.25	1	2	12266
24.55	0.25	1	2	12275
24.566	0.25	1	2	12283
24.582	0.25	1	2	12291
24.6	0.25	1	2	12300
24.616	0.25	1	2	12308
24.632	0.25	1	2	12316
24.65	0.25	1	2	12325
24.666	0.25	1	2	12333
24.682	0.25	0	1	12341
24.7	0.25	0	1	12350
24.716	0.25	0	1	12358
24.732	0.25	0	1	12366
24.75	0.25	1	2	12375
24.766	0.25	1	2	12383
24.782	0.25	0	1	12391
24.8	0.25	0	1	12400
24.816	0.25	0	1	12408
24.832	0.25	0	1	12416
24.85	0.25	0	1	12425
24.866	0.25	0	1	12433
24.882	0.25	1	2	12441
24.9	0.25	1	2	12450
24.916	0.25	1	2	12458
26.4	0.25	1	2	13200
26.416	0.25	1	2	13208
26.432	0.25	1	2	13216
26.45	0.25	1	2	13225
26.466	0.25	0	1	13233
26.482	0.25	0	1	13241
26.5	0.25	0	1	13250
26.516	0.25	0	1	13258
26.532	0.25	0	1	13266
26.55	0.25	0	1	13275
26.566	0.25	0	1	13283
26.582	0.25	0	1	13291
26.6	0.25	1	2	13300
26.616	0.25	1	2	13308
26.632	0.25	0	1	13316
26.65	0.25	0	1	13325
26.666	0.25	0	1	13333
26.682	0.25	0	1	13341
26.7	0.25	1	2	13350
26.716	0.25	1	2	13358
26.732	0.25	1	2	13366
26.75	0.25	1	2	13375
26.766	0.25	0	1	13383
26.782	0.25	0	1	13391
26.8	0.25	0	1	13400
26.816	0.25	0	1	13408
26.832	0.25	0	1	13416
26.85	0.25	0	1	13425
26.866	0.25	0	1	13433
26.882	0.25	0	1	13441
26.9	0.25	0	1	13450
26.916	0.25	0	1	13458
26.932	0.25	0	1	13466
26.95	0.25	0	1	13475
26.966	0.25	1	2	13483
26.982	0.25	1	2	13491
27.0	0.25	0	1	13500
27.016	0.25	0	1	13508
27.032	0.25	1	2	13516
27.05	0.25	1	2	13525
27.066	0.25	1	2	13533
27.082	0.25	1	2	13541
27.1	0.25	0	1	13550
27.116	0.25	0	1	13558
27.132	0.25	1	2	13566
27.15	0.25	1	2	13575
27.166	0.25	0	1	13583
27.182	0.25	0	1	13591
27.2	0.25	1	2	13600
27.216	0.25	1	2	13608
27.232	0.25	0	1	13616
27.25	0.25	0	1	13625
27.266	0.25	1	2	13633
27.282	0.25	1	2	13641
27.3	0.25	0	1	13650
27.316	0.25	0	1	13658
27.332	0.25	0	1	13666
27.35	0.25	0	1	13675
27.366	0.25	0	1	13683
27.382	0.25	0	1	13691
27.4	0.25	1	2	13700
27.416	0.25	1	2	13708
27.432	0.25	1	2	13716
27.45	0.25	1	2	13725
27.466	0.25	1	2	13733
27.482	0.25	1	2	13741
27.5	0.25	0	1	13750
27.516	0.25	0	1	13758
27.532	0.25	1	2	13766
27.55	0.25	1	2	13775
27.566	0.25	1	2	13783
27.582	0.25	1	2	13791
27.6	0.25	1	2	13800
27.616	0.25	1	2	13808
27.632	0.25	0	1	13816
27.65	0.25	0	1	13825
27.666	0.25	1	2	13833
27.682	0.25	1	2	13841
27.7	0.25	0	1	13850
27.716	0.25	0	1	13858
27.732	0.25	1	2	13866
27.75	0.25	1	2	13875
27.766	0.25	1	2	13883
27.782	0.25	1	2	13891
27.8	0.25	0	1	13900
27.816	0.25	0	1	13908
27.832	0.25	0	1	13916
27.85	0.25	0	1	13925
27.866	0.25	0	1	13933
27.882	0.25	0	1	13941
27.9	0.25	1	2	13950
27.916	0.25	1	2	13958
27.932	0.25	1	2	13966
27.95	0.25	1	2	13975
27.966	0.25	0	1	13983
27.982	0.25	0	1	13991
28.0	0.25	1	2	14000
28.016	0.25	1	2	14008
28.032	0.25	1	2	14016
28.05	0.25	1	2	14025
28.066	0.25	1	2	14033
28.082	0.25	1	2	14041
28.1	0.25	0	1	14050
28.116	0.25	0	1	14058
28.132	0.25	0	1	14066
28.15	0.25	0	1	14075
28.166	0.25	0	1	14083
28.182	0.25	0	1	14091
28.2	0.25	0	1	14100
28.216	0.25	0	1	14108
28.232	0.25	0	1	14116
28.25	0.25	0	1	14125
28.266	0.25	1	2	14133
28.282	0.25	1	2	14141
28.3	0.25	1	2	14150
28.316	0.25	1	2	14158
28.332	0.25	1	2	14166
29.816	0.25	1	2	14908
29.832	0.25	1	2	14916
29.85	0.25	1	2	14925
29.866	0.25	1	2	14933
29.882	0.25	1	2	14941
29.9	0.25	1	2	14950
29.916	0.25	1	2	14958
29.932	0.25	1	2	14966
29.95	0.25	1	2	14975
29.966	0.25	1	2	14983
29.982	0.25	1	2	14991
30.0	0.25	1	2	15000
30.016	0.25	1	2	15008
30.032	0.25	1	2	15016
30.05	0.25	0	1	15025
30.066	0.25	0	1	15033
30.082	0.25	0	1	15041
30.1	0.25	0	1	15050
30.116	0.25	1	2	15058
30.132	0.25	1	2	15066
30.15	0.25	1	2	15075
30.166	0.25	1	2	15083
30.182	0.25	0	1	15091
30.2	0.25	0	1	15100
30.216	0.25	0	1	15108
30.232	0.25	0	1	15116
30.25	0.25	1	2	15125
30.266	0.25	1	2	15133
30.282	0.25	1	2	15141
30.3	0.25	1	2	15150
30.316	0.25	0	1	15158
30.332	0.25	0	1	15166
30.35	0.25	0	1	15175
30.366	0.25	0	1	15183
30.382	0.25	1	2	15191
30.4	0.25	1	2	15200
30.416	0.25	0	1	15208
30.432	0.25	0	1	15216
30.45	0.25	1	2	15225
30.466	0.25	1	2	15233
30.482	0.25	1	2	15241
30.5	0.25	1	2	15250
30.516	0.25	0	1	15258
30.532	0.25	0	1	15266
30.55	0.25	1	2	15275
30.566	0.25	1	2	15283
30.582	0.25	0	1	15291
30.6	0.25	0	1	15300
30.616	0.25	0	1	15308
30.632	0.25	0	1	15316
30.65	0.25	1	2	15325
30.666	0.25	1	2	15333
30.682	0.25	0	1	15341
30.7	0.25	0	1	15350
30.716	0.25	1	2	15358
30.732	0.25	1	2	15366
30.75	0.25	1	2	15375
30.766	0.25	1	2	15383
30.782	0.25	1	2	15391
30.8	0.25	1	2	15400
30.816	0.25	0	1	15408
30.832	0.25	0	1	15416
30.85	0.25	0	1	15425
30.866	0.25	0	1	15433
30.882	0.25	0	1	15441
30.9	0.25	0	1	15450
30.916	0.25	1	2	15458
30.932	0.25	1	2	15466
30.95	0.25	0	1	15475
30.966	0.25	0	1	15483
30.982	0.25	1	2	15491
31.0	0.25	1	2	15500
31.016	0.25	1	2	15508
31.032	0.25	1	2	15516
31.05	0.25	1	2	15525
31.066	0.25	1	2	15533
31.082	0.25	0	1	15541
31.1	0.25	0	1	15550
31.116	0.25	0	1	15558
31.132	0.25	0	1	15566
31.15	0.25	1	2	15575
31.166	0.25	1	2	15583
31.182	0.25	0	1	15591
31.2	0.25	0	1	15600
31.216	0.25	1	2	15608
31.232	0.25	1	2	15616
31.25	0.25	0	1	15625
31.266	0.25	0	1	15633
31.282	0.25	0	1	15641
31.3	0.25	0	1	15650
31.316	0.25	0	1	15658
31.332	0.25	0	1	15666
31.35	0.25	1	2	15675
31.366	0.25	1	2	15683
31.382	0.25	1	2	15691
31.4	0.25	1	2	15700
31.416	0.25	0	1	15708
31.432	0.25	0	1	15716
31.45	0.25	1	2	15725
31.466	0.25	1	2	15733
31.482	0.25	0	1	15741
31.5	0.25	0	1	15750
31.516	0.25	0	1	15758
31.532	0.25	0	1	15766
31.55	0.25	0	1	15775
31.566	0.25	0	1	15783
31.582	0.25	1	2	15791
31.6	0.25	1	2	15800
31.616	0.25	0	1	15808
31.632	0.25	0	1	15816
31.65	0.25	1	2	15825
31.666	0.25	1	2	15833
31.682	0.25	0	1	15841
31.7	0.25	0	1	15850
31.716	0.25	0	1	15858
31.732	0.25	0	1	15866
31.75	0.25	1	2	15875
33.232	0.25	1	2	16616
33.25	0.25	1	2	16625
33.266	0.25	1	2	16633
33.282	0.25	1	2	16641
33.3	0.25	0	1	16650
33.316	0.25	0	1	16658
33.332	0.25	1	2	16666
33.35	0.25	1	2	16675
33.366	0.25	1	2	16683
33.382	0.25	1	2	16691
33.4	0.25	0	1	16700
33.416	0.25	0	1	16708
33.432	0.25	1	2	16716
33.45	0.25	1	2	16725
33.466	0.25	1	2	16733
33.482	0.25	1	2	16741
33.5	0.25	0	1	16750
33.516	0.25	0	1	16758
33.532	0.25	1	2	16766
33.55	0.25	1	2	16775
33.566	0.25	1	2	16783
33.582	0.25	1	2	16791
33.6	0.25	0	1	16800
33.616	0.25	0	1	16808
33.632	0.25	0	1	16816
33.65	0.25	0	1	16825
33.666	0.25	0	1	16833
33.682	0.25	0	1	16841
33.7	0.25	1	2	16850
33.716	0.25	1	2	16858
33.732	0.25	1	2	16866
33.75	0.25	1	2	16875
33.766	0.25	1	2	16883
33.782	0.25	1	2	16891
33.8	0.25	0	1	16900
33.816	0.25	0	1	16908
33.832	0.25	0	1	16916
33.85	0.25	0	1	16925
33.866	0.25	0	1	16933
33.882	0.25	0	1	16941
33.9	0.25	1	2	16950
33.916	0.25	1	2	16958
33.932	0.25	1	2	16966
33.95	0.25	1	2	16975
33.966	0.25	1	2	16983
33.982	0.25	1	2	16991
34.0	0.25	1	2	17000
34.016	0.25	1	2	17008
34.032	0.25	1	2	17016
34.05	0.25	1	2	17025
34.066	0.25	0	1	17033
34.082	0.25	0	1	17041
34.1	0.25	0	1	17050
34.116	0.25	0	1	17058
34.132	0.25	1	2	17066
34.15	0.25	1	2	17075
34.166	0.25	0	1	17083
34.182	0.25	0	1	17091
34.2	0.25	1	2	17100
34.216	0.25	1	2	17108
34.232	0.25	0	1	17116
34.25	0.25	0	1	17125
34.266	0.25	0	1	17133
34.282	0.25	0	1	17141
34.3	0.25	1	2	17150
34.316	0.25	1	2	17158
34.332	0.25	1	2	17166
34.35	0.25	1	2	17175
34.366	0.25	0	1	17183
34.382	0.25	0	1	17191
34.4	0.25	0	1	17200
34.416	0.25	0	1	17208
34.432	0.25	0	1	17216
34.45	0.25	0	1	17225
34.466	0.25	0	1	17233
34.482	0.25	0	1	17241
34.5	0.25	1	2	17250
34.516	0.25	1	2	17258
34.532	0.25	0	1	17266
34.55	0.25	0	1	17275
34.566	0.25	0	1	17283
34.582	0.25	0	1	17291
34.6	0.25	0	1	17300
34.616	0.25	0	1	17308
34.632	0.25	0	1	17316
34.65	0.25	0	1	17325
34.666	0.25	1	2	17333
34.682	0.25	1	2	17341
34.7	0.25	1	2	17350
34.716	0.25	1	2	17358
34.732	0.25	1	2	17366
34.75	0.25	1	2	17375
34.766	0.25	1	2	17383
34.782	0.25	1	2	17391
34.8	0.25	1	2	17400
34.816	0.25	1	2	17408
34.832	0.25	1	2	17416
34.85	0.25	1	2	17425
34.866	0.25	0	1	17433
34.882	0.25	0	1	17441
34.9	0.25	1	2	17450
34.916	0.25	1	2	17458
34.932	0.25	0	1	17466
34.95	0.25	0	1	17475
34.966	0.25	1	2	17483
34.982	0.25	1	2	17491
35.0	0.25	0	1	17500
35.016	0.25	0	1	17508
35.032	0.25	0	1	17516
35.05	0.25	0	1	17525
35.066	0.25	1	2	17533
35.082	0.25	1	2	17541
35.1	0.25	1	2	17550
35.116	0.25	1	2	17558
35.132	0.25	0	1	17566
35.15	0.25	0	1	17575
35.166	0.25	0	1	17583
46.432	0.25	1	2	23216
46.45	0.25	1	2	23225
46.466	0.25	1	2	23233
46.482	0.25	1	2	23241
46.5	0.25	0	1	23250
46.516	0.25	0	1	23258
46.532	0.25	1	2	23266
46.55	0.25	1	2	23275
46.566	0.25	1	2	23283
46.582	0.25	1	2	23291
46.6	0.25	0	1	23300
46.616	0.25	0	1	23308
46.632	0.25	1	2	23316
46.65	0.25	1	2	23325
46.666	0.25	1	2	23333
46.682	0.25	1	2	23341
46.7	0.25	0	1	23350
46.716	0.25	0	1	23358
46.732	0.25	1	2	23366
46.75	0.25	1	2	23375
46.766	0.25	1	2	23383
46.782	0.25	1	2	23391
46.8	0.25	0	1	23400
46.816	0.25	0	1	23408
46.832	0.25	0	1	23416
46.85	0.25	0	1	23425
46.866	0.25	0	1	23433
46.882	0.25	0	1	23441
46.9	0.25	1	2	23450
46.916	0.25	1	2	23458
46.932	0.25	1	2	23466
46.95	0.25	1	2	23475
46.966	0.25	1	2	23483
46.982	0.25	1	2	23491
47.0	0.25	0	1	23500
47.016	0.25	0	1	23508
47.032	0.25	0	1	23516
47.05	0.25	0	1	23525
47.066	0.25	0	1	23533
47.082	0.25	0	1	23541
47.1	0.25	1	2	23550
47.116	0.25	1	2	23558
47.132	0.25	1	2	23566
47.15	0.25	1	2	23575
47.166	0.25	1	2	23583
47.182	0.25	1	2	23591
47.2	0.25	1	2	23600
47.216	0.25	1	2	23608
47.232	0.25	1	2	23616
47.25	0.25	1	2	23625
47.266	0.25	0	1	23633
47.282	0.25	0	1	23641
47.3	0.25	0	1	23650
47.316	0.25	0	1	23658
47.332	0.25	1	2	23666
47.35	0.25	1	2	23675
47.366	0.25	0	1	23683
47.382	0.25	0	1	23691
47.4	0.25	1	2	23700
47.416	0.25	1	2	23708
47.432	0.25	0	1	23716
47.45	0.25	0	1	23725
47.466	0.25	0	1	23733
47.482	0.25	0	1	23741
47.5	0.25	1	2	23750
47.516	0.25	1	2	23758
47.532	0.25	1	2	23766
47.55	0.25	1	2	23775
47.566	0.25	0	1	23783
47.582	0.25	0	1	23791
47.6	0.25	0	1	23800
47.616	0.25	0	1	23808
47.632	0.25	0	1	23816
47.65	0.25	0	1	23825
47.666	0.25	0	1	23833
47.682	0.25	0	1	23841
47.7	0.25	1	2	23850
47.716	0.25	1	2	23858
47.732	0.25	0	1	23866
47.75	0.25	0	1	23875
47.766	0.25	0	1	23883
47.782	0.25	0	1	23891
47.8	0.25	0	1	23900
47.816	0.25	0	1	23908
47.832	0.25	0	1	23916
47.85	0.25	0	1	23925
47.866	0.25	1	2	23933
47.882	0.25	1	2	23941
47.9	0.25	1	2	23950
47.916	0.25	1	2	23958
47.932	0.25	1	2	23966
47.95	0.25	1	2	23975
47.966	0.25	1	2	23983
47.982	0.25	1	2	23991
48.0	0.25	1	2	24000
48.016	0.25	1	2	24008
48.032	0.25	1	2	24016
48.05	0.25	1	2	24025
48.066	0.25	0	1	24033
48.082	0.25	0	1	24041
48.1	0.25	1	2	24050
48.116	0.25	1	2	24058
48.132	0.25	0	1	24066
48.15	0.25	0	1	24075
48.166	0.25	1	2	24083
48.182	0.25	1	2	24091
48.2	0.25	0	1	24100
48.216	0.25	0	1	24108
48.232	0.25	0	1	24116
48.25	0.25	0	1	24125
48.266	0.25	1	2	24133
48.282	0.25	1	2	24141
48.3	0.25	1	2	24150
48.316	0.25	1	2	24158
48.332	0.25	0	1	24166
48.35	0.25	0	1	24175
48.366	0.25	0	1	24183
49.85	0.25	0	1	24925
49.866	0.25	0	1	24933
49.882	0.25	0	1	24941
49.9	0.25	0	1	24950
49.916	0.25	1	2	24958
49.932	0.25	1	2	24966
49.95	0.25	1	2	24975
49.966	0.25	1	2	24983
49.982	0.25	0	1	24991
50.0	0.25	0	1	25000
50.016	0.25	0	1	25008
50.032	0.25	0	1	25016
50.05	0.25	0	1	25025
50.066	0.25	0	1	25033
50.082	0.25	0	1	25041
50.1	0.25	0	1	25050
50.116	0.25	1	2	25058
50.132	0.25	1	2	25066
50.15	0.25	1	2	25075
50.166	0.25	1	2	25083
50.182	0.25	1	2	25091
50.2	0.25	1	2	25100
50.216	0.25	1	2	25108
50.232	0.25	1	2	25116
50.25	0.25	1	2	25125
50.266	0.25	1	2	25133
50.282	0.25	0	1	25141
50.3	0.25	0	1	25150
50.316	0.25	0	1	25158
50.332	0.25	0	1	25166
50.35	0.25	0	1	25175
50.366	0.25	0	1	25183
50.382	0.25	0	1	25191
50.4	0.25	0	1	25200
50.416	0.25	0	1	25208
50.432	0.25	0	1	25216
50.45	0.25	0	1	25225
50.466	0.25	0	1	25233
50.482	0.25	1	2	25241
50.5	0.25	1	2	25250
50.516	0.25	1	2	25258
50.532	0.25	1	2	25266
50.55	0.25	0	1	25275
50.566	0.25	0	1	25283
50.582	0.25	0	1	25291
50.6	0.25	0	1	25300
50.616	0.25	1	2	25308
50.632	0.25	1	2	25316
50.65	0.25	0	1	25325
50.666	0.25	0	1	25333
50.682	0.25	1	2	25341
50.7	0.25	1	2	25350
50.716	0.25	0	1	25358
50.732	0.25	0	1	25366
50.75	0.25	1	2	25375
50.766	0.25	1	2	25383
50.782	0.25	0	1	25391
50.8	0.25	0	1	25400
50.816	0.25	1	2	25408
50.832	0.25	1	2	25416
50.85	0.25	1	2	25425
50.866	0.25	1	2	25433
50.882	0.25	0	1	25441
50.9	0.25	0	1	25450
50.916	0.25	1	2	25458
50.932	0.25	1	2	25466
50.95	0.25	0	1	25475
50.966	0.25	0	1	25483
50.982	0.25	0	1	25491
51.0	0.25	0	1	25500
51.016	0.25	0	1	25508
51.032	0.25	0	1	25516
51.05	0.25	1	2	25525
51.066	0.25	1	2	25533
51.082	0.25	0	1	25541
51.1	0.25	0	1	25550
51.116	0.25	0	1	25558
51.132	0.25	0	1	25566
51.15	0.25	0	1	25575
51.166	0.25	0	1	25583
51.182	0.25	1	2	25591
51.2	0.25	1	2	25600
51.216	0.25	1	2	25608
51.232	0.25	1	2	25616
51.25	0.25	1	2	25625
51.266	0.25	1	2	25633
51.282	0.25	0	1	25641
51.3	0.25	0	1	25650
51.316	0.25	1	2	25658
51.332	0.25	1	2	25666
51.35	0.25	0	1	25675
51.366	0.25	0	1	25683
51.382	0.25	1	2	25691
51.4	0.25	1	2	25700
51.416	0.25	1	2	25708
51.432	0.25	1	2	25716
51.45	0.25	1	2	25725
51.466	0.25	1	2	25733
51.482	0.25	1	2	25741
51.5	0.25	1	2	25750
51.516	0.25	1	2	25758
51.532	0.25	1	2	25766
51.55	0.25	0	1	25775
51.566	0.25	0	1	25783
51.582	0.25	0	1	25791
51.6	0.25	0	1	25800
51.616	0.25	1	2	25808
51.632	0.25	1	2	25816
51.65	0.25	0	1	25825
51.666	0.25	0	1	25833
51.682	0.25	0	1	25841
51.7	0.25	0	1	25850
51.716	0.25	0	1	25858
51.732	0.25	0	1	25866
51.75	0.25	1	2	25875
51.766	0.25	1	2	25883
51.782	0.25	1	2	25891
53.266	0.25	1	2	26633
53.282	0.25	1	2	26641
53.3	0.25	1	2	26650
53.316	0.25	1	2	26658
53.332	0.25	1	2	26666
53.35	0.25	1	2	26675
53.366	0.25	1	2	26683
53.382	0.25	1	2	26691
53.4	0.25	1	2	26700
53.416	0.25	1	2	26708
53.432	0.25	1	2	26716
53.45	0.25	1	2	26725
53.466	0.25	1	2	26733
53.482	0.25	1	2	26741
53.5	0.25	0	1	26750
53.516	0.25	0	1	26758
53.532	0.25	0	1	26766
53.55	0.25	0	1	26775
53.566	0.25	1	2	26783
53.582	0.25	1	2	26791
53.6	0.25	1	2	26800
53.616	0.25	1	2	26808
53.632	0.25	0	1	26816
53.65	0.25	0	1	26825
53.666	0.25	0	1	26833
53.682	0.25	0	1	26841
53.7	0.25	1	2	26850
53.716	0.25	1	2	26858
53.732	0.25	1	2	26866
53.75	0.25	1	2	26875
53.766	0.25	0	1	26883
53.782	0.25	0	1	26891
53.8	0.25	0	1	26900
53.816	0.25	0	1	26908
53.832	0.25	1	2	26916
53.85	0.25	1	2	26925
53.866	0.25	0	1	26933
53.882	0.25	0	1	26941
53.9	0.25	1	2	26950
53.916	0.25	1	2	26958
53.932	0.25	1	2	26966
53.95	0.25	1	2	26975
53.966	0.25	0	1	26983
53.982	0.25	0	1	26991
54.0	0.25	1	2	27000
54.016	0.25	1	2	27008
54.032	0.25	0	1	27016
54.05	0.25	0	1	27025
54.066	0.25	0	1	27033
54.082	0.25	0	1	27041
54.1	0.25	1	2	27050
54.116	0.25	1	2	27058
54.132	0.25	0	1	27066
54.15	0.25	0	1	27075
54.166	0.25	1	2	27083
54.182	0.25	1	2	27091
54.2	0.25	1	2	27100
54.216	0.25	1	2	27108
54.232	0.25	1	2	27116
54.25	0.25	1	2	27125
54.266	0.25	0	1	27133
54.282	0.25	0	1	27141
54.3	0.25	0	1	27150
54.316	0.25	0	1	27158
54.332	0.25	0	1	27166
54.35	0.25	0	1	27175
54.366	0.25	1	2	27183
54.382	0.25	1	2	27191
54.4	0.25	0	1	27200
54.416	0.25	0	1	27208
54.432	0.25	1	2	27216
54.45	0.25	1	2	27225
54.466	0.25	1	2	27233
54.482	0.25	1	2	27241
54.5	0.25	1	2	27250
54.516	0.25	1	2	27258
54.532	0.25	0	1	27266
54.55	0.25	0	1	27275
54.566	0.25	0	1	27283
54.582	0.25	0	1	27291
54.6	0.25	1	2	27300
54.616	0.25	1	2	27308
54.632	0.25	0	1	27316
54.65	0.25	0	1	27325
54.666	0.25	1	2	27333
54.682	0.25	1	2	27341
54.7	0.25	0	1	27350
54.716	0.25	0	1	27358
54.732	0.25	0	1	27366
54.75	0.25	0	1	27375
54.766	0.25	0	1	27383
54.782	0.25	0	1	27391
54.8	0.25	1	2	27400
54.816	0.25	1	2	27408
54.832	0.25	1	2	27416
54.85	0.25	1	2	27425
54.866	0.25	0	1	27433
54.882	0.25	0	1	27441
54.9	0.25	1	2	27450
54.916	0.25	1	2	27458
54.932	0.25	0	1	27466
54.95	0.25	0	1	27475
54.966	0.25	0	1	27483
54.982	0.25	0	1	27491
55.0	0.25	0	1	27500
55.016	0.25	0	1	27508
55.032	0.25	1	2	27516
55.05	0.25	1	2	27525
55.066	0.25	0	1	27533
55.082	0.25	0	1	27541
55.1	0.25	1	2	27550
55.116	0.25	1	2	27558
55.132	0.25	0	1	27566
55.15	0.25	0	1	27575
55.166	0.25	0	1	27583
55.182	0.25	0	1	27591
55.2	0.25	1	2	27600
56.682	0.25	1	2	28341
56.7	0.25	1	2	28350
56.716	0.25	1	2	28358
56.732	0.25	1	2	28366
56.75	0.25	0	1	28375
56.766	0.25	0	1	28383
56.782	0.25	0	1	28391
56.8	0.25	0	1	28400
56.816	0.25	0	1	28408
56.832	0.25	0	1	28416
56.85	0.25	0	1	28425
56.866	0.25	0	1	28433
56.882	0.25	1	2	28441
56.9	0.25	1	2	28450
56.916	0.25	0	1	28458
56.932	0.25	0	1	28466
56.95	0.25	0	1	28475
56.966	0.25	0	1	28483
56.982	0.25	1	2	28491
57.0	0.25	1	2	28500
57.016	0.25	1	2	28508
57.032	0.25	1	2	28516
57.05	0.25	0	1	28525
57.066	0.25	0	1	28533
57.082	0.25	0	1	28541
57.1	0.25	0	1	28550
57.116	0.25	0	1	28558
57.132	0.25	0	1	28566
57.15	0.25	0	1	28575
57.166	0.25	0	1	28583
57.182	0.25	0	1	28591
57.2	0.25	0	1	28600
57.216	0.25	0	1	28608
57.232	0.25	0	1	28616
57.25	0.25	1	2	28625
57.266	0.25	1	2	28633
57.282	0.25	0	1	28641
57.3	0.25	0	1	28650
57.316	0.25	1	2	28658
57.332	0.25	1	2	28666
57.35	0.25	1	2	28675
57.366	0.25	1	2	28683
57.382	0.25	0	1	28691
57.4	0.25	0	1	28700
57.416	0.25	1	2	28708
57.432	0.25	1	2	28716
57.45	0.25	0	1	28725
57.466	0.25	0	1	28733
57.482	0.25	1	2	28741
57.5	0.25	1	2	28750
57.516	0.25	0	1	28758
57.532	0.25	0	1	28766
57.55	0.25	1	2	28775
57.566	0.25	1	2	28783
57.582	0.25	0	1	28791
57.6	0.25	0	1	28800
57.616	0.25	0	1	28808
57.632	0.25	0	1	28816
57.65	0.25	0	1	28825
57.666	0.25	0	1	28833
57.682	0.25	1	2	28841
57.7	0.25	1	2	28850
57.716	0.25	1	2	28858
57.732	0.25	1	2	28866
57.75	0.25	1	2	28875
57.766	0.25	1	2	28883
57.782	0.25	0	1	28891
57.8	0.25	0	1	28900
57.816	0.25	1	2	28908
57.832	0.25	1	2	28916
57.85	0.25	1	2	28925
57.866	0.25	1	2	28933
57.882	0.25	1	2	28941
57.9	0.25	1	2	28950
57.916	0.25	0	1	28958
57.932	0.25	0	1	28966
57.95	0.25	1	2	28975
57.966	0.25	1	2	28983
57.982	0.25	0	1	28991
58.0	0.25	0	1	29000
58.016	0.25	1	2	29008
58.032	0.25	1	2	29016
58.05	0.25	1	2	29025
58.066	0.25	1	2	29033
58.082	0.25	0	1	29041
58.1	0.25	0	1	29050
58.116	0.25	0	1	29058
58.132	0.25	0	1	29066
58.15	0.25	0	1	29075
58.166	0.25	0	1	29083
58.182	0.25	1	2	29091
58.2	0.25	1	2	29100
58.216	0.25	1	2	29108
58.232	0.25	1	2	29116
58.25	0.25	0	1	29125
58.266	0.25	0	1	29133
58.282	0.25	1	2	29141
58.3	0.25	1	2	29150
58.316	0.25	1	2	29158
58.332	0.25	1	2	29166
58.35	0.25	1	2	29175
58.366	0.25	1	2	29183
58.382	0.25	0	1	29191
58.4	0.25	0	1	29200
58.416	0.25	0	1	29208
58.432	0.25	0	1	29216
58.45	0.25	0	1	29225
58.466	0.25	0	1	29233
58.482	0.25	0	1	29241
58.5	0.25	0	1	29250
58.516	0.25	0	1	29258
58.532	0.25	0	1	29266
58.55	0.25	1	2	29275
58.566	0.25	1	2	29283
58.582	0.25	1	2	29291
58.6	0.25	1	2	29300
58.616	0.25	1	2	29308
77.632	0.25	1	2	38816
77.65	0.25	1	2	38825
77.666	0.25	1	2	38833
77.682	0.25	1	2	38841
77.7	0.25	1	2	38850
77.716	0.25	1	2	38858
77.732	0.25	1	2	38866
77.75	0.25	1	2	38875
77.766	0.25	1	2	38883
77.782	0.25	1	2	38891
77.8	0.25	1	2	38900
77.816	0.25	1	2	38908
77.832	0.25	1	2	38916
77.85	0.25	1	2	38925
77.866	0.25	0	1	38933
77.882	0.25	0	1	38941
77.9	0.25	0	1	38950
77.916	0.25	0	1	38958
77.932	0.25	1	2	38966
77.95	0.25	1	2	38975
77.966	0.25	1	2	38983
77.982	0.25	1	2	38991
78.0	0.25	0	1	39000
78.016	0.25	0	1	39008
78.032	0.25	0	1	39016
78.05	0.25	0	1	39025
78.066	0.25	1	2	39033
78.082	0.25	1	2	39041
78.1	0.25	1	2	39050
78.116	0.25	1	2	39058
78.132	0.25	0	1	39066
78.15	0.25	0	1	39075
78.166	0.25	0	1	39083
78.182	0.25	0	1	39091
78.2	0.25	1	2	39100
78.216	0.25	1	2	39108
78.232	0.25	0	1	39116
78.25	0.25	0	1	39125
78.266	0.25	1	2	39133
78.282	0.25	1	2	39141
78.3	0.25	1	2	39150
78.316	0.25	1	2	39158
78.332	0.25	0	1	39166
78.35	0.25	0	1	39175
78.366	0.25	1	2	39183
78.382	0.25	1	2	39191
78.4	0.25	0	1	39200
78.416	0.25	0	1	39208
78.432	0.25	0	1	39216
78.45	0.25	0	1	39225
78.466	0.25	1	2	39233
78.482	0.25	1	2	39241
78.5	0.25	0	1	39250
78.516	0.25	0	1	39258
78.532	0.25	1	2	39266
78.55	0.25	1	2	39275
78.566	0.25	1	2	39283
78.582	0.25	1	2	39291
78.6	0.25	1	2	39300
78.616	0.25	1	2	39308
78.632	0.25	0	1	39316
78.65	0.25	0	1	39325
78.666	0.25	0	1	39333
78.682	0.25	0	1	39341
78.7	0.25	0	1	39350
78.716	0.25	0	1	39358
78.732	0.25	1	2	39366
78.75	0.25	1	2	39375
78.766	0.25	0	1	39383
78.782	0.25	0	1	39391
78.8	0.25	1	2	39400
78.816	0.25	1	2	39408
78.832	0.25	1	2	39416
78.85	0.25	1	2	39425
78.866	0.25	1	2	39433
78.882	0.25	1	2	39441
78.9	0.25	0	1	39450
78.916	0.25	0	1	39458
78.932	0.25	0	1	39466
78.95	0.25	0	1	39475
78.966	0.25	1	2	39483
78.982	0.25	1	2	39491
79.0	0.25	0	1	39500
79.016	0.25	0	1	39508
79.032	0.25	1	2	39516
79.05	0.25	1	2	39525
79.066	0.25	0	1	39533
79.082	0.25	0	1	39541
79.1	0.25	0	1	39550
79.116	0.25	0	1	39558
79.132	0.25	0	1	39566
79.15	0.25	0	1	39575
79.166	0.25	1	2	39583
79.182	0.25	1	2	39591
79.2	0.25	1	2	39600
79.216	0.25	1	2	39608
79.232	0.25	0	1	39616
79.25	0.25	0	1	39625
79.266	0.25	1	2	39633
79.282	0.25	1	2	39641
79.3	0.25	0	1	39650
79.316	0.25	0	1	39658
79.332	0.25	0	1	39666
79.35	0.25	0	1	39675
79.366	0.25	0	1	39683
79.382	0.25	0	1	39691
79.4	0.25	1	2	39700
79.416	0.25	1	2	39708
79.432	0.25	0	1	39716
79.45	0.25	0	1	39725
79.466	0.25	1	2	39733
79.482	0.25	1	2	39741
79.5	0.25	0	1	39750
79.516	0.25	0	1	39758
79.532	0.25	0	1	39766
79.55	0.25	0	1	39775
79.566	0.25	1	2	39783
81.05	0.25	1	2	40525
81.066	0.25	1	2	40533
81.082	0.25	1	2	40541
81.1	0.25	1	2	40550
81.116	0.25	0	1	40558
81.132	0.25	0	1	40566
81.15	0.25	0	1	40575
81.166	0.25	0	1	40583
81.182	0.25	0	1	40591
81.2	0.25	0	1	40600
81.216	0.25	0	1	40608
81.232	0.25	0	1	40616
81.25	0.25	1	2	40625
81.266	0.25	1	2	40633
81.282	0.25	0	1	40641
81.3	0.25	0	1	40650
81.316	0.25	0	1	40658
81.332	0.25	0	1	40666
81.35	0.25	1	2	40675
81.366	0.25	1	2	40683
81.382	0.25	1	2	40691
81.4	0.25	1	2	40700
81.416	0.25	0	1	40708
81.432	0.25	0	1	40716
81.45	0.25	0	1	40725
81.466	0.25	0	1	40733
81.482	0.25	0	1	40741
81.5	0.25	0	1	40750
81.516	0.25	0	1	40758
81.532	0.25	0	1	40766
81.55	0.25	0	1	40775
81.566	0.25	0	1	40783
81.582	0.25	0	1	40791
81.6	0.25	0	1	40800
81.616	0.25	1	2	40808
81.632	0.25	1	2	40816
81.65	0.25	0	1	40825
81.666	0.25	0	1	40833
81.682	0.25	1	2	40841
81.7	0.25	1	2	40850
81.716	0.25	1	2	40858
81.732	0.25	1	2	40866
81.75	0.25	0	1	40875
81.766	0.25	0	1	40883
81.782	0.25	1	2	40891
81.8	0.25	1	2	40900
81.816	0.25	0	1	40908
81.832	0.25	0	1	40916
81.85	0.25	1	2	40925
81.866	0.25	1	2	40933
81.882	0.25	0	1	40941
81.9	0.25	0	1	40950
81.916	0.25	1	2	40958
81.932	0.25	1	2	40966
81.95	0.25	0	1	40975
81.966	0.25	0	1	40983
81.982	0.25	0	1	40991
82.0	0.25	0	1	41000
82.016	0.25	0	1	41008
82.032	0.25	0	1	41016
82.05	0.25	1	2	41025
82.066	0.25	1	2	41033
82.082	0.25	1	2	41041
82.1	0.25	1	2	41050
82.116	0.25	1	2	41058
82.132	0.25	1	2	41066
82.15	0.25	0	1	41075
82.166	0.25	0	1	41083
82.182	0.25	1	2	41091
82.2	0.25	1	2	41100
82.216	0.25	1	2	41108
82.232	0.25	1	2	41116
82.25	0.25	1	2	41125
82.266	0.25	1	2	41133
82.282	0.25	0	1	41141
82.3	0.25	0	1	41150
82.316	0.25	1	2	41158
82.332	0.25	1	2	41166
82.35	0.25	0	1	41175
82.366	0.25	0	1	41183
82.382	0.25	1	2	41191
82.4	0.25	1	2	41200
82.416	0.25	1	2	41208
82.432	0.25	1	2	41216
82.45	0.25	0	1	41225
82.466	0.25	0	1	41233
82.482	0.25	0	1	41241
82.5	0.25	0	1	41250
82.516	0.25	0	1	41258
82.532	0.25	0	1	41266
82.55	0.25	1	2	41275
82.566	0.25	1	2	41283
82.582	0.25	1	2	41291
82.6	0.25	1	2	41300
82.616	0.25	0	1	41308
82.632	0.25	0	1	41316
82.65	0.25	1	2	41325
82.666	0.25	1	2	41333
82.682	0.25	1	2	41341
82.7	0.25	1	2	41350
82.716	0.25	1	2	41358
82.732	0.25	1	2	41366
82.75	0.25	0	1	41375
82.766	0.25	0	1	41383
82.782	0.25	0	1	41391
82.8	0.25	0	1	41400
82.816	0.25	0	1	41408
82.832	0.25	0	1	41416
82.85	0.25	0	1	41425
82.866	0.25	0	1	41433
82.882	0.25	0	1	41441
82.9	0.25	0	1	41450
82.916	0.25	1	2	41458
82.932	0.25	1	2	41466
82.95	0.25	1	2	41475
82.966	0.25	1	2	41483
82.982	0.25	1	2	41491
84.466	0.25	0	1	42233
84.482	0.25	0	1	42241
84.5	0.25	0	1	42250
84.516	0.25	0	1	42258
84.532	0.25	1	2	42266
84.55	0.25	1	2	42275
84.566	0.25	1	2	42283
84.582	0.25	1	2	42291
84.6	0.25	0	1	42300
84.616	0.25	0	1	42308
84.632	0.25	0	1	42316
84.65	0.25	0	1	42325
84.666	0.25	0	1	42333
84.682	0.25	0	1	42341
84.7	0.25	0	1	42350
84.716	0.25	0	1	42358
84.732	0.25	1	2	42366
84.75	0.25	1	2	42375
84.766	0.25	1	2	42383
84.782	0.25	1	2	42391
84.8	0.25	1	2	42400
84.816	0.25	1	2	42408
84.832	0.25	1	2	42416
84.85	0.25	1	2	42425
84.866	0.25	1	2	42433
84.882	0.25	1	2	42441
84.9	0.25	0	1	42450
84.916	0.25	0	1	42458
84.932	0.25	0	1	42466
84.95	0.25	0	1	42475
84.966	0.25	0	1	42483
84.982	0.25	0	1	42491
85.0	0.25	0	1	42500
85.016	0.25	0	1	42508
85.032	0.25	0	1	42516
85.05	0.25	0	1	42525
85.066	0.25	0	1	42533
85.082	0.25	0	1	42541
85.1	0.25	1	2	42550
85.116	0.25	1	2	42558
85.132	0.25	1	2	42566
85.15	0.25	1	2	42575
85.166	0.25	0	1	42583
85.182	0.25	0	1	42591
85.2	0.25	0	1	42600
85.216	0.25	0	1	42608
85.232	0.25	1	2	42616
85.25	0.25	1	2	42625
85.266	0.25	0	1	42633
85.282	0.25	0	1	42641
85.3	0.25	1	2	42650
85.316	0.25	1	2	42658
85.332	0.25	0	1	42666
85.35	0.25	0	1	42675
85.366	0.25	1	2	42683
85.382	0.25	1	2	42691
85.4	0.25	0	1	42700
85.416	0.25	0	1	42708
85.432	0.25	1	2	42716
85.45	0.25	1	2	42725
85.466	0.25	1	2	42733
85.482	0.25	1	2	42741
85.5	0.25	0	1	42750
85.516	0.25	0	1	42758
85.532	0.25	1	2	42766
85.55	0.25	1	2	42775
85.566	0.25	0	1	42783
85.582	0.25	0	1	42791
85.6	0.25	0	1	42800
85.616	0.25	0	1	42808
85.632	0.25	0	1	42816
85.65	0.25	0	1	42825
85.666	0.25	1	2	42833
85.682	0.25	1	2	42841
85.7	0.25	0	1	42850
85.716	0.25	0	1	42858
85.732	0.25	0	1	42866
85.75	0.25	0	1	42875
85.766	0.25	0	1	42883
85.782	0.25	0	1	42891
85.8	0.25	1	2	42900
85.816	0.25	1	2	42908
85.832	0.25	1	2	42916
85.85	0.25	1	2	42925
85.866	0.25	1	2	42933
85.882	0.25	1	2	42941
85.9	0.25	0	1	42950
85.916	0.25	0	1	42958
85.932	0.25	1	2	42966
85.95	0.25	1	2	42975
85.966	0.25	0	1	42983
85.982	0.25	0	1	42991
86.0	0.25	1	2	43000
86.016	0.25	1	2	43008
86.032	0.25	1	2	43016
86.05	0.25	1	2	43025
86.066	0.25	1	2	43033
86.082	0.25	1	2	43041
86.1	0.25	1	2	43050
86.116	0.25	1	2	43058
86.132	0.25	1	2	43066
86.15	0.25	1	2	43075
86.166	0.25	0	1	43083
86.182	0.25	0	1	43091
86.2	0.25	0	1	43100
86.216	0.25	0	1	43108
86.232	0.25	1	2	43116
86.25	0.25	1	2	43125
86.266	0.25	0	1	43133
86.282	0.25	0	1	43141
86.3	0.25	0	1	43150
86.316	0.25	0	1	43158
86.332	0.25	0	1	43166
86.35	0.25	0	1	43175
86.366	0.25	1	2	43183
86.382	0.25	1	2	43191
86.4	0.25	1	2	43200
87.882	0.25	1	2	43941
87.9	0.25	1	2	43950
87.916	0.25	1	2	43958
87.932	0.25	1	2	43966
87.95	0.25	0	1	43975
87.966	0.25	0	1	43983
87.982	0.25	1	2	43991
88.0	0.25	1	2	44000
88.016	0.25	1	2	44008
88.032	0.25	1	2	44016
88.05	0.25	0	1	44025
88.066	0.25	0	1	44033
88.082	0.25	1	2	44041
88.1	0.25	1	2	44050
88.116	0.25	1	2	44058
88.132	0.25	1	2	44066
88.15	0.25	0	1	44075
88.166	0.25	0	1	44083
88.182	0.25	1	2	44091
88.2	0.25	1	2	44100
88.216	0.25	1	2	44108
88.232	0.25	1	2	44116
88.25	0.25	0	1	44125
88.266	0.25	0	1	44133
88.282	0.25	0	1	44141
88.3	0.25	0	1	44150
88.316	0.25	0	1	44158
88.332	0.25	0	1	44166
88.35	0.25	1	2	44175
88.366	0.25	1	2	44183
88.382	0.25	1	2	44191
88.4	0.25	1	2	44200
88.416	0.25	1	2	44208
88.432	0.25	1	2	44216
88.45	0.25	0	1	44225
88.466	0.25	0	1	44233
88.482	0.25	0	1	44241
88.5	0.25	0	1	44250
88.516	0.25	0	1	44258
88.532	0.25	0	1	44266
88.55	0.25	1	2	44275
88.566	0.25	1	2	44283
88.582	0.25	1	2	44291
88.6	0.25	1	2	44300
88.616	0.25	1	2	44308
88.632	0.25	1	2	44316
88.65	0.25	1	2	44325
88.666	0.25	1	2	44333
88.682	0.25	1	2	44341
88.7	0.25	1	2	44350
88.716	0.25	0	1	44358
88.732	0.25	0	1	44366
88.75	0.25	0	1	44375
88.766	0.25	0	1	44383
88.782	0.25	1	2	44391
88.8	0.25	1	2	44400
88.816	0.25	0	1	44408
88.832	0.25	0	1	44416
88.85	0.25	1	2	44425
88.866	0.25	1	2	44433
88.882	0.25	0	1	44441
88.9	0.25	0	1	44450
88.916	0.25	0	1	44458
88.932	0.25	0	1	44466
88.95	0.25	1	2	44475
88.966	0.25	1	2	44483
88.982	0.25	1	2	44491
89.0	0.25	1	2	44500
89.016	0.25	0	1	44508
89.032	0.25	0	1	44516
89.05	0.25	0	1	44525
89.066	0.25	0	1	44533
89.082	0.25	0	1	44541
89.1	0.25	0	1	44550
89.116	0.25	0	1	44558
89.132	0.25	0	1	44566
89.15	0.25	1	2	44575
89.166	0.25	1	2	44583
89.182	0.25	0	1	44591
89.2	0.25	0	1	44600
89.216	0.25	0	1	44608
89.232	0.25	0	1	44616
89.25	0.25	0	1	44625
89.266	0.25	0	1	44633
89.282	0.25	0	1	44641
89.3	0.25	0	1	44650
89.316	0.25	1	2	44658
89.332	0.25	1	2	44666
89.35	0.25	1	2	44675
89.366	0.25	1	2	44683
89.382	0.25	1	2	44691
89.4	0.25	1	2	44700
89.416	0.25	1	2	44708
89.432	0.25	1	2	44716
89.45	0.25	1	2	44725
89.466	0.25	1	2	44733
89.482	0.25	1	2	44741
89.5	0.25	1	2	44750
89.516	0.25	0	1	44758
89.532	0.25	0	1	44766
89.55	0.25	1	2	44775
89.566	0.25	1	2	44783
89.582	0.25	0	1	44791
89.6	0.25	0	1	44800
89.616	0.25	1	2	44808
89.632	0.25	1	2	44816
89.65	0.25	0	1	44825
89.666	0.25	0	1	44833
89.682	0.25	0	1	44841
89.7	0.25	0	1	44850
89.716	0.25	1	2	44858
89.732	0.25	1	2	44866
89.75	0.25	1	2	44875
89.766	0.25	1	2	44883
89.782	0.25	0	1	44891
89.8	0.25	0	1	44900
89.816	0.25	0	1	44908
93.382	0.25	1	2	46691
93.4	0.25	1	2	46700
93.416	0.25	1	2	46708
93.432	0.25	1	2	46716
93.45	0.25	1	2	46725
93.466	0.25	1	2	46733
93.482	0.25	1	2	46741
93.5	0.25	1	2	46750
93.516	0.25	1	2	46758
93.532	0.25	1	2	46766
93.55	0.25	1	2	46775
93.566	0.25	1	2	46783
93.582	0.25	1	2	46791
93.6	0.25	1	2	46800
93.616	0.25	0	1	46808
93.632	0.25	0	1	46816
93.65	0.25	0	1	46825
93.666	0.25	0	1	46833
93.682	0.25	1	2	46841
93.7	0.25	1	2	46850
93.716	0.25	1	2	46858
93.732	0.25	1	2	46866
93.75	0.25	0	1	46875
93.766	0.25	0	1	46883
93.782	0.25	0	1	46891
93.8	0.25	0	1	46900
93.816	0.25	1	2	46908
93.832	0.25	1	2	46916
93.85	0.25	1	2	46925
93.866	0.25	1	2	46933
93.882	0.25	0	1	46941
93.9	0.25	0	1	46950
93.916	0.25	0	1	46958
93.932	0.25	0	1	46966
93.95	0.25	1	2	46975
93.966	0.25	1	2	46983
93.982	0.25	0	1	46991
94.0	0.25	0	1	47000
94.016	0.25	1	2	47008
94.032	0.25	1	2	47016
94.05	0.25	1	2	47025
94.066	0.25	1	2	47033
94.082	0.25	0	1	47041
94.1	0.25	0	1	47050
94.116	0.25	1	2	47058
94.132	0.25	1	2	47066
94.15	0.25	0	1	47075
94.166	0.25	0	1	47083
94.182	0.25	0	1	47091
94.2	0.25	0	1	47100
94.216	0.25	1	2	47108
94.232	0.25	1	2	47116
94.25	0.25	0	1	47125
94.266	0.25	0	1	47133
94.282	0.25	1	2	47141
94.3	0.25	1	2	47150
94.316	0.25	1	2	47158
94.332	0.25	1	2	47166
94.35	0.25	1	2	47175
94.366	0.25	1	2	47183
94.382	0.25	0	1	47191
94.4	0.25	0	1	47200
94.416	0.25	0	1	47208
94.432	0.25	0	1	47216
94.45	0.25	0	1	47225
94.466	0.25	0	1	47233
94.482	0.25	1	2	47241
94.5	0.25	1	2	47250
94.516	0.25	0	1	47258
94.532	0.25	0	1	47266
94.55	0.25	1	2	47275
94.566	0.25	1	2	47283
94.582	0.25	1	2	47291
94.6	0.25	1	2	47300
94.616	0.25	1	2	47308
94.632	0.25	1	2	47316
94.65	0.25	0	1	47325
94.666	0.25	0	1	47333
94.682	0.25	0	1	47341
94.7	0.25	0	1	47350
94.716	0.25	1	2	47358
94.732	0.25	1	2	47366
94.75	0.25	0	1	47375
94.766	0.25	0	1	47383
94.782	0.25	1	2	47391
94.8	0.25	1	2	47400
94.816	0.25	0	1	47408
94.832	0.25	0	1	47416
94.85	0.25	0	1	47425
94.866	0.25	0	1	47433
94.882	0.25	0	1	47441
94.9	0.25	0	1	47450
94.916	0.25	1	2	47458
94.932	0.25	1	2	47466
94.95	0.25	1	2	47475
94.966	0.25	1	2	47483
94.982	0.25	0	1	47491
95.0	0.25	0	1	47500
95.016	0.25	1	2	47508
95.032	0.25	1	2	47516
95.05	0.25	0	1	47525
95.066	0.25	0	1	47533
95.082	0.25	0	1	47541
95.1	0.25	0	1	47550
95.116	0.25	0	1	47558
95.132	0.25	0	1	47566
95.15	0.25	1	2	47575
95.166	0.25	1	2	47583
95.182	0.25	0	1	47591
95.2	0.25	0	1	47600
95.216	0.25	1	2	47608
95.232	0.25	1	2	47616
95.25	0.25	0	1	47625
95.266	0.25	0	1	47633
95.282	0.25	0	1	47641
95.3	0.25	0	1	47650
95.316	0.25	1	2	47658
96.8	0.25	0	1	48400
96.816	0.25	0	1	48408
96.832	0.25	0	1	48416
96.85	0.25	0	1	48425
96.866	0.25	1	2	48433
96.882	0.25	1	2	48441
96.9	0.25	1	2	48450
96.916	0.25	1	2	48458
96.932	0.25	0	1	48466
96.95	0.25	0	1	48475
96.966	0.25	0	1	48483
96.982	0.25	0	1	48491
97.0	0.25	0	1	48500
97.016	0.25	0	1	48508
97.032	0.25	0	1	48516
97.05	0.25	0	1	48525
97.066	0.25	1	2	48533
97.082	0.25	1	2	48541
97.1	0.25	1	2	48550
97.116	0.25	1	2	48558
97.132	0.25	1	2	48566
97.15	0.25	1	2	48575
97.166	0.25	1	2	48583
97.182	0.25	1	2	48591
97.2	0.25	1	2	48600
97.216	0.25	1	2	48608
97.232	0.25	0	1	48616
97.25	0.25	0	1	48625
97.266	0.25	0	1	48633
97.282	0.25	0	1	48641
97.3	0.25	0	1	48650
97.316	0.25	0	1	48658
97.332	0.25	0	1	48666
97.35	0.25	0	1	48675
97.366	0.25	0	1	48683
97.382	0.25	0	1	48691
97.4	0.25	0	1	48700
97.416	0.25	0	1	48708
97.432	0.25	1	2	48716
97.45	0.25	1	2	48725
97.466	0.25	1	2	48733
97.482	0.25	1	2	48741
97.5	0.25	0	1	48750
97.516	0.25	0	1	48758
97.532	0.25	0	1	48766
97.55	0.25	0	1	48775
97.566	0.25	1	2	48783
97.582	0.25	1	2	48791
97.6	0.25	0	1	48800
97.616	0.25	0	1	48808
97.632	0.25	1	2	48816
97.65	0.25	1	2	48825
97.666	0.25	0	1	48833
97.682	0.25	0	1	48841
97.7	0.25	1	2	48850
97.716	0.25	1	2	48858
97.732	0.25	0	1	48866
97.75	0.25	0	1	48875
97.766	0.25	1	2	48883
97.782	0.25	1	2	48891
97.8	0.25	1	2	48900
97.816	0.25	1	2	48908
97.832	0.25	0	1	48916
97.85	0.25	0	1	48925
97.866	0.25	1	2	48933
97.882	0.25	1	2	48941
97.9	0.25	0	1	48950
97.916	0.25	0	1	48958
97.932	0.25	0	1	48966
97.95	0.25	0	1	48975
97.966	0.25	0	1	48983
97.982	0.25	0	1	48991
98.0	0.25	1	2	49000
98.016	0.25	1	2	49008
98.032	0.25	0	1	49016
98.05	0.25	0	1	49025
98.066	0.25	0	1	49033
98.082	0.25	0	1	49041
98.1	0.25	0	1	49050
98.116	0.25	0	1	49058
98.132	0.25	1	2	49066
98.15	0.25	1	2	49075
98.166	0.25	1	2	49083
98.182	0.25	1	2	49091
98.2	0.25	1	2	49100
98.216	0.25	1	2	49108
98.232	0.25	0	1	49116
98.25	0.25	0	1	49125
98.266	0.25	1	2	49133
98.282	0.25	1	2	49141
98.3	0.25	0	1	49150
98.316	0.25	0	1	49158
98.332	0.25	1	2	49166
98.35	0.25	1	2	49175
98.366	0.25	1	2	49183
98.382	0.25	1	2	49191
98.4	0.25	1	2	49200
98.416	0.25	1	2	49208
98.432	0.25	1	2	49216
98.45	0.25	1	2	49225
98.466	0.25	1	2	49233
98.482	0.25	1	2	49241
98.5	0.25	0	1	49250
98.516	0.25	0	1	49258
98.532	0.25	0	1	49266
98.55	0.25	0	1	49275
98.566	0.25	1	2	49283
98.582	0.25	1	2	49291
98.6	0.25	0	1	49300
98.616	0.25	0	1	49308
98.632	0.25	0	1	49316
98.65	0.25	0	1	49325
98.666	0.25	0	1	49333
98.682	0.25	0	1	49341
98.7	0.25	1	2	49350
98.716	0.25	1	2	49358
98.732	0.25	1	2	49366
100.216	0.25	1	2	50108
100.232	0.25	1	2	50116
100.25	0.25	1	2	50125
100.266	0.25	1	2	50133
100.282	0.25	0	1	50141
100.3	0.25	0	1	50150
100.316	0.25	1	2	50158
100.332	0.25	1	2	50166
100.35	0.25	1	2	50175
100.366	0.25	1	2	50183
100.382	0.25	0	1	50191
100.4	0.25	0	1	50200
100.416	0.25	1	2	50208
100.432	0.25	1	2	50216
100.45	0.25	1	2	50225
100.466	0.25	1	2	50233
100.482	0.25	0	1	50241
100.5	0.25	0	1	50250
100.516	0.25	1	2	50258
100.532	0.25	1	2	50266
100.55	0.25	1	2	50275
100.566	0.25	1	2	50283
100.582	0.25	0	1	50291
100.6	0.25	0	1	50300
100.616	0.25	0	1	50308
100.632	0.25	0	1	50316
100.65	0.25	0	1	50325
100.666	0.25	0	1	50333
100.682	0.25	1	2	50341
100.7	0.25	1	2	50350
100.716	0.25	1	2	50358
100.732	0.25	1	2	50366
100.75	0.25	1	2	50375
100.766	0.25	1	2	50383
100.782	0.25	0	1	50391
100.8	0.25	0	1	50400
100.816	0.25	0	1	50408
100.832	0.25	0	1	50416
100.85	0.25	0	1	50425
100.866	0.25	0	1	50433
100.882	0.25	1	2	50441
100.9	0.25	1	2	50450
100.916	0.25	1	2	50458
100.932	0.25	1	2	50466
100.95	0.25	1	2	50475
100.966	0.25	1	2	50483
100.982	0.25	1	2	50491
101.0	0.25	1	2	50500
101.016	0.25	1	2	50508
101.032	0.25	1	2	50516
101.05	0.25	0	1	50525
101.066	0.25	0	1	50533
101.082	0.25	0	1	50541
101.1	0.25	0	1	50550
101.116	0.25	1	2	50558
101.132	0.25	1	2	50566
101.15	0.25	0	1	50575
101.166	0.25	0	1	50583
101.182	0.25	1	2	50591
101.2	0.25	1	2	50600
101.216	0.25	0	1	50608
101.232	0.25	0	1	50616
101.25	0.25	0	1	50625
101.266	0.25	0	1	50633
101.282	0.25	1	2	50641
101.3	0.25	1	2	50650
101.316	0.25	1	2	50658
101.332	0.25	1	2	50666
101.35	0.25	0	1	50675
101.366	0.25	0	1	50683
101.382	0.25	0	1	50691
101.4	0.25	0	1	50700
101.416	0.25	0	1	50708
101.432	0.25	0	1	50716
101.45	0.25	0	1	50725
101.466	0.25	0	1	50733
101.482	0.25	1	2	50741
101.5	0.25	1	2	50750
101.516	0.25	0	1	50758
101.532	0.25	0	1	50766
101.55	0.25	0	1	50775
101.566	0.25	0	1	50783
101.582	0.25	0	1	50791
101.6	0.25	0	1	50800
101.616	0.25	0	1	50808
101.632	0.25	0	1	50816
101.65	0.25	1	2	50825
101.666	0.25	1	2	50833
101.682	0.25	1	2	50841
101.7	0.25	1	2	50850
101.716	0.25	1	2	50858
101.732	0.25	1	2	50866
101.75	0.25	1	2	50875
101.766	0.25	1	2	50883
101.782	0.25	1	2	50891
101.8	0.25	1	2	50900
101.816	0.25	1	2	50908
101.832	0.25	1	2	50916
101.85	0.25	0	1	50925
101.866	0.25	0	1	50933
101.882	0.25	1	2	50941
101.9	0.25	1	2	50950
101.916	0.25	0	1	50958
101.932	0.25	0	1	50966
101.95	0.25	1	2	50975
101.966	0.25	1	2	50983
101.982	0.25	0	1	50991
102.0	0.25	0	1	51000
102.016	0.25	0	1	51008
102.032	0.25	0	1	51016
102.05	0.25	1	2	51025
102.066	0.25	1	2	51033
102.082	0.25	1	2	51041
102.1	0.25	1	2	51050
102.116	0.25	0	1	51058
102.132	0.25	0	1	51066
102.15	0.25	0	1	51075
103.632	0.25	1	2	51816
103.65	0.25	1	2	51825
103.666	0.25	1	2	51833
103.682	0.25	1	2	51841
103.7	0.25	0	1	51850
103.716	0.25	0	1	51858
103.732	0.25	0	1	51866
103.75	0.25	0	1	51875
103.766	0.25	0	1	51883
103.782	0.25	0	1	51891
103.8	0.25	0	1	51900
103.816	0.25	0	1	51908
103.832	0.25	1	2	51916
103.85	0.25	1	2	51925
103.866	0.25	0	1	51933
103.882	0.25	0	1	51941
103.9	0.25	0	1	51950
103.916	0.25	0	1	51958
103.932	0.25	1	2	51966
103.95	0.25	1	2	51975
103.966	0.25	1	2	51983
103.982	0.25	1	2	51991
104.0	0.25	0	1	52000
104.016	0.25	0	1	52008
104.032	0.25	0	1	52016
104.05	0.25	0	1	52025
104.066	0.25	0	1	52033
104.082	0.25	0	1	52041
104.1	0.25	0	1	52050
104.116	0.25	0	1	52058
104.132	0.25	0	1	52066
104.15	0.25	0	1	52075
104.166	0.25	0	1	52083
104.182	0.25	0	1	52091
104.2	0.25	1	2	52100
104.216	0.25	1	2	52108
104.232	0.25	0	1	52116
104.25	0.25	0	1	52125
104.266	0.25	1	2	52133
104.282	0.25	1	2	52141
104.3	0.25	1	2	52150
104.316	0.25	1	2	52158
104.332	0.25	0	1	52166
104.35	0.25	0	1	52175
104.366	0.25	1	2	52183
104.382	0.25	1	2	52191
104.4	0.25	0	1	52200
104.416	0.25	0	1	52208
104.432	0.25	1	2	52216
104.45	0.25	1	2	52225
104.466	0.25	0	1	52233
104.482	0.25	0	1	52241
104.5	0.25	1	2	52250
104.516	0.25	1	2	52258
104.532	0.25	0	1	52266
104.55	0.25	0	1	52275
104.566	0.25	0	1	52283
104.582	0.25	0	1	52291
104.6	0.25	0	1	52300
104.616	0.25	0	1	52308
104.632	0.25	1	2	52316
104.65	0.25	1	2	52325
104.666	0.25	1	2	52333
104.682	0.25	1	2	52341
104.7	0.25	1	2	52350
104.716	0.25	1	2	52358
104.732	0.25	0	1	52366
104.75	0.25	0	1	52375
104.766	0.25	1	2	52383
104.782	0.25	1	2	52391
104.8	0.25	1	2	52400
104.816	0.25	1	2	52408
104.832	0.25	1	2	52416
104.85	0.25	1	2	52425
104.866	0.25	0	1	52433
104.882	0.25	0	1	52441
104.9	0.25	1	2	52450
104.916	0.25	1	2	52458
104.932	0.25	0	1	52466
104.95	0.25	0	1	52475
104.966	0.25	1	2	52483
104.982	0.25	1	2	52491
105.0	0.25	1	2	52500
105.016	0.25	1	2	52508
105.032	0.25	0	1	52516
105.05	0.25	0	1	52525
105.066	0.25	0	1	52533
105.082	0.25	0	1	52541
105.1	0.25	0	1	52550
105.116	0.25	0	1	52558
105.132	0.25	1	2	52566
105.15	0.25	1	2	52575
105.166	0.25	1	2	52583
105.182	0.25	1	2	52591
105.2	0.25	0	1	52600
105.216	0.25	0	1	52608
105.232	0.25	1	2	52616
105.25	0.25	1	2	52625
105.266	0.25	1	2	52633
105.282	0.25	1	2	52641
105.3	0.25	1	2	52650
105.316	0.25	1	2	52658
105.332	0.25	0	1	52666
105.35	0.25	0	1	52675
105.366	0.25	0	1	52683
105.382	0.25	0	1	52691
105.4	0.25	0	1	52700
105.416	0.25	0	1	52708
105.432	0.25	0	1	52716
105.45	0.25	0	1	52725
105.466	0.25	0	1	52733
105.482	0.25	0	1	52741
105.5	0.25	1	2	52750
105.516	0.25	1	2	52758
105.532	0.25	1	2	52766
105.55	0.25	1	2	52775
105.566	0.25	1	2	52783
109.266	0.25	0	1	54633
109.282	0.25	0	1	54641
109.3	0.25	0	1	54650
109.316	0.25	0	1	54658
109.332	0.25	1	2	54666
109.35	0.25	1	2	54675
109.366	0.25	1	2	54683
109.382	0.25	1	2	54691
109.4	0.25	0	1	54700
109.416	0.25	0	1	54708
109.432	0.25	0	1	54716
109.45	0.25	0	1	54725
109.466	0.25	0	1	54733
109.482	0.25	0	1	54741
109.5	0.25	0	1	54750
109.516	0.25	0	1	54758
109.532	0.25	1	2	54766
109.55	0.25	1	2	54775
109.566	0.25	1	2	54783
109.582	0.25	1	2	54791
109.6	0.25	1	2	54800
109.616	0.25	1	2	54808
109.632	0.25	1	2	54816
109.65	0.25	1	2	54825
109.666	0.25	1	2	54833
109.682	0.25	1	2	54841
109.7	0.25	0	1	54850
109.716	0.25	0	1	54858
109.732	0.25	0	1	54866
109.75	0.25	0	1	54875
109.766	0.25	0	1	54883
109.782	0.25	0	1	54891
109.8	0.25	0	1	54900
109.816	0.25	0	1	54908
109.832	0.25	0	1	54916
109.85	0.25	0	1	54925
109.866	0.25	0	1	54933
109.882	0.25	0	1	54941
109.9	0.25	1	2	54950
109.916	0.25	1	2	54958
109.932	0.25	1	2	54966
109.95	0.25	1	2	54975
109.966	0.25	0	1	54983
109.982	0.25	0	1	54991
110.0	0.25	0	1	55000
110.016	0.25	0	1	55008
110.032	0.25	1	2	55016
110.05	0.25	1	2	55025
110.066	0.25	0	1	55033
110.082	0.25	0	1	55041
110.1	0.25	1	2	55050
110.116	0.25	1	2	55058
110.132	0.25	0	1	55066
110.15	0.25	0	1	55075
110.166	0.25	1	2	55083
110.182	0.25	1	2	55091
110.2	0.25	0	1	55100
110.216	0.25	0	1	55108
110.232	0.25	1	2	55116
110.25	0.25	1	2	55125
110.266	0.25	1	2	55133
110.282	0.25	1	2	55141
110.3	0.25	0	1	55150
110.316	0.25	0	1	55158
110.332	0.25	1	2	55166
110.35	0.25	1	2	55175
110.366	0.25	0	1	55183
110.382	0.25	0	1	55191
110.4	0.25	0	1	55200
110.416	0.25	0	1	55208
110.432	0.25	0	1	55216
110.45	0.25	0	1	55225
110.466	0.25	1	2	55233
110.482	0.25	1	2	55241
110.5	0.25	0	1	55250
110.516	0.25	0	1	55258
110.532	0.25	0	1	55266
110.55	0.25	0	1	55275
110.566	0.25	0	1	55283
110.582	0.25	0	1	55291
110.6	0.25	1	2	55300
110.616	0.25	1	2	55308
110.632	0.25	1	2	55316
110.65	0.25	1	2	55325
110.666	0.25	1	2	55333
110.682	0.25	1	2	55341
110.7	0.25	0	1	55350
110.716	0.25	0	1	55358
110.732	0.25	1	2	55366
110.75	0.25	1	2	55375
110.766	0.25	0	1	55383
110.782	0.25	0	1	55391
110.8	0.25	1	2	55400
110.816	0.25	1	2	55408
110.832	0.25	1	2	55416
110.85	0.25	1	2	55425
110.866	0.25	1	2	55433
110.882	0.25	1	2	55441
110.9	0.25	1	2	55450
110.916	0.25	1	2	55458
110.932	0.25	1	2	55466
110.95	0.25	1	2	55475
110.966	0.25	0	1	55483
110.982	0.25	0	1	55491
111.0	0.25	0	1	55500
111.016	0.25	0	1	55508
111.032	0.25	1	2	55516
111.05	0.25	1	2	55525
111.066	0.25	0	1	55533
111.082	0.25	0	1	55541
111.1	0.25	0	1	55550
111.116	0.25	0	1	55558
111.132	0.25	0	1	55566
111.15	0.25	0	1	55575
111.166	0.25	1	2	55583
111.182	0.25	1	2	55591
111.2	0.25	1	2	55600
112.682	0.25	1	2	56341
112.7	0.25	1	2	56350
112.716	0.25	1	2	56358
112.732	0.25	1	2	56366
112.75	0.25	0	1	56375
112.766	0.25	0	1	56383
112.782	0.25	1	2	56391
112.8	0.25	1	2	56400
112.816	0.25	1	2	56408
112.832	0.25	1	2	56416
112.85	0.25	0	1	56425
112.866	0.25	0	1	56433
112.882	0.25	1	2	56441
112.9	0.25	1	2	56450
112.916	0.25	1	2	56458
112.932	0.25	1	2	56466
112.95	0.25	0	1	56475
112.966	0.25	0	1	56483
112.982	0.25	1	2	56491
113.0	0.25	1	2	56500
113.016	0.25	1	2	56508
113.032	0.25	1	2	56516
113.05	0.25	0	1	56525
113.066	0.25	0	1	56533
113.082	0.25	0	1	56541
113.1	0.25	0	1	56550
113.116	0.25	0	1	56558
113.132	0.25	0	1	56566
113.15	0.25	1	2	56575
113.166	0.25	1	2	56583
113.182	0.25	1	2	56591
113.2	0.25	1	2	56600
113.216	0.25	1	2	56608
113.232	0.25	1	2	56616
113.25	0.25	0	1	56625
113.266	0.25	0	1	56633
113.282	0.25	0	1	56641
113.3	0.25	0	1	56650
113.316	0.25	0	1	56658
113.332	0.25	0	1	56666
113.35	0.25	1	2	56675
113.366	0.25	1	2	56683
113.382	0.25	1	2	56691
113.4	0.25	1	2	56700
113.416	0.25	1	2	56708
113.432	0.25	1	2	56716
113.45	0.25	1	2	56725
113.466	0.25	1	2	56733
113.482	0.25	1	2	56741
113.5	0.25	1	2	56750
113.516	0.25	0	1	56758
113.532	0.25	0	1	56766
113.55	0.25	0	1	56775
113.566	0.25	0	1	56783
113.582	0.25	1	2	56791
113.6	0.25	1	2	56800
113.616	0.25	0	1	56808
113.632	0.25	0	1	56816
113.65	0.25	1	2	56825
113.666	0.25	1	2	56833
113.682	0.25	0	1	56841
113.7	0.25	0	1	56850
113.716	0.25	0	1	56858
113.732	0.25	0	1	56866
113.75	0.25	1	2	56875
113.766	0.25	1	2	56883
113.782	0.25	1	2	56891
113.8	0.25	1	2	56900
113.816	0.25	0	1	56908
113.832	0.25	0	1	56916
113.85	0.25	0	1	56925
113.866	0.25	0	1	56933
113.882	0.25	0	1	56941
113.9	0.25	0	1	56950
113.916	0.25	0	1	56958
113.932	0.25	0	1	56966
113.95	0.25	1	2	56975
113.966	0.25	1	2	56983
113.982	0.25	0	1	56991
114.0	0.25	0	1	57000
114.016	0.25	0	1	57008
114.032	0.25	0	1	57016
114.05	0.25	0	1	57025
114.066	0.25	0	1	57033
114.082	0.25	0	1	57041
114.1	0.25	0	1	57050
114.116	0.25	1	2	57058
114.132	0.25	1	2	57066
114.15	0.25	1	2	57075
114.166	0.25	1	2	57083
114.182	0.25	1	2	57091
114.2	0.25	1	2	57100
114.216	0.25	1	2	57108
114.232	0.25	1	2	57116
114.25	0.25	1	2	57125
114.266	0.25	1	2	57133
114.282	0.25	1	2	57141
114.3	0.25	1	2	57150
114.316	0.25	0	1	57158
114.332	0.25	0	1	57166
114.35	0.25	1	2	57175
114.366	0.25	1	2	57183
114.382	0.25	0	1	57191
114.4	0.25	0	1	57200
114.416	0.25	1	2	57208
114.432	0.25	1	2	57216
114.45	0.25	0	1	57225
114.466	0.25	0	1	57233
114.482	0.25	0	1	57241
114.5	0.25	0	1	57250
114.516	0.25	1	2	57258
114.532	0.25	1	2	57266
114.55	0.25	1	2	57275
114.566	0.25	1	2	57283
114.582	0.25	0	1	57291
114.6	0.25	0	1	57300
114.616	0.25	0	1	57308
116.1	0.25	1	2	58050
116.116	0.25	1	2	58058
116.132	0.25	1	2	58066
116.15	0.25	1	2	58075
116.166	0.25	1	2	58083
116.182	0.25	1	2	58091
116.2	0.25	1	2	58100
116.216	0.25	1	2	58108
116.232	0.25	1	2	58116
116.25	0.25	1	2	58125
116.266	0.25	1	2	58133
116.282	0.25	1	2	58141
116.3	0.25	1	2	58150
116.316	0.25	1	2	58158
116.332	0.25	0	1	58166
116.35	0.25	0	1	58175
116.366	0.25	0	1	58183
116.382	0.25	0	1	58191
116.4	0.25	1	2	58200
116.416	0.25	1	2	58208
116.432	0.25	1	2	58216
116.45	0.25	1	2	58225
116.466	0.25	0	1	58233
116.482	0.25	0	1	58241
116.5	0.25	0	1	58250
116.516	0.25	0	1	58258
116.532	0.25	1	2	58266
116.55	0.25	1	2	58275
116.566	0.25	1	2	58283
116.582	0.25	1	2	58291
116.6	0.25	0	1	58300
116.616	0.25	0	1	58308
116.632	0.25	0	1	58316
116.65	0.25	0	1	58325
116.666	0.25	1	2	58333
116.682	0.25	1	2	58341
116.7	0.25	0	1	58350
116.716	0.25	0	1	58358
116.732	0.25	1	2	58366
116.75	0.25	1	2	58375
116.766	0.25	1	2	58383
116.782	0.25	1	2	58391
116.8	0.25	0	1	58400
116.816	0.25	0	1	58408
116.832	0.25	1	2	58416
116.85	0.25	1	2	58425
116.866	0.25	0	1	58433
116.882	0.25	0	1	58441
116.9	0.25	0	1	58450
116.916	0.25	0	1	58458
116.932	0.25	1	2	58466
116.95	0.25	1	2	58475
116.966	0.25	0	1	58483
116.982	0.25	0	1	58491
117.0	0.25	1	2	58500
117.016	0.25	1	2	58508
117.032	0.25	1	2	58516
117.05	0.25	1	2	58525
117.066	0.25	1	2	58533
117.082	0.25	1	2	58541
117.1	0.25	0	1	58550
117.116	0.25	0	1	58558
117.132	0.25	0	1	58566
117.15	0.25	0	1	58575
117.166	0.25	0	1	58583
117.182	0.25	0	1	58591
117.2	0.25	1	2	58600
117.216	0.25	1	2	58608
117.232	0.25	0	1	58616
117.25	0.25	0	1	58625
117.266	0.25	1	2	58633
117.282	0.25	1	2	58641
117.3	0.25	1	2	58650
117.316	0.25	1	2	58658
117.332	0.25	1	2	58666
117.35	0.25	1	2	58675
117.366	0.25	0	1	58683
117.382	0.25	0	1	58691
117.4	0.25	0	1	58700
117.416	0.25	0	1	58708
117.432	0.25	1	2	58716
117.45	0.25	1	2	58725
117.466	0.25	0	1	58733
117.482	0.25	0	1	58741
117.5	0.25	1	2	58750
117.516	0.25	1	2	58758
117.532	0.25	0	1	58766
117.55	0.25	0	1	58775
117.566	0.25	0	1	58783
117.582	0.25	0	1	58791
117.6	0.25	0	1	58800
117.616	0.25	0	1	58808
117.632	0.25	1	2	58816
117.65	0.25	1	2	58825
117.666	0.25	1	2	58833
117.682	0.25	1	2	58841
117.7	0.25	0	1	58850
117.716	0.25	0	1	58858
117.732	0.25	1	2	58866
117.75	0.25	1	2	58875
117.766	0.25	0	1	58883
117.782	0.25	0	1	58891
117.8	0.25	0	1	58900
117.816	0.25	0	1	58908
117.832	0.25	0	1	58916
117.85	0.25	0	1	58925
117.866	0.25	1	2	58933
117.882	0.25	1	2	58941
117.9	0.25	0	1	58950
117.916	0.25	0	1	58958
117.932	0.25	1	2	58966
117.95	0.25	1	2	58975
117.966	0.25	0	1	58983
117.982	0.25	0	1	58991
118.0	0.25	0	1	59000
118.016	0.25	0	1	59008
118.032	0.25	1	2	59016
119.516	0.25	1	2	59758
119.532	0.25	1	2	59766
119.55	0.25	1	2	59775
119.566	0.25	1	2	59783
119.582	0.25	0	1	59791
119.6	0.25	0	1	59800
119.616	0.25	0	1	59808
119.632	0.25	0	1	59816
119.65	0.25	0	1	59825
119.666	0.25	0	1	59833
119.682	0.25	0	1	59841
119.7	0.25	0	1	59850
119.716	0.25	1	2	59858
119.732	0.25	1	2	59866
119.75	0.25	0	1	59875
119.766	0.25	0	1	59883
119.782	0.25	0	1	59891
119.8	0.25	0	1	59900
119.816	0.25	1	2	59908
119.832	0.25	1	2	59916
119.85	0.25	1	2	59925
119.866	0.25	1	2	59933
119.882	0.25	0	1	59941
119.9	0.25	0	1	59950
119.916	0.25	0	1	59958
119.932	0.25	0	1	59966
119.95	0.25	0	1	59975
119.966	0.25	0	1	59983
119.982	0.25	0	1	59991
120.0	0.25	0	1	60000
120.016	0.25	0	1	60008
120.032	0.25	0	1	60016
120.05	0.25	0	1	60025
120.066	0.25	0	1	60033
120.082	0.25	1	2	60041
120.1	0.25	1	2	60050
120.116	0.25	0	1	60058
120.132	0.25	0	1	60066
120.15	0.25	1	2	60075
120.166	0.25	1	2	60083
120.182	0.25	1	2	60091
120.2	0.25	1	2	60100
120.216	0.25	0	1	60108
120.232	0.25	0	1	60116
120.25	0.25	1	2	60125
120.266	0.25	1	2	60133
120.282	0.25	0	1	60141
120.3	0.25	0	1	60150
120.316	0.25	1	2	60158
120.332	0.25	1	2	60166
120.35	0.25	0	1	60175
120.366	0.25	0	1	60183
120.382	0.25	1	2	60191
120.4	0.25	1	2	60200
120.416	0.25	0	1	60208
120.432	0.25	0	1	60216
120.45	0.25	0	1	60225
120.466	0.25	0	1	60233
120.482	0.25	0	1	60241
120.5	0.25	0	1	60250
120.516	0.25	1	2	60258
120.532	0.25	1	2	60266
120.55	0.25	1	2	60275
120.566	0.25	1	2	60283
120.582	0.25	1	2	60291
120.6	0.25	1	2	60300
120.616	0.25	0	1	60308
120.632	0.25	0	1	60316
120.65	0.25	1	2	60325
120.666	0.25	1	2	60333
120.682	0.25	1	2	60341
120.7	0.25	1	2	60350
120.716	0.25	1	2	60358
120.732	0.25	1	2	60366
120.75	0.25	0	1	60375
120.766	0.25	0	1	60383
120.782	0.25	1	2	60391
120.8	0.25	1	2	60400
120.816	0.25	0	1	60408
120.832	0.25	0	1	60416
120.85	0.25	1	2	60425
120.866	0.25	1	2	60433
120.882	0.25	1	2	60441
120.9	0.25	1	2	60450
120.916	0.25	0	1	60458
120.932	0.25	0	1	60466
120.95	0.25	0	1	60475
120.966	0.25	0	1	60483
120.982	0.25	0	1	60491
121.0	0.25	0	1	60500
121.016	0.25	1	2	60508
121.032	0.25	1	2	60516
121.05	0.25	1	2	60525
121.066	0.25	1	2	60533
121.082	0.25	0	1	60541
121.1	0.25	0	1	60550
121.116	0.25	1	2	60558
121.132	0.25	1	2	60566
121.15	0.25	1	2	60575
121.166	0.25	1	2	60583
121.182	0.25	1	2	60591
121.2	0.25	1	2	60600
121.216	0.25	0	1	60608
121.232	0.25	0	1	60616
121.25	0.25	0	1	60625
121.266	0.25	0	1	60633
121.282	0.25	0	1	60641
121.3	0.25	0	1	60650
121.316	0.25	0	1	60658
121.332	0.25	0	1	60666
121.35	0.25	0	1	60675
121.366	0.25	0	1	60683
121.382	0.25	1	2	60691
121.4	0.25	1	2	60700
121.416	0.25	1	2	60708
121.432	0.25	1	2	60716
121.45	0.25	1	2	60725
126.25	0.25	1	2	63125
126.266	0.25	1	2	63133
126.282	0.25	1	2	63141
126.3	0.25	1	2	63150
126.316	0.25	0	1	63158
126.332	0.25	0	1	63166
126.35	0.25	0	1	63175
126.366	0.25	0	1	63183
126.382	0.25	0	1	63191
126.4	0.25	0	1	63200
126.416	0.25	0	1	63208
126.432	0.25	0	1	63216
126.45	0.25	1	2	63225
126.466	0.25	1	2	63233
126.482	0.25	0	1	63241
126.5	0.25	0	1	63250
126.516	0.25	0	1	63258
126.532	0.25	0	1	63266
126.55	0.25	1	2	63275
126.566	0.25	1	2	63283
126.582	0.25	1	2	63291
126.6	0.25	1	2	63300
126.616	0.25	0	1	63308
126.632	0.25	0	1	63316
126.65	0.25	0	1	63325
126.666	0.25	0	1	63333
126.682	0.25	0	1	63341
126.7	0.25	0	1	63350
126.716	0.25	0	1	63358
126.732	0.25	0	1	63366
126.75	0.25	0	1	63375
126.766	0.25	0	1	63383
126.782	0.25	0	1	63391
126.8	0.25	0	1	63400
126.816	0.25	1	2	63408
126.832	0.25	1	2	63416
126.85	0.25	0	1	63425
126.866	0.25	0	1	63433
126.882	0.25	1	2	63441
126.9	0.25	1	2	63450
126.916	0.25	1	2	63458
126.932	0.25	1	2	63466
126.95	0.25	0	1	63475
126.966	0.25	0	1	63483
126.982	0.25	1	2	63491
127.0	0.25	1	2	63500
127.016	0.25	0	1	63508
127.032	0.25	0	1	63516
127.05	0.25	1	2	63525
127.066	0.25	1	2	63533
127.082	0.25	0	1	63541
127.1	0.25	0	1	63550
127.116	0.25	1	2	63558
127.132	0.25	1	2	63566
127.15	0.25	0	1	63575
127.166	0.25	0	1	63583
127.182	0.25	0	1	63591
127.2	0.25	0	1	63600
127.216	0.25	0	1	63608
127.232	0.25	0	1	63616
127.25	0.25	1	2	63625
127.266	0.25	1	2	63633
127.282	0.25	1	2	63641
127.3	0.25	1	2	63650
127.316	0.25	1	2	63658
127.332	0.25	1	2	63666
127.35	0.25	0	1	63675
127.366	0.25	0	1	63683
127.382	0.25	1	2	63691
127.4	0.25	1	2	63700
127.416	0.25	1	2	63708
127.432	0.25	1	2	63716
127.45	0.25	1	2	63725
127.466	0.25	1	2	63733
127.482	0.25	0	1	63741
127.5	0.25	0	1	63750
127.516	0.25	1	2	63758
127.532	0.25	1	2	63766
127.55	0.25	0	1	63775
127.566	0.25	0	1	63783
127.582	0.25	1	2	63791
127.6	0.25	1	2	63800
127.616	0.25	1	2	63808
127.632	0.25	1	2	63816
127.65	0.25	0	1	63825
127.666	0.25	0	1	63833
127.682	0.25	0	1	63841
127.7	0.25	0	1	63850
127.716	0.25	0	1	63858
127.732	0.25	0	1	63866
127.75	0.25	1	2	63875
127.766	0.25	1	2	63883
127.782	0.25	1	2	63891
127.8	0.25	1	2	63900
127.816	0.25	0	1	63908
127.832	0.25	0	1	63916
127.85	0.25	1	2	63925
127.866	0.25	1	2	63933
127.882	0.25	1	2	63941
127.9	0.25	1	2	63950
127.916	0.25	1	2	63958
127.932	0.25	1	2	63966
127.95	0.25	0	1	63975
127.966	0.25	0	1	63983
127.982	0.25	0	1	63991
128.0	0.25	0	1	64000
128.016	0.25	0	1	64008
128.032	0.25	0	1	64016
128.05	0.25	0	1	64025
128.066	0.25	0	1	64033
128.082	0.25	0	1	64041
128.1	0.25	0	1	64050
128.116	0.25	1	2	64058
128.132	0.25	1	2	64066
128.15	0.25	1	2	64075
128.166	0.25	1	2	64083
128.182	0.25	1	2	64091
129.666	0.25	0	1	64833
129.682	0.25	0	1	64841
129.698	0.25	0	1	64849
129.716	0.25	0	1	64858
129.732	0.25	1	2	64866
129.75	0.25	1	2	64875
129.766	0.25	1	2	64883
129.782	0.25	1	2	64891
129.8	0.25	0	1	64900
129.816	0.25	0	1	64908
129.832	0.25	0	1	64916
129.85	0.25	0	1	64925
129.866	0.25	0	1	64933
129.882	0.25	0	1	64941
129.9	0.25	0	1	64950
129.916	0.25	0	1	64958
129.932	0.25	1	2	64966
129.948	0.25	1	2	64974
129.966	0.25	1	2	64983
129.982	0.25	1	2	64991
130.0	0.25	1	2	65000
130.016	0.25	1	2	65008
130.032	0.25	1	2	65016
130.05	0.25	1	2	65025
130.066	0.25	1	2	65033
130.082	0.25	1	2	65041
130.1	0.25	0	1	65050
130.116	0.25	0	1	65058
130.132	0.25	0	1	65066
130.15	0.25	0	1	65075
130.166	0.25	0	1	65083
130.182	0.25	0	1	65091
130.198	0.25	0	1	65099
130.216	0.25	0	1	65108
130.232	0.25	0	1	65116
130.25	0.25	0	1	65125
130.266	0.25	0	1	65133
130.282	0.25	0	1	65141
130.3	0.25	1	2	65150
130.316	0.25	1	2	65158
130.332	0.25	1	2	65166
130.35	0.25	1	2	65175
130.366	0.25	0	1	65183
130.382	0.25	0	1	65191
130.4	0.25	0	1	65200
130.416	0.25	0	1	65208
130.432	0.25	1	2	65216
130.448	0.25	1	2	65224
130.466	0.25	0	1	65233
130.482	0.25	0	1	65241
130.5	0.25	1	2	65250
130.516	0.25	1	2	65258
130.532	0.25	0	1	65266
130.55	0.25	0	1	65275
130.566	0.25	1	2	65283
130.582	0.25	1	2	65291
130.6	0.25	0	1	65300
130.616	0.25	0	1	65308
130.632	0.25	1	2	65316
130.65	0.25	1	2	65325
130.666	0.25	1	2	65333
130.682	0.25	1	2	65341
130.698	0.25	0	1	65349
130.716	0.25	0	1	65358
130.732	0.25	1	2	65366
130.75	0.25	1	2	65375
130.766	0.25	0	1	65383
130.782	0.25	0	1	65391
130.8	0.25	0	1	65400
130.816	0.25	0	1	65408
130.832	0.25	0	1	65416
130.85	0.25	0	1	65425
130.866	0.25	1	2	65433
130.882	0.25	1	2	65441
130.9	0.25	0	1	65450
130.916	0.25	0	1	65458
130.932	0.25	0	1	65466
130.948	0.25	0	1	65474
130.966	0.25	0	1	65483
130.982	0.25	0	1	65491
131.0	0.25	1	2	65500
131.016	0.25	1	2	65508
131.032	0.25	1	2	65516
131.05	0.25	1	2	65525
131.066	0.25	1	2	65533
131.082	0.25	1	2	65541
131.1	0.25	0	1	65550
131.116	0.25	0	1	65558
131.132	0.25	1	2	65566
131.15	0.25	1	2	65575
131.166	0.25	0	1	65583
131.182	0.25	0	1	65591
131.2	0.25	1	2	65600
131.216	0.25	1	2	65608
131.232	0.25	1	2	65616
131.25	0.25	1	2	65625
131.266	0.25	1	2	65633
131.282	0.25	1	2	65641
131.3	0.25	1	2	65650
131.316	0.25	1	2	65658
131.332	0.25	1	2	65666
131.35	0.25	1	2	65675
131.366	0.25	0	1	65683
131.382	0.25	0	1	65691
131.4	0.25	0	1	65700
131.416	0.25	0	1	65708
131.432	0.25	1	2	65716
131.45	0.25	1	2	65725
131.466	0.25	0	1	65733
131.482	0.25	0	1	65741
131.5	0.25	0	1	65750
131.516	0.25	0	1	65758
131.532	0.25	0	1	65766
131.55	0.25	0	1	65775
131.566	0.25	1	2	65783
131.582	0.25	1	2	65791
131.6	0.25	1	2	65800
133.082	0.25	1	2	66541
133.1	0.25	1	2	66550
133.116	0.25	1	2	66558
133.132	0.25	1	2	66566
133.15	0.25	1	2	66575
133.166	0.25	1	2	66583
133.182	0.25	1	2	66591
133.2	0.25	1	2	66600
133.216	0.25	1	2	66608
133.232	0.25	1	2	66616
133.25	0.25	1	2	66625
133.266	0.25	1	2	66633
133.282	0.25	1	2	66641
133.3	0.25	1	2	66650
133.316	0.25	0	1	66658
133.332	0.25	0	1	66666
133.35	0.25	0	1	66675
133.366	0.25	0	1	66683
133.382	0.25	1	2	66691
133.4	0.25	1	2	66700
133.416	0.25	1	2	66708
133.432	0.25	1	2	66716
133.45	0.25	0	1	66725
133.466	0.25	0	1	66733
133.482	0.25	0	1	66741
133.5	0.25	0	1	66750
133.516	0.25	1	2	66758
133.532	0.25	1	2	66766
133.55	0.25	1	2	66775
133.566	0.25	1	2	66783
133.582	0.25	0	1	66791
133.6	0.25	0	1	66800
133.616	0.25	0	1	66808
133.632	0.25	0	1	66816
133.65	0.25	1	2	66825
133.666	0.25	1	2	66833
133.682	0.25	0	1	66841
133.7	0.25	0	1	66850
133.716	0.25	1	2	66858
133.732	0.25	1	2	66866
133.75	0.25	1	2	66875
133.766	0.25	1	2	66883
133.782	0.25	0	1	66891
133.8	0.25	0	1	66900
133.816	0.25	1	2	66908
133.832	0.25	1	2	66916
133.85	0.25	0	1	66925
133.866	0.25	0	1	66933
133.882	0.25	0	1	66941
133.9	0.25	0	1	66950
133.916	0.25	1	2	66958
133.932	0.25	1	2	66966
133.95	0.25	0	1	66975
133.966	0.25	0	1	66983
133.982	0.25	1	2	66991
134.0	0.25	1	2	67000
134.016	0.25	1	2	67008
134.032	0.25	1	2	67016
134.05	0.25	1	2	67025
134.066	0.25	1	2	67033
134.082	0.25	0	1	67041
134.1	0.25	0	1	67050
134.116	0.25	0	1	67058
134.132	0.25	0	1	67066
134.15	0.25	0	1	67075
134.166	0.25	0	1	67083
134.182	0.25	1	2	67091
134.2	0.25	1	2	67100
134.216	0.25	0	1	67108
134.232	0.25	0	1	67116
134.25	0.25	1	2	67125
134.266	0.25	1	2	67133
134.282	0.25	1	2	67141
134.3	0.25	1	2	67150
134.316	0.25	1	2	67158
134.332	0.25	1	2	67166
134.35	0.25	0	1	67175
134.366	0.25	0	1	67183
134.382	0.25	0	1	67191
134.4	0.25	0	1	67200
134.416	0.25	1	2	67208
134.432	0.25	1	2	67216
134.45	0.25	0	1	67225
134.466	0.25	0	1	67233
134.482	0.25	1	2	67241
134.5	0.25	1	2	67250
134.516	0.25	0	1	67258
134.532	0.25	0	1	67266
134.55	0.25	0	1	67275
134.566	0.25	0	1	67283
134.582	0.25	0	1	67291
134.6	0.25	0	1	67300
134.616	0.25	1	2	67308
134.632	0.25	1	2	67316
134.65	0.25	1	2	67325
134.666	0.25	1	2	67333
134.682	0.25	0	1	67341
134.7	0.25	0	1	67350
134.716	0.25	1	2	67358
134.732	0.25	1	2	67366
134.75	0.25	0	1	67375
134.766	0.25	0	1	67383
134.782	0.25	0	1	67391
134.8	0.25	0	1	67400
134.816	0.25	0	1	67408
134.832	0.25	0	1	67416
134.85	0.25	1	2	67425
134.866	0.25	1	2	67433
134.882	0.25	0	1	67441
134.9	0.25	0	1	67450
134.916	0.25	1	2	67458
134.932	0.25	1	2	67466
134.95	0.25	0	1	67475
134.966	0.25	0	1	67483
134.982	0.25	0	1	67491
135.0	0.25	0	1	67500
135.016	0.25	1	2	67508
136.5	0.25	1	2	68250
136.516	0.25	1	2	68258
136.532	0.25	1	2	68266
136.55	0.25	1	2	68275
136.566	0.25	0	1	68283
136.582	0.25	0	1	68291
136.6	0.25	1	2	68300
136.616	0.25	1	2	68308
136.632	0.25	1	2	68316
136.65	0.25	1	2	68325
136.666	0.25	0	1	68333
136.682	0.25	0	1	68341
136.7	0.25	1	2	68350
136.716	0.25	1	2	68358
136.732	0.25	1	2	68366
136.75	0.25	1	2	68375
136.766	0.25	0	1	68383
136.782	0.25	0	1	68391
136.8	0.25	1	2	68400
136.816	0.25	1	2	68408
136.832	0.25	1	2	68416
136.85	0.25	1	2	68425
136.866	0.25	0	1	68433
136.882	0.25	0	1	68441
136.9	0.25	0	1	68450
136.916	0.25	0	1	68458
136.932	0.25	0	1	68466
136.95	0.25	0	1	68475
136.966	0.25	1	2	68483
136.982	0.25	1	2	68491
137.0	0.25	1	2	68500
137.016	0.25	1	2	68508
137.032	0.25	1	2	68516
137.05	0.25	1	2	68525
137.066	0.25	0	1	68533
137.082	0.25	0	1	68541
137.1	0.25	0	1	68550
137.116	0.25	0	1	68558
137.132	0.25	0	1	68566
137.15	0.25	0	1	68575
137.166	0.25	1	2	68583
137.182	0.25	1	2	68591
137.2	0.25	1	2	68600
137.216	0.25	1	2	68608
137.232	0.25	1	2	68616
137.25	0.25	1	2	68625
137.266	0.25	1	2	68633
137.282	0.25	1	2	68641
137.3	0.25	1	2	68650
137.316	0.25	1	2	68658
137.332	0.25	0	1	68666
137.35	0.25	0	1	68675
137.366	0.25	0	1	68683
137.382	0.25	0	1	68691
137.4	0.25	1	2	68700
137.416	0.25	1	2	68708
137.432	0.25	0	1	68716
137.45	0.25	0	1	68725
137.466	0.25	1	2	68733
137.482	0.25	1	2	68741
137.5	0.25	0	1	68750
137.516	0.25	0	1	68758
137.532	0.25	0	1	68766
137.55	0.25	0	1	68775
137.566	0.25	1	2	68783
137.582	0.25	1	2	68791
137.6	0.25	1	2	68800
137.616	0.25	1	2	68808
137.632	0.25	0	1	68816
137.65	0.25	0	1	68825
137.666	0.25	0	1	68833
137.682	0.25	0	1	68841
137.7	0.25	0	1	68850
137.716	0.25	0	1	68858
137.732	0.25	0	1	68866
137.75	0.25	0	1	68875
137.766	0.25	1	2	68883
137.782	0.25	1	2	68891
137.8	0.25	0	1	68900
137.816	0.25	0	1	68908
137.832	0.25	0	1	68916
137.85	0.25	0	1	68925
137.866	0.25	0	1	68933
137.882	0.25	0	1	68941
137.9	0.25	0	1	68950
137.916	0.25	0	1	68958
137.932	0.25	1	2	68966
137.95	0.25	1	2	68975
137.966	0.25	1	2	68983
137.982	0.25	1	2	68991
138.0	0.25	1	2	69000
138.016	0.25	1	2	69008
138.032	0.25	1	2	69016
138.05	0.25	1	2	69025
138.066	0.25	1	2	69033
138.082	0.25	1	2	69041
138.1	0.25	1	2	69050
138.116	0.25	1	2	69058
138.132	0.25	0	1	69066
138.15	0.25	0	1	69075
138.166	0.25	1	2	69083
138.182	0.25	1	2	69091
138.2	0.25	0	1	69100
138.216	0.25	0	1	69108
138.232	0.25	1	2	69116
138.25	0.25	1	2	69125
138.266	0.25	0	1	69133
138.282	0.25	0	1	69141
138.3	0.25	0	1	69150
138.316	0.25	0	1	69158
138.332	0.25	1	2	69166
138.35	0.25	1	2	69175
138.366	0.25	1	2	69183
138.382	0.25	1	2	69191
138.4	0.25	0	1	69200
138.416	0.25	0	1	69208
138.432	0.25	0	1	69216
142.116	0.25	1	2	71058
142.132	0.25	1	2	71066
142.15	0.25	1	2	71075
142.166	0.25	1	2	71083
142.182	0.25	0	1	71091
142.2	0.25	0	1	71100
142.216	0.25	1	2	71108
142.232	0.25	1	2	71116
142.25	0.25	1	2	71125
142.266	0.25	1	2	71133
142.282	0.25	0	1	71141
142.3	0.25	0	1	71150
142.316	0.25	1	2	71158
142.332	0.25	1	2	71166
142.35	0.25	1	2	71175
142.366	0.25	1	2	71183
142.382	0.25	0	1	71191
142.4	0.25	0	1	71200
142.416	0.25	1	2	71208
142.432	0.25	1	2	71216
142.45	0.25	1	2	71225
142.466	0.25	1	2	71233
142.482	0.25	0	1	71241
142.5	0.25	0	1	71250
142.516	0.25	0	1	71258
142.532	0.25	0	1	71266
142.55	0.25	0	1	71275
142.566	0.25	0	1	71283
142.582	0.25	1	2	71291
142.6	0.25	1	2	71300
142.616	0.25	1	2	71308
142.632	0.25	1	2	71316
142.65	0.25	1	2	71325
142.666	0.25	1	2	71333
142.682	0.25	0	1	71341
142.7	0.25	0	1	71350
142.716	0.25	0	1	71358
142.732	0.25	0	1	71366
142.75	0.25	0	1	71375
142.766	0.25	0	1	71383
142.782	0.25	1	2	71391
142.8	0.25	1	2	71400
142.816	0.25	1	2	71408
142.832	0.25	1	2	71416
142.85	0.25	1	2	71425
142.866	0.25	1	2	71433
142.882	0.25	1	2	71441
142.9	0.25	1	2	71450
142.916	0.25	1	2	71458
142.932	0.25	1	2	71466
142.95	0.25	0	1	71475
142.966	0.25	0	1	71483
142.982	0.25	0	1	71491
143.0	0.25	0	1	71500
143.016	0.25	1	2	71508
143.032	0.25	1	2	71516
143.05	0.25	0	1	71525
143.066	0.25	0	1	71533
143.082	0.25	1	2	71541
143.1	0.25	1	2	71550
143.116	0.25	0	1	71558
143.132	0.25	0	1	71566
143.15	0.25	0	1	71575
143.166	0.25	0	1	71583
143.182	0.25	1	2	71591
143.2	0.25	1	2	71600
143.216	0.25	1	2	71608
143.232	0.25	1	2	71616
143.25	0.25	0	1	71625
143.266	0.25	0	1	71633
143.282	0.25	0	1	71641
143.3	0.25	0	1	71650
143.316	0.25	0	1	71658
143.332	0.25	0	1	71666
143.35	0.25	0	1	71675
143.366	0.25	0	1	71683
143.382	0.25	1	2	71691
143.4	0.25	1	2	71700
143.416	0.25	0	1	71708
143.432	0.25	0	1	71716
143.45	0.25	0	1	71725
143.466	0.25	0	1	71733
143.482	0.25	0	1	71741
143.5	0.25	0	1	71750
143.516	0.25	0	1	71758
143.532	0.25	0	1	71766
143.55	0.25	1	2	71775
143.566	0.25	1	2	71783
143.582	0.25	1	2	71791
143.6	0.25	1	2	71800
143.616	0.25	1	2	71808
143.632	0.25	1	2	71816
143.65	0.25	1	2	71825
143.666	0.25	1	2	71833
143.682	0.25	1	2	71841
143.7	0.25	1	2	71850
143.716	0.25	1	2	71858
143.732	0.25	1	2	71866
143.75	0.25	0	1	71875
143.766	0.25	0	1	71883
143.782	0.25	1	2	71891
143.8	0.25	1	2	71900
143.816	0.25	0	1	71908
143.832	0.25	0	1	71916
143.85	0.25	1	2	71925
143.866	0.25	1	2	71933
143.882	0.25	0	1	71941
143.9	0.25	0	1	71950
143.916	0.25	0	1	71958
143.932	0.25	0	1	71966
143.95	0.25	1	2	71975
143.966	0.25	1	2	71983
143.982	0.25	1	2	71991
144.0	0.25	1	2	72000
144.016	0.25	0	1	72008
144.032	0.25	0	1	72016
144.05	0.25	0	1	72025
145.532	0.25	1	2	72766
145.55	0.25	1	2	72775
145.566	0.25	1	2	72783
145.582	0.25	1	2	72791
145.6	0.25	0	1	72800
145.616	0.25	0	1	72808
145.632	0.25	0	1	72816
145.65	0.25	0	1	72825
145.666	0.25	0	1	72833
145.682	0.25	0	1	72841
145.7	0.25	0	1	72850
145.716	0.25	0	1	72858
145.732	0.25	1	2	72866
145.75	0.25	1	2	72875
145.766	0.25	0	1	72883
145.782	0.25	0	1	72891
145.8	0.25	0	1	72900
145.816	0.25	0	1	72908
145.832	0.25	1	2	72916
145.85	0.25	1	2	72925
145.866	0.25	1	2	72933
145.882	0.25	1	2	72941
145.9	0.25	0	1	72950
145.916	0.25	0	1	72958
145.932	0.25	0	1	72966
145.95	0.25	0	1	72975
145.966	0.25	0	1	72983
145.982	0.25	0	1	72991
146.0	0.25	0	1	73000
146.016	0.25	0	1	73008
146.032	0.25	0	1	73016
146.05	0.25	0	1	73025
146.066	0.25	0	1	73033
146.082	0.25	0	1	73041
146.1	0.25	1	2	73050
146.116	0.25	1	2	73058
146.132	0.25	0	1	73066
146.15	0.25	0	1	73075
146.166	0.25	1	2	73083
146.182	0.25	1	2	73091
146.2	0.25	1	2	73100
146.216	0.25	1	2	73108
146.232	0.25	0	1	73116
146.25	0.25	0	1	73125
146.266	0.25	1	2	73133
146.282	0.25	1	2	73141
146.3	0.25	0	1	73150
146.316	0.25	0	1	73158
146.332	0.25	1	2	73166
146.35	0.25	1	2	73175
146.366	0.25	0	1	73183
146.382	0.25	0	1	73191
146.4	0.25	1	2	73200
146.416	0.25	1	2	73208
146.432	0.25	0	1	73216
146.45	0.25	0	1	73225
146.466	0.25	0	1	73233
146.482	0.25	0	1	73241
146.5	0.25	0	1	73250
146.516	0.25	0	1	73258
146.532	0.25	1	2	73266
146.55	0.25	1	2	73275
146.566	0.25	1	2	73283
146.582	0.25	1	2	73291
146.6	0.25	1	2	73300
146.616	0.25	1	2	73308
146.632	0.25	0	1	73316
146.65	0.25	0	1	73325
146.666	0.25	1	2	73333
146.682	0.25	1	2	73341
146.7	0.25	1	2	73350
146.716	0.25	1	2	73358
146.732	0.25	1	2	73366
146.75	0.25	1	2	73375
146.766	0.25	0	1	73383
146.782	0.25	0	1	73391
146.8	0.25	1	2	73400
146.816	0.25	1	2	73408
146.832	0.25	0	1	73416
146.85	0.25	0	1	73425
146.866	0.25	1	2	73433
146.882	0.25	1	2	73441
146.9	0.25	1	2	73450
146.916	0.25	1	2	73458
146.932	0.25	0	1	73466
146.95	0.25	0	1	73475
146.966	0.25	0	1	73483
146.982	0.25	0	1	73491
147.0	0.25	0	1	73500
147.016	0.25	0	1	73508
147.032	0.25	1	2	73516
147.05	0.25	1	2	73525
147.066	0.25	1	2	73533
147.082	0.25	1	2	73541
147.1	0.25	0	1	73550
147.116	0.25	0	1	73558
147.132	0.25	1	2	73566
147.15	0.25	1	2	73575
147.166	0.25	1	2	73583
147.182	0.25	1	2	73591
147.2	0.25	1	2	73600
147.216	0.25	1	2	73608
147.232	0.25	0	1	73616
147.25	0.25	0	1	73625
147.266	0.25	0	1	73633
147.282	0.25	0	1	73641
147.3	0.25	0	1	73650
147.316	0.25	0	1	73658
147.332	0.25	0	1	73666
147.35	0.25	0	1	73675
147.366	0.25	0	1	73683
147.382	0.25	0	1	73691
147.4	0.25	1	2	73700
147.416	0.25	1	2	73708
147.432	0.25	1	2	73716
147.45	0.25	1	2	73725
147.466	0.25	1	2	73733
148.95	0.25	0	1	74475
148.966	0.25	0	1	74483
148.982	0.25	0	1	74491
149.0	0.25	0	1	74500
149.016	0.25	1	2	74508
149.032	0.25	1	2	74516
149.05	0.25	1	2	74525
149.066	0.25	1	2	74533
149.082	0.25	0	1	74541
149.1	0.25	0	1	74550
149.116	0.25	0	1	74558
149.132	0.25	0	1	74566
149.15	0.25	0	1	74575
149.166	0.25	0	1	74583
149.182	0.25	0	1	74591
149.2	0.25	0	1	74600
149.216	0.25	1	2	74608
149.232	0.25	1	2	74616
149.25	0.25	1	2	74625
149.266	0.25	1	2	74633
149.282	0.25	1	2	74641
149.3	0.25	1	2	74650
149.316	0.25	1	2	74658
149.332	0.25	1	2	74666
149.35	0.25	1	2	74675
149.366	0.25	1	2	74683
149.382	0.25	0	1	74691
149.4	0.25	0	1	74700
149.416	0.25	0	1	74708
149.432	0.25	0	1	74716
149.45	0.25	0	1	74725
149.466	0.25	0	1	74733
149.482	0.25	0	1	74741
149.5	0.25	0	1	74750
149.516	0.25	0	1	74758
149.532	0.25	0	1	74766
149.55	0.25	0	1	74775
149.566	0.25	0	1	74783
149.582	0.25	1	2	74791
149.6	0.25	1	2	74800
149.616	0.25	1	2	74808
149.632	0.25	1	2	74816
149.65	0.25	0	1	74825
149.666	0.25	0	1	74833
149.682	0.25	0	1	74841
149.7	0.25	0	1	74850
149.716	0.25	1	2	74858
149.732	0.25	1	2	74866
149.75	0.25	0	1	74875
149.766	0.25	0	1	74883
149.782	0.25	1	2	74891
149.8	0.25	1	2	74900
149.816	0.25	0	1	74908
149.832	0.25	0	1	74916
149.85	0.25	1	2	74925
149.866	0.25	1	2	74933
149.882	0.25	0	1	74941
149.9	0.25	0	1	74950
149.916	0.25	1	2	74958
149.932	0.25	1	2	74966
149.95	0.25	1	2	74975
149.966	0.25	1	2	74983
149.982	0.25	0	1	74991
150.0	0.25	0	1	75000
150.016	0.25	1	2	75008
150.032	0.25	1	2	75016
150.05	0.25	0	1	75025
150.066	0.25	0	1	75033
150.082	0.25	0	1	75041
150.1	0.25	0	1	75050
150.116	0.25	0	1	75058
150.132	0.25	0	1	75066
150.15	0.25	1	2	75075
150.166	0.25	1	2	75083
150.182	0.25	0	1	75091
150.2	0.25	0	1	75100
150.216	0.25	0	1	75108
150.232	0.25	0	1	75116
150.25	0.25	0	1	75125
150.266	0.25	0	1	75133
150.282	0.25	1	2	75141
150.3	0.25	1	2	75150
150.316	0.25	1	2	75158
150.332	0.25	1	2	75166
150.35	0.25	1	2	75175
150.366	0.25	1	2	75183
150.382	0.25	0	1	75191
150.4	0.25	0	1	75200
150.416	0.25	1	2	75208
150.432	0.25	1	2	75216
150.45	0.25	0	1	75225
150.466	0.25	0	1	75233
150.482	0.25	1	2	75241
150.5	0.25	1	2	75250
150.516	0.25	1	2	75258
150.532	0.25	1	2	75266
150.55	0.25	1	2	75275
150.566	0.25	1	2	75283
150.582	0.25	1	2	75291
150.6	0.25	1	2	75300
150.616	0.25	1	2	75308
150.632	0.25	1	2	75316
150.65	0.25	0	1	75325
150.666	0.25	0	1	75333
150.682	0.25	0	1	75341
150.7	0.25	0	1	75350
150.716	0.25	1	2	75358
150.732	0.25	1	2	75366
150.75	0.25	0	1	75375
150.766	0.25	0	1	75383
150.782	0.25	0	1	75391
150.8	0.25	0	1	75400
150.816	0.25	0	1	75408
150.832	0.25	0	1	75416
150.85	0.25	1	2	75425
150.866	0.25	1	2	75433
150.882	0.25	1	2	75441
152.366	0.25	1	2	76183
152.382	0.25	1	2	76191
152.4	0.25	1	2	76200
152.416	0.25	1	2	76208
152.432	0.25	1	2	76216
152.45	0.25	1	2	76225
152.466	0.25	1	2	76233
152.482	0.25	1	2	76241
152.5	0.25	1	2	76250
152.516	0.25	1	2	76258
152.532	0.25	1	2	76266
152.55	0.25	1	2	76275
152.566	0.25	1	2	76283
152.582	0.25	1	2	76291
152.6	0.25	0	1	76300
152.616	0.25	0	1	76308
152.632	0.25	0	1	76316
152.65	0.25	0	1	76325
152.666	0.25	1	2	76333
152.682	0.25	1	2	76341
152.7	0.25	1	2	76350
152.716	0.25	1	2	76358
152.732	0.25	0	1	76366
152.75	0.25	0	1	76375
152.766	0.25	0	1	76383
152.782	0.25	0	1	76391
152.8	0.25	1	2	76400
152.816	0.25	1	2	76408
152.832	0.25	1	2	76416
152.85	0.25	1	2	76425
152.866	0.25	0	1	76433
152.882	0.25	0	1	76441
152.9	0.25	0	1	76450
152.916	0.25	0	1	76458
152.932	0.25	1	2	76466
152.95	0.25	1	2	76475
152.966	0.25	0	1	76483
152.982	0.25	0	1	76491
153.0	0.25	1	2	76500
153.016	0.25	1	2	76508
153.032	0.25	1	2	76516
153.05	0.25	1	2	76525
153.066	0.25	0	1	76533
153.082	0.25	0	1	76541
153.1	0.25	1	2	76550
153.116	0.25	1	2	76558
153.132	0.25	0	1	76566
153.15	0.25	0	1	76575
153.166	0.25	0	1	76583
153.182	0.25	0	1	76591
153.2	0.25	1	2	76600
153.216	0.25	1	2	76608
153.232	0.25	0	1	76616
153.25	0.25	0	1	76625
153.266	0.25	1	2	76633
153.282	0.25	1	2	76641
153.3	0.25	1	2	76650
153.316	0.25	1	2	76658
153.332	0.25	1	2	76666
153.35	0.25	1	2	76675
153.366	0.25	0	1	76683
153.382	0.25	0	1	76691
153.4	0.25	0	1	76700
153.416	0.25	0	1	76708
153.432	0.25	0	1	76716
153.45	0.25	0	1	76725
153.466	0.25	1	2	76733
153.482	0.25	1	2	76741
153.5	0.25	0	1	76750
153.516	0.25	0	1	76758
153.532	0.25	1	2	76766
153.55	0.25	1	2	76775
153.566	0.25	1	2	76783
153.582	0.25	1	2	76791
153.6	0.25	1	2	76800
153.616	0.25	1	2	76808
153.632	0.25	0	1	76816
153.65	0.25	0	1	76825
153.666	0.25	0	1	76833
153.682	0.25	0	1	76841
153.7	0.25	1	2	76850
153.716	0.25	1	2	76858
153.732	0.25	0	1	76866
153.75	0.25	0	1	76875
153.766	0.25	1	2	76883
153.782	0.25	1	2	76891
153.8	0.25	0	1	76900
153.816	0.25	0	1	76908
153.832	0.25	0	1	76916
153.85	0.25	0	1	76925
153.866	0.25	0	1	76933
153.882	0.25	0	1	76941
153.9	0.25	1	2	76950
153.916	0.25	1	2	76958
153.932	0.25	1	2	76966
153.95	0.25	1	2	76975
153.966	0.25	0	1	76983
153.982	0.25	0	1	76991
154.0	0.25	1	2	77000
154.016	0.25	1	2	77008
154.032	0.25	0	1	77016
154.05	0.25	0	1	77025
154.066	0.25	0	1	77033
154.082	0.25	0	1	77041
154.1	0.25	0	1	77050
154.116	0.25	0	1	77058
154.132	0.25	1	2	77066
154.15	0.25	1	2	77075
154.166	0.25	0	1	77083
154.182	0.25	0	1	77091
154.2	0.25	1	2	77100
154.216	0.25	1	2	77108
154.232	0.25	0	1	77116
154.25	0.25	0	1	77125
154.266	0.25	0	1	77133
154.282	0.25	0	1	77141
154.3	0.25	1	2	77150
157.616	0.25	1	2	78808
157.632	0.25	1	2	78816
157.65	0.25	1	2	78825
157.666	0.25	1	2	78833
157.682	0.25	0	1	78841
157.7	0.25	0	1	78850
157.716	0.25	0	1	78858
157.732	0.25	0	1	78866
157.75	0.25	0	1	78875
157.766	0.25	0	1	78883
157.782	0.25	0	1	78891
157.8	0.25	0	1	78900
157.816	0.25	1	2	78908
157.832	0.25	1	2	78916
157.85	0.25	0	1	78925
157.866	0.25	0	1	78933
157.882	0.25	0	1	78941
157.9	0.25	0	1	78950
157.916	0.25	1	2	78958
157.932	0.25	1	2	78966
157.95	0.25	1	2	78975
157.966	0.25	1	2	78983
157.982	0.25	0	1	78991
158.0	0.25	0	1	79000
158.016	0.25	0	1	79008
158.032	0.25	0	1	79016
158.05	0.25	0	1	79025
158.066	0.25	0	1	79033
158.082	0.25	0	1	79041
158.1	0.25	0	1	79050
158.116	0.25	0	1	79058
158.132	0.25	0	1	79066
158.15	0.25	0	1	79075
158.166	0.25	0	1	79083
158.182	0.25	1	2	79091
158.2	0.25	1	2	79100
158.216	0.25	0	1	79108
158.232	0.25	0	1	79116
158.25	0.25	1	2	79125
158.266	0.25	1	2	79133
158.282	0.25	1	2	79141
158.3	0.25	1	2	79150
158.316	0.25	0	1	79158
158.332	0.25	0	1	79166
158.35	0.25	1	2	79175
158.366	0.25	1	2	79183
158.382	0.25	0	1	79191
158.4	0.25	0	1	79200
158.416	0.25	1	2	79208
158.432	0.25	1	2	79216
158.45	0.25	0	1	79225
158.466	0.25	0	1	79233
158.482	0.25	1	2	79241
158.5	0.25	1	2	79250
158.516	0.25	0	1	79258
158.532	0.25	0	1	79266
158.55	0.25	0	1	79275
158.566	0.25	0	1	79283
158.582	0.25	0	1	79291
158.6	0.25	0	1	79300
158.616	0.25	1	2	79308
158.632	0.25	1	2	79316
158.65	0.25	1	2	79325
158.666	0.25	1	2	79333
158.682	0.25	1	2	79341
158.7	0.25	1	2	79350
158.716	0.25	0	1	79358
158.732	0.25	0	1	79366
158.75	0.25	1	2	79375
158.766	0.25	1	2	79383
158.782	0.25	1	2	79391
158.8	0.25	1	2	79400
158.816	0.25	1	2	79408
158.832	0.25	1	2	79416
158.85	0.25	0	1	79425
158.866	0.25	0	1	79433
158.882	0.25	1	2	79441
158.9	0.25	1	2	79450
158.916	0.25	0	1	79458
158.932	0.25	0	1	79466
158.95	0.25	1	2	79475
158.966	0.25	1	2	79483
158.982	0.25	1	2	79491
159.0	0.25	1	2	79500
159.016	0.25	0	1	79508
159.032	0.25	0	1	79516
159.05	0.25	0	1	79525
159.066	0.25	0	1	79533
159.082	0.25	0	1	79541
159.1	0.25	0	1	79550
159.116	0.25	1	2	79558
159.132	0.25	1	2	79566
159.15	0.25	1	2	79575
159.166	0.25	1	2	79583
159.182	0.25	0	1	79591
159.2	0.25	0	1	79600
159.216	0.25	1	2	79608
159.232	0.25	1	2	79616
159.25	0.25	1	2	79625
159.266	0.25	1	2	79633
159.282	0.25	1	2	79641
159.3	0.25	1	2	79650
159.316	0.25	0	1	79658
159.332	0.25	0	1	79666
159.35	0.25	0	1	79675
159.366	0.25	0	1	79683
159.382	0.25	0	1	79691
159.4	0.25	0	1	79700
159.416	0.25	0	1	79708
159.432	0.25	0	1	79716
159.45	0.25	0	1	79725
159.466	0.25	0	1	79733
159.482	0.25	1	2	79741
159.5	0.25	1	2	79750
159.516	0.25	1	2	79758
159.532	0.25	1	2	79766
159.55	0.25	1	2	79775
161.032	0.25	0	1	80516
161.05	0.25	0	1	80525
161.066	0.25	0	1	80533
161.082	0.25	0	1	80541
161.1	0.25	1	2	80550
161.116	0.25	1	2	80558
161.132	0.25	1	2	80566
161.15	0.25	1	2	80575
161.166	0.25	0	1	80583
161.182	0.25	0	1	80591
161.2	0.25	0	1	80600
161.216	0.25	0	1	80608
161.232	0.25	0	1	80616
161.25	0.25	0	1	80625
161.266	0.25	0	1	80633
161.282	0.25	0	1	80641
161.3	0.25	1	2	80650
161.316	0.25	1	2	80658
161.332	0.25	1	2	80666
161.35	0.25	1	2	80675
161.366	0.25	1	2	80683
161.382	0.25	1	2	80691
161.4	0.25	1	2	80700
161.416	0.25	1	2	80708
161.432	0.25	1	2	80716
161.45	0.25	1	2	80725
161.466	0.25	0	1	80733
161.482	0.25	0	1	80741
161.5	0.25	0	1	80750
161.516	0.25	0	1	80758
161.532	0.25	0	1	80766
161.55	0.25	0	1	80775
161.566	0.25	0	1	80783
161.582	0.25	0	1	80791
161.6	0.25	0	1	80800
161.616	0.25	0	1	80808
161.632	0.25	0	1	80816
161.65	0.25	0	1	80825
161.666	0.25	1	2	80833
161.682	0.25	1	2	80841
161.7	0.25	1	2	80850
161.716	0.25	1	2	80858
161.732	0.25	0	1	80866
161.75	0.25	0	1	80875
161.766	0.25	0	1	80883
161.782	0.25	0	1	80891
161.8	0.25	1	2	80900
161.816	0.25	1	2	80908
161.832	0.25	0	1	80916
161.85	0.25	0	1	80925
161.866	0.25	1	2	80933
161.882	0.25	1	2	80941
161.9	0.25	0	1	80950
161.916	0.25	0	1	80958
161.932	0.25	1	2	80966
161.95	0.25	1	2	80975
161.966	0.25	0	1	80983
161.982	0.25	0	1	80991
162.0	0.25	1	2	81000
162.016	0.25	1	2	81008
162.032	0.25	1	2	81016
162.05	0.25	1	2	81025
162.066	0.25	0	1	81033
162.082	0.25	0	1	81041
162.1	0.25	1	2	81050
162.116	0.25	1	2	81058
162.132	0.25	0	1	81066
162.15	0.25	0	1	81075
162.166	0.25	0	1	81083
162.182	0.25	0	1	81091
162.2	0.25	0	1	81100
162.216	0.25	0	1	81108
162.232	0.25	1	2	81116
162.25	0.25	1	2	81125
162.266	0.25	0	1	81133
162.282	0.25	0	1	81141
162.3	0.25	0	1	81150
162.316	0.25	0	1	81158
162.332	0.25	0	1	81166
162.35	0.25	0	1	81175
162.366	0.25	1	2	81183
162.382	0.25	1	2	81191
162.4	0.25	1	2	81200
162.416	0.25	1	2	81208
162.432	0.25	1	2	81216
162.45	0.25	1	2	81225
162.466	0.25	0	1	81233
162.482	0.25	0	1	81241
162.5	0.25	1	2	81250
162.516	0.25	1	2	81258
162.532	0.25	0	1	81266
162.55	0.25	0	1	81275
162.566	0.25	1	2	81283
162.582	0.25	1	2	81291
162.6	0.25	1	2	81300
162.616	0.25	1	2	81308
162.632	0.25	1	2	81316
162.65	0.25	1	2	81325
162.666	0.25	1	2	81333
162.682	0.25	1	2	81341
162.7	0.25	1	2	81350
162.716	0.25	1	2	81358
162.732	0.25	0	1	81366
162.75	0.25	0	1	81375
162.766	0.25	0	1	81383
162.782	0.25	0	1	81391
162.8	0.25	1	2	81400
162.816	0.25	1	2	81408
162.832	0.25	0	1	81416
162.85	0.25	0	1	81425
162.866	0.25	0	1	81433
162.882	0.25	0	1	81441
162.9	0.25	0	1	81450
162.916	0.25	0	1	81458
162.932	0.25	1	2	81466
162.95	0.25	1	2	81475
162.966	0.25	1	2	81483
164.45	0.25	1	2	82225
164.466	0.25	1	2	82233
164.482	0.25	1	2	82241
164.5	0.25	1	2	82250
164.516	0.25	0	1	82258
164.532	0.25	0	1	82266
164.55	0.25	1	2	82275
164.566	0.25	1	2	82283
164.582	0.25	1	2	82291
164.6	0.25	1	2	82300
164.616	0.25	0	1	82308
164.632	0.25	0	1	82316
164.65	0.25	1	2	82325
164.666	0.25	1	2	82333
164.682	0.25	1	2	82341
164.7	0.25	1	2	82350
164.716	0.25	0	1	82358
164.732	0.25	0	1	82366
164.75	0.25	1	2	82375
164.766	0.25	1	2	82383
164.782	0.25	1	2	82391
164.8	0.25	1	2	82400
164.816	0.25	0	1	82408
164.832	0.25	0	1	82416
164.85	0.25	0	1	82425
164.866	0.25	0	1	82433
164.882	0.25	0	1	82441
164.9	0.25	0	1	82450
164.916	0.25	1	2	82458
164.932	0.25	1	2	82466
164.95	0.25	1	2	82475
164.966	0.25	1	2	82483
164.982	0.25	1	2	82491
165.0	0.25	1	2	82500
165.016	0.25	0	1	82508
165.032	0.25	0	1	82516
165.05	0.25	0	1	82525
165.066	0.25	0	1	82533
165.082	0.25	0	1	82541
165.1	0.25	0	1	82550
165.116	0.25	1	2	82558
165.132	0.25	1	2	82566
165.15	0.25	1	2	82575
165.166	0.25	1	2	82583
165.182	0.25	1	2	82591
165.2	0.25	1	2	82600
165.216	0.25	1	2	82608
165.232	0.25	1	2	82616
165.25	0.25	1	2	82625
165.266	0.25	1	2	82633
165.282	0.25	0	1	82641
165.3	0.25	0	1	82650
165.316	0.25	0	1	82658
165.332	0.25	0	1	82666
165.35	0.25	1	2	82675
165.366	0.25	1	2	82683
165.382	0.25	0	1	82691
165.4	0.25	0	1	82700
165.416	0.25	1	2	82708
165.432	0.25	1	2	82716
165.45	0.25	0	1	82725
165.466	0.25	0	1	82733
165.482	0.25	0	1	82741
165.5	0.25	0	1	82750
165.516	0.25	1	2	82758
165.532	0.25	1	2	82766
165.55	0.25	1	2	82775
165.566	0.25	1	2	82783
165.582	0.25	0	1	82791
165.6	0.25	0	1	82800
165.616	0.25	0	1	82808
165.632	0.25	0	1	82816
165.65	0.25	0	1	82825
165.666	0.25	0	1	82833
165.682	0.25	0	1	82841
165.7	0.25	0	1	82850
165.716	0.25	1	2	82858
165.732	0.25	1	2	82866
165.75	0.25	0	1	82875
165.766	0.25	0	1	82883
165.782	0.25	0	1	82891
165.8	0.25	0	1	82900
165.816	0.25	0	1	82908
165.832	0.25	0	1	82916
165.85	0.25	0	1	82925
165.866	0.25	0	1	82933
165.882	0.25	1	2	82941
165.9	0.25	1	2	82950
165.916	0.25	1	2	82958
165.932	0.25	1	2	82966
165.95	0.25	1	2	82975
165.966	0.25	1	2	82983
165.982	0.25	1	2	82991
166.0	0.25	1	2	83000
166.016	0.25	1	2	83008
166.032	0.25	1	2	83016
166.05	0.25	1	2	83025
166.066	0.25	1	2	83033
166.082	0.25	0	1	83041
166.1	0.25	0	1	83050
166.116	0.25	1	2	83058
166.132	0.25	1	2	83066
166.15	0.25	0	1	83075
166.166	0.25	0	1	83083
166.182	0.25	1	2	83091
166.2	0.25	1	2	83100
166.216	0.25	0	1	83108
166.232	0.25	0	1	83116
166.25	0.25	0	1	83125
166.266	0.25	0	1	83133
166.282	0.25	1	2	83141
166.3	0.25	1	2	83150
166.316	0.25	1	2	83158
166.332	0.25	1	2	83166
166.35	0.25	0	1	83175
166.366	0.25	0	1	83183
166.382	0.25	0	1	83191
167.866	0.25	1	2	83933
167.882	0.25	1	2	83941
167.9	0.25	1	2	83950
167.916	0.25	1	2	83958
167.932	0.25	1	2	83966
167.95	0.25	1	2	83975
167.966	0.25	1	2	83983
167.982	0.25	1	2	83991
168.0	0.25	1	2	84000
168.016	0.25	1	2	84008
168.032	0.25	1	2	84016
168.05	0.25	1	2	84025
168.066	0.25	1	2	84033
168.082	0.25	1	2	84041
168.1	0.25	0	1	84050
168.116	0.25	0	1	84058
168.132	0.25	0	1	84066
168.15	0.25	0	1	84075
168.166	0.25	1	2	84083
168.182	0.25	1	2	84091
168.2	0.25	1	2	84100
168.216	0.25	1	2	84108
168.232	0.25	0	1	84116
168.25	0.25	0	1	84125
168.266	0.25	0	1	84133
168.282	0.25	0	1	84141
168.3	0.25	1	2	84150
168.316	0.25	1	2	84158
168.332	0.25	1	2	84166
168.35	0.25	1	2	84175
168.366	0.25	0	1	84183
168.382	0.25	0	1	84191
168.4	0.25	0	1	84200
168.416	0.25	0	1	84208
168.432	0.25	1	2	84216
168.45	0.25	1	2	84225
168.466	0.25	0	1	84233
168.482	0.25	0	1	84241
168.5	0.25	1	2	84250
168.516	0.25	1	2	84258
168.532	0.25	1	2	84266
168.55	0.25	1	2	84275
168.566	0.25	0	1	84283
168.582	0.25	0	1	84291
168.6	0.25	1	2	84300
168.616	0.25	1	2	84308
168.632	0.25	0	1	84316
168.65	0.25	0	1	84325
168.666	0.25	0	1	84333
168.682	0.25	0	1	84341
168.7	0.25	1	2	84350
168.716	0.25	1	2	84358
168.732	0.25	0	1	84366
168.75	0.25	0	1	84375
168.766	0.25	1	2	84383
168.782	0.25	1	2	84391
168.8	0.25	1	2	84400
168.816	0.25	1	2	84408
168.832	0.25	1	2	84416
168.85	0.25	1	2	84425
168.866	0.25	0	1	84433
168.882	0.25	0	1	84441
168.9	0.25	0	1	84450
168.916	0.25	0	1	84458
168.932	0.25	0	1	84466
168.95	0.25	0	1	84475
168.966	0.25	1	2	84483
168.982	0.25	1	2	84491
169.0	0.25	0	1	84500
169.016	0.25	0	1	84508
169.032	0.25	1	2	84516
169.05	0.25	1	2	84525
169.066	0.25	1	2	84533
169.082	0.25	1	2	84541
169.1	0.25	1	2	84550
169.116	0.25	1	2	84558
169.132	0.25	0	1	84566
169.15	0.25	0	1	84575
169.166	0.25	0	1	84583
169.182	0.25	0	1	84591
169.2	0.25	1	2	84600
169.216	0.25	1	2	84608
169.232	0.25	0	1	84616
169.25	0.25	0	1	84625
169.266	0.25	1	2	84633
169.282	0.25	1	2	84641
169.3	0.25	0	1	84650
169.316	0.25	0	1	84658
169.332	0.25	0	1	84666
169.35	0.25	0	1	84675
169.366	0.25	0	1	84683
169.382	0.25	0	1	84691
169.4	0.25	1	2	84700
169.416	0.25	1	2	84708
169.432	0.25	1	2	84716
169.45	0.25	1	2	84725
169.466	0.25	0	1	84733
169.482	0.25	0	1	84741
169.5	0.25	1	2	84750
169.516	0.25	1	2	84758
169.532	0.25	0	1	84766
169.55	0.25	0	1	84775
169.566	0.25	0	1	84783
169.582	0.25	0	1	84791
169.6	0.25	0	1	84800
169.616	0.25	0	1	84808
169.632	0.25	1	2	84816
169.65	0.25	1	2	84825
169.666	0.25	0	1	84833
169.682	0.25	0	1	84841
169.7	0.25	1	2	84850
169.716	0.25	1	2	84858
169.732	0.25	0	1	84866
169.75	0.25	0	1	84875
169.766	0.25	0	1	84883
169.782	0.25	0	1	84891
169.8	0.25	1	2	84900
174.532	0.25	1	2	87266
174.55	0.25	1	2	87275
174.566	0.25	1	2	87283
174.582	0.25	1	2	87291
174.6	0.25	0	1	87300
174.616	0.25	0	1	87308
174.632	0.25	1	2	87316
174.65	0.25	1	2	87325
174.666	0.25	1	2	87333
174.682	0.25	1	2	87341
174.7	0.25	0	1	87350
174.716	0.25	0	1	87358
174.732	0.25	1	2	87366
174.75	0.25	1	2	87375
174.766	0.25	1	2	87383
174.782	0.25	1	2	87391
174.8	0.25	0	1	87400
174.816	0.25	0	1	87408
174.832	0.25	1	2	87416
174.85	0.25	1	2	87425
174.866	0.25	1	2	87433
174.882	0.25	1	2	87441
174.9	0.25	0	1	87450
174.916	0.25	0	1	87458
174.932	0.25	0	1	87466
174.95	0.25	0	1	87475
174.966	0.25	0	1	87483
174.982	0.25	0	1	87491
175.0	0.25	1	2	87500
175.016	0.25	1	2	87508
175.032	0.25	1	2	87516
175.05	0.25	1	2	87525
175.066	0.25	1	2	87533
175.082	0.25	1	2	87541
175.1	0.25	0	1	87550
175.116	0.25	0	1	87558
175.132	0.25	0	1	87566
175.15	0.25	0	1	87575
175.166	0.25	0	1	87583
175.182	0.25	0	1	87591
175.2	0.25	1	2	87600
175.216	0.25	1	2	87608
175.232	0.25	1	2	87616
175.25	0.25	1	2	87625
175.266	0.25	1	2	87633
175.282	0.25	1	2	87641
175.3	0.25	1	2	87650
175.316	0.25	1	2	87658
175.332	0.25	1	2	87666
175.35	0.25	1	2	87675
175.366	0.25	0	1	87683
175.382	0.25	0	1	87691
175.4	0.25	0	1	87700
175.416	0.25	0	1	87708
175.432	0.25	1	2	87716
175.45	0.25	1	2	87725
175.466	0.25	0	1	87733
175.482	0.25	0	1	87741
175.5	0.25	1	2	87750
175.516	0.25	1	2	87758
175.532	0.25	0	1	87766
175.55	0.25	0	1	87775
175.566	0.25	0	1	87783
175.582	0.25	0	1	87791
175.6	0.25	1	2	87800
175.616	0.25	1	2	87808
175.632	0.25	1	2	87816
175.65	0.25	1	2	87825
175.666	0.25	0	1	87833
175.682	0.25	0	1	87841
175.7	0.25	0	1	87850
175.716	0.25	0	1	87858
175.732	0.25	0	1	87866
175.75	0.25	0	1	87875
175.766	0.25	0	1	87883
175.782	0.25	0	1	87891
175.8	0.25	1	2	87900
175.816	0.25	1	2	87908
175.832	0.25	0	1	87916
175.85	0.25	0	1	87925
175.866	0.25	0	1	87933
175.882	0.25	0	1	87941
175.9	0.25	0	1	87950
175.916	0.25	0	1	87958
175.932	0.25	0	1	87966
175.95	0.25	0	1	87975
175.966	0.25	1	2	87983
175.982	0.25	1	2	87991
176.0	0.25	1	2	88000
176.016	0.25	1	2	88008
176.032	0.25	1	2	88016
176.05	0.25	1	2	88025
176.066	0.25	1	2	88033
176.082	0.25	1	2	88041
176.1	0.25	1	2	88050
176.116	0.25	1	2	88058
176.132	0.25	1	2	88066
176.15	0.25	1	2	88075
176.166	0.25	0	1	88083
176.182	0.25	0	1	88091
176.2	0.25	1	2	88100
176.216	0.25	1	2	88108
176.232	0.25	0	1	88116
176.25	0.25	0	1	88125
176.266	0.25	1	2	88133
176.282	0.25	1	2	88141
176.3	0.25	0	1	88150
176.316	0.25	0	1	88158
176.332	0.25	0	1	88166
176.35	0.25	0	1	88175
176.366	0.25	1	2	88183
176.382	0.25	1	2	88191
176.4	0.25	1	2	88200
176.416	0.25	1	2	88208
176.432	0.25	0	1	88216
176.45	0.25	0	1	88225
176.466	0.25	0	1	88233
177.95	0.25	1	2	88975
177.966	0.25	1	2	88983
177.982	0.25	1	2	88991
178.0	0.25	1	2	89000
178.016	0.25	1	2	89008
178.032	0.25	1	2	89016
178.05	0.25	1	2	89025
178.066	0.25	1	2	89033
178.082	0.25	1	2	89041
178.1	0.25	1	2	89050
178.116	0.25	1	2	89058
178.132	0.25	1	2	89066
178.15	0.25	1	2	89075
178.166	0.25	1	2	89083
178.182	0.25	0	1	89091
178.2	0.25	0	1	89100
178.216	0.25	0	1	89108
178.232	0.25	0	1	89116
178.25	0.25	1	2	89125
178.266	0.25	1	2	89133
178.282	0.25	1	2	89141
178.3	0.25	1	2	89150
178.316	0.25	0	1	89158
178.332	0.25	0	1	89166
178.35	0.25	0	1	89175
178.366	0.25	0	1	89183
178.382	0.25	1	2	89191
178.4	0.25	1	2	89200
178.416	0.25	1	2	89208
178.432	0.25	1	2	89216
178.45	0.25	0	1	89225
178.466	0.25	0	1	89233
178.482	0.25	0	1	89241
178.5	0.25	0	1	89250
178.516	0.25	1	2	89258
178.532	0.25	1	2	89266
178.55	0.25	0	1	89275
178.566	0.25	0	1	89283
178.582	0.25	1	2	89291
178.6	0.25	1	2	89300
178.616	0.25	1	2	89308
178.632	0.25	1	2	89316
178.65	0.25	0	1	89325
178.666	0.25	0	1	89333
178.682	0.25	1	2	89341
178.7	0.25	1	2	89350
178.716	0.25	0	1	89358
178.732	0.25	0	1	89366
178.75	0.25	0	1	89375
178.766	0.25	0	1	89383
178.782	0.25	1	2	89391
178.8	0.25	1	2	89400
178.816	0.25	0	1	89408
178.832	0.25	0	1	89416
178.85	0.25	1	2	89425
178.866	0.25	1	2	89433
178.882	0.25	1	2	89441
178.9	0.25	1	2	89450
178.916	0.25	1	2	89458
178.932	0.25	1	2	89466
178.95	0.25	0	1	89475
178.966	0.25	0	1	89483
178.982	0.25	0	1	89491
179.0	0.25	0	1	89500
179.016	0.25	0	1	89508
179.032	0.25	0	1	89516
179.05	0.25	1	2	89525
179.066	0.25	1	2	89533
179.082	0.25	0	1	89541
179.1	0.25	0	1	89550
179.116	0.25	1	2	89558
179.132	0.25	1	2	89566
179.15	0.25	1	2	89575
179.166	0.25	1	2	89583
179.182	0.25	1	2	89591
179.2	0.25	1	2	89600
179.216	0.25	0	1	89608
179.232	0.25	0	1	89616
179.25	0.25	0	1	89625
179.266	0.25	0	1	89633
179.282	0.25	1	2	89641
179.3	0.25	1	2	89650
179.316	0.25	0	1	89658
179.332	0.25	0	1	89666
179.35	0.25	1	2	89675
179.366	0.25	1	2	89683
179.382	0.25	0	1	89691
179.4	0.25	0	1	89700
179.416	0.25	0	1	89708
179.432	0.25	0	1	89716
179.45	0.25	0	1	89725
179.466	0.25	0	1	89733
179.482	0.25	1	2	89741
179.5	0.25	1	2	89750
179.516	0.25	1	2	89758
179.532	0.25	1	2	89766
179.55	0.25	0	1	89775
179.566	0.25	0	1	89783
179.582	0.25	1	2	89791
179.6	0.25	1	2	89800
179.616	0.25	0	1	89808
179.632	0.25	0	1	89816
179.65	0.25	0	1	89825
179.666	0.25	0	1	89833
179.682	0.25	0	1	89841
179.7	0.25	0	1	89850
179.716	0.25	1	2	89858
179.732	0.25	1	2	89866
179.75	0.25	0	1	89875
179.766	0.25	0	1	89883
179.782	0.25	1	2	89891
179.8	0.25	1	2	89900
179.816	0.25	0	1	89908
179.832	0.25	0	1	89916
179.85	0.25	0	1	89925
179.866	0.25	0	1	89933
179.882	0.25	1	2	89941
181.366	0.25	0	1	90683
181.382	0.25	0	1	90691
181.4	0.25	0	1	90700
181.416	0.25	0	1	90708
181.432	0.25	1	2	90716
181.45	0.25	1	2	90725
181.466	0.25	1	2	90733
181.482	0.25	1	2	90741
181.5	0.25	0	1	90750
181.516	0.25	0	1	90758
181.532	0.25	0	1	90766
181.55	0.25	0	1	90775
181.566	0.25	0	1	90783
181.582	0.25	0	1	90791
181.6	0.25	0	1	90800
181.616	0.25	0	1	90808
181.632	0.25	1	2	90816
181.65	0.25	1	2	90825
181.666	0.25	1	2	90833
181.682	0.25	1	2	90841
181.7	0.25	1	2	90850
181.716	0.25	1	2	90858
181.732	0.25	1	2	90866
181.75	0.25	1	2	90875
181.766	0.25	1	2	90883
181.782	0.25	1	2	90891
181.8	0.25	0	1	90900
181.816	0.25	0	1	90908
181.832	0.25	0	1	90916
181.85	0.25	0	1	90925
181.866	0.25	0	1	90933
181.882	0.25	0	1	90941
181.9	0.25	0	1	90950
181.916	0.25	0	1	90958
181.932	0.25	0	1	90966
181.95	0.25	0	1	90975
181.966	0.25	0	1	90983
181.982	0.25	0	1	90991
182.0	0.25	1	2	91000
182.016	0.25	1	2	91008
182.032	0.25	1	2	91016
182.05	0.25	1	2	91025
182.066	0.25	0	1	91033
182.082	0.25	0	1	91041
182.1	0.25	0	1	91050
182.116	0.25	0	1	91058
182.132	0.25	1	2	91066
182.15	0.25	1	2	91075
182.166	0.25	0	1	91083
182.182	0.25	0	1	91091
182.2	0.25	1	2	91100
182.216	0.25	1	2	91108
182.232	0.25	0	1	91116
182.25	0.25	0	1	91125
182.266	0.25	1	2	91133
182.282	0.25	1	2	91141
182.3	0.25	0	1	91150
182.316	0.25	0	1	91158
182.332	0.25	1	2	91166
182.35	0.25	1	2	91175
182.366	0.25	1	2	91183
182.382	0.25	1	2	91191
182.4	0.25	0	1	91200
182.416	0.25	0	1	91208
182.432	0.25	1	2	91216
182.45	0.25	1	2	91225
182.466	0.25	0	1	91233
182.482	0.25	0	1	91241
182.5	0.25	0	1	91250
182.516	0.25	0	1	91258
182.532	0.25	0	1	91266
182.55	0.25	0	1	91275
182.566	0.25	1	2	91283
182.582	0.25	1	2	91291
182.6	0.25	0	1	91300
182.616	0.25	0	1	91308
182.632	0.25	0	1	91316
182.65	0.25	0	1	91325
182.666	0.25	0	1	91333
182.682	0.25	0	1	91341
182.7	0.25	1	2	91350
182.716	0.25	1	2	91358
182.732	0.25	1	2	91366
182.75	0.25	1	2	91375
182.766	0.25	1	2	91383
182.782	0.25	1	2	91391
182.8	0.25	0	1	91400
182.816	0.25	0	1	91408
182.832	0.25	1	2	91416
182.85	0.25	1	2	91425
182.866	0.25	0	1	91433
182.882	0.25	0	1	91441
182.9	0.25	1	2	91450
182.916	0.25	1	2	91458
182.932	0.25	1	2	91466
182.95	0.25	1	2	91475
182.966	0.25	1	2	91483
182.982	0.25	1	2	91491
183.0	0.25	1	2	91500
183.016	0.25	1	2	91508
183.032	0.25	1	2	91516
183.05	0.25	1	2	91525
183.066	0.25	0	1	91533
183.082	0.25	0	1	91541
183.1	0.25	0	1	91550
183.116	0.25	0	1	91558
183.132	0.25	1	2	91566
183.15	0.25	1	2	91575
183.166	0.25	0	1	91583
183.182	0.25	0	1	91591
183.2	0.25	0	1	91600
183.216	0.25	0	1	91608
183.232	0.25	0	1	91616
183.25	0.25	0	1	91625
183.266	0.25	1	2	91633
183.282	0.25	1	2	91641
183.3	0.25	1	2	91650
184.782	0.25	1	2	92391
184.8	0.25	1	2	92400
184.816	0.25	1	2	92408
184.832	0.25	1	2	92416
184.85	0.25	0	1	92425
184.866	0.25	0	1	92433
184.882	0.25	0	1	92441
184.9	0.25	0	1	92450
184.916	0.25	0	1	92458
184.932	0.25	0	1	92466
184.95	0.25	0	1	92475
184.966	0.25	0	1	92483
184.982	0.25	1	2	92491
185.0	0.25	1	2	92500
185.016	0.25	0	1	92508
185.032	0.25	0	1	92516
185.05	0.25	0	1	92525
185.066	0.25	0	1	92533
185.082	0.25	1	2	92541
185.1	0.25	1	2	92550
185.116	0.25	1	2	92558
185.132	0.25	1	2	92566
185.15	0.25	0	1	92575
185.166	0.25	0	1	92583
185.182	0.25	0	1	92591
185.2	0.25	0	1	92600
185.216	0.25	0	1	92608
185.232	0.25	0	1	92616
185.25	0.25	0	1	92625
185.266	0.25	0	1	92633
185.282	0.25	0	1	92641
185.3	0.25	0	1	92650
185.316	0.25	0	1	92658
185.332	0.25	0	1	92666
185.35	0.25	1	2	92675
185.366	0.25	1	2	92683
185.382	0.25	0	1	92691
185.4	0.25	0	1	92700
185.416	0.25	1	2	92708
185.432	0.25	1	2	92716
185.45	0.25	1	2	92725
185.466	0.25	1	2	92733
185.482	0.25	0	1	92741
185.5	0.25	0	1	92750
185.516	0.25	1	2	92758
185.532	0.25	1	2	92766
185.55	0.25	0	1	92775
185.566	0.25	0	1	92783
185.582	0.25	1	2	92791
185.6	0.25	1	2	92800
185.616	0.25	0	1	92808
185.632	0.25	0	1	92816
185.65	0.25	1	2	92825
185.666	0.25	1	2	92833
185.682	0.25	0	1	92841
185.7	0.25	0	1	92850
185.716	0.25	0	1	92858
185.732	0.25	0	1	92866
185.75	0.25	0	1	92875
185.766	0.25	0	1	92883
185.782	0.25	1	2	92891
185.8	0.25	1	2	92900
185.816	0.25	1	2	92908
185.832	0.25	1	2	92916
185.85	0.25	1	2	92925
185.866	0.25	1	2	92933
185.882	0.25	0	1	92941
185.9	0.25	0	1	92950
185.916	0.25	1	2	92958
185.932	0.25	1	2	92966
185.95	0.25	1	2	92975
185.966	0.25	1	2	92983
185.982	0.25	1	2	92991
186.0	0.25	1	2	93000
186.016	0.25	0	1	93008
186.032	0.25	0	1	93016
186.05	0.25	1	2	93025
186.066	0.25	1	2	93033
186.082	0.25	0	1	93041
186.1	0.25	0	1	93050
186.116	0.25	1	2	93058
186.132	0.25	1	2	93066
186.15	0.25	1	2	93075
186.166	0.25	1	2	93083
186.182	0.25	0	1	93091
186.2	0.25	0	1	93100
186.216	0.25	0	1	93108
186.232	0.25	0	1	93116
186.25	0.25	0	1	93125
186.266	0.25	0	1	93133
186.282	0.25	1	2	93141
186.3	0.25	1	2	93150
186.316	0.25	1	2	93158
186.332	0.25	1	2	93166
186.35	0.25	0	1	93175
186.366	0.25	0	1	93183
186.382	0.25	1	2	93191
186.4	0.25	1	2	93200
186.416	0.25	1	2	93208
186.432	0.25	1	2	93216
186.45	0.25	1	2	93225
186.466	0.25	1	2	93233
186.482	0.25	0	1	93241
186.5	0.25	0	1	93250
186.516	0.25	0	1	93258
186.532	0.25	0	1	93266
186.55	0.25	0	1	93275
186.566	0.25	0	1	93283
186.582	0.25	0	1	93291
186.6	0.25	0	1	93300
186.616	0.25	0	1	93308
186.632	0.25	0	1	93316
186.65	0.25	1	2	93325
186.666	0.25	1	2	93333
186.682	0.25	1	2	93341
186.7	0.25	1	2	93350
186.716	0.25	1	2	93358
190.2	0.25	0	1	95100
190.216	0.25	0	1	95108
190.232	0.25	0	1	95116
190.25	0.25	0	1	95125
190.266	0.25	1	2	95133
190.282	0.25	1	2	95141
190.3	0.25	1	2	95150
190.316	0.25	1	2	95158
190.332	0.25	0	1	95166
190.35	0.25	0	1	95175
190.366	0.25	0	1	95183
190.382	0.25	0	1	95191
190.4	0.25	0	1	95200
190.416	0.25	0	1	95208
190.432	0.25	0	1	95216
190.45	0.25	0	1	95225
190.466	0.25	1	2	95233
190.482	0.25	1	2	95241
190.5	0.25	1	2	95250
190.516	0.25	1	2	95258
190.532	0.25	1	2	95266
190.55	0.25	1	2	95275
190.566	0.25	1	2	95283
190.582	0.25	1	2	95291
190.6	0.25	1	2	95300
190.616	0.25	1	2	95308
190.632	0.25	0	1	95316
190.65	0.25	0	1	95325
190.666	0.25	0	1	95333
190.682	0.25	0	1	95341
190.7	0.25	0	1	95350
190.716	0.25	0	1	95358
190.732	0.25	0	1	95366
190.75	0.25	0	1	95375
190.766	0.25	0	1	95383
190.782	0.25	0	1	95391
190.8	0.25	0	1	95400
190.816	0.25	0	1	95408
190.832	0.25	1	2	95416
190.85	0.25	1	2	95425
190.866	0.25	1	2	95433
190.882	0.25	1	2	95441
190.9	0.25	0	1	95450
190.916	0.25	0	1	95458
190.932	0.25	0	1	95466
190.95	0.25	0	1	95475
190.966	0.25	1	2	95483
190.982	0.25	1	2	95491
191.0	0.25	0	1	95500
191.016	0.25	0	1	95508
191.032	0.25	1	2	95516
191.05	0.25	1	2	95525
191.066	0.25	0	1	95533
191.082	0.25	0	1	95541
191.1	0.25	1	2	95550
191.116	0.25	1	2	95558
191.132	0.25	0	1	95566
191.15	0.25	0	1	95575
191.166	0.25	1	2	95583
191.182	0.25	1	2	95591
191.2	0.25	1	2	95600
191.216	0.25	1	2	95608
191.232	0.25	0	1	95616
191.25	0.25	0	1	95625
191.266	0.25	1	2	95633
191.282	0.25	1	2	95641
191.3	0.25	0	1	95650
191.316	0.25	0	1	95658
191.332	0.25	0	1	95666
191.35	0.25	0	1	95675
191.366	0.25	0	1	95683
191.382	0.25	0	1	95691
191.4	0.25	1	2	95700
191.416	0.25	1	2	95708
191.432	0.25	0	1	95716
191.45	0.25	0	1	95725
191.466	0.25	0	1	95733
191.482	0.25	0	1	95741
191.5	0.25	0	1	95750
191.516	0.25	0	1	95758
191.532	0.25	1	2	95766
191.55	0.25	1	2	95775
191.566	0.25	1	2	95783
191.582	0.25	1	2	95791
191.6	0.25	1	2	95800
191.616	0.25	1	2	95808
191.632	0.25	0	1	95816
191.65	0.25	0	1	95825
191.666	0.25	1	2	95833
191.682	0.25	1	2	95841
191.7	0.25	0	1	95850
191.716	0.25	0	1	95858
191.732	0.25	1	2	95866
191.75	0.25	1	2	95875
191.766	0.25	1	2	95883
191.782	0.25	1	2	95891
191.8	0.25	1	2	95900
191.816	0.25	1	2	95908
191.832	0.25	1	2	95916
191.85	0.25	1	2	95925
191.866	0.25	1	2	95933
191.882	0.25	1	2	95941
191.9	0.25	0	1	95950
191.916	0.25	0	1	95958
191.932	0.25	0	1	95966
191.95	0.25	0	1	95975
191.966	0.25	1	2	95983
191.982	0.25	1	2	95991
192.0	0.25	0	1	96000
192.016	0.25	0	1	96008
192.032	0.25	0	1	96016
192.05	0.25	0	1	96025
192.066	0.25	0	1	96033
192.082	0.25	0	1	96041
192.1	0.25	1	2	96050
192.116	0.25	1	2	96058
192.132	0.25	1	2	96066
193.616	0.25	1	2	96808
193.632	0.25	1	2	96816
193.65	0.25	1	2	96825
193.666	0.25	1	2	96833
193.682	0.25	0	1	96841
193.7	0.25	0	1	96850
193.716	0.25	0	1	96858
193.732	0.25	0	1	96866
193.75	0.25	0	1	96875
193.766	0.25	0	1	96883
193.782	0.25	0	1	96891
193.8	0.25	0	1	96900
193.816	0.25	1	2	96908
193.832	0.25	1	2	96916
193.85	0.25	0	1	96925
193.866	0.25	0	1	96933
193.882	0.25	0	1	96941
193.9	0.25	0	1	96950
193.916	0.25	1	2	96958
193.932	0.25	1	2	96966
193.95	0.25	1	2	96975
193.966	0.25	1	2	96983
193.982	0.25	0	1	96991
194.0	0.25	0	1	97000
194.016	0.25	0	1	97008
194.032	0.25	0	1	97016
194.05	0.25	0	1	97025
194.066	0.25	0	1	97033
194.082	0.25	0	1	97041
194.1	0.25	0	1	97050
194.116	0.25	0	1	97058
194.132	0.25	0	1	97066
194.15	0.25	0	1	97075
194.166	0.25	0	1	97083
194.182	0.25	1	2	97091
194.2	0.25	1	2	97100
194.216	0.25	0	1	97108
194.232	0.25	0	1	97116
194.25	0.25	1	2	97125
194.266	0.25	1	2	97133
194.282	0.25	1	2	97141
194.3	0.25	1	2	97150
194.316	0.25	0	1	97158
194.332	0.25	0	1	97166
194.35	0.25	1	2	97175
194.366	0.25	1	2	97183
194.382	0.25	0	1	97191
194.4	0.25	0	1	97200
194.416	0.25	1	2	97208
194.432	0.25	1	2	97216
194.45	0.25	0	1	97225
194.466	0.25	0	1	97233
194.482	0.25	1	2	97241
194.5	0.25	1	2	97250
194.516	0.25	0	1	97258
194.532	0.25	0	1	97266
194.55	0.25	0	1	97275
194.566	0.25	0	1	97283
194.582	0.25	0	1	97291
194.6	0.25	0	1	97300
194.616	0.25	1	2	97308
194.632	0.25	1	2	97316
194.65	0.25	1	2	97325
194.666	0.25	1	2	97333
194.682	0.25	1	2	97341
194.7	0.25	1	2	97350
194.716	0.25	0	1	97358
194.732	0.25	0	1	97366
194.75	0.25	1	2	97375
194.766	0.25	1	2	97383
194.782	0.25	1	2	97391
194.8	0.25	1	2	97400
194.816	0.25	1	2	97408
194.832	0.25	1	2	97416
194.85	0.25	0	1	97425
194.866	0.25	0	1	97433
194.882	0.25	1	2	97441
194.9	0.25	1	2	97450
194.916	0.25	0	1	97458
194.932	0.25	0	1	97466
194.95	0.25	1	2	97475
194.966	0.25	1	2	97483
194.982	0.25	1	2	97491
195.0	0.25	1	2	97500
195.016	0.25	0	1	97508
195.032	0.25	0	1	97516
195.05	0.25	0	1	97525
195.066	0.25	0	1	97533
195.082	0.25	0	1	97541
195.1	0.25	0	1	97550
195.116	0.25	1	2	97558
195.132	0.25	1	2	97566
195.15	0.25	1	2	97575
195.166	0.25	1	2	97583
195.182	0.25	0	1	97591
195.2	0.25	0	1	97600
195.216	0.25	1	2	97608
195.232	0.25	1	2	97616
195.25	0.25	1	2	97625
195.266	0.25	1	2	97633
195.282	0.25	1	2	97641
195.3	0.25	1	2	97650
195.316	0.25	0	1	97658
195.332	0.25	0	1	97666
195.35	0.25	0	1	97675
195.366	0.25	0	1	97683
195.382	0.25	0	1	97691
195.4	0.25	0	1	97700
195.416	0.25	0	1	97708
195.432	0.25	0	1	97716
195.45	0.25	0	1	97725
195.466	0.25	0	1	97733
195.482	0.25	1	2	97741
195.5	0.25	1	2	97750
195.516	0.25	1	2	97758
195.532	0.25	1	2	97766
195.55	0.25	1	2	97775
197.032	0.25	1	2	98516
197.05	0.25	1	2	98525
197.066	0.25	1	2	98533
197.082	0.25	1	2	98541
197.1	0.25	0	1	98550
197.116	0.25	0	1	98558
197.132	0.25	1	2	98566
197.15	0.25	1	2	98575
197.166	0.25	1	2	98583
197.182	0.25	1	2	98591
197.2	0.25	0	1	98600
197.216	0.25	0	1	98608
197.232	0.25	1	2	98616
197.25	0.25	1	2	98625
197.266	0.25	1	2	98633
197.282	0.25	1	2	98641
197.3	0.25	0	1	98650
197.316	0.25	0	1	98658
197.332	0.25	1	2	98666
197.35	0.25	1	2	98675
197.366	0.25	1	2	98683
197.382	0.25	1	2	98691
197.4	0.25	0	1	98700
197.416	0.25	0	1	98708
197.432	0.25	0	1	98716
197.45	0.25	0	1	98725
197.466	0.25	0	1	98733
197.482	0.25	0	1	98741
197.5	0.25	1	2	98750
197.516	0.25	1	2	98758
197.532	0.25	1	2	98766
197.55	0.25	1	2	98775
197.566	0.25	1	2	98783
197.582	0.25	1	2	98791
197.6	0.25	0	1	98800
197.616	0.25	0	1	98808
197.632	0.25	0	1	98816
197.65	0.25	0	1	98825
197.666	0.25	0	1	98833
197.682	0.25	0	1	98841
197.7	0.25	1	2	98850
197.716	0.25	1	2	98858
197.732	0.25	1	2	98866
197.75	0.25	1	2	98875
197.766	0.25	1	2	98883
197.782	0.25	1	2	98891
197.8	0.25	1	2	98900
197.816	0.25	1	2	98908
197.832	0.25	1	2	98916
197.85	0.25	1	2	98925
197.866	0.25	0	1	98933
197.882	0.25	0	1	98941
197.9	0.25	0	1	98950
197.916	0.25	0	1	98958
197.932	0.25	1	2	98966
197.95	0.25	1	2	98975
197.966	0.25	0	1	98983
197.982	0.25	0	1	98991
198.0	0.25	1	2	99000
198.016	0.25	1	2	99008
198.032	0.25	0	1	99016
198.05	0.25	0	1	99025
198.066	0.25	0	1	99033
198.082	0.25	0	1	99041
198.1	0.25	1	2	99050
198.116	0.25	1	2	99058
198.132	0.25	1	2	99066
198.15	0.25	1	2	99075
198.166	0.25	0	1	99083
198.182	0.25	0	1	99091
198.2	0.25	0	1	99100
198.216	0.25	0	1	99108
198.232	0.25	0	1	99116
198.25	0.25	0	1	99125
198.266	0.25	0	1	99133
198.282	0.25	0	1	99141
198.3	0.25	1	2	99150
198.316	0.25	1	2	99158
198.332	0.25	0	1	99166
198.35	0.25	0	1	99175
198.366	0.25	0	1	99183
198.382	0.25	0	1	99191
198.4	0.25	0	1	99200
198.416	0.25	0	1	99208
198.432	0.25	0	1	99216
198.45	0.25	0	1	99225
198.466	0.25	1	2	99233
198.482	0.25	1	2	99241
198.5	0.25	1	2	99250
198.516	0.25	1	2	99258
198.532	0.25	1	2	99266
198.55	0.25	1	2	99275
198.566	0.25	1	2	99283
198.582	0.25	1	2	99291
198.6	0.25	1	2	99300
198.616	0.25	1	2	99308
198.632	0.25	1	2	99316
198.65	0.25	1	2	99325
198.666	0.25	0	1	99333
198.682	0.25	0	1	99341
198.7	0.25	1	2	99350
198.716	0.25	1	2	99358
198.732	0.25	0	1	99366
198.75	0.25	0	1	99375
198.766	0.25	1	2	99383
198.782	0.25	1	2	99391
198.8	0.25	0	1	99400
198.816	0.25	0	1	99408
198.832	0.25	0	1	99416
198.85	0.25	0	1	99425
198.866	0.25	1	2	99433
198.882	0.25	1	2	99441
198.9	0.25	1	2	99450
198.916	0.25	1	2	99458
198.932	0.25	0	1	99466
198.95	0.25	0	1	99475
198.966	0.25	0	1	99483
200.45	0.25	1	2	100225
200.466	0.25	1	2	100233
200.482	0.25	1	2	100241
200.5	0.25	1	2	100250
200.516	0.25	1	2	100258
200.532	0.25	1	2	100266
200.55	0.25	1	2	100275
200.566	0.25	1	2	100283
200.582	0.25	1	2	100291
200.6	0.25	1	2	100300
200.616	0.25	1	2	100308
200.632	0.25	1	2	100316
200.65	0.25	1	2	100325
200.666	0.25	1	2	100333
200.682	0.25	0	1	100341
200.7	0.25	0	1	100350
200.716	0.25	0	1	100358
200.732	0.25	0	1	100366
200.75	0.25	1	2	100375
200.766	0.25	1	2	100383
200.782	0.25	1	2	100391
200.8	0.25	1	2	100400
200.816	0.25	0	1	100408
200.832	0.25	0	1	100416
200.85	0.25	0	1	100425
200.866	0.25	0	1	100433
200.882	0.25	1	2	100441
200.9	0.25	1	2	100450
200.916	0.25	1	2	100458
200.932	0.25	1	2	100466
200.95	0.25	0	1	100475
200.966	0.25	0	1	100483
200.982	0.25	0	1	100491
201.0	0.25	0	1	100500
201.016	0.25	1	2	100508
201.032	0.25	1	2	100516
201.05	0.25	0	1	100525
201.066	0.25	0	1	100533
201.082	0.25	1	2	100541
201.1	0.25	1	2	100550
201.116	0.25	1	2	100558
201.132	0.25	1	2	100566
201.15	0.25	0	1	100575
201.166	0.25	0	1	100583
201.182	0.25	1	2	100591
201.2	0.25	1	2	100600
201.216	0.25	0	1	100608
201.232	0.25	0	1	100616
201.25	0.25	0	1	100625
201.266	0.25	0	1	100633
201.282	0.25	1	2	100641
201.3	0.25	1	2	100650
201.316	0.25	0	1	100658
201.332	0.25	0	1	100666
201.35	0.25	1	2	100675
201.366	0.25	1	2	100683
201.382	0.25	1	2	100691
201.4	0.25	1	2	100700
201.416	0.25	1	2	100708
201.432	0.25	1	2	100716
201.45	0.25	0	1	100725
201.466	0.25	0	1	100733
201.482	0.25	0	1	100741
201.5	0.25	0	1	100750
201.516	0.25	0	1	100758
201.532	0.25	0	1	100766
201.55	0.25	1	2	100775
201.566	0.25	1	2	100783
201.582	0.25	0	1	100791
201.6	0.25	0	1	100800
201.616	0.25	1	2	100808
201.632	0.25	1	2	100816
201.65	0.25	1	2	100825
201.666	0.25	1	2	100833
201.682	0.25	1	2	100841
201.7	0.25	1	2	100850
201.716	0.25	0	1	100858
201.732	0.25	0	1	100866
201.75	0.25	0	1	100875
201.766	0.25	0	1	100883
201.782	0.25	1	2	100891
201.8	0.25	1	2	100900
201.816	0.25	0	1	100908
201.832	0.25	0	1	100916
201.85	0.25	1	2	100925
201.866	0.25	1	2	100933
201.882	0.25	0	1	100941
201.9	0.25	0	1	100950
201.916	0.25	0	1	100958
201.932	0.25	0	1	100966
201.95	0.25	0	1	100975
201.966	0.25	0	1	100983
201.982	0.25	1	2	100991
202.0	0.25	1	2	101000
202.016	0.25	1	2	101008
202.032	0.25	1	2	101016
202.05	0.25	0	1	101025
202.066	0.25	0	1	101033
202.082	0.25	1	2	101041
202.1	0.25	1	2	101050
202.116	0.25	0	1	101058
202.132	0.25	0	1	101066
202.15	0.25	0	1	101075
202.166	0.25	0	1	101083
202.182	0.25	0	1	101091
202.2	0.25	0	1	101100
202.216	0.25	1	2	101108
202.232	0.25	1	2	101116
202.25	0.25	0	1	101125
202.266	0.25	0	1	101133
202.282	0.25	1	2	101141
202.3	0.25	1	2	101150
202.316	0.25	0	1	101158
202.332	0.25	0	1	101166
202.35	0.25	0	1	101175
202.366	0.25	0	1	101183
202.382	0.25	1	2	101191
205.966	0.25	1	2	102983
205.982	0.25	1	2	102991
206.0	0.25	1	2	103000
206.016	0.25	1	2	103008
206.032	0.25	0	1	103016
206.05	0.25	0	1	103025
206.066	0.25	0	1	103033
206.082	0.25	0	1	103041
206.1	0.25	0	1	103050
206.116	0.25	0	1	103058
206.132	0.25	0	1	103066
206.15	0.25	0	1	103075
206.166	0.25	1	2	103083
206.182	0.25	1	2	103091
206.2	0.25	0	1	103100
206.216	0.25	0	1	103108
206.232	0.25	0	1	103116
206.25	0.25	0	1	103125
206.266	0.25	1	2	103133
206.282	0.25	1	2	103141
206.3	0.25	1	2	103150
206.316	0.25	1	2	103158
206.332	0.25	0	1	103166
206.35	0.25	0	1	103175
206.366	0.25	0	1	103183
206.382	0.25	0	1	103191
206.4	0.25	0	1	103200
206.416	0.25	0	1	103208
206.432	0.25	0	1	103216
206.45	0.25	0	1	103225
206.466	0.25	0	1	103233
206.482	0.25	0	1	103241
206.5	0.25	0	1	103250
206.516	0.25	0	1	103258
206.532	0.25	1	2	103266
206.55	0.25	1	2	103275
206.566	0.25	0	1	103283
206.582	0.25	0	1	103291
206.6	0.25	1	2	103300
206.616	0.25	1	2	103308
206.632	0.25	1	2	103316
206.65	0.25	1	2	103325
206.666	0.25	0	1	103333
206.682	0.25	0	1	103341
206.7	0.25	1	2	103350
206.716	0.25	1	2	103358
206.732	0.25	0	1	103366
206.75	0.25	0	1	103375
206.766	0.25	1	2	103383
206.782	0.25	1	2	103391
206.8	0.25	0	1	103400
206.816	0.25	0	1	103408
206.832	0.25	1	2	103416
206.85	0.25	1	2	103425
206.866	0.25	0	1	103433
206.882	0.25	0	1	103441
206.9	0.25	0	1	103450
206.916	0.25	0	1	103458
206.932	0.25	0	1	103466
206.95	0.25	0	1	103475
206.966	0.25	1	2	103483
206.982	0.25	1	2	103491
207.0	0.25	1	2	103500
207.016	0.25	1	2	103508
207.032	0.25	1	2	103516
207.05	0.25	1	2	103525
207.066	0.25	0	1	103533
207.082	0.25	0	1	103541
207.1	0.25	1	2	103550
207.116	0.25	1	2	103558
207.132	0.25	1	2	103566
207.15	0.25	1	2	103575
207.166	0.25	1	2	103583
207.182	0.25	1	2	103591
207.2	0.25	0	1	103600
207.216	0.25	0	1	103608
207.232	0.25	1	2	103616
207.25	0.25	1	2	103625
207.266	0.25	0	1	103633
207.282	0.25	0	1	103641
207.3	0.25	1	2	103650
207.316	0.25	1	2	103658
207.332	0.25	1	2	103666
207.35	0.25	1	2	103675
207.366	0.25	0	1	103683
207.382	0.25	0	1	103691
207.4	0.25	0	1	103700
207.416	0.25	0	1	103708
207.432	0.25	0	1	103716
207.45	0.25	0	1	103725
207.466	0.25	1	2	103733
207.482	0.25	1	2	103741
207.5	0.25	1	2	103750
207.516	0.25	1	2	103758
207.532	0.25	0	1	103766
207.55	0.25	0	1	103775
207.566	0.25	1	2	103783
207.582	0.25	1	2	103791
207.6	0.25	1	2	103800
207.616	0.25	1	2	103808
207.632	0.25	1	2	103816
207.65	0.25	1	2	103825
207.666	0.25	0	1	103833
207.682	0.25	0	1	103841
207.7	0.25	0	1	103850
207.716	0.25	0	1	103858
207.732	0.25	0	1	103866
207.75	0.25	0	1	103875
207.766	0.25	0	1	103883
207.782	0.25	0	1	103891
207.8	0.25	0	1	103900
207.816	0.25	0	1	103908
207.832	0.25	1	2	103916
207.85	0.25	1	2	103925
207.866	0.25	1	2	103933
207.882	0.25	1	2	103941
207.9	0.25	1	2	103950
209.382	0.25	1	2	104691
209.4	0.25	1	2	104700
209.416	0.25	1	2	104708
209.432	0.25	1	2	104716
209.45	0.25	0	1	104725
209.466	0.25	0	1	104733
209.482	0.25	1	2	104741
209.5	0.25	1	2	104750
209.516	0.25	1	2	104758
209.532	0.25	1	2	104766
209.55	0.25	0	1	104775
209.566	0.25	0	1	104783
209.582	0.25	1	2	104791
209.6	0.25	1	2	104800
209.616	0.25	1	2	104808
209.632	0.25	1	2	104816
209.65	0.25	0	1	104825
209.666	0.25	0	1	104833
209.682	0.25	1	2	104841
209.7	0.25	1	2	104850
209.716	0.25	1	2	104858
209.732	0.25	1	2	104866
209.75	0.25	0	1	104875
209.766	0.25	0	1	104883
209.782	0.25	0	1	104891
209.8	0.25	0	1	104900
209.816	0.25	0	1	104908
209.832	0.25	0	1	104916
209.85	0.25	1	2	104925
209.866	0.25	1	2	104933
209.882	0.25	1	2	104941
209.9	0.25	1	2	104950
209.916	0.25	1	2	104958
209.932	0.25	1	2	104966
209.95	0.25	0	1	104975
209.966	0.25	0	1	104983
209.982	0.25	0	1	104991
210.0	0.25	0	1	105000
210.016	0.25	0	1	105008
210.032	0.25	0	1	105016
210.05	0.25	1	2	105025
210.066	0.25	1	2	105033
210.082	0.25	1	2	105041
210.1	0.25	1	2	105050
210.116	0.25	1	2	105058
210.132	0.25	1	2	105066
210.15	0.25	1	2	105075
210.166	0.25	1	2	105083
210.182	0.25	1	2	105091
210.2	0.25	1	2	105100
210.216	0.25	0	1	105108
210.232	0.25	0	1	105116
210.25	0.25	0	1	105125
210.266	0.25	0	1	105133
210.282	0.25	1	2	105141
210.3	0.25	1	2	105150
210.316	0.25	0	1	105158
210.332	0.25	0	1	105166
210.35	0.25	1	2	105175
210.366	0.25	1	2	105183
210.382	0.25	0	1	105191
210.4	0.25	0	1	105200
210.416	0.25	0	1	105208
210.432	0.25	0	1	105216
210.45	0.25	1	2	105225
210.466	0.25	1	2	105233
210.482	0.25	1	2	105241
210.5	0.25	1	2	105250
210.516	0.25	0	1	105258
210.532	0.25	0	1	105266
210.55	0.25	0	1	105275
210.566	0.25	0	1	105283
210.582	0.25	0	1	105291
210.6	0.25	0	1	105300
210.616	0.25	0	1	105308
210.632	0.25	0	1	105316
210.65	0.25	1	2	105325
210.666	0.25	1	2	105333
210.682	0.25	0	1	105341
210.7	0.25	0	1	105350
210.716	0.25	0	1	105358
210.732	0.25	0	1	105366
210.75	0.25	0	1	105375
210.766	0.25	0	1	105383
210.782	0.25	0	1	105391
210.8	0.25	0	1	105400
210.816	0.25	1	2	105408
210.832	0.25	1	2	105416
210.85	0.25	1	2	105425
210.866	0.25	1	2	105433
210.882	0.25	1	2	105441
210.9	0.25	1	2	105450
210.916	0.25	1	2	105458
210.932	0.25	1	2	105466
210.95	0.25	1	2	105475
210.966	0.25	1	2	105483
210.982	0.25	1	2	105491
211.0	0.25	1	2	105500
211.016	0.25	0	1	105508
211.032	0.25	0	1	105516
211.05	0.25	1	2	105525
211.066	0.25	1	2	105533
211.082	0.25	0	1	105541
211.1	0.25	0	1	105550
211.116	0.25	1	2	105558
211.132	0.25	1	2	105566
211.15	0.25	0	1	105575
211.166	0.25	0	1	105583
211.182	0.25	0	1	105591
211.2	0.25	0	1	105600
211.216	0.25	1	2	105608
211.232	0.25	1	2	105616
211.25	0.25	1	2	105625
211.266	0.25	1	2	105633
211.282	0.25	0	1	105641
211.3	0.25	0	1	105650
211.316	0.25	0	1	105658
212.8	0.25	1	2	106400
212.816	0.25	1	2	106408
212.832	0.25	1	2	106416
212.85	0.25	1	2	106425
212.866	0.25	1	2	106433
212.882	0.25	1	2	106441
212.9	0.25	1	2	106450
212.916	0.25	1	2	106458
212.932	0.25	1	2	106466
212.95	0.25	1	2	106475
212.966	0.25	1	2	106483
212.982	0.25	1	2	106491
213.0	0.25	1	2	106500
213.016	0.25	1	2	106508
213.032	0.25	0	1	106516
213.05	0.25	0	1	106525
213.066	0.25	0	1	106533
213.082	0.25	0	1	106541
213.1	0.25	1	2	106550
213.116	0.25	1	2	106558
213.132	0.25	1	2	106566
213.15	0.25	1	2	106575
213.166	0.25	0	1	106583
213.182	0.25	0	1	106591
213.2	0.25	0	1	106600
213.216	0.25	0	1	106608
213.232	0.25	1	2	106616
213.25	0.25	1	2	106625
213.266	0.25	1	2	106633
213.282	0.25	1	2	106641
213.3	0.25	0	1	106650
213.316	0.25	0	1	106658
213.332	0.25	0	1	106666
213.35	0.25	0	1	106675
213.366	0.25	1	2	106683
213.382	0.25	1	2	106691
213.4	0.25	0	1	106700
213.416	0.25	0	1	106708
213.432	0.25	1	2	106716
213.45	0.25	1	2	106725
213.466	0.25	1	2	106733
213.482	0.25	1	2	106741
213.5	0.25	0	1	106750
213.516	0.25	0	1	106758
213.532	0.25	1	2	106766
213.55	0.25	1	2	106775
213.566	0.25	0	1	106783
213.582	0.25	0	1	106791
213.6	0.25	0	1	106800
213.616	0.25	0	1	106808
213.632	0.25	1	2	106816
213.65	0.25	1	2	106825
213.666	0.25	0	1	106833
213.682	0.25	0	1	106841
213.7	0.25	1	2	106850
213.716	0.25	1	2	106858
213.732	0.25	1	2	106866
213.75	0.25	1	2	106875
213.766	0.25	1	2	106883
213.782	0.25	1	2	106891
213.8	0.25	0	1	106900
213.816	0.25	0	1	106908
213.832	0.25	0	1	106916
213.85	0.25	0	1	106925
213.866	0.25	0	1	106933
213.882	0.25	0	1	106941
213.9	0.25	1	2	106950
213.916	0.25	1	2	106958
213.932	0.25	0	1	106966
213.95	0.25	0	1	106975
213.966	0.25	1	2	106983
213.982	0.25	1	2	106991
214.0	0.25	1	2	107000
214.016	0.25	1	2	107008
214.032	0.25	1	2	107016
214.05	0.25	1	2	107025
214.066	0.25	0	1	107033
214.082	0.25	0	1	107041
214.1	0.25	0	1	107050
214.116	0.25	0	1	107058
214.132	0.25	1	2	107066
214.15	0.25	1	2	107075
214.166	0.25	0	1	107083
214.182	0.25	0	1	107091
214.2	0.25	1	2	107100
214.216	0.25	1	2	107108
214.232	0.25	0	1	107116
214.25	0.25	0	1	107125
214.266	0.25	0	1	107133
214.282	0.25	0	1	107141
214.3	0.25	0	1	107150
214.316	0.25	0	1	107158
214.332	0.25	1	2	107166
214.35	0.25	1	2	107175
214.366	0.25	1	2	107183
214.382	0.25	1	2	107191
214.4	0.25	0	1	107200
214.416	0.25	0	1	107208
214.432	0.25	1	2	107216
214.45	0.25	1	2	107225
214.466	0.25	0	1	107233
214.482	0.25	0	1	107241
214.5	0.25	0	1	107250
214.516	0.25	0	1	107258
214.532	0.25	0	1	107266
214.55	0.25	0	1	107275
214.566	0.25	1	2	107283
214.582	0.25	1	2	107291
214.6	0.25	0	1	107300
214.616	0.25	0	1	107308
214.632	0.25	1	2	107316
214.65	0.25	1	2	107325
214.666	0.25	0	1	107333
214.682	0.25	0	1	107341
214.7	0.25	0	1	107350
214.716	0.25	0	1	107358
214.732	0.25	1	2	107366
216.216	0.25	0	1	108108
216.232	0.25	0	1	108116
216.25	0.25	0	1	108125
216.266	0.25	0	1	108133
216.282	0.25	1	2	108141
216.3	0.25	1	2	108150
216.316	0.25	1	2	108158
216.332	0.25	1	2	108166
216.35	0.25	0	1	108175
216.366	0.25	0	1	108183
216.382	0.25	0	1	108191
216.4	0.25	0	1	108200
216.416	0.25	0	1	108208
216.432	0.25	0	1	108216
216.45	0.25	0	1	108225
216.466	0.25	0	1	108233
216.482	0.25	1	2	108241
216.5	0.25	1	2	108250
216.516	0.25	1	2	108258
216.532	0.25	1	2	108266
216.55	0.25	1	2	108275
216.566	0.25	1	2	108283
216.582	0.25	1	2	108291
216.6	0.25	1	2	108300
216.616	0.25	1	2	108308
216.632	0.25	1	2	108316
216.65	0.25	0	1	108325
216.666	0.25	0	1	108333
216.682	0.25	0	1	108341
216.7	0.25	0	1	108350
216.716	0.25	0	1	108358
216.732	0.25	0	1	108366
216.75	0.25	0	1	108375
216.766	0.25	0	1	108383
216.782	0.25	0	1	108391
216.8	0.25	0	1	108400
216.816	0.25	0	1	108408
216.832	0.25	0	1	108416
216.85	0.25	1	2	108425
216.866	0.25	1	2	108433
216.882	0.25	1	2	108441
216.9	0.25	1	2	108450
216.916	0.25	0	1	108458
216.932	0.25	0	1	108466
216.95	0.25	0	1	108475
216.966	0.25	0	1	108483
216.982	0.25	1	2	108491
217.0	0.25	1	2	108500
217.016	0.25	0	1	108508
217.032	0.25	0	1	108516
217.05	0.25	1	2	108525
217.066	0.25	1	2	108533
217.082	0.25	0	1	108541
217.1	0.25	0	1	108550
217.116	0.25	1	2	108558
217.132	0.25	1	2	108566
217.15	0.25	0	1	108575
217.166	0.25	0	1	108583
217.182	0.25	1	2	108591
217.2	0.25	1	2	108600
217.216	0.25	1	2	108608
217.232	0.25	1	2	108616
217.25	0.25	0	1	108625
217.266	0.25	0	1	108633
217.282	0.25	1	2	108641
217.3	0.25	1	2	108650
217.316	0.25	0	1	108658
217.332	0.25	0	1	108666
217.35	0.25	0	1	108675
217.366	0.25	0	1	108683
217.382	0.25	0	1	108691
217.4	0.25	0	1	108700
217.416	0.25	1	2	108708
217.432	0.25	1	2	108716
217.45	0.25	0	1	108725
217.466	0.25	0	1	108733
217.482	0.25	0	1	108741
217.5	0.25	0	1	108750
217.516	0.25	0	1	108758
217.532	0.25	0	1	108766
217.55	0.25	1	2	108775
217.566	0.25	1	2	108783
217.582	0.25	1	2	108791
217.6	0.25	1	2	108800
217.616	0.25	1	2	108808
217.632	0.25	1	2	108816
217.65	0.25	0	1	108825
217.666	0.25	0	1	108833
217.682	0.25	1	2	108841
217.7	0.25	1	2	108850
217.716	0.25	0	1	108858
217.732	0.25	0	1	108866
217.75	0.25	1	2	108875
217.766	0.25	1	2	108883
217.782	0.25	1	2	108891
217.8	0.25	1	2	108900
217.816	0.25	1	2	108908
217.832	0.25	1	2	108916
217.85	0.25	1	2	108925
217.866	0.25	1	2	108933
217.882	0.25	1	2	108941
217.9	0.25	1	2	108950
217.916	0.25	0	1	108958
217.932	0.25	0	1	108966
217.95	0.25	0	1	108975
217.966	0.25	0	1	108983
217.982	0.25	1	2	108991
218.0	0.25	1	2	109000
218.016	0.25	0	1	109008
218.032	0.25	0	1	109016
218.05	0.25	0	1	109025
218.066	0.25	0	1	109033
218.082	0.25	0	1	109041
218.1	0.25	0	1	109050
218.116	0.25	1	2	109058
218.132	0.25	1	2	109066
218.15	0.25	1	2	109075
221.9	0.25	1	2	110950
221.916	0.25	1	2	110958
221.932	0.25	1	2	110966
221.95	0.25	1	2	110975
221.966	0.25	1	2	110983
221.982	0.25	1	2	110991
222.0	0.25	1	2	111000
222.016	0.25	1	2	111008
222.032	0.25	1	2	111016
222.05	0.25	1	2	111025
222.066	0.25	1	2	111033
222.082	0.25	1	2	111041
222.1	0.25	1	2	111050
222.116	0.25	1	2	111058
222.132	0.25	0	1	111066
222.15	0.25	0	1	111075
222.166	0.25	0	1	111083
222.182	0.25	0	1	111091
222.2	0.25	1	2	111100
222.216	0.25	1	2	111108
222.232	0.25	1	2	111116
222.25	0.25	1	2	111125
222.266	0.25	0	1	111133
222.282	0.25	0	1	111141
222.3	0.25	0	1	111150
222.316	0.25	0	1	111158
222.332	0.25	1	2	111166
222.35	0.25	1	2	111175
222.366	0.25	1	2	111183
222.382	0.25	1	2	111191
222.4	0.25	0	1	111200
222.416	0.25	0	1	111208
222.432	0.25	0	1	111216
222.45	0.25	0	1	111225
222.466	0.25	1	2	111233
222.482	0.25	1	2	111241
222.5	0.25	0	1	111250
222.516	0.25	0	1	111258
222.532	0.25	1	2	111266
222.55	0.25	1	2	111275
222.566	0.25	1	2	111283
222.582	0.25	1	2	111291
222.6	0.25	0	1	111300
222.616	0.25	0	1	111308
222.632	0.25	1	2	111316
222.65	0.25	1	2	111325
222.666	0.25	0	1	111333
222.682	0.25	0	1	111341
222.7	0.25	0	1	111350
222.716	0.25	0	1	111358
222.732	0.25	1	2	111366
222.75	0.25	1	2	111375
222.766	0.25	0	1	111383
222.782	0.25	0	1	111391
222.8	0.25	1	2	111400
222.816	0.25	1	2	111408
222.832	0.25	1	2	111416
222.85	0.25	1	2	111425
222.866	0.25	1	2	111433
222.882	0.25	1	2	111441
222.9	0.25	0	1	111450
222.916	0.25	0	1	111458
222.932	0.25	0	1	111466
222.95	0.25	0	1	111475
222.966	0.25	0	1	111483
222.982	0.25	0	1	111491
223.0	0.25	1	2	111500
223.016	0.25	1	2	111508
223.032	0.25	0	1	111516
223.05	0.25	0	1	111525
223.066	0.25	1	2	111533
223.082	0.25	1	2	111541
223.1	0.25	1	2	111550
223.116	0.25	1	2	111558
223.132	0.25	1	2	111566
223.15	0.25	1	2	111575
223.166	0.25	0	1	111583
223.182	0.25	0	1	111591
223.2	0.25	0	1	111600
223.216	0.25	0	1	111608
223.232	0.25	1	2	111616
223.25	0.25	1	2	111625
223.266	0.25	0	1	111633
223.282	0.25	0	1	111641
223.3	0.25	1	2	111650
223.316	0.25	1	2	111658
223.332	0.25	0	1	111666
223.35	0.25	0	1	111675
223.366	0.25	0	1	111683
223.382	0.25	0	1	111691
223.4	0.25	0	1	111700
223.416	0.25	0	1	111708
223.432	0.25	1	2	111716
223.45	0.25	1	2	111725
223.466	0.25	1	2	111733
223.482	0.25	1	2	111741
223.5	0.25	0	1	111750
223.516	0.25	0	1	111758
223.532	0.25	1	2	111766
223.55	0.25	1	2	111775
223.566	0.25	0	1	111783
223.582	0.25	0	1	111791
223.6	0.25	0	1	111800
223.616	0.25	0	1	111808
223.632	0.25	0	1	111816
223.65	0.25	0	1	111825
223.666	0.25	1	2	111833
223.682	0.25	1	2	111841
223.7	0.25	0	1	111850
223.716	0.25	0	1	111858
223.732	0.25	1	2	111866
223.75	0.25	1	2	111875
223.766	0.25	0	1	111883
223.782	0.25	0	1	111891
223.8	0.25	0	1	111900
223.816	0.25	0	1	111908
223.832	0.25	1	2	111916
225.316	0.25	0	1	112658
225.332	0.25	0	1	112666
225.35	0.25	0	1	112675
225.366	0.25	0	1	112683
225.382	0.25	1	2	112691
225.4	0.25	1	2	112700
225.416	0.25	1	2	112708
225.432	0.25	1	2	112716
225.45	0.25	0	1	112725
225.466	0.25	0	1	112733
225.482	0.25	0	1	112741
225.5	0.25	0	1	112750
225.516	0.25	0	1	112758
225.532	0.25	0	1	112766
225.55	0.25	0	1	112775
225.566	0.25	0	1	112783
225.582	0.25	1	2	112791
225.6	0.25	1	2	112800
225.616	0.25	1	2	112808
225.632	0.25	1	2	112816
225.65	0.25	1	2	112825
225.666	0.25	1	2	112833
225.682	0.25	1	2	112841
225.7	0.25	1	2	112850
225.716	0.25	1	2	112858
225.732	0.25	1	2	112866
225.75	0.25	0	1	112875
225.766	0.25	0	1	112883
225.782	0.25	0	1	112891
225.8	0.25	0	1	112900
225.816	0.25	0	1	112908
225.832	0.25	0	1	112916
225.85	0.25	0	1	112925
225.866	0.25	0	1	112933
225.882	0.25	0	1	112941
225.9	0.25	0	1	112950
225.916	0.25	0	1	112958
225.932	0.25	0	1	112966
225.95	0.25	1	2	112975
225.966	0.25	1	2	112983
225.982	0.25	1	2	112991
226.0	0.25	1	2	113000
226.016	0.25	0	1	113008
226.032	0.25	0	1	113016
226.05	0.25	0	1	113025
226.066	0.25	0	1	113033
226.082	0.25	1	2	113041
226.1	0.25	1	2	113050
226.116	0.25	0	1	113058
226.132	0.25	0	1	113066
226.15	0.25	1	2	113075
226.166	0.25	1	2	113083
226.182	0.25	0	1	113091
226.2	0.25	0	1	113100
226.216	0.25	1	2	113108
226.232	0.25	1	2	113116
226.25	0.25	0	1	113125
226.266	0.25	0	1	113133
226.282	0.25	1	2	113141
226.3	0.25	1	2	113150
226.316	0.25	1	2	113158
226.332	0.25	1	2	113166
226.35	0.25	0	1	113175
226.366	0.25	0	1	113183
226.382	0.25	1	2	113191
226.4	0.25	1	2	113200
226.416	0.25	0	1	113208
226.432	0.25	0	1	113216
226.45	0.25	0	1	113225
226.466	0.25	0	1	113233
226.482	0.25	0	1	113241
226.5	0.25	0	1	113250
226.516	0.25	1	2	113258
226.532	0.25	1	2	113266
226.55	0.25	0	1	113275
226.566	0.25	0	1	113283
226.582	0.25	0	1	113291
226.6	0.25	0	1	113300
226.616	0.25	0	1	113308
226.632	0.25	0	1	113316
226.65	0.25	1	2	113325
226.666	0.25	1	2	113333
226.682	0.25	1	2	113341
226.7	0.25	1	2	113350
226.716	0.25	1	2	113358
226.732	0.25	1	2	113366
226.75	0.25	0	1	113375
226.766	0.25	0	1	113383
226.782	0.25	1	2	113391
226.8	0.25	1	2	113400
226.816	0.25	0	1	113408
226.832	0.25	0	1	113416
226.85	0.25	1	2	113425
226.866	0.25	1	2	113433
226.882	0.25	1	2	113441
226.9	0.25	1	2	113450
226.916	0.25	1	2	113458
226.932	0.25	1	2	113466
226.95	0.25	1	2	113475
226.966	0.25	1	2	113483
226.982	0.25	1	2	113491
227.0	0.25	1	2	113500
227.016	0.25	0	1	113508
227.032	0.25	0	1	113516
227.05	0.25	0	1	113525
227.066	0.25	0	1	113533
227.082	0.25	1	2	113541
227.1	0.25	1	2	113550
227.116	0.25	0	1	113558
227.132	0.25	0	1	113566
227.15	0.25	0	1	113575
227.166	0.25	0	1	113583
227.182	0.25	0	1	113591
227.2	0.25	0	1	113600
227.216	0.25	1	2	113608
227.232	0.25	1	2	113616
227.25	0.25	1	2	113625
228.732	0.25	1	2	114366
228.75	0.25	1	2	114375
228.766	0.25	1	2	114383
228.782	0.25	1	2	114391
228.8	0.25	0	1	114400
228.816	0.25	0	1	114408
228.832	0.25	1	2	114416
228.85	0.25	1	2	114425
228.866	0.25	1	2	114433
228.882	0.25	1	2	114441
228.9	0.25	0	1	114450
228.916	0.25	0	1	114458
228.932	0.25	1	2	114466
228.95	0.25	1	2	114475
228.966	0.25	1	2	114483
228.982	0.25	1	2	114491
229.0	0.25	0	1	114500
229.016	0.25	0	1	114508
229.032	0.25	1	2	114516
229.05	0.25	1	2	114525
229.066	0.25	1	2	114533
229.082	0.25	1	2	114541
229.1	0.25	0	1	114550
229.116	0.25	0	1	114558
229.132	0.25	0	1	114566
229.15	0.25	0	1	114575
229.166	0.25	0	1	114583
229.182	0.25	0	1	114591
229.2	0.25	1	2	114600
229.216	0.25	1	2	114608
229.232	0.25	1	2	114616
229.25	0.25	1	2	114625
229.266	0.25	1	2	114633
229.282	0.25	1	2	114641
229.3	0.25	0	1	114650
229.316	0.25	0	1	114658
229.332	0.25	0	1	114666
229.35	0.25	0	1	114675
229.366	0.25	0	1	114683
229.382	0.25	0	1	114691
229.4	0.25	1	2	114700
229.416	0.25	1	2	114708
229.432	0.25	1	2	114716
229.45	0.25	1	2	114725
229.466	0.25	1	2	114733
229.482	0.25	1	2	114741
229.5	0.25	1	2	114750
229.516	0.25	1	2	114758
229.532	0.25	1	2	114766
229.55	0.25	1	2	114775
229.566	0.25	0	1	114783
229.582	0.25	0	1	114791
229.6	0.25	0	1	114800
229.616	0.25	0	1	114808
229.632	0.25	1	2	114816
229.65	0.25	1	2	114825
229.666	0.25	0	1	114833
229.682	0.25	0	1	114841
229.7	0.25	1	2	114850
229.716	0.25	1	2	114858
229.732	0.25	0	1	114866
229.75	0.25	0	1	114875
229.766	0.25	0	1	114883
229.782	0.25	0	1	114891
229.8	0.25	1	2	114900
229.816	0.25	1	2	114908
229.832	0.25	1	2	114916
229.85	0.25	1	2	114925
229.866	0.25	0	1	114933
229.882	0.25	0	1	114941
229.9	0.25	0	1	114950
229.916	0.25	0	1	114958
229.932	0.25	0	1	114966
229.95	0.25	0	1	114975
229.966	0.25	0	1	114983
229.982	0.25	0	1	114991
230.0	0.25	1	2	115000
230.016	0.25	1	2	115008
230.032	0.25	0	1	115016
230.05	0.25	0	1	115025
230.066	0.25	0	1	115033
230.082	0.25	0	1	115041
230.1	0.25	0	1	115050
230.116	0.25	0	1	115058
230.132	0.25	0	1	115066
230.15	0.25	0	1	115075
230.166	0.25	1	2	115083
230.182	0.25	1	2	115091
230.2	0.25	1	2	115100
230.216	0.25	1	2	115108
230.232	0.25	1	2	115116
230.25	0.25	1	2	115125
230.266	0.25	1	2	115133
230.282	0.25	1	2	115141
230.3	0.25	1	2	115150
230.316	0.25	1	2	115158
230.332	0.25	1	2	115166
230.35	0.25	1	2	115175
230.366	0.25	0	1	115183
230.382	0.25	0	1	115191
230.4	0.25	1	2	115200
230.416	0.25	1	2	115208
230.432	0.25	0	1	115216
230.45	0.25	0	1	115225
230.466	0.25	1	2	115233
230.482	0.25	1	2	115241
230.5	0.25	0	1	115250
230.516	0.25	0	1	115258
230.532	0.25	0	1	115266
230.55	0.25	0	1	115275
230.566	0.25	1	2	115283
230.582	0.25	1	2	115291
230.6	0.25	1	2	115300
230.616	0.25	1	2	115308
230.632	0.25	0	1	115316
230.65	0.25	0	1	115325
230.666	0.25	0	1	115333
232.15	0.25	1	2	116075
232.166	0.25	1	2	116083
232.182	0.25	1	2	116091
232.2	0.25	1	2	116100
232.216	0.25	0	1	116108
232.232	0.25	0	1	116116
232.25	0.25	0	1	116125
232.266	0.25	0	1	116133
232.282	0.25	0	1	116141
232.3	0.25	0	1	116150
232.316	0.25	0	1	116158
232.332	0.25	0	1	116166
232.35	0.25	1	2	116175
232.366	0.25	1	2	116183
232.382	0.25	0	1	116191
232.4	0.25	0	1	116200
232.416	0.25	0	1	116208
232.432	0.25	0	1	116216
232.45	0.25	1	2	116225
232.466	0.25	1	2	116233
232.482	0.25	1	2	116241
232.5	0.25	1	2	116250
232.516	0.25	0	1	116258
232.532	0.25	0	1	116266
232.55	0.25	0	1	116275
232.566	0.25	0	1	116283
232.582	0.25	0	1	116291
232.6	0.25	0	1	116300
232.616	0.25	0	1	116308
232.632	0.25	0	1	116316
232.65	0.25	0	1	116325
232.666	0.25	0	1	116333
232.682	0.25	0	1	116341
232.7	0.25	0	1	116350
232.716	0.25	1	2	116358
232.732	0.25	1	2	116366
232.75	0.25	0	1	116375
232.766	0.25	0	1	116383
232.782	0.25	1	2	116391
232.8	0.25	1	2	116400
232.816	0.25	1	2	116408
232.832	0.25	1	2	116416
232.85	0.25	0	1	116425
232.866	0.25	0	1	116433
232.882	0.25	1	2	116441
232.9	0.25	1	2	116450
232.916	0.25	0	1	116458
232.932	0.25	0	1	116466
232.95	0.25	1	2	116475
232.966	0.25	1	2	116483
232.982	0.25	0	1	116491
233.0	0.25	0	1	116500
233.016	0.25	1	2	116508
233.032	0.25	1	2	116516
233.05	0.25	0	1	116525
233.066	0.25	0	1	116533
233.082	0.25	0	1	116541
233.1	0.25	0	1	116550
233.116	0.25	0	1	116558
233.132	0.25	0	1	116566
233.15	0.25	1	2	116575
233.166	0.25	1	2	116583
233.182	0.25	1	2	116591
233.2	0.25	1	2	116600
233.216	0.25	1	2	116608
233.232	0.25	1	2	116616
233.25	0.25	0	1	116625
233.266	0.25	0	1	116633
233.282	0.25	1	2	116641
233.3	0.25	1	2	116650
233.316	0.25	1	2	116658
233.332	0.25	1	2	116666
233.35	0.25	1	2	116675
233.366	0.25	1	2	116683
233.382	0.25	0	1	116691
233.4	0.25	0	1	116700
233.416	0.25	1	2	116708
233.432	0.25	1	2	116716
233.45	0.25	0	1	116725
233.466	0.25	0	1	116733
233.482	0.25	1	2	116741
233.5	0.25	1	2	116750
233.516	0.25	1	2	116758
233.532	0.25	1	2	116766
233.55	0.25	0	1	116775
233.566	0.25	0	1	116783
233.582	0.25	0	1	116791
233.6	0.25	0	1	116800
233.616	0.25	0	1	116808
233.632	0.25	0	1	116816
233.65	0.25	1	2	116825
233.666	0.25	1	2	116833
233.682	0.25	1	2	116841
233.7	0.25	1	2	116850
233.716	0.25	0	1	116858
233.732	0.25	0	1	116866
233.75	0.25	1	2	116875
233.766	0.25	1	2	116883
233.782	0.25	1	2	116891
233.8	0.25	1	2	116900
233.816	0.25	1	2	116908
233.832	0.25	1	2	116916
233.85	0.25	0	1	116925
233.866	0.25	0	1	116933
233.882	0.25	0	1	116941
233.9	0.25	0	1	116950
233.916	0.25	0	1	116958
233.932	0.25	0	1	116966
233.95	0.25	0	1	116975
233.966	0.25	0	1	116983
233.982	0.25	0	1	116991
234.0	0.25	0	1	117000
234.016	0.25	1	2	117008
234.032	0.25	1	2	117016
234.05	0.25	1	2	117025
234.066	0.25	1	2	117033
234.082	0.25	1	2	117041
237.632	0.25	1	2	118816
237.65	0.25	1	2	118825
237.666	0.25	1	2	118833
237.682	0.25	1	2	118841
237.7	0.25	0	1	118850
237.716	0.25	0	1	118858
237.732	0.25	1	2	118866
237.75	0.25	1	2	118875
237.766	0.25	1	2	118883
237.782	0.25	1	2	118891
237.8	0.25	0	1	118900
237.816	0.25	0	1	118908
237.832	0.25	1	2	118916
237.85	0.25	1	2	118925
237.866	0.25	1	2	118933
237.882	0.25	1	2	118941
237.9	0.25	0	1	118950
237.916	0.25	0	1	118958
237.932	0.25	1	2	118966
237.95	0.25	1	2	118975
237.966	0.25	1	2	118983
237.982	0.25	1	2	118991
238.0	0.25	0	1	119000
238.016	0.25	0	1	119008
238.032	0.25	0	1	119016
238.05	0.25	0	1	119025
238.066	0.25	0	1	119033
238.082	0.25	0	1	119041
238.1	0.25	1	2	119050
238.116	0.25	1	2	119058
238.132	0.25	1	2	119066
238.15	0.25	1	2	119075
238.166	0.25	1	2	119083
238.182	0.25	1	2	119091
238.2	0.25	0	1	119100
238.216	0.25	0	1	119108
238.232	0.25	0	1	119116
238.25	0.25	0	1	119125
238.266	0.25	0	1	119133
238.282	0.25	0	1	119141
238.3	0.25	1	2	119150
238.316	0.25	1	2	119158
238.332	0.25	1	2	119166
238.35	0.25	1	2	119175
238.366	0.25	1	2	119183
238.382	0.25	1	2	119191
238.4	0.25	1	2	119200
238.416	0.25	1	2	119208
238.432	0.25	1	2	119216
238.45	0.25	1	2	119225
238.466	0.25	0	1	119233
238.482	0.25	0	1	119241
238.5	0.25	0	1	119250
238.516	0.25	0	1	119258
238.532	0.25	1	2	119266
238.55	0.25	1	2	119275
238.566	0.25	0	1	119283
238.582	0.25	0	1	119291
238.6	0.25	1	2	119300
238.616	0.25	1	2	119308
238.632	0.25	0	1	119316
238.65	0.25	0	1	119325
238.666	0.25	0	1	119333
238.682	0.25	0	1	119341
238.7	0.25	1	2	119350
238.716	0.25	1	2	119358
238.732	0.25	1	2	119366
238.75	0.25	1	2	119375
238.766	0.25	0	1	119383
238.782	0.25	0	1	119391
238.8	0.25	0	1	119400
238.816	0.25	0	1	119408
238.832	0.25	0	1	119416
238.85	0.25	0	1	119425
238.866	0.25	0	1	119433
238.882	0.25	0	1	119441
238.9	0.25	1	2	119450
238.916	0.25	1	2	119458
238.932	0.25	0	1	119466
238.95	0.25	0	1	119475
238.966	0.25	0	1	119483
238.982	0.25	0	1	119491
239.0	0.25	0	1	119500
239.016	0.25	0	1	119508
239.032	0.25	0	1	119516
239.05	0.25	0	1	119525
239.066	0.25	1	2	119533
239.082	0.25	1	2	119541
239.1	0.25	1	2	119550
239.116	0.25	1	2	119558
239.132	0.25	1	2	119566
239.15	0.25	1	2	119575
239.166	0.25	1	2	119583
239.182	0.25	1	2	119591
239.2	0.25	1	2	119600
239.216	0.25	1	2	119608
239.232	0.25	1	2	119616
239.25	0.25	1	2	119625
239.266	0.25	0	1	119633
239.282	0.25	0	1	119641
239.3	0.25	1	2	119650
239.316	0.25	1	2	119658
239.332	0.25	0	1	119666
239.35	0.25	0	1	119675
239.366	0.25	1	2	119683
239.382	0.25	1	2	119691
239.4	0.25	0	1	119700
239.416	0.25	0	1	119708
239.432	0.25	0	1	119716
239.45	0.25	0	1	119725
239.466	0.25	1	2	119733
239.482	0.25	1	2	119741
239.5	0.25	1	2	119750
239.516	0.25	1	2	119758
239.532	0.25	0	1	119766
239.55	0.25	0	1	119775
239.566	0.25	0	1	119783
241.05	0.25	1	2	120525
241.066	0.25	1	2	120533
241.082	0.25	1	2	120541
241.1	0.25	1	2	120550
241.116	0.25	0	1	120558
241.132	0.25	0	1	120566
241.15	0.25	0	1	120575
241.166	0.25	0	1	120583
241.182	0.25	0	1	120591
241.2	0.25	0	1	120600
241.216	0.25	0	1	120608
241.232	0.25	0	1	120616
241.25	0.25	1	2	120625
241.266	0.25	1	2	120633
241.282	0.25	0	1	120641
241.3	0.25	0	1	120650
241.316	0.25	0	1	120658
241.332	0.25	0	1	120666
241.35	0.25	1	2	120675
241.366	0.25	1	2	120683
241.382	0.25	1	2	120691
241.4	0.25	1	2	120700
241.416	0.25	0	1	120708
241.432	0.25	0	1	120716
241.45	0.25	0	1	120725
241.466	0.25	0	1	120733
241.482	0.25	0	1	120741
241.5	0.25	0	1	120750
241.516	0.25	0	1	120758
241.532	0.25	0	1	120766
241.55	0.25	0	1	120775
241.566	0.25	0	1	120783
241.582	0.25	0	1	120791
241.6	0.25	0	1	120800
241.616	0.25	1	2	120808
241.632	0.25	1	2	120816
241.65	0.25	0	1	120825
241.666	0.25	0	1	120833
241.682	0.25	1	2	120841
241.7	0.25	1	2	120850
241.716	0.25	1	2	120858
241.732	0.25	1	2	120866
241.75	0.25	0	1	120875
241.766	0.25	0	1	120883
241.782	0.25	1	2	120891
241.8	0.25	1	2	120900
241.816	0.25	0	1	120908
241.832	0.25	0	1	120916
241.85	0.25	1	2	120925
241.866	0.25	1	2	120933
241.882	0.25	0	1	120941
241.9	0.25	0	1	120950
241.916	0.25	1	2	120958
241.932	0.25	1	2	120966
241.95	0.25	0	1	120975
241.966	0.25	0	1	120983
241.982	0.25	0	1	120991
242.0	0.25	0	1	121000
242.016	0.25	0	1	121008
242.032	0.25	0	1	121016
242.05	0.25	1	2	121025
242.066	0.25	1	2	121033
242.082	0.25	1	2	121041
242.1	0.25	1	2	121050
242.116	0.25	1	2	121058
242.132	0.25	1	2	121066
242.15	0.25	0	1	121075
242.166	0.25	0	1	121083
242.182	0.25	1	2	121091
242.2	0.25	1	2	121100
242.216	0.25	1	2	121108
242.232	0.25	1	2	121116
242.25	0.25	1	2	121125
242.266	0.25	1	2	121133
242.282	0.25	0	1	121141
242.3	0.25	0	1	121150
242.316	0.25	1	2	121158
242.332	0.25	1	2	121166
242.35	0.25	0	1	121175
242.366	0.25	0	1	121183
242.382	0.25	1	2	121191
242.4	0.25	1	2	121200
242.416	0.25	1	2	121208
242.432	0.25	1	2	121216
242.45	0.25	0	1	121225
242.466	0.25	0	1	121233
242.482	0.25	0	1	121241
242.5	0.25	0	1	121250
242.516	0.25	0	1	121258
242.532	0.25	0	1	121266
242.55	0.25	1	2	121275
242.566	0.25	1	2	121283
242.582	0.25	1	2	121291
242.6	0.25	1	2	121300
242.616	0.25	0	1	121308
242.632	0.25	0	1	121316
242.65	0.25	1	2	121325
242.666	0.25	1	2	121333
242.682	0.25	1	2	121341
242.7	0.25	1	2	121350
242.716	0.25	1	2	121358
242.732	0.25	1	2	121366
242.75	0.25	0	1	121375
242.766	0.25	0	1	121383
242.782	0.25	0	1	121391
242.8	0.25	0	1	121400
242.816	0.25	0	1	121408
242.832	0.25	0	1	121416
242.85	0.25	0	1	121425
242.866	0.25	0	1	121433
242.882	0.25	0	1	121441
242.9	0.25	0	1	121450
242.916	0.25	1	2	121458
242.932	0.25	1	2	121466
242.95	0.25	1	2	121475
242.966	0.25	1	2	121483
242.982	0.25	1	2	121491
244.466	0.25	0	1	122233
244.482	0.25	0	1	122241
244.5	0.25	0	1	122250
244.516	0.25	0	1	122258
244.532	0.25	1	2	122266
244.55	0.25	1	2	122275
244.566	0.25	1	2	122283
244.582	0.25	1	2	122291
244.6	0.25	0	1	122300
244.616	0.25	0	1	122308
244.632	0.25	0	1	122316
244.65	0.25	0	1	122325
244.666	0.25	0	1	122333
244.682	0.25	0	1	122341
244.7	0.25	0	1	122350
244.716	0.25	0	1	122358
244.732	0.25	1	2	122366
244.75	0.25	1	2	122375
244.766	0.25	1	2	122383
244.782	0.25	1	2	122391
244.8	0.25	1	2	122400
244.816	0.25	1	2	122408
244.832	0.25	1	2	122416
244.85	0.25	1	2	122425
244.866	0.25	1	2	122433
244.882	0.25	1	2	122441
244.9	0.25	0	1	122450
244.916	0.25	0	1	122458
244.932	0.25	0	1	122466
244.95	0.25	0	1	122475
244.966	0.25	0	1	122483
244.982	0.25	0	1	122491
245.0	0.25	0	1	122500
245.016	0.25	0	1	122508
245.032	0.25	0	1	122516
245.05	0.25	0	1	122525
245.066	0.25	0	1	122533
245.082	0.25	0	1	122541
245.1	0.25	1	2	122550
245.116	0.25	1	2	122558
245.132	0.25	1	2	122566
245.15	0.25	1	2	122575
245.166	0.25	0	1	122583
245.182	0.25	0	1	122591
245.2	0.25	0	1	122600
245.216	0.25	0	1	122608
245.232	0.25	1	2	122616
245.25	0.25	1	2	122625
245.266	0.25	0	1	122633
245.282	0.25	0	1	122641
245.3	0.25	1	2	122650
245.316	0.25	1	2	122658
245.332	0.25	0	1	122666
245.35	0.25	0	1	122675
245.366	0.25	1	2	122683
245.382	0.25	1	2	122691
245.4	0.25	0	1	122700
245.416	0.25	0	1	122708
245.432	0.25	1	2	122716
245.45	0.25	1	2	122725
245.466	0.25	1	2	122733
245.482	0.25	1	2	122741
245.5	0.25	0	1	122750
245.516	0.25	0	1	122758
245.532	0.25	1	2	122766
245.55	0.25	1	2	122775
245.566	0.25	0	1	122783
245.582	0.25	0	1	122791
245.6	0.25	0	1	122800
245.616	0.25	0	1	122808
245.632	0.25	0	1	122816
245.65	0.25	0	1	122825
245.666	0.25	1	2	122833
245.682	0.25	1	2	122841
245.7	0.25	0	1	122850
245.716	0.25	0	1	122858
245.732	0.25	0	1	122866
245.75	0.25	0	1	122875
245.766	0.25	0	1	122883
245.782	0.25	0	1	122891
245.8	0.25	1	2	122900
245.816	0.25	1	2	122908
245.832	0.25	1	2	122916
245.85	0.25	1	2	122925
245.866	0.25	1	2	122933
245.882	0.25	1	2	122941
245.9	0.25	0	1	122950
245.916	0.25	0	1	122958
245.932	0.25	1	2	122966
245.95	0.25	1	2	122975
245.966	0.25	0	1	122983
245.982	0.25	0	1	122991
246.0	0.25	1	2	123000
246.016	0.25	1	2	123008
246.032	0.25	1	2	123016
246.05	0.25	1	2	123025
246.066	0.25	1	2	123033
246.082	0.25	1	2	123041
246.1	0.25	1	2	123050
246.116	0.25	1	2	123058
246.132	0.25	1	2	123066
246.15	0.25	1	2	123075
246.166	0.25	0	1	123083
246.182	0.25	0	1	123091
246.2	0.25	0	1	123100
246.216	0.25	0	1	123108
246.232	0.25	1	2	123116
246.25	0.25	1	2	123125
246.266	0.25	0	1	123133
246.282	0.25	0	1	123141
246.3	0.25	0	1	123150
246.316	0.25	0	1	123158
246.332	0.25	0	1	123166
246.35	0.25	0	1	123175
246.366	0.25	1	2	123183
246.382	0.25	1	2	123191
246.4	0.25	1	2	123200
247.882	0.25	1	2	123941
247.9	0.25	1	2	123950
247.916	0.25	1	2	123958
247.932	0.25	1	2	123966
247.95	0.25	1	2	123975
247.966	0.25	1	2	123983
247.982	0.25	1	2	123991
248.0	0.25	1	2	124000
248.016	0.25	1	2	124008
248.032	0.25	1	2	124016
248.05	0.25	1	2	124025
248.066	0.25	1	2	124033
248.082	0.25	1	2	124041
248.1	0.25	1	2	124050
248.116	0.25	0	1	124058
248.132	0.25	0	1	124066
248.15	0.25	0	1	124075
248.166	0.25	0	1	124083
248.182	0.25	1	2	124091
248.2	0.25	1	2	124100
248.216	0.25	1	2	124108
248.232	0.25	1	2	124116
248.25	0.25	0	1	124125
248.266	0.25	0	1	124133
248.282	0.25	0	1	124141
248.3	0.25	0	1	124150
248.316	0.25	1	2	124158
248.332	0.25	1	2	124166
248.35	0.25	1	2	124175
248.366	0.25	1	2	124183
248.382	0.25	0	1	124191
248.4	0.25	0	1	124200
248.416	0.25	0	1	124208
248.432	0.25	0	1	124216
248.45	0.25	1	2	124225
248.466	0.25	1	2	124233
248.482	0.25	0	1	124241
248.5	0.25	0	1	124250
248.516	0.25	1	2	124258
248.532	0.25	1	2	124266
248.55	0.25	1	2	124275
248.566	0.25	1	2	124283
248.582	0.25	0	1	124291
248.6	0.25	0	1	124300
248.616	0.25	1	2	124308
248.632	0.25	1	2	124316
248.65	0.25	0	1	124325
248.666	0.25	0	1	124333
248.682	0.25	0	1	124341
248.7	0.25	0	1	124350
248.716	0.25	1	2	124358
248.732	0.25	1	2	124366
248.75	0.25	0	1	124375
248.766	0.25	0	1	124383
248.782	0.25	1	2	124391
248.8	0.25	1	2	124400
248.816	0.25	1	2	124408
248.832	0.25	1	2	124416
248.85	0.25	1	2	124425
248.866	0.25	1	2	124433
248.882	0.25	0	1	124441
248.9	0.25	0	1	124450
248.916	0.25	0	1	124458
248.932	0.25	0	1	124466
248.95	0.25	0	1	124475
248.966	0.25	0	1	124483
248.982	0.25	1	2	124491
249.0	0.25	1	2	124500
249.016	0.25	0	1	124508
249.032	0.25	0	1	124516
249.05	0.25	1	2	124525
249.066	0.25	1	2	124533
249.082	0.25	1	2	124541
249.1	0.25	1	2	124550
249.116	0.25	1	2	124558
249.132	0.25	1	2	124566
249.15	0.25	0	1	124575
249.166	0.25	0	1	124583
249.182	0.25	0	1	124591
249.2	0.25	0	1	124600
249.216	0.25	1	2	124608
249.232	0.25	1	2	124616
249.25	0.25	0	1	124625
249.266	0.25	0	1	124633
249.282	0.25	1	2	124641
249.3	0.25	1	2	124650
249.316	0.25	0	1	124658
249.332	0.25	0	1	124666
249.35	0.25	0	1	124675
249.366	0.25	0	1	124683
249.382	0.25	0	1	124691
249.4	0.25	0	1	124700
249.416	0.25	1	2	124708
249.432	0.25	1	2	124716
249.45	0.25	1	2	124725
249.466	0.25	1	2	124733
249.482	0.25	0	1	124741
249.5	0.25	0	1	124750
249.516	0.25	1	2	124758
249.532	0.25	1	2	124766
249.55	0.25	0	1	124775
249.566	0.25	0	1	124783
249.582	0.25	0	1	124791
249.6	0.25	0	1	124800
249.616	0.25	0	1	124808
249.632	0.25	0	1	124816
249.65	0.25	1	2	124825
249.666	0.25	1	2	124833
249.682	0.25	0	1	124841
249.7	0.25	0	1	124850
249.716	0.25	1	2	124858
249.732	0.25	1	2	124866
249.75	0.25	0	1	124875
249.766	0.25	0	1	124883
249.782	0.25	0	1	124891
249.8	0.25	0	1	124900
249.816	0.25	1	2	124908
253.3	0.25	1	2	126650
253.316	0.25	1	2	126658
253.332	0.25	1	2	126666
253.35	0.25	1	2	126675
253.366	0.25	1	2	126683
253.382	0.25	1	2	126691
253.4	0.25	1	2	126700
253.416	0.25	1	2	126708
253.432	0.25	1	2	126716
253.45	0.25	1	2	126725
253.466	0.25	1	2	126733
253.482	0.25	1	2	126741
253.5	0.25	1	2	126750
253.516	0.25	1	2	126758
253.532	0.25	0	1	126766
253.55	0.25	0	1	126775
253.566	0.25	0	1	126783
253.582	0.25	0	1	126791
253.6	0.25	1	2	126800
253.616	0.25	1	2	126808
253.632	0.25	1	2	126816
253.65	0.25	1	2	126825
253.666	0.25	0	1	126833
253.682	0.25	0	1	126841
253.7	0.25	0	1	126850
253.716	0.25	0	1	126858
253.732	0.25	1	2	126866
253.75	0.25	1	2	126875
253.766	0.25	1	2	126883
253.782	0.25	1	2	126891
253.8	0.25	0	1	126900
253.816	0.25	0	1	126908
253.832	0.25	0	1	126916
253.85	0.25	0	1	126925
253.866	0.25	1	2	126933
253.882	0.25	1	2	126941
253.9	0.25	0	1	126950
253.916	0.25	0	1	126958
253.932	0.25	1	2	126966
253.95	0.25	1	2	126975
253.966	0.25	1	2	126983
253.982	0.25	1	2	126991
254.0	0.25	0	1	127000
254.016	0.25	0	1	127008
254.032	0.25	1	2	127016
254.05	0.25	1	2	127025
254.066	0.25	0	1	127033
254.082	0.25	0	1	127041
254.1	0.25	0	1	127050
254.116	0.25	0	1	127058
254.132	0.25	1	2	127066
254.15	0.25	1	2	127075
254.166	0.25	0	1	127083
254.182	0.25	0	1	127091
254.2	0.25	1	2	127100
254.216	0.25	1	2	127108
254.232	0.25	1	2	127116
254.25	0.25	1	2	127125
254.266	0.25	1	2	127133
254.282	0.25	1	2	127141
254.3	0.25	0	1	127150
254.316	0.25	0	1	127158
254.332	0.25	0	1	127166
254.35	0.25	0	1	127175
254.366	0.25	0	1	127183
254.382	0.25	0	1	127191
254.4	0.25	1	2	127200
254.416	0.25	1	2	127208
254.432	0.25	0	1	127216
254.45	0.25	0	1	127225
254.466	0.25	1	2	127233
254.482	0.25	1	2	127241
254.5	0.25	1	2	127250
254.516	0.25	1	2	127258
254.532	0.25	1	2	127266
254.55	0.25	1	2	127275
254.566	0.25	0	1	127283
254.582	0.25	0	1	127291
254.6	0.25	0	1	127300
254.616	0.25	0	1	127308
254.632	0.25	1	2	127316
254.65	0.25	1	2	127325
254.666	0.25	0	1	127333
254.682	0.25	0	1	127341
254.7	0.25	1	2	127350
254.716	0.25	1	2	127358
254.732	0.25	0	1	127366
254.75	0.25	0	1	127375
254.766	0.25	0	1	127383
254.782	0.25	0	1	127391
254.8	0.25	0	1	127400
254.816	0.25	0	1	127408
254.832	0.25	1	2	127416
254.85	0.25	1	2	127425
254.866	0.25	1	2	127433
254.882	0.25	1	2	127441
254.9	0.25	0	1	127450
254.916	0.25	0	1	127458
254.932	0.25	1	2	127466
254.95	0.25	1	2	127475
254.966	0.25	0	1	127483
254.982	0.25	0	1	127491
255.0	0.25	0	1	127500
255.016	0.25	0	1	127508
255.032	0.25	0	1	127516
255.05	0.25	0	1	127525
255.066	0.25	1	2	127533
255.082	0.25	1	2	127541
255.1	0.25	0	1	127550
255.116	0.25	0	1	127558
255.132	0.25	1	2	127566
255.15	0.25	1	2	127575
255.166	0.25	0	1	127583
255.182	0.25	0	1	127591
255.2	0.25	0	1	127600
255.216	0.25	0	1	127608
255.232	0.25	1	2	127616
256.716	0.25	0	1	128358
256.732	0.25	0	1	128366
256.75	0.25	0	1	128375
256.766	0.25	0	1	128383
256.782	0.25	1	2	128391
256.8	0.25	1	2	128400
256.816	0.25	1	2	128408
256.832	0.25	1	2	128416
256.85	0.25	0	1	128425
256.866	0.25	0	1	128433
256.882	0.25	0	1	128441
256.898	0.25	0	1	128449
256.916	0.25	0	1	128458
256.932	0.25	0	1	128466
256.95	0.25	0	1	128475
256.966	0.25	0	1	128483
256.982	0.25	1	2	128491
257.0	0.25	1	2	128500
257.016	0.25	1	2	128508
257.032	0.25	1	2	128516
257.05	0.25	1	2	128525
257.066	0.25	1	2	128533
257.082	0.25	1	2	128541
257.1	0.25	1	2	128550
257.116	0.25	1	2	128558
257.132	0.25	1	2	128566
257.148	0.25	0	1	128574
257.166	0.25	0	1	128583
257.182	0.25	0	1	128591
257.2	0.25	0	1	128600
257.216	0.25	0	1	128608
257.232	0.25	0	1	128616
257.25	0.25	0	1	128625
257.266	0.25	0	1	128633
257.282	0.25	0	1	128641
257.3	0.25	0	1	128650
257.316	0.25	0	1	128658
257.332	0.25	0	1	128666
257.35	0.25	1	2	128675
257.366	0.25	1	2	128683
257.382	0.25	1	2	128691
257.398	0.25	1	2	128699
257.416	0.25	0	1	128708
257.432	0.25	0	1	128716
257.45	0.25	0	1	128725
257.466	0.25	0	1	128733
257.482	0.25	1	2	128741
257.5	0.25	1	2	128750
257.516	0.25	0	1	128758
257.532	0.25	0	1	128766
257.55	0.25	1	2	128775
257.566	0.25	1	2	128783
257.582	0.25	0	1	128791
257.6	0.25	0	1	128800
257.616	0.25	1	2	128808
257.632	0.25	1	2	128816
257.648	0.25	0	1	128824
257.666	0.25	0	1	128833
257.682	0.25	1	2	128841
257.7	0.25	1	2	128850
257.716	0.25	1	2	128858
257.732	0.25	1	2	128866
257.75	0.25	0	1	128875
257.766	0.25	0	1	128883
257.782	0.25	1	2	128891
257.8	0.25	1	2	128900
257.816	0.25	0	1	128908
257.832	0.25	0	1	128916
257.85	0.25	0	1	128925
257.866	0.25	0	1	128933
257.882	0.25	0	1	128941
257.898	0.25	0	1	128949
257.916	0.25	1	2	128958
257.932	0.25	1	2	128966
257.95	0.25	0	1	128975
257.966	0.25	0	1	128983
257.982	0.25	0	1	128991
258.0	0.25	0	1	129000
258.016	0.25	0	1	129008
258.032	0.25	0	1	129016
258.05	0.25	1	2	129025
258.066	0.25	1	2	129033
258.082	0.25	1	2	129041
258.1	0.25	1	2	129050
258.116	0.25	1	2	129058
258.132	0.25	1	2	129066
258.148	0.25	0	1	129074
258.166	0.25	0	1	129083
258.182	0.25	1	2	129091
258.2	0.25	1	2	129100
258.216	0.25	0	1	129108
258.232	0.25	0	1	129116
258.25	0.25	1	2	129125
258.266	0.25	1	2	129133
258.282	0.25	1	2	129141
258.3	0.25	1	2	129150
258.316	0.25	1	2	129158
258.332	0.25	1	2	129166
258.35	0.25	1	2	129175
258.366	0.25	1	2	129183
258.382	0.25	1	2	129191
258.398	0.25	1	2	129199
258.416	0.25	0	1	129208
258.432	0.25	0	1	129216
258.45	0.25	0	1	129225
258.466	0.25	0	1	129233
258.482	0.25	1	2	129241
258.5	0.25	1	2	129250
258.516	0.25	0	1	129258
258.532	0.25	0	1	129266
258.55	0.25	0	1	129275
258.566	0.25	0	1	129283
258.582	0.25	0	1	129291
258.6	0.25	0	1	129300
258.616	0.25	1	2	129308
258.632	0.25	1	2	129316
258.648	0.25	1	2	129324
260.132	0.25	1	2	130066
260.148	0.25	1	2	130074
260.166	0.25	1	2	130083
260.182	0.25	1	2	130091
260.2	0.25	0	1	130100
260.216	0.25	0	1	130108
260.232	0.25	0	1	130116
260.25	0.25	0	1	130125
260.266	0.25	0	1	130133
260.282	0.25	0	1	130141
260.3	0.25	0	1	130150
260.316	0.25	0	1	130158
260.332	0.25	1	2	130166
260.35	0.25	1	2	130175
260.366	0.25	0	1	130183
260.382	0.25	0	1	130191
260.398	0.25	0	1	130199
260.416	0.25	0	1	130208
260.432	0.25	1	2	130216
260.45	0.25	1	2	130225
260.466	0.25	1	2	130233
260.482	0.25	1	2	130241
260.5	0.25	0	1	130250
260.516	0.25	0	1	130258
260.532	0.25	0	1	130266
260.55	0.25	0	1	130275
260.566	0.25	0	1	130283
260.582	0.25	0	1	130291
260.6	0.25	0	1	130300
260.616	0.25	0	1	130308
260.632	0.25	0	1	130316
260.648	0.25	0	1	130324
260.666	0.25	0	1	130333
260.682	0.25	0	1	130341
260.7	0.25	1	2	130350
260.716	0.25	1	2	130358
260.732	0.25	0	1	130366
260.75	0.25	0	1	130375
260.766	0.25	1	2	130383
260.782	0.25	1	2	130391
260.8	0.25	1	2	130400
260.816	0.25	1	2	130408
260.832	0.25	0	1	130416
260.85	0.25	0	1	130425
260.866	0.25	1	2	130433
260.882	0.25	1	2	130441
260.898	0.25	0	1	130449
260.916	0.25	0	1	130458
260.932	0.25	1	2	130466
260.95	0.25	1	2	130475
260.966	0.25	0	1	130483
260.982	0.25	0	1	130491
261.0	0.25	1	2	130500
261.016	0.25	1	2	130508
261.032	0.25	0	1	130516
261.05	0.25	0	1	130525
261.066	0.25	0	1	130533
261.082	0.25	0	1	130541
261.1	0.25	0	1	130550
261.116	0.25	0	1	130558
261.132	0.25	1	2	130566
261.148	0.25	1	2	130574
261.166	0.25	1	2	130583
261.182	0.25	1	2	130591
261.2	0.25	1	2	130600
261.216	0.25	1	2	130608
261.232	0.25	0	1	130616
261.25	0.25	0	1	130625
261.266	0.25	1	2	130633
261.282	0.25	1	2	130641
261.3	0.25	1	2	130650
261.316	0.25	1	2	130658
261.332	0.25	1	2	130666
261.35	0.25	1	2	130675
261.366	0.25	0	1	130683
261.382	0.25	0	1	130691
261.398	0.25	1	2	130699
261.416	0.25	1	2	130708
261.432	0.25	0	1	130716
261.45	0.25	0	1	130725
261.466	0.25	1	2	130733
261.482	0.25	1	2	130741
261.5	0.25	1	2	130750
261.516	0.25	1	2	130758
261.532	0.25	0	1	130766
261.55	0.25	0	1	130775
261.566	0.25	0	1	130783
261.582	0.25	0	1	130791
261.6	0.25	0	1	130800
261.616	0.25	0	1	130808
261.632	0.25	1	2	130816
261.648	0.25	1	2	130824
261.666	0.25	1	2	130833
261.682	0.25	1	2	130841
261.7	0.25	0	1	130850
261.716	0.25	0	1	130858
261.732	0.25	1	2	130866
261.75	0.25	1	2	130875
261.766	0.25	1	2	130883
261.782	0.25	1	2	130891
261.8	0.25	1	2	130900
261.816	0.25	1	2	130908
261.832	0.25	0	1	130916
261.85	0.25	0	1	130925
261.866	0.25	0	1	130933
261.882	0.25	0	1	130941
261.898	0.25	0	1	130949
261.916	0.25	0	1	130958
261.932	0.25	0	1	130966
261.95	0.25	0	1	130975
261.966	0.25	0	1	130983
261.982	0.25	0	1	130991
262.0	0.25	1	2	131000
262.016	0.25	1	2	131008
262.032	0.25	1	2	131016
262.05	0.25	1	2	131025
262.066	0.25	1	2	131033
263.55	0.25	1	2	131775
263.566	0.25	1	2	131783
263.582	0.25	1	2	131791
263.6	0.25	1	2	131800
263.616	0.25	0	1	131808
263.632	0.25	0	1	131816
263.65	0.25	1	2	131825
263.666	0.25	1	2	131833
263.682	0.25	1	2	131841
263.7	0.25	1	2	131850
263.716	0.25	0	1	131858
263.732	0.25	0	1	131866
263.75	0.25	1	2	131875
263.766	0.25	1	2	131883
263.782	0.25	1	2	131891
263.8	0.25	1	2	131900
263.816	0.25	0	1	131908
263.832	0.25	0	1	131916
263.85	0.25	1	2	131925
263.866	0.25	1	2	131933
263.882	0.25	1	2	131941
263.9	0.25	1	2	131950
263.916	0.25	0	1	131958
263.932	0.25	0	1	131966
263.95	0.25	0	1	131975
263.966	0.25	0	1	131983
263.982	0.25	0	1	131991
264.0	0.25	0	1	132000
264.016	0.25	1	2	132008
264.032	0.25	1	2	132016
264.05	0.25	1	2	132025
264.066	0.25	1	2	132033
264.082	0.25	1	2	132041
264.1	0.25	1	2	132050
264.116	0.25	0	1	132058
264.132	0.25	0	1	132066
264.15	0.25	0	1	132075
264.166	0.25	0	1	132083
264.182	0.25	0	1	132091
264.2	0.25	0	1	132100
264.216	0.25	1	2	132108
264.232	0.25	1	2	132116
264.25	0.25	1	2	132125
264.266	0.25	1	2	132133
264.282	0.25	1	2	132141
264.3	0.25	1	2	132150
264.316	0.25	1	2	132158
264.332	0.25	1	2	132166
264.35	0.25	1	2	132175
264.366	0.25	1	2	132183
264.382	0.25	0	1	132191
264.4	0.25	0	1	132200
264.416	0.25	0	1	132208
264.432	0.25	0	1	132216
264.45	0.25	1	2	132225
264.466	0.25	1	2	132233
264.482	0.25	0	1	132241
264.5	0.25	0	1	132250
264.516	0.25	1	2	132258
264.532	0.25	1	2	132266
264.55	0.25	0	1	132275
264.566	0.25	0	1	132283
264.582	0.25	0	1	132291
264.6	0.25	0	1	132300
264.616	0.25	1	2	132308
264.632	0.25	1	2	132316
264.65	0.25	1	2	132325
264.666	0.25	1	2	132333
264.682	0.25	0	1	132341
264.7	0.25	0	1	132350
264.716	0.25	0	1	132358
264.732	0.25	0	1	132366
264.75	0.25	0	1	132375
264.766	0.25	0	1	132383
264.782	0.25	0	1	132391
264.8	0.25	0	1	132400
264.816	0.25	1	2	132408
264.832	0.25	1	2	132416
264.85	0.25	0	1	132425
264.866	0.25	0	1	132433
264.882	0.25	0	1	132441
264.9	0.25	0	1	132450
264.916	0.25	0	1	132458
264.932	0.25	0	1	132466
264.95	0.25	0	1	132475
264.966	0.25	0	1	132483
264.982	0.25	1	2	132491
265.0	0.25	1	2	132500
265.016	0.25	1	2	132508
265.032	0.25	1	2	132516
265.05	0.25	1	2	132525
265.066	0.25	1	2	132533
265.082	0.25	1	2	132541
265.1	0.25	1	2	132550
265.116	0.25	1	2	132558
265.132	0.25	1	2	132566
265.15	0.25	1	2	132575
265.166	0.25	1	2	132583
265.182	0.25	0	1	132591
265.2	0.25	0	1	132600
265.216	0.25	1	2	132608
265.232	0.25	1	2	132616
265.25	0.25	0	1	132625
265.266	0.25	0	1	132633
265.282	0.25	1	2	132641
265.3	0.25	1	2	132650
265.316	0.25	0	1	132658
265.332	0.25	0	1	132666
265.35	0.25	0	1	132675
265.366	0.25	0	1	132683
265.382	0.25	1	2	132691
265.4	0.25	1	2	132700
265.416	0.25	1	2	132708
265.432	0.25	1	2	132716
265.45	0.25	0	1	132725
265.466	0.25	0	1	132733
265.482	0.25	0	1	132741
