onset	duration	trial_type	value	sample
13.55	0.25	1	2	6775
13.566	0.25	1	2	6783
13.582	0.25	1	2	6791
13.6	0.25	1	2	6800
13.616	0.25	1	2	6808
13.632	0.25	1	2	6816
13.65	0.25	1	2	6825
13.666	0.25	1	2	6833
13.682	0.25	1	2	6841
13.7	0.25	1	2	6850
13.716	0.25	1	2	6858
13.732	0.25	1	2	6866
13.75	0.25	1	2	6875
13.766	0.25	1	2	6883
13.782	0.25	0	1	6891
13.8	0.25	0	1	6900
13.816	0.25	0	1	6908
13.832	0.25	0	1	6916
13.85	0.25	1	2	6925
13.866	0.25	1	2	6933
13.882	0.25	1	2	6941
13.9	0.25	1	2	6950
13.916	0.25	0	1	6958
13.932	0.25	0	1	6966
13.95	0.25	0	1	6975
13.966	0.25	0	1	6983
13.982	0.25	1	2	6991
14.0	0.25	1	2	7000
14.016	0.25	1	2	7008
14.032	0.25	1	2	7016
14.05	0.25	0	1	7025
14.066	0.25	0	1	7033
14.082	0.25	0	1	7041
14.1	0.25	0	1	7050
14.116	0.25	1	2	7058
14.132	0.25	1	2	7066
14.15	0.25	0	1	7075
14.166	0.25	0	1	7083
14.182	0.25	1	2	7091
14.2	0.25	1	2	7100
14.216	0.25	1	2	7108
14.232	0.25	1	2	7116
14.25	0.25	0	1	7125
14.266	0.25	0	1	7133
14.282	0.25	1	2	7141
14.3	0.25	1	2	7150
14.316	0.25	0	1	7158
14.332	0.25	0	1	7166
14.35	0.25	0	1	7175
14.366	0.25	0	1	7183
14.382	0.25	1	2	7191
14.4	0.25	1	2	7200
14.416	0.25	0	1	7208
14.432	0.25	0	1	7216
14.45	0.25	1	2	7225
14.466	0.25	1	2	7233
14.482	0.25	1	2	7241
14.5	0.25	1	2	7250
14.516	0.25	1	2	7258
14.532	0.25	1	2	7266
14.55	0.25	0	1	7275
14.566	0.25	0	1	7283
14.582	0.25	0	1	7291
14.6	0.25	0	1	7300
14.616	0.25	0	1	7308
14.632	0.25	0	1	7316
14.65	0.25	1	2	7325
14.666	0.25	1	2	7333
14.682	0.25	0	1	7341
14.7	0.25	0	1	7350
14.716	0.25	1	2	7358
14.732	0.25	1	2	7366
14.75	0.25	1	2	7375
14.766	0.25	1	2	7383
14.782	0.25	1	2	7391
14.8	0.25	1	2	7400
14.816	0.25	0	1	7408
14.832	0.25	0	1	7416
14.85	0.25	0	1	7425
14.866	0.25	0	1	7433
14.882	0.25	1	2	7441
14.9	0.25	1	2	7450
14.916	0.25	0	1	7458
14.932	0.25	0	1	7466
14.95	0.25	1	2	7475
14.966	0.25	1	2	7483
14.982	0.25	0	1	7491
15.0	0.25	0	1	7500
15.016	0.25	0	1	7508
15.032	0.25	0	1	7516
15.05	0.25	0	1	7525
15.066	0.25	0	1	7533
15.082	0.25	1	2	7541
15.1	0.25	1	2	7550
15.116	0.25	1	2	7558
15.132	0.25	1	2	7566
15.15	0.25	0	1	7575
15.166	0.25	0	1	7583
15.182	0.25	1	2	7591
15.2	0.25	1	2	7600
15.216	0.25	0	1	7608
15.232	0.25	0	1	7616
15.25	0.25	0	1	7625
15.266	0.25	0	1	7633
15.282	0.25	0	1	7641
15.3	0.25	0	1	7650
15.316	0.25	1	2	7658
15.332	0.25	1	2	7666
15.35	0.25	0	1	7675
15.366	0.25	0	1	7683
15.382	0.25	1	2	7691
15.4	0.25	1	2	7700
15.416	0.25	0	1	7708
15.432	0.25	0	1	7716
15.45	0.25	0	1	7725
15.466	0.25	0	1	7733
15.482	0.25	1	2	7741
16.966	0.25	1	2	8483
16.982	0.25	1	2	8491
17.0	0.25	1	2	8500
17.016	0.25	1	2	8508
17.032	0.25	0	1	8516
17.05	0.25	0	1	8525
17.066	0.25	0	1	8533
17.082	0.25	0	1	8541
17.1	0.25	0	1	8550
17.116	0.25	0	1	8558
17.132	0.25	0	1	8566
17.15	0.25	0	1	8575
17.166	0.25	1	2	8583
17.182	0.25	1	2	8591
17.2	0.25	0	1	8600
17.216	0.25	0	1	8608
17.232	0.25	0	1	8616
17.25	0.25	0	1	8625
17.266	0.25	1	2	8633
17.282	0.25	1	2	8641
17.3	0.25	1	2	8650
17.316	0.25	1	2	8658
17.332	0.25	0	1	8666
17.35	0.25	0	1	8675
17.366	0.25	0	1	8683
17.382	0.25	0	1	8691
17.4	0.25	0	1	8700
17.416	0.25	0	1	8708
17.432	0.25	0	1	8716
17.45	0.25	0	1	8725
17.466	0.25	0	1	8733
17.482	0.25	0	1	8741
17.5	0.25	0	1	8750
17.516	0.25	0	1	8758
17.532	0.25	1	2	8766
17.55	0.25	1	2	8775
17.566	0.25	0	1	8783
17.582	0.25	0	1	8791
17.6	0.25	1	2	8800
17.616	0.25	1	2	8808
17.632	0.25	1	2	8816
17.65	0.25	1	2	8825
17.666	0.25	0	1	8833
17.682	0.25	0	1	8841
17.7	0.25	1	2	8850
17.716	0.25	1	2	8858
17.732	0.25	0	1	8866
17.75	0.25	0	1	8875
17.766	0.25	1	2	8883
17.782	0.25	1	2	8891
17.8	0.25	0	1	8900
17.816	0.25	0	1	8908
17.832	0.25	1	2	8916
17.85	0.25	1	2	8925
17.866	0.25	0	1	8933
17.882	0.25	0	1	8941
17.9	0.25	0	1	8950
17.916	0.25	0	1	8958
17.932	0.25	0	1	8966
17.95	0.25	0	1	8975
17.966	0.25	1	2	8983
17.982	0.25	1	2	8991
18.0	0.25	1	2	9000
18.016	0.25	1	2	9008
18.032	0.25	1	2	9016
18.05	0.25	1	2	9025
18.066	0.25	0	1	9033
18.082	0.25	0	1	9041
18.1	0.25	1	2	9050
18.116	0.25	1	2	9058
18.132	0.25	1	2	9066
18.15	0.25	1	2	9075
18.166	0.25	1	2	9083
18.182	0.25	1	2	9091
18.2	0.25	0	1	9100
18.216	0.25	0	1	9108
18.232	0.25	1	2	9116
18.25	0.25	1	2	9125
18.266	0.25	0	1	9133
18.282	0.25	0	1	9141
18.3	0.25	1	2	9150
18.316	0.25	1	2	9158
18.332	0.25	1	2	9166
18.35	0.25	1	2	9175
18.366	0.25	0	1	9183
18.382	0.25	0	1	9191
18.4	0.25	0	1	9200
18.416	0.25	0	1	9208
18.432	0.25	0	1	9216
18.45	0.25	0	1	9225
18.466	0.25	1	2	9233
18.482	0.25	1	2	9241
18.5	0.25	1	2	9250
18.516	0.25	1	2	9258
18.532	0.25	0	1	9266
18.55	0.25	0	1	9275
18.566	0.25	1	2	9283
18.582	0.25	1	2	9291
18.6	0.25	1	2	9300
18.616	0.25	1	2	9308
18.632	0.25	1	2	9316
18.65	0.25	1	2	9325
18.666	0.25	0	1	9333
18.682	0.25	0	1	9341
18.7	0.25	0	1	9350
18.716	0.25	0	1	9358
18.732	0.25	0	1	9366
18.75	0.25	0	1	9375
18.766	0.25	0	1	9383
18.782	0.25	0	1	9391
18.8	0.25	0	1	9400
18.816	0.25	0	1	9408
18.832	0.25	1	2	9416
18.85	0.25	1	2	9425
18.866	0.25	1	2	9433
18.882	0.25	1	2	9441
18.9	0.25	1	2	9450
20.382	0.25	1	2	10191
20.4	0.25	1	2	10200
20.416	0.25	1	2	10208
20.432	0.25	1	2	10216
20.45	0.25	0	1	10225
20.466	0.25	0	1	10233
20.482	0.25	1	2	10241
20.5	0.25	1	2	10250
20.516	0.25	1	2	10258
20.532	0.25	1	2	10266
20.55	0.25	0	1	10275
20.566	0.25	0	1	10283
20.582	0.25	1	2	10291
20.6	0.25	1	2	10300
20.616	0.25	1	2	10308
20.632	0.25	1	2	10316
20.65	0.25	0	1	10325
20.666	0.25	0	1	10333
20.682	0.25	1	2	10341
20.7	0.25	1	2	10350
20.716	0.25	1	2	10358
20.732	0.25	1	2	10366
20.75	0.25	0	1	10375
20.766	0.25	0	1	10383
20.782	0.25	0	1	10391
20.8	0.25	0	1	10400
20.816	0.25	0	1	10408
20.832	0.25	0	1	10416
20.85	0.25	1	2	10425
20.866	0.25	1	2	10433
20.882	0.25	1	2	10441
20.9	0.25	1	2	10450
20.916	0.25	1	2	10458
20.932	0.25	1	2	10466
20.95	0.25	0	1	10475
20.966	0.25	0	1	10483
20.982	0.25	0	1	10491
21.0	0.25	0	1	10500
21.016	0.25	0	1	10508
21.032	0.25	0	1	10516
21.05	0.25	1	2	10525
21.066	0.25	1	2	10533
21.082	0.25	1	2	10541
21.1	0.25	1	2	10550
21.116	0.25	1	2	10558
21.132	0.25	1	2	10566
21.15	0.25	1	2	10575
21.166	0.25	1	2	10583
21.182	0.25	1	2	10591
21.2	0.25	1	2	10600
21.216	0.25	0	1	10608
21.232	0.25	0	1	10616
21.25	0.25	0	1	10625
21.266	0.25	0	1	10633
21.282	0.25	1	2	10641
21.3	0.25	1	2	10650
21.316	0.25	0	1	10658
21.332	0.25	0	1	10666
21.35	0.25	1	2	10675
21.366	0.25	1	2	10683
21.382	0.25	0	1	10691
21.4	0.25	0	1	10700
21.416	0.25	0	1	10708
21.432	0.25	0	1	10716
21.45	0.25	1	2	10725
21.466	0.25	1	2	10733
21.482	0.25	1	2	10741
21.5	0.25	1	2	10750
21.516	0.25	0	1	10758
21.532	0.25	0	1	10766
21.55	0.25	0	1	10775
21.566	0.25	0	1	10783
21.582	0.25	0	1	10791
21.6	0.25	0	1	10800
21.616	0.25	0	1	10808
21.632	0.25	0	1	10816
21.65	0.25	1	2	10825
21.666	0.25	1	2	10833
21.682	0.25	0	1	10841
21.7	0.25	0	1	10850
21.716	0.25	0	1	10858
21.732	0.25	0	1	10866
21.75	0.25	0	1	10875
21.766	0.25	0	1	10883
21.782	0.25	0	1	10891
21.8	0.25	0	1	10900
21.816	0.25	1	2	10908
21.832	0.25	1	2	10916
21.85	0.25	1	2	10925
21.866	0.25	1	2	10933
21.882	0.25	1	2	10941
21.9	0.25	1	2	10950
21.916	0.25	1	2	10958
21.932	0.25	1	2	10966
21.95	0.25	1	2	10975
21.966	0.25	1	2	10983
21.982	0.25	1	2	10991
22.0	0.25	1	2	11000
22.016	0.25	0	1	11008
22.032	0.25	0	1	11016
22.05	0.25	1	2	11025
22.066	0.25	1	2	11033
22.082	0.25	0	1	11041
22.1	0.25	0	1	11050
22.116	0.25	1	2	11058
22.132	0.25	1	2	11066
22.15	0.25	0	1	11075
22.166	0.25	0	1	11083
22.182	0.25	0	1	11091
22.2	0.25	0	1	11100
22.216	0.25	1	2	11108
22.232	0.25	1	2	11116
22.25	0.25	1	2	11125
22.266	0.25	1	2	11133
22.282	0.25	0	1	11141
22.3	0.25	0	1	11150
22.316	0.25	0	1	11158
23.8	0.25	0	1	11900
23.816	0.25	0	1	11908
23.832	0.25	0	1	11916
23.85	0.25	0	1	11925
23.866	0.25	1	2	11933
23.882	0.25	1	2	11941
23.9	0.25	1	2	11950
23.916	0.25	1	2	11958
23.932	0.25	0	1	11966
23.95	0.25	0	1	11975
23.966	0.25	0	1	11983
23.982	0.25	0	1	11991
24.0	0.25	0	1	12000
24.016	0.25	0	1	12008
24.032	0.25	0	1	12016
24.05	0.25	0	1	12025
24.066	0.25	1	2	12033
24.082	0.25	1	2	12041
24.1	0.25	1	2	12050
24.116	0.25	1	2	12058
24.132	0.25	1	2	12066
24.15	0.25	1	2	12075
24.166	0.25	1	2	12083
24.182	0.25	1	2	12091
24.2	0.25	1	2	12100
24.216	0.25	1	2	12108
24.232	0.25	0	1	12116
24.25	0.25	0	1	12125
24.266	0.25	0	1	12133
24.282	0.25	0	1	12141
24.3	0.25	0	1	12150
24.316	0.25	0	1	12158
24.332	0.25	0	1	12166
24.35	0.25	0	1	12175
24.366	0.25	0	1	12183
24.382	0.25	0	1	12191
24.4	0.25	0	1	12200
24.416	0.25	0	1	12208
24.432	0.25	1	2	12216
24.45	0.25	1	2	12225
24.466	0.25	1	2	12233
24.482	0.25	1	2	12241
24.5	0.25	0	1	12250
24.516	0.25	0	1	12258
24.532	0.25	0	1	12266
24.55	0.25	0	1	12275
24.566	0.25	1	2	12283
24.582	0.25	1	2	12291
24.6	0.25	0	1	12300
24.616	0.25	0	1	12308
24.632	0.25	1	2	12316
24.65	0.25	1	2	12325
24.666	0.25	0	1	12333
24.682	0.25	0	1	12341
24.7	0.25	1	2	12350
24.716	0.25	1	2	12358
24.732	0.25	0	1	12366
24.75	0.25	0	1	12375
24.766	0.25	1	2	12383
24.782	0.25	1	2	12391
24.8	0.25	1	2	12400
24.816	0.25	1	2	12408
24.832	0.25	0	1	12416
24.85	0.25	0	1	12425
24.866	0.25	1	2	12433
24.882	0.25	1	2	12441
24.9	0.25	0	1	12450
24.916	0.25	0	1	12458
24.932	0.25	0	1	12466
24.95	0.25	0	1	12475
24.966	0.25	0	1	12483
24.982	0.25	0	1	12491
25.0	0.25	1	2	12500
25.016	0.25	1	2	12508
25.032	0.25	0	1	12516
25.05	0.25	0	1	12525
25.066	0.25	0	1	12533
25.082	0.25	0	1	12541
25.1	0.25	0	1	12550
25.116	0.25	0	1	12558
25.132	0.25	1	2	12566
25.15	0.25	1	2	12575
25.166	0.25	1	2	12583
25.182	0.25	1	2	12591
25.2	0.25	1	2	12600
25.216	0.25	1	2	12608
25.232	0.25	0	1	12616
25.25	0.25	0	1	12625
25.266	0.25	1	2	12633
25.282	0.25	1	2	12641
25.3	0.25	0	1	12650
25.316	0.25	0	1	12658
25.332	0.25	1	2	12666
25.35	0.25	1	2	12675
25.366	0.25	1	2	12683
25.382	0.25	1	2	12691
25.4	0.25	1	2	12700
25.416	0.25	1	2	12708
25.432	0.25	1	2	12716
25.45	0.25	1	2	12725
25.466	0.25	1	2	12733
25.482	0.25	1	2	12741
25.5	0.25	0	1	12750
25.516	0.25	0	1	12758
25.532	0.25	0	1	12766
25.55	0.25	0	1	12775
25.566	0.25	1	2	12783
25.582	0.25	1	2	12791
25.6	0.25	0	1	12800
25.616	0.25	0	1	12808
25.632	0.25	0	1	12816
25.65	0.25	0	1	12825
25.666	0.25	0	1	12833
25.682	0.25	0	1	12841
25.7	0.25	1	2	12850
25.716	0.25	1	2	12858
25.732	0.25	1	2	12866
28.5	0.25	0	1	14250
28.516	0.25	0	1	14258
28.532	0.25	0	1	14266
28.55	0.25	0	1	14275
28.566	0.25	1	2	14283
28.582	0.25	1	2	14291
28.6	0.25	1	2	14300
28.616	0.25	1	2	14308
28.632	0.25	0	1	14316
28.65	0.25	0	1	14325
28.666	0.25	0	1	14333
28.682	0.25	0	1	14341
28.7	0.25	0	1	14350
28.716	0.25	0	1	14358
28.732	0.25	0	1	14366
28.75	0.25	0	1	14375
28.766	0.25	1	2	14383
28.782	0.25	1	2	14391
28.8	0.25	1	2	14400
28.816	0.25	1	2	14408
28.832	0.25	1	2	14416
28.85	0.25	1	2	14425
28.866	0.25	1	2	14433
28.882	0.25	1	2	14441
28.9	0.25	1	2	14450
28.916	0.25	1	2	14458
28.932	0.25	0	1	14466
28.95	0.25	0	1	14475
28.966	0.25	0	1	14483
28.982	0.25	0	1	14491
29.0	0.25	0	1	14500
29.016	0.25	0	1	14508
29.032	0.25	0	1	14516
29.05	0.25	0	1	14525
29.066	0.25	0	1	14533
29.082	0.25	0	1	14541
29.1	0.25	0	1	14550
29.116	0.25	0	1	14558
29.132	0.25	1	2	14566
29.15	0.25	1	2	14575
29.166	0.25	1	2	14583
29.182	0.25	1	2	14591
29.2	0.25	0	1	14600
29.216	0.25	0	1	14608
29.232	0.25	0	1	14616
29.25	0.25	0	1	14625
29.266	0.25	1	2	14633
29.282	0.25	1	2	14641
29.3	0.25	0	1	14650
29.316	0.25	0	1	14658
29.332	0.25	1	2	14666
29.35	0.25	1	2	14675
29.366	0.25	0	1	14683
29.382	0.25	0	1	14691
29.4	0.25	1	2	14700
29.416	0.25	1	2	14708
29.432	0.25	0	1	14716
29.45	0.25	0	1	14725
29.466	0.25	1	2	14733
29.482	0.25	1	2	14741
29.5	0.25	1	2	14750
29.516	0.25	1	2	14758
29.532	0.25	0	1	14766
29.55	0.25	0	1	14775
29.566	0.25	1	2	14783
29.582	0.25	1	2	14791
29.6	0.25	0	1	14800
29.616	0.25	0	1	14808
29.632	0.25	0	1	14816
29.65	0.25	0	1	14825
29.666	0.25	0	1	14833
29.682	0.25	0	1	14841
29.7	0.25	1	2	14850
29.716	0.25	1	2	14858
29.732	0.25	0	1	14866
29.75	0.25	0	1	14875
29.766	0.25	0	1	14883
29.782	0.25	0	1	14891
29.8	0.25	0	1	14900
29.816	0.25	0	1	14908
29.832	0.25	1	2	14916
29.85	0.25	1	2	14925
29.866	0.25	1	2	14933
29.882	0.25	1	2	14941
29.9	0.25	1	2	14950
29.916	0.25	1	2	14958
29.932	0.25	0	1	14966
29.95	0.25	0	1	14975
29.966	0.25	1	2	14983
29.982	0.25	1	2	14991
30.0	0.25	0	1	15000
30.016	0.25	0	1	15008
30.032	0.25	1	2	15016
30.05	0.25	1	2	15025
30.066	0.25	1	2	15033
30.082	0.25	1	2	15041
30.1	0.25	1	2	15050
30.116	0.25	1	2	15058
30.132	0.25	1	2	15066
30.15	0.25	1	2	15075
30.166	0.25	1	2	15083
30.182	0.25	1	2	15091
30.2	0.25	0	1	15100
30.216	0.25	0	1	15108
30.232	0.25	0	1	15116
30.25	0.25	0	1	15125
30.266	0.25	1	2	15133
30.282	0.25	1	2	15141
30.3	0.25	0	1	15150
30.316	0.25	0	1	15158
30.332	0.25	0	1	15166
30.35	0.25	0	1	15175
30.366	0.25	0	1	15183
30.382	0.25	0	1	15191
30.4	0.25	1	2	15200
30.416	0.25	1	2	15208
30.432	0.25	1	2	15216
31.916	0.25	1	2	15958
31.932	0.25	1	2	15966
31.95	0.25	1	2	15975
31.966	0.25	1	2	15983
31.982	0.25	0	1	15991
32.0	0.25	0	1	16000
32.016	0.25	1	2	16008
32.032	0.25	1	2	16016
32.048	0.25	1	2	16024
32.066	0.25	1	2	16033
32.082	0.25	0	1	16041
32.1	0.25	0	1	16050
32.116	0.25	1	2	16058
32.132	0.25	1	2	16066
32.15	0.25	1	2	16075
32.166	0.25	1	2	16083
32.182	0.25	0	1	16091
32.2	0.25	0	1	16100
32.216	0.25	1	2	16108
32.232	0.25	1	2	16116
32.25	0.25	1	2	16125
32.266	0.25	1	2	16133
32.282	0.25	0	1	16141
32.298	0.25	0	1	16149
32.316	0.25	0	1	16158
32.332	0.25	0	1	16166
32.35	0.25	0	1	16175
32.366	0.25	0	1	16183
32.382	0.25	1	2	16191
32.4	0.25	1	2	16200
32.416	0.25	1	2	16208
32.432	0.25	1	2	16216
32.45	0.25	1	2	16225
32.466	0.25	1	2	16233
32.482	0.25	0	1	16241
32.5	0.25	0	1	16250
32.516	0.25	0	1	16258
32.532	0.25	0	1	16266
32.548	0.25	0	1	16274
32.566	0.25	0	1	16283
32.582	0.25	1	2	16291
32.6	0.25	1	2	16300
32.616	0.25	1	2	16308
32.632	0.25	1	2	16316
32.65	0.25	1	2	16325
32.666	0.25	1	2	16333
32.682	0.25	1	2	16341
32.7	0.25	1	2	16350
32.716	0.25	1	2	16358
32.732	0.25	1	2	16366
32.75	0.25	0	1	16375
32.766	0.25	0	1	16383
32.782	0.25	0	1	16391
32.8	0.25	0	1	16400
32.816	0.25	1	2	16408
32.832	0.25	1	2	16416
32.85	0.25	0	1	16425
32.866	0.25	0	1	16433
32.882	0.25	1	2	16441
32.9	0.25	1	2	16450
32.916	0.25	0	1	16458
32.932	0.25	0	1	16466
32.95	0.25	0	1	16475
32.966	0.25	0	1	16483
32.982	0.25	1	2	16491
33.0	0.25	1	2	16500
33.016	0.25	1	2	16508
33.032	0.25	1	2	16516
33.05	0.25	0	1	16525
33.066	0.25	0	1	16533
33.082	0.25	0	1	16541
33.1	0.25	0	1	16550
33.116	0.25	0	1	16558
33.132	0.25	0	1	16566
33.15	0.25	0	1	16575
33.166	0.25	0	1	16583
33.182	0.25	1	2	16591
33.2	0.25	1	2	16600
33.216	0.25	0	1	16608
33.232	0.25	0	1	16616
33.25	0.25	0	1	16625
33.266	0.25	0	1	16633
33.282	0.25	0	1	16641
33.3	0.25	0	1	16650
33.316	0.25	0	1	16658
33.332	0.25	0	1	16666
33.35	0.25	1	2	16675
33.366	0.25	1	2	16683
33.382	0.25	1	2	16691
33.4	0.25	1	2	16700
33.416	0.25	1	2	16708
33.432	0.25	1	2	16716
33.45	0.25	1	2	16725
33.466	0.25	1	2	16733
33.482	0.25	1	2	16741
33.5	0.25	1	2	16750
33.516	0.25	1	2	16758
33.532	0.25	1	2	16766
33.55	0.25	0	1	16775
33.566	0.25	0	1	16783
33.582	0.25	1	2	16791
33.6	0.25	1	2	16800
33.616	0.25	0	1	16808
33.632	0.25	0	1	16816
33.65	0.25	1	2	16825
33.666	0.25	1	2	16833
33.682	0.25	0	1	16841
33.7	0.25	0	1	16850
33.716	0.25	0	1	16858
33.732	0.25	0	1	16866
33.75	0.25	1	2	16875
33.766	0.25	1	2	16883
33.782	0.25	1	2	16891
33.8	0.25	1	2	16900
33.816	0.25	0	1	16908
33.832	0.25	0	1	16916
33.85	0.25	0	1	16925
35.332	0.25	1	2	17666
35.35	0.25	1	2	17675
35.366	0.25	1	2	17683
35.382	0.25	1	2	17691
35.4	0.25	0	1	17700
35.416	0.25	0	1	17708
35.432	0.25	0	1	17716
35.45	0.25	0	1	17725
35.466	0.25	0	1	17733
35.482	0.25	0	1	17741
35.5	0.25	0	1	17750
35.516	0.25	0	1	17758
35.532	0.25	1	2	17766
35.55	0.25	1	2	17775
35.566	0.25	0	1	17783
35.582	0.25	0	1	17791
35.6	0.25	0	1	17800
35.616	0.25	0	1	17808
35.632	0.25	1	2	17816
35.65	0.25	1	2	17825
35.666	0.25	1	2	17833
35.682	0.25	1	2	17841
35.7	0.25	0	1	17850
35.716	0.25	0	1	17858
35.732	0.25	0	1	17866
35.75	0.25	0	1	17875
35.766	0.25	0	1	17883
35.782	0.25	0	1	17891
35.8	0.25	0	1	17900
35.816	0.25	0	1	17908
35.832	0.25	0	1	17916
35.85	0.25	0	1	17925
35.866	0.25	0	1	17933
35.882	0.25	0	1	17941
35.9	0.25	1	2	17950
35.916	0.25	1	2	17958
35.932	0.25	0	1	17966
35.95	0.25	0	1	17975
35.966	0.25	1	2	17983
35.982	0.25	1	2	17991
36.0	0.25	1	2	18000
36.016	0.25	1	2	18008
36.032	0.25	0	1	18016
36.05	0.25	0	1	18025
36.066	0.25	1	2	18033
36.082	0.25	1	2	18041
36.1	0.25	0	1	18050
36.116	0.25	0	1	18058
36.132	0.25	1	2	18066
36.15	0.25	1	2	18075
36.166	0.25	0	1	18083
36.182	0.25	0	1	18091
36.2	0.25	1	2	18100
36.216	0.25	1	2	18108
36.232	0.25	0	1	18116
36.25	0.25	0	1	18125
36.266	0.25	0	1	18133
36.282	0.25	0	1	18141
36.3	0.25	0	1	18150
36.316	0.25	0	1	18158
36.332	0.25	1	2	18166
36.35	0.25	1	2	18175
36.366	0.25	1	2	18183
36.382	0.25	1	2	18191
36.4	0.25	1	2	18200
36.416	0.25	1	2	18208
36.432	0.25	0	1	18216
36.45	0.25	0	1	18225
36.466	0.25	1	2	18233
36.482	0.25	1	2	18241
36.5	0.25	1	2	18250
36.516	0.25	1	2	18258
36.532	0.25	1	2	18266
36.55	0.25	1	2	18275
36.566	0.25	0	1	18283
36.582	0.25	0	1	18291
36.6	0.25	1	2	18300
36.616	0.25	1	2	18308
36.632	0.25	0	1	18316
36.65	0.25	0	1	18325
36.666	0.25	1	2	18333
36.682	0.25	1	2	18341
36.7	0.25	1	2	18350
36.716	0.25	1	2	18358
36.732	0.25	0	1	18366
36.75	0.25	0	1	18375
36.766	0.25	0	1	18383
36.782	0.25	0	1	18391
36.8	0.25	0	1	18400
36.816	0.25	0	1	18408
36.832	0.25	1	2	18416
36.85	0.25	1	2	18425
36.866	0.25	1	2	18433
36.882	0.25	1	2	18441
36.9	0.25	0	1	18450
36.916	0.25	0	1	18458
36.932	0.25	1	2	18466
36.95	0.25	1	2	18475
36.966	0.25	1	2	18483
36.982	0.25	1	2	18491
37.0	0.25	1	2	18500
37.016	0.25	1	2	18508
37.032	0.25	0	1	18516
37.05	0.25	0	1	18525
37.066	0.25	0	1	18533
37.082	0.25	0	1	18541
37.1	0.25	0	1	18550
37.116	0.25	0	1	18558
37.132	0.25	0	1	18566
37.15	0.25	0	1	18575
37.166	0.25	0	1	18583
37.182	0.25	0	1	18591
37.2	0.25	1	2	18600
37.216	0.25	1	2	18608
37.232	0.25	1	2	18616
37.25	0.25	1	2	18625
37.266	0.25	1	2	18633
38.75	0.25	1	2	19375
38.766	0.25	1	2	19383
38.782	0.25	1	2	19391
38.8	0.25	1	2	19400
38.816	0.25	1	2	19408
38.832	0.25	1	2	19416
38.85	0.25	1	2	19425
38.866	0.25	1	2	19433
38.882	0.25	1	2	19441
38.9	0.25	1	2	19450
38.916	0.25	1	2	19458
38.932	0.25	1	2	19466
38.95	0.25	1	2	19475
38.966	0.25	1	2	19483
38.982	0.25	0	1	19491
39.0	0.25	0	1	19500
39.016	0.25	0	1	19508
39.032	0.25	0	1	19516
39.05	0.25	1	2	19525
39.066	0.25	1	2	19533
39.082	0.25	1	2	19541
39.1	0.25	1	2	19550
39.116	0.25	0	1	19558
39.132	0.25	0	1	19566
39.15	0.25	0	1	19575
39.166	0.25	0	1	19583
39.182	0.25	1	2	19591
39.2	0.25	1	2	19600
39.216	0.25	1	2	19608
39.232	0.25	1	2	19616
39.25	0.25	0	1	19625
39.266	0.25	0	1	19633
39.282	0.25	0	1	19641
39.3	0.25	0	1	19650
39.316	0.25	1	2	19658
39.332	0.25	1	2	19666
39.35	0.25	0	1	19675
39.366	0.25	0	1	19683
39.382	0.25	1	2	19691
39.4	0.25	1	2	19700
39.416	0.25	1	2	19708
39.432	0.25	1	2	19716
39.45	0.25	0	1	19725
39.466	0.25	0	1	19733
39.482	0.25	1	2	19741
39.5	0.25	1	2	19750
39.516	0.25	0	1	19758
39.532	0.25	0	1	19766
39.55	0.25	0	1	19775
39.566	0.25	0	1	19783
39.582	0.25	1	2	19791
39.6	0.25	1	2	19800
39.616	0.25	0	1	19808
39.632	0.25	0	1	19816
39.65	0.25	1	2	19825
39.666	0.25	1	2	19833
39.682	0.25	1	2	19841
39.7	0.25	1	2	19850
39.716	0.25	1	2	19858
39.732	0.25	1	2	19866
39.75	0.25	0	1	19875
39.766	0.25	0	1	19883
39.782	0.25	0	1	19891
39.8	0.25	0	1	19900
39.816	0.25	0	1	19908
39.832	0.25	0	1	19916
39.85	0.25	1	2	19925
39.866	0.25	1	2	19933
39.882	0.25	0	1	19941
39.9	0.25	0	1	19950
39.916	0.25	1	2	19958
39.932	0.25	1	2	19966
39.95	0.25	1	2	19975
39.966	0.25	1	2	19983
39.982	0.25	1	2	19991
40.0	0.25	1	2	20000
40.016	0.25	0	1	20008
40.032	0.25	0	1	20016
40.05	0.25	0	1	20025
40.066	0.25	0	1	20033
40.082	0.25	1	2	20041
40.1	0.25	1	2	20050
40.116	0.25	0	1	20058
40.132	0.25	0	1	20066
40.15	0.25	1	2	20075
40.166	0.25	1	2	20083
40.182	0.25	0	1	20091
40.2	0.25	0	1	20100
40.216	0.25	0	1	20108
40.232	0.25	0	1	20116
40.25	0.25	0	1	20125
40.266	0.25	0	1	20133
40.282	0.25	1	2	20141
40.3	0.25	1	2	20150
40.316	0.25	1	2	20158
40.332	0.25	1	2	20166
40.35	0.25	0	1	20175
40.366	0.25	0	1	20183
40.382	0.25	1	2	20191
40.4	0.25	1	2	20200
40.416	0.25	0	1	20208
40.432	0.25	0	1	20216
40.45	0.25	0	1	20225
40.466	0.25	0	1	20233
40.482	0.25	0	1	20241
40.5	0.25	0	1	20250
40.516	0.25	1	2	20258
40.532	0.25	1	2	20266
40.55	0.25	0	1	20275
40.566	0.25	0	1	20283
40.582	0.25	1	2	20291
40.6	0.25	1	2	20300
40.616	0.25	0	1	20308
40.632	0.25	0	1	20316
40.65	0.25	0	1	20325
40.666	0.25	0	1	20333
40.682	0.25	1	2	20341
43.716	0.25	1	2	21858
43.732	0.25	1	2	21866
43.75	0.25	1	2	21875
43.766	0.25	1	2	21883
43.782	0.25	0	1	21891
43.8	0.25	0	1	21900
43.816	0.25	1	2	21908
43.832	0.25	1	2	21916
43.85	0.25	1	2	21925
43.866	0.25	1	2	21933
43.882	0.25	0	1	21941
43.9	0.25	0	1	21950
43.916	0.25	1	2	21958
43.932	0.25	1	2	21966
43.95	0.25	1	2	21975
43.966	0.25	1	2	21983
43.982	0.25	0	1	21991
44.0	0.25	0	1	22000
44.016	0.25	1	2	22008
44.032	0.25	1	2	22016
44.05	0.25	1	2	22025
44.066	0.25	1	2	22033
44.082	0.25	0	1	22041
44.1	0.25	0	1	22050
44.116	0.25	0	1	22058
44.132	0.25	0	1	22066
44.15	0.25	0	1	22075
44.166	0.25	0	1	22083
44.182	0.25	1	2	22091
44.2	0.25	1	2	22100
44.216	0.25	1	2	22108
44.232	0.25	1	2	22116
44.25	0.25	1	2	22125
44.266	0.25	1	2	22133
44.282	0.25	0	1	22141
44.3	0.25	0	1	22150
44.316	0.25	0	1	22158
44.332	0.25	0	1	22166
44.35	0.25	0	1	22175
44.366	0.25	0	1	22183
44.382	0.25	1	2	22191
44.4	0.25	1	2	22200
44.416	0.25	1	2	22208
44.432	0.25	1	2	22216
44.45	0.25	1	2	22225
44.466	0.25	1	2	22233
44.482	0.25	1	2	22241
44.5	0.25	1	2	22250
44.516	0.25	1	2	22258
44.532	0.25	1	2	22266
44.55	0.25	0	1	22275
44.566	0.25	0	1	22283
44.582	0.25	0	1	22291
44.6	0.25	0	1	22300
44.616	0.25	1	2	22308
44.632	0.25	1	2	22316
44.65	0.25	0	1	22325
44.666	0.25	0	1	22333
44.682	0.25	1	2	22341
44.7	0.25	1	2	22350
44.716	0.25	0	1	22358
44.732	0.25	0	1	22366
44.75	0.25	0	1	22375
44.766	0.25	0	1	22383
44.782	0.25	1	2	22391
44.8	0.25	1	2	22400
44.816	0.25	1	2	22408
44.832	0.25	1	2	22416
44.85	0.25	0	1	22425
44.866	0.25	0	1	22433
44.882	0.25	0	1	22441
44.9	0.25	0	1	22450
44.916	0.25	0	1	22458
44.932	0.25	0	1	22466
44.95	0.25	0	1	22475
44.966	0.25	0	1	22483
44.982	0.25	1	2	22491
45.0	0.25	1	2	22500
45.016	0.25	0	1	22508
45.032	0.25	0	1	22516
45.05	0.25	0	1	22525
45.066	0.25	0	1	22533
45.082	0.25	0	1	22541
45.1	0.25	0	1	22550
45.116	0.25	0	1	22558
45.132	0.25	0	1	22566
45.15	0.25	1	2	22575
45.166	0.25	1	2	22583
45.182	0.25	1	2	22591
45.2	0.25	1	2	22600
45.216	0.25	1	2	22608
45.232	0.25	1	2	22616
45.25	0.25	1	2	22625
45.266	0.25	1	2	22633
45.282	0.25	1	2	22641
45.3	0.25	1	2	22650
45.316	0.25	1	2	22658
45.332	0.25	1	2	22666
45.35	0.25	0	1	22675
45.366	0.25	0	1	22683
45.382	0.25	1	2	22691
45.4	0.25	1	2	22700
45.416	0.25	0	1	22708
45.432	0.25	0	1	22716
45.45	0.25	1	2	22725
45.466	0.25	1	2	22733
45.482	0.25	0	1	22741
45.5	0.25	0	1	22750
45.516	0.25	0	1	22758
45.532	0.25	0	1	22766
45.55	0.25	1	2	22775
45.566	0.25	1	2	22783
45.582	0.25	1	2	22791
45.6	0.25	1	2	22800
45.616	0.25	0	1	22808
45.632	0.25	0	1	22816
45.65	0.25	0	1	22825
47.132	0.25	1	2	23566
47.15	0.25	1	2	23575
47.166	0.25	1	2	23583
47.182	0.25	1	2	23591
47.2	0.25	1	2	23600
47.216	0.25	1	2	23608
47.232	0.25	1	2	23616
47.25	0.25	1	2	23625
47.266	0.25	1	2	23633
47.282	0.25	1	2	23641
47.3	0.25	1	2	23650
47.316	0.25	1	2	23658
47.332	0.25	1	2	23666
47.35	0.25	1	2	23675
47.366	0.25	0	1	23683
47.382	0.25	0	1	23691
47.4	0.25	0	1	23700
47.416	0.25	0	1	23708
47.432	0.25	1	2	23716
47.45	0.25	1	2	23725
47.466	0.25	1	2	23733
47.482	0.25	1	2	23741
47.5	0.25	0	1	23750
47.516	0.25	0	1	23758
47.532	0.25	0	1	23766
47.55	0.25	0	1	23775
47.566	0.25	1	2	23783
47.582	0.25	1	2	23791
47.6	0.25	1	2	23800
47.616	0.25	1	2	23808
47.632	0.25	0	1	23816
47.65	0.25	0	1	23825
47.666	0.25	0	1	23833
47.682	0.25	0	1	23841
47.7	0.25	1	2	23850
47.716	0.25	1	2	23858
47.732	0.25	0	1	23866
47.75	0.25	0	1	23875
47.766	0.25	1	2	23883
47.782	0.25	1	2	23891
47.8	0.25	1	2	23900
47.816	0.25	1	2	23908
47.832	0.25	0	1	23916
47.85	0.25	0	1	23925
47.866	0.25	1	2	23933
47.882	0.25	1	2	23941
47.9	0.25	0	1	23950
47.916	0.25	0	1	23958
47.932	0.25	0	1	23966
47.95	0.25	0	1	23975
47.966	0.25	1	2	23983
47.982	0.25	1	2	23991
48.0	0.25	0	1	24000
48.016	0.25	0	1	24008
48.032	0.25	1	2	24016
48.05	0.25	1	2	24025
48.066	0.25	1	2	24033
48.082	0.25	1	2	24041
48.1	0.25	1	2	24050
48.116	0.25	1	2	24058
48.132	0.25	0	1	24066
48.15	0.25	0	1	24075
48.166	0.25	0	1	24083
48.182	0.25	0	1	24091
48.2	0.25	0	1	24100
48.216	0.25	0	1	24108
48.232	0.25	1	2	24116
48.25	0.25	1	2	24125
48.266	0.25	0	1	24133
48.282	0.25	0	1	24141
48.3	0.25	1	2	24150
48.316	0.25	1	2	24158
48.332	0.25	1	2	24166
48.35	0.25	1	2	24175
48.366	0.25	1	2	24183
48.382	0.25	1	2	24191
48.4	0.25	0	1	24200
48.416	0.25	0	1	24208
48.432	0.25	0	1	24216
48.45	0.25	0	1	24225
48.466	0.25	1	2	24233
48.482	0.25	1	2	24241
48.5	0.25	0	1	24250
48.516	0.25	0	1	24258
48.532	0.25	1	2	24266
48.55	0.25	1	2	24275
48.566	0.25	0	1	24283
48.582	0.25	0	1	24291
48.6	0.25	0	1	24300
48.616	0.25	0	1	24308
48.632	0.25	0	1	24316
48.65	0.25	0	1	24325
48.666	0.25	1	2	24333
48.682	0.25	1	2	24341
48.7	0.25	1	2	24350
48.716	0.25	1	2	24358
48.732	0.25	0	1	24366
48.75	0.25	0	1	24375
48.766	0.25	1	2	24383
48.782	0.25	1	2	24391
48.8	0.25	0	1	24400
48.816	0.25	0	1	24408
48.832	0.25	0	1	24416
48.85	0.25	0	1	24425
48.866	0.25	0	1	24433
48.882	0.25	0	1	24441
48.9	0.25	1	2	24450
48.916	0.25	1	2	24458
48.932	0.25	0	1	24466
48.95	0.25	0	1	24475
48.966	0.25	1	2	24483
48.982	0.25	1	2	24491
49.0	0.25	0	1	24500
49.016	0.25	0	1	24508
49.032	0.25	0	1	24516
49.05	0.25	0	1	24525
49.066	0.25	1	2	24533
50.55	0.25	0	1	25275
50.566	0.25	0	1	25283
50.582	0.25	0	1	25291
50.6	0.25	0	1	25300
50.616	0.25	1	2	25308
50.632	0.25	1	2	25316
50.65	0.25	1	2	25325
50.666	0.25	1	2	25333
50.682	0.25	0	1	25341
50.7	0.25	0	1	25350
50.716	0.25	0	1	25358
50.732	0.25	0	1	25366
50.75	0.25	0	1	25375
50.766	0.25	0	1	25383
50.782	0.25	0	1	25391
50.8	0.25	0	1	25400
50.816	0.25	1	2	25408
50.832	0.25	1	2	25416
50.85	0.25	1	2	25425
50.866	0.25	1	2	25433
50.882	0.25	1	2	25441
50.9	0.25	1	2	25450
50.916	0.25	1	2	25458
50.932	0.25	1	2	25466
50.95	0.25	1	2	25475
50.966	0.25	1	2	25483
50.982	0.25	0	1	25491
51.0	0.25	0	1	25500
51.016	0.25	0	1	25508
51.032	0.25	0	1	25516
51.05	0.25	0	1	25525
51.066	0.25	0	1	25533
51.082	0.25	0	1	25541
51.1	0.25	0	1	25550
51.116	0.25	0	1	25558
51.132	0.25	0	1	25566
51.15	0.25	0	1	25575
51.166	0.25	0	1	25583
51.182	0.25	1	2	25591
51.2	0.25	1	2	25600
51.216	0.25	1	2	25608
51.232	0.25	1	2	25616
51.25	0.25	0	1	25625
51.266	0.25	0	1	25633
51.282	0.25	0	1	25641
51.3	0.25	0	1	25650
51.316	0.25	1	2	25658
51.332	0.25	1	2	25666
51.35	0.25	0	1	25675
51.366	0.25	0	1	25683
51.382	0.25	1	2	25691
51.4	0.25	1	2	25700
51.416	0.25	0	1	25708
51.432	0.25	0	1	25716
51.45	0.25	1	2	25725
51.466	0.25	1	2	25733
51.482	0.25	0	1	25741
51.5	0.25	0	1	25750
51.516	0.25	1	2	25758
51.532	0.25	1	2	25766
51.55	0.25	1	2	25775
51.566	0.25	1	2	25783
51.582	0.25	0	1	25791
51.6	0.25	0	1	25800
51.616	0.25	1	2	25808
51.632	0.25	1	2	25816
51.65	0.25	0	1	25825
51.666	0.25	0	1	25833
51.682	0.25	0	1	25841
51.7	0.25	0	1	25850
51.716	0.25	0	1	25858
51.732	0.25	0	1	25866
51.75	0.25	1	2	25875
51.766	0.25	1	2	25883
51.782	0.25	0	1	25891
51.8	0.25	0	1	25900
51.816	0.25	0	1	25908
51.832	0.25	0	1	25916
51.85	0.25	0	1	25925
51.866	0.25	0	1	25933
51.882	0.25	1	2	25941
51.9	0.25	1	2	25950
51.916	0.25	1	2	25958
51.932	0.25	1	2	25966
51.95	0.25	1	2	25975
51.966	0.25	1	2	25983
51.982	0.25	0	1	25991
52.0	0.25	0	1	26000
52.016	0.25	1	2	26008
52.032	0.25	1	2	26016
52.05	0.25	0	1	26025
52.066	0.25	0	1	26033
52.082	0.25	1	2	26041
52.1	0.25	1	2	26050
52.116	0.25	1	2	26058
52.132	0.25	1	2	26066
52.15	0.25	1	2	26075
52.166	0.25	1	2	26083
52.182	0.25	1	2	26091
52.2	0.25	1	2	26100
52.216	0.25	1	2	26108
52.232	0.25	1	2	26116
52.25	0.25	0	1	26125
52.266	0.25	0	1	26133
52.282	0.25	0	1	26141
52.3	0.25	0	1	26150
52.316	0.25	1	2	26158
52.332	0.25	1	2	26166
52.35	0.25	0	1	26175
52.366	0.25	0	1	26183
52.382	0.25	0	1	26191
52.4	0.25	0	1	26200
52.416	0.25	0	1	26208
52.432	0.25	0	1	26216
52.45	0.25	1	2	26225
52.466	0.25	1	2	26233
52.482	0.25	1	2	26241
53.95	0.25	1	2	26975
53.966	0.25	1	2	26983
53.982	0.25	1	2	26991
54.0	0.25	1	2	27000
54.016	0.25	0	1	27008
54.032	0.25	0	1	27016
54.05	0.25	0	1	27025
54.066	0.25	0	1	27033
54.082	0.25	0	1	27041
54.1	0.25	0	1	27050
54.116	0.25	0	1	27058
54.132	0.25	0	1	27066
54.15	0.25	1	2	27075
54.166	0.25	1	2	27083
54.182	0.25	0	1	27091
54.2	0.25	0	1	27100
54.216	0.25	0	1	27108
54.232	0.25	0	1	27116
54.25	0.25	1	2	27125
54.266	0.25	1	2	27133
54.282	0.25	1	2	27141
54.3	0.25	1	2	27150
54.316	0.25	0	1	27158
54.332	0.25	0	1	27166
54.35	0.25	0	1	27175
54.366	0.25	0	1	27183
54.382	0.25	0	1	27191
54.4	0.25	0	1	27200
54.416	0.25	0	1	27208
54.432	0.25	0	1	27216
54.45	0.25	0	1	27225
54.466	0.25	0	1	27233
54.482	0.25	0	1	27241
54.5	0.25	0	1	27250
54.516	0.25	1	2	27258
54.532	0.25	1	2	27266
54.55	0.25	0	1	27275
54.566	0.25	0	1	27283
54.582	0.25	1	2	27291
54.6	0.25	1	2	27300
54.616	0.25	1	2	27308
54.632	0.25	1	2	27316
54.65	0.25	0	1	27325
54.666	0.25	0	1	27333
54.682	0.25	1	2	27341
54.7	0.25	1	2	27350
54.716	0.25	0	1	27358
54.732	0.25	0	1	27366
54.75	0.25	1	2	27375
54.766	0.25	1	2	27383
54.782	0.25	0	1	27391
54.8	0.25	0	1	27400
54.816	0.25	1	2	27408
54.832	0.25	1	2	27416
54.85	0.25	0	1	27425
54.866	0.25	0	1	27433
54.882	0.25	0	1	27441
54.9	0.25	0	1	27450
54.916	0.25	0	1	27458
54.932	0.25	0	1	27466
54.95	0.25	1	2	27475
54.966	0.25	1	2	27483
54.982	0.25	1	2	27491
55.0	0.25	1	2	27500
55.016	0.25	1	2	27508
55.032	0.25	1	2	27516
55.05	0.25	0	1	27525
55.066	0.25	0	1	27533
55.082	0.25	1	2	27541
55.1	0.25	1	2	27550
55.116	0.25	1	2	27558
55.132	0.25	1	2	27566
55.15	0.25	1	2	27575
55.166	0.25	1	2	27583
55.182	0.25	0	1	27591
55.2	0.25	0	1	27600
55.216	0.25	1	2	27608
55.232	0.25	1	2	27616
55.25	0.25	0	1	27625
55.266	0.25	0	1	27633
55.282	0.25	1	2	27641
55.3	0.25	1	2	27650
55.316	0.25	1	2	27658
55.332	0.25	1	2	27666
55.35	0.25	0	1	27675
55.366	0.25	0	1	27683
55.382	0.25	0	1	27691
55.4	0.25	0	1	27700
55.416	0.25	0	1	27708
55.432	0.25	0	1	27716
55.45	0.25	1	2	27725
55.466	0.25	1	2	27733
55.482	0.25	1	2	27741
55.5	0.25	1	2	27750
55.516	0.25	0	1	27758
55.532	0.25	0	1	27766
55.55	0.25	1	2	27775
55.566	0.25	1	2	27783
55.582	0.25	1	2	27791
55.6	0.25	1	2	27800
55.616	0.25	1	2	27808
55.632	0.25	1	2	27816
55.65	0.25	0	1	27825
55.666	0.25	0	1	27833
55.682	0.25	0	1	27841
55.7	0.25	0	1	27850
55.716	0.25	0	1	27858
55.732	0.25	0	1	27866
55.75	0.25	0	1	27875
55.766	0.25	0	1	27883
55.782	0.25	0	1	27891
55.8	0.25	0	1	27900
55.816	0.25	1	2	27908
55.832	0.25	1	2	27916
55.85	0.25	1	2	27925
55.866	0.25	1	2	27933
55.882	0.25	1	2	27941
59.35	0.25	1	2	29675
59.366	0.25	1	2	29683
59.382	0.25	1	2	29691
59.4	0.25	1	2	29700
59.416	0.25	1	2	29708
59.432	0.25	1	2	29716
59.45	0.25	1	2	29725
59.466	0.25	1	2	29733
59.482	0.25	1	2	29741
59.5	0.25	1	2	29750
59.516	0.25	1	2	29758
59.532	0.25	1	2	29766
59.55	0.25	1	2	29775
59.566	0.25	1	2	29783
59.582	0.25	0	1	29791
59.6	0.25	0	1	29800
59.616	0.25	0	1	29808
59.632	0.25	0	1	29816
59.65	0.25	1	2	29825
59.666	0.25	1	2	29833
59.682	0.25	1	2	29841
59.7	0.25	1	2	29850
59.716	0.25	0	1	29858
59.732	0.25	0	1	29866
59.75	0.25	0	1	29875
59.766	0.25	0	1	29883
59.782	0.25	1	2	29891
59.8	0.25	1	2	29900
59.816	0.25	1	2	29908
59.832	0.25	1	2	29916
59.85	0.25	0	1	29925
59.866	0.25	0	1	29933
59.882	0.25	0	1	29941
59.9	0.25	0	1	29950
59.916	0.25	1	2	29958
59.932	0.25	1	2	29966
59.95	0.25	0	1	29975
59.966	0.25	0	1	29983
59.982	0.25	1	2	29991
60.0	0.25	1	2	30000
60.016	0.25	1	2	30008
60.032	0.25	1	2	30016
60.05	0.25	0	1	30025
60.066	0.25	0	1	30033
60.082	0.25	1	2	30041
60.1	0.25	1	2	30050
60.116	0.25	0	1	30058
60.132	0.25	0	1	30066
60.15	0.25	0	1	30075
60.166	0.25	0	1	30083
60.182	0.25	1	2	30091
60.2	0.25	1	2	30100
60.216	0.25	0	1	30108
60.232	0.25	0	1	30116
60.25	0.25	1	2	30125
60.266	0.25	1	2	30133
60.282	0.25	1	2	30141
60.3	0.25	1	2	30150
60.316	0.25	1	2	30158
60.332	0.25	1	2	30166
60.35	0.25	0	1	30175
60.366	0.25	0	1	30183
60.382	0.25	0	1	30191
60.4	0.25	0	1	30200
60.416	0.25	0	1	30208
60.432	0.25	0	1	30216
60.45	0.25	1	2	30225
60.466	0.25	1	2	30233
60.482	0.25	0	1	30241
60.5	0.25	0	1	30250
60.516	0.25	1	2	30258
60.532	0.25	1	2	30266
60.55	0.25	1	2	30275
60.566	0.25	1	2	30283
60.582	0.25	1	2	30291
60.6	0.25	1	2	30300
60.616	0.25	0	1	30308
60.632	0.25	0	1	30316
60.65	0.25	0	1	30325
60.666	0.25	0	1	30333
60.682	0.25	1	2	30341
60.7	0.25	1	2	30350
60.716	0.25	0	1	30358
60.732	0.25	0	1	30366
60.75	0.25	1	2	30375
60.766	0.25	1	2	30383
60.782	0.25	0	1	30391
60.8	0.25	0	1	30400
60.816	0.25	0	1	30408
60.832	0.25	0	1	30416
60.85	0.25	0	1	30425
60.866	0.25	0	1	30433
60.882	0.25	1	2	30441
60.9	0.25	1	2	30450
60.916	0.25	1	2	30458
60.932	0.25	1	2	30466
60.95	0.25	0	1	30475
60.966	0.25	0	1	30483
60.982	0.25	1	2	30491
61.0	0.25	1	2	30500
61.016	0.25	0	1	30508
61.032	0.25	0	1	30516
61.05	0.25	0	1	30525
61.066	0.25	0	1	30533
61.082	0.25	0	1	30541
61.1	0.25	0	1	30550
61.116	0.25	1	2	30558
61.132	0.25	1	2	30566
61.15	0.25	0	1	30575
61.166	0.25	0	1	30583
61.182	0.25	1	2	30591
61.2	0.25	1	2	30600
61.216	0.25	0	1	30608
61.232	0.25	0	1	30616
61.25	0.25	0	1	30625
61.266	0.25	0	1	30633
61.282	0.25	1	2	30641
62.75	0.25	0	1	31375
62.766	0.25	0	1	31383
62.782	0.25	0	1	31391
62.8	0.25	0	1	31400
62.816	0.25	1	2	31408
62.832	0.25	1	2	31416
62.85	0.25	1	2	31425
62.866	0.25	1	2	31433
62.882	0.25	0	1	31441
62.9	0.25	0	1	31450
62.916	0.25	0	1	31458
62.932	0.25	0	1	31466
62.95	0.25	0	1	31475
62.966	0.25	0	1	31483
62.982	0.25	0	1	31491
63.0	0.25	0	1	31500
63.016	0.25	1	2	31508
63.032	0.25	1	2	31516
63.05	0.25	1	2	31525
63.066	0.25	1	2	31533
63.082	0.25	1	2	31541
63.1	0.25	1	2	31550
63.116	0.25	1	2	31558
63.132	0.25	1	2	31566
63.15	0.25	1	2	31575
63.166	0.25	1	2	31583
63.182	0.25	0	1	31591
63.2	0.25	0	1	31600
63.216	0.25	0	1	31608
63.232	0.25	0	1	31616
63.25	0.25	0	1	31625
63.266	0.25	0	1	31633
63.282	0.25	0	1	31641
63.3	0.25	0	1	31650
63.316	0.25	0	1	31658
63.332	0.25	0	1	31666
63.35	0.25	0	1	31675
63.366	0.25	0	1	31683
63.382	0.25	1	2	31691
63.4	0.25	1	2	31700
63.416	0.25	1	2	31708
63.432	0.25	1	2	31716
63.45	0.25	0	1	31725
63.466	0.25	0	1	31733
63.482	0.25	0	1	31741
63.5	0.25	0	1	31750
63.516	0.25	1	2	31758
63.532	0.25	1	2	31766
63.55	0.25	0	1	31775
63.566	0.25	0	1	31783
63.582	0.25	1	2	31791
63.6	0.25	1	2	31800
63.616	0.25	0	1	31808
63.632	0.25	0	1	31816
63.65	0.25	1	2	31825
63.666	0.25	1	2	31833
63.682	0.25	0	1	31841
63.7	0.25	0	1	31850
63.716	0.25	1	2	31858
63.732	0.25	1	2	31866
63.75	0.25	1	2	31875
63.766	0.25	1	2	31883
63.782	0.25	0	1	31891
63.8	0.25	0	1	31900
63.816	0.25	1	2	31908
63.832	0.25	1	2	31916
63.85	0.25	0	1	31925
63.866	0.25	0	1	31933
63.882	0.25	0	1	31941
63.9	0.25	0	1	31950
63.916	0.25	0	1	31958
63.932	0.25	0	1	31966
63.95	0.25	1	2	31975
63.966	0.25	1	2	31983
63.982	0.25	0	1	31991
64.0	0.25	0	1	32000
64.016	0.25	0	1	32008
64.032	0.25	0	1	32016
64.05	0.25	0	1	32025
64.066	0.25	0	1	32033
64.082	0.25	1	2	32041
64.098	0.25	1	2	32049
64.116	0.25	1	2	32058
64.132	0.25	1	2	32066
64.15	0.25	1	2	32075
64.166	0.25	1	2	32083
64.182	0.25	0	1	32091
64.2	0.25	0	1	32100
64.216	0.25	1	2	32108
64.232	0.25	1	2	32116
64.25	0.25	0	1	32125
64.266	0.25	0	1	32133
64.282	0.25	1	2	32141
64.3	0.25	1	2	32150
64.316	0.25	1	2	32158
64.332	0.25	1	2	32166
64.348	0.25	1	2	32174
64.366	0.25	1	2	32183
64.382	0.25	1	2	32191
64.4	0.25	1	2	32200
64.416	0.25	1	2	32208
64.432	0.25	1	2	32216
64.45	0.25	0	1	32225
64.466	0.25	0	1	32233
64.482	0.25	0	1	32241
64.5	0.25	0	1	32250
64.516	0.25	1	2	32258
64.532	0.25	1	2	32266
64.55	0.25	0	1	32275
64.566	0.25	0	1	32283
64.582	0.25	0	1	32291
64.598	0.25	0	1	32299
64.616	0.25	0	1	32308
64.632	0.25	0	1	32316
64.65	0.25	1	2	32325
64.666	0.25	1	2	32333
64.682	0.25	1	2	32341
66.182	0.25	1	2	33091
66.2	0.25	1	2	33100
66.216	0.25	1	2	33108
66.232	0.25	1	2	33116
66.25	0.25	0	1	33125
66.266	0.25	0	1	33133
66.282	0.25	0	1	33141
66.3	0.25	0	1	33150
66.316	0.25	0	1	33158
66.332	0.25	0	1	33166
66.35	0.25	0	1	33175
66.366	0.25	0	1	33183
66.382	0.25	1	2	33191
66.4	0.25	1	2	33200
66.416	0.25	0	1	33208
66.432	0.25	0	1	33216
66.45	0.25	0	1	33225
66.466	0.25	0	1	33233
66.482	0.25	1	2	33241
66.5	0.25	1	2	33250
66.516	0.25	1	2	33258
66.532	0.25	1	2	33266
66.55	0.25	0	1	33275
66.566	0.25	0	1	33283
66.582	0.25	0	1	33291
66.6	0.25	0	1	33300
66.616	0.25	0	1	33308
66.632	0.25	0	1	33316
66.65	0.25	0	1	33325
66.666	0.25	0	1	33333
66.682	0.25	0	1	33341
66.7	0.25	0	1	33350
66.716	0.25	0	1	33358
66.732	0.25	0	1	33366
66.75	0.25	1	2	33375
66.766	0.25	1	2	33383
66.782	0.25	0	1	33391
66.8	0.25	0	1	33400
66.816	0.25	1	2	33408
66.832	0.25	1	2	33416
66.85	0.25	1	2	33425
66.866	0.25	1	2	33433
66.882	0.25	0	1	33441
66.9	0.25	0	1	33450
66.916	0.25	1	2	33458
66.932	0.25	1	2	33466
66.95	0.25	0	1	33475
66.966	0.25	0	1	33483
66.982	0.25	1	2	33491
67.0	0.25	1	2	33500
67.016	0.25	0	1	33508
67.032	0.25	0	1	33516
67.05	0.25	1	2	33525
67.066	0.25	1	2	33533
67.082	0.25	0	1	33541
67.1	0.25	0	1	33550
67.116	0.25	0	1	33558
67.132	0.25	0	1	33566
67.15	0.25	0	1	33575
67.166	0.25	0	1	33583
67.182	0.25	1	2	33591
67.2	0.25	1	2	33600
67.216	0.25	1	2	33608
67.232	0.25	1	2	33616
67.25	0.25	1	2	33625
67.266	0.25	1	2	33633
67.282	0.25	0	1	33641
67.3	0.25	0	1	33650
67.316	0.25	1	2	33658
67.332	0.25	1	2	33666
67.35	0.25	1	2	33675
67.366	0.25	1	2	33683
67.382	0.25	1	2	33691
67.4	0.25	1	2	33700
67.416	0.25	0	1	33708
67.432	0.25	0	1	33716
67.45	0.25	1	2	33725
67.466	0.25	1	2	33733
67.482	0.25	0	1	33741
67.5	0.25	0	1	33750
67.516	0.25	1	2	33758
67.532	0.25	1	2	33766
67.55	0.25	1	2	33775
67.566	0.25	1	2	33783
67.582	0.25	0	1	33791
67.6	0.25	0	1	33800
67.616	0.25	0	1	33808
67.632	0.25	0	1	33816
67.65	0.25	0	1	33825
67.666	0.25	0	1	33833
67.682	0.25	1	2	33841
67.7	0.25	1	2	33850
67.716	0.25	1	2	33858
67.732	0.25	1	2	33866
67.75	0.25	0	1	33875
67.766	0.25	0	1	33883
67.782	0.25	1	2	33891
67.8	0.25	1	2	33900
67.816	0.25	1	2	33908
67.832	0.25	1	2	33916
67.85	0.25	1	2	33925
67.866	0.25	1	2	33933
67.882	0.25	0	1	33941
67.9	0.25	0	1	33950
67.916	0.25	0	1	33958
67.932	0.25	0	1	33966
67.95	0.25	0	1	33975
67.966	0.25	0	1	33983
67.982	0.25	0	1	33991
68.0	0.25	0	1	34000
68.016	0.25	0	1	34008
68.032	0.25	0	1	34016
68.05	0.25	1	2	34025
68.066	0.25	1	2	34033
68.082	0.25	1	2	34041
68.1	0.25	1	2	34050
68.116	0.25	1	2	34058
69.6	0.25	1	2	34800
69.616	0.25	1	2	34808
69.632	0.25	1	2	34816
69.65	0.25	1	2	34825
69.666	0.25	0	1	34833
69.682	0.25	0	1	34841
69.7	0.25	1	2	34850
69.716	0.25	1	2	34858
69.732	0.25	1	2	34866
69.75	0.25	1	2	34875
69.766	0.25	0	1	34883
69.782	0.25	0	1	34891
69.8	0.25	1	2	34900
69.816	0.25	1	2	34908
69.832	0.25	1	2	34916
69.85	0.25	1	2	34925
69.866	0.25	0	1	34933
69.882	0.25	0	1	34941
69.9	0.25	1	2	34950
69.916	0.25	1	2	34958
69.932	0.25	1	2	34966
69.95	0.25	1	2	34975
69.966	0.25	0	1	34983
69.982	0.25	0	1	34991
70.0	0.25	0	1	35000
70.016	0.25	0	1	35008
70.032	0.25	0	1	35016
70.05	0.25	0	1	35025
70.066	0.25	1	2	35033
70.082	0.25	1	2	35041
70.1	0.25	1	2	35050
70.116	0.25	1	2	35058
70.132	0.25	1	2	35066
70.15	0.25	1	2	35075
70.166	0.25	0	1	35083
70.182	0.25	0	1	35091
70.2	0.25	0	1	35100
70.216	0.25	0	1	35108
70.232	0.25	0	1	35116
70.25	0.25	0	1	35125
70.266	0.25	1	2	35133
70.282	0.25	1	2	35141
70.3	0.25	1	2	35150
70.316	0.25	1	2	35158
70.332	0.25	1	2	35166
70.35	0.25	1	2	35175
70.366	0.25	1	2	35183
70.382	0.25	1	2	35191
70.4	0.25	1	2	35200
70.416	0.25	1	2	35208
70.432	0.25	0	1	35216
70.45	0.25	0	1	35225
70.466	0.25	0	1	35233
70.482	0.25	0	1	35241
70.5	0.25	1	2	35250
70.516	0.25	1	2	35258
70.532	0.25	0	1	35266
70.55	0.25	0	1	35275
70.566	0.25	1	2	35283
70.582	0.25	1	2	35291
70.6	0.25	0	1	35300
70.616	0.25	0	1	35308
70.632	0.25	0	1	35316
70.65	0.25	0	1	35325
70.666	0.25	1	2	35333
70.682	0.25	1	2	35341
70.7	0.25	1	2	35350
70.716	0.25	1	2	35358
70.732	0.25	0	1	35366
70.75	0.25	0	1	35375
70.766	0.25	0	1	35383
70.782	0.25	0	1	35391
70.8	0.25	0	1	35400
70.816	0.25	0	1	35408
70.832	0.25	0	1	35416
70.85	0.25	0	1	35425
70.866	0.25	1	2	35433
70.882	0.25	1	2	35441
70.9	0.25	0	1	35450
70.916	0.25	0	1	35458
70.932	0.25	0	1	35466
70.95	0.25	0	1	35475
70.966	0.25	0	1	35483
70.982	0.25	0	1	35491
71.0	0.25	0	1	35500
71.016	0.25	0	1	35508
71.032	0.25	1	2	35516
71.05	0.25	1	2	35525
71.066	0.25	1	2	35533
71.082	0.25	1	2	35541
71.1	0.25	1	2	35550
71.116	0.25	1	2	35558
71.132	0.25	1	2	35566
71.15	0.25	1	2	35575
71.166	0.25	1	2	35583
71.182	0.25	1	2	35591
71.2	0.25	1	2	35600
71.216	0.25	1	2	35608
71.232	0.25	0	1	35616
71.25	0.25	0	1	35625
71.266	0.25	1	2	35633
71.282	0.25	1	2	35641
71.3	0.25	0	1	35650
71.316	0.25	0	1	35658
71.332	0.25	1	2	35666
71.35	0.25	1	2	35675
71.366	0.25	0	1	35683
71.382	0.25	0	1	35691
71.4	0.25	0	1	35700
71.416	0.25	0	1	35708
71.432	0.25	1	2	35716
71.45	0.25	1	2	35725
71.466	0.25	1	2	35733
71.482	0.25	1	2	35741
71.5	0.25	0	1	35750
71.516	0.25	0	1	35758
71.532	0.25	0	1	35766
74.95	0.25	0	1	37475
74.966	0.25	0	1	37483
74.982	0.25	0	1	37491
75.0	0.25	0	1	37500
75.016	0.25	1	2	37508
75.032	0.25	1	2	37516
75.05	0.25	1	2	37525
75.066	0.25	1	2	37533
75.082	0.25	0	1	37541
75.1	0.25	0	1	37550
75.116	0.25	0	1	37558
75.132	0.25	0	1	37566
75.15	0.25	0	1	37575
75.166	0.25	0	1	37583
75.182	0.25	0	1	37591
75.2	0.25	0	1	37600
75.216	0.25	1	2	37608
75.232	0.25	1	2	37616
75.25	0.25	1	2	37625
75.266	0.25	1	2	37633
75.282	0.25	1	2	37641
75.3	0.25	1	2	37650
75.316	0.25	1	2	37658
75.332	0.25	1	2	37666
75.35	0.25	1	2	37675
75.366	0.25	1	2	37683
75.382	0.25	0	1	37691
75.4	0.25	0	1	37700
75.416	0.25	0	1	37708
75.432	0.25	0	1	37716
75.45	0.25	0	1	37725
75.466	0.25	0	1	37733
75.482	0.25	0	1	37741
75.5	0.25	0	1	37750
75.516	0.25	0	1	37758
75.532	0.25	0	1	37766
75.55	0.25	0	1	37775
75.566	0.25	0	1	37783
75.582	0.25	1	2	37791
75.6	0.25	1	2	37800
75.616	0.25	1	2	37808
75.632	0.25	1	2	37816
75.65	0.25	0	1	37825
75.666	0.25	0	1	37833
75.682	0.25	0	1	37841
75.7	0.25	0	1	37850
75.716	0.25	1	2	37858
75.732	0.25	1	2	37866
75.75	0.25	0	1	37875
75.766	0.25	0	1	37883
75.782	0.25	1	2	37891
75.8	0.25	1	2	37900
75.816	0.25	0	1	37908
75.832	0.25	0	1	37916
75.85	0.25	1	2	37925
75.866	0.25	1	2	37933
75.882	0.25	0	1	37941
75.9	0.25	0	1	37950
75.916	0.25	1	2	37958
75.932	0.25	1	2	37966
75.95	0.25	1	2	37975
75.966	0.25	1	2	37983
75.982	0.25	0	1	37991
76.0	0.25	0	1	38000
76.016	0.25	1	2	38008
76.032	0.25	1	2	38016
76.05	0.25	0	1	38025
76.066	0.25	0	1	38033
76.082	0.25	0	1	38041
76.1	0.25	0	1	38050
76.116	0.25	0	1	38058
76.132	0.25	0	1	38066
76.15	0.25	1	2	38075
76.166	0.25	1	2	38083
76.182	0.25	0	1	38091
76.2	0.25	0	1	38100
76.216	0.25	0	1	38108
76.232	0.25	0	1	38116
76.25	0.25	0	1	38125
76.266	0.25	0	1	38133
76.282	0.25	1	2	38141
76.3	0.25	1	2	38150
76.316	0.25	1	2	38158
76.332	0.25	1	2	38166
76.35	0.25	1	2	38175
76.366	0.25	1	2	38183
76.382	0.25	0	1	38191
76.4	0.25	0	1	38200
76.416	0.25	1	2	38208
76.432	0.25	1	2	38216
76.45	0.25	0	1	38225
76.466	0.25	0	1	38233
76.482	0.25	1	2	38241
76.5	0.25	1	2	38250
76.516	0.25	1	2	38258
76.532	0.25	1	2	38266
76.55	0.25	1	2	38275
76.566	0.25	1	2	38283
76.582	0.25	1	2	38291
76.6	0.25	1	2	38300
76.616	0.25	1	2	38308
76.632	0.25	1	2	38316
76.65	0.25	0	1	38325
76.666	0.25	0	1	38333
76.682	0.25	0	1	38341
76.7	0.25	0	1	38350
76.716	0.25	1	2	38358
76.732	0.25	1	2	38366
76.75	0.25	0	1	38375
76.766	0.25	0	1	38383
76.782	0.25	0	1	38391
76.8	0.25	0	1	38400
76.816	0.25	0	1	38408
76.832	0.25	0	1	38416
76.85	0.25	1	2	38425
76.866	0.25	1	2	38433
76.882	0.25	1	2	38441
78.382	0.25	1	2	39191
78.4	0.25	1	2	39200
78.416	0.25	1	2	39208
78.432	0.25	1	2	39216
78.45	0.25	0	1	39225
78.466	0.25	0	1	39233
78.482	0.25	0	1	39241
78.5	0.25	0	1	39250
78.516	0.25	0	1	39258
78.532	0.25	0	1	39266
78.55	0.25	0	1	39275
78.566	0.25	0	1	39283
78.582	0.25	1	2	39291
78.6	0.25	1	2	39300
78.616	0.25	0	1	39308
78.632	0.25	0	1	39316
78.65	0.25	0	1	39325
78.666	0.25	0	1	39333
78.682	0.25	1	2	39341
78.7	0.25	1	2	39350
78.716	0.25	1	2	39358
78.732	0.25	1	2	39366
78.75	0.25	0	1	39375
78.766	0.25	0	1	39383
78.782	0.25	0	1	39391
78.8	0.25	0	1	39400
78.816	0.25	0	1	39408
78.832	0.25	0	1	39416
78.85	0.25	0	1	39425
78.866	0.25	0	1	39433
78.882	0.25	0	1	39441
78.9	0.25	0	1	39450
78.916	0.25	0	1	39458
78.932	0.25	0	1	39466
78.95	0.25	1	2	39475
78.966	0.25	1	2	39483
78.982	0.25	0	1	39491
79.0	0.25	0	1	39500
79.016	0.25	1	2	39508
79.032	0.25	1	2	39516
79.05	0.25	1	2	39525
79.066	0.25	1	2	39533
79.082	0.25	0	1	39541
79.1	0.25	0	1	39550
79.116	0.25	1	2	39558
79.132	0.25	1	2	39566
79.15	0.25	0	1	39575
79.166	0.25	0	1	39583
79.182	0.25	1	2	39591
79.2	0.25	1	2	39600
79.216	0.25	0	1	39608
79.232	0.25	0	1	39616
79.25	0.25	1	2	39625
79.266	0.25	1	2	39633
79.282	0.25	0	1	39641
79.3	0.25	0	1	39650
79.316	0.25	0	1	39658
79.332	0.25	0	1	39666
79.35	0.25	0	1	39675
79.366	0.25	0	1	39683
79.382	0.25	1	2	39691
79.4	0.25	1	2	39700
79.416	0.25	1	2	39708
79.432	0.25	1	2	39716
79.45	0.25	1	2	39725
79.466	0.25	1	2	39733
79.482	0.25	0	1	39741
79.5	0.25	0	1	39750
79.516	0.25	1	2	39758
79.532	0.25	1	2	39766
79.55	0.25	1	2	39775
79.566	0.25	1	2	39783
79.582	0.25	1	2	39791
79.6	0.25	1	2	39800
79.616	0.25	0	1	39808
79.632	0.25	0	1	39816
79.65	0.25	1	2	39825
79.666	0.25	1	2	39833
79.682	0.25	0	1	39841
79.7	0.25	0	1	39850
79.716	0.25	1	2	39858
79.732	0.25	1	2	39866
79.75	0.25	1	2	39875
79.766	0.25	1	2	39883
79.782	0.25	0	1	39891
79.8	0.25	0	1	39900
79.816	0.25	0	1	39908
79.832	0.25	0	1	39916
79.85	0.25	0	1	39925
79.866	0.25	0	1	39933
79.882	0.25	1	2	39941
79.9	0.25	1	2	39950
79.916	0.25	1	2	39958
79.932	0.25	1	2	39966
79.95	0.25	0	1	39975
79.966	0.25	0	1	39983
79.982	0.25	1	2	39991
80.0	0.25	1	2	40000
80.016	0.25	1	2	40008
80.032	0.25	1	2	40016
80.05	0.25	1	2	40025
80.066	0.25	1	2	40033
80.082	0.25	0	1	40041
80.1	0.25	0	1	40050
80.116	0.25	0	1	40058
80.132	0.25	0	1	40066
80.15	0.25	0	1	40075
80.166	0.25	0	1	40083
80.182	0.25	0	1	40091
80.2	0.25	0	1	40100
80.216	0.25	0	1	40108
80.232	0.25	0	1	40116
80.25	0.25	1	2	40125
80.266	0.25	1	2	40133
80.282	0.25	1	2	40141
80.3	0.25	1	2	40150
80.316	0.25	1	2	40158
81.8	0.25	1	2	40900
81.816	0.25	1	2	40908
81.832	0.25	1	2	40916
81.85	0.25	1	2	40925
81.866	0.25	1	2	40933
81.882	0.25	1	2	40941
81.9	0.25	1	2	40950
81.916	0.25	1	2	40958
81.932	0.25	1	2	40966
81.95	0.25	1	2	40975
81.966	0.25	1	2	40983
81.982	0.25	1	2	40991
82.0	0.25	1	2	41000
82.016	0.25	1	2	41008
82.032	0.25	0	1	41016
82.05	0.25	0	1	41025
82.066	0.25	0	1	41033
82.082	0.25	0	1	41041
82.1	0.25	1	2	41050
82.116	0.25	1	2	41058
82.132	0.25	1	2	41066
82.15	0.25	1	2	41075
82.166	0.25	0	1	41083
82.182	0.25	0	1	41091
82.2	0.25	0	1	41100
82.216	0.25	0	1	41108
82.232	0.25	1	2	41116
82.25	0.25	1	2	41125
82.266	0.25	1	2	41133
82.282	0.25	1	2	41141
82.3	0.25	0	1	41150
82.316	0.25	0	1	41158
82.332	0.25	0	1	41166
82.35	0.25	0	1	41175
82.366	0.25	1	2	41183
82.382	0.25	1	2	41191
82.4	0.25	0	1	41200
82.416	0.25	0	1	41208
82.432	0.25	1	2	41216
82.45	0.25	1	2	41225
82.466	0.25	1	2	41233
82.482	0.25	1	2	41241
82.5	0.25	0	1	41250
82.516	0.25	0	1	41258
82.532	0.25	1	2	41266
82.55	0.25	1	2	41275
82.566	0.25	0	1	41283
82.582	0.25	0	1	41291
82.6	0.25	0	1	41300
82.616	0.25	0	1	41308
82.632	0.25	1	2	41316
82.65	0.25	1	2	41325
82.666	0.25	0	1	41333
82.682	0.25	0	1	41341
82.7	0.25	1	2	41350
82.716	0.25	1	2	41358
82.732	0.25	1	2	41366
82.75	0.25	1	2	41375
82.766	0.25	1	2	41383
82.782	0.25	1	2	41391
82.8	0.25	0	1	41400
82.816	0.25	0	1	41408
82.832	0.25	0	1	41416
82.85	0.25	0	1	41425
82.866	0.25	0	1	41433
82.882	0.25	0	1	41441
82.9	0.25	1	2	41450
82.916	0.25	1	2	41458
82.932	0.25	0	1	41466
82.95	0.25	0	1	41475
82.966	0.25	1	2	41483
82.982	0.25	1	2	41491
83.0	0.25	1	2	41500
83.016	0.25	1	2	41508
83.032	0.25	1	2	41516
83.05	0.25	1	2	41525
83.066	0.25	0	1	41533
83.082	0.25	0	1	41541
83.1	0.25	0	1	41550
83.116	0.25	0	1	41558
83.132	0.25	1	2	41566
83.15	0.25	1	2	41575
83.166	0.25	0	1	41583
83.182	0.25	0	1	41591
83.2	0.25	1	2	41600
83.216	0.25	1	2	41608
83.232	0.25	0	1	41616
83.25	0.25	0	1	41625
83.266	0.25	0	1	41633
83.282	0.25	0	1	41641
83.3	0.25	0	1	41650
83.316	0.25	0	1	41658
83.332	0.25	1	2	41666
83.35	0.25	1	2	41675
83.366	0.25	1	2	41683
83.382	0.25	1	2	41691
83.4	0.25	0	1	41700
83.416	0.25	0	1	41708
83.432	0.25	1	2	41716
83.45	0.25	1	2	41725
83.466	0.25	0	1	41733
83.482	0.25	0	1	41741
83.5	0.25	0	1	41750
83.516	0.25	0	1	41758
83.532	0.25	0	1	41766
83.55	0.25	0	1	41775
83.566	0.25	1	2	41783
83.582	0.25	1	2	41791
83.6	0.25	0	1	41800
83.616	0.25	0	1	41808
83.632	0.25	1	2	41816
83.65	0.25	1	2	41825
83.666	0.25	0	1	41833
83.682	0.25	0	1	41841
83.7	0.25	0	1	41850
83.716	0.25	0	1	41858
83.732	0.25	1	2	41866
85.2	0.25	1	2	42600
85.216	0.25	1	2	42608
85.232	0.25	1	2	42616
85.25	0.25	1	2	42625
85.266	0.25	0	1	42633
85.282	0.25	0	1	42641
85.3	0.25	1	2	42650
85.316	0.25	1	2	42658
85.332	0.25	1	2	42666
85.35	0.25	1	2	42675
85.366	0.25	0	1	42683
85.382	0.25	0	1	42691
85.4	0.25	1	2	42700
85.416	0.25	1	2	42708
85.432	0.25	1	2	42716
85.45	0.25	1	2	42725
85.466	0.25	0	1	42733
85.482	0.25	0	1	42741
85.5	0.25	1	2	42750
85.516	0.25	1	2	42758
85.532	0.25	1	2	42766
85.55	0.25	1	2	42775
85.566	0.25	0	1	42783
85.582	0.25	0	1	42791
85.6	0.25	0	1	42800
85.616	0.25	0	1	42808
85.632	0.25	0	1	42816
85.65	0.25	0	1	42825
85.666	0.25	1	2	42833
85.682	0.25	1	2	42841
85.7	0.25	1	2	42850
85.716	0.25	1	2	42858
85.732	0.25	1	2	42866
85.75	0.25	1	2	42875
85.766	0.25	0	1	42883
85.782	0.25	0	1	42891
85.8	0.25	0	1	42900
85.816	0.25	0	1	42908
85.832	0.25	0	1	42916
85.85	0.25	0	1	42925
85.866	0.25	1	2	42933
85.882	0.25	1	2	42941
85.9	0.25	1	2	42950
85.916	0.25	1	2	42958
85.932	0.25	1	2	42966
85.95	0.25	1	2	42975
85.966	0.25	1	2	42983
85.982	0.25	1	2	42991
86.0	0.25	1	2	43000
86.016	0.25	1	2	43008
86.032	0.25	0	1	43016
86.05	0.25	0	1	43025
86.066	0.25	0	1	43033
86.082	0.25	0	1	43041
86.1	0.25	1	2	43050
86.116	0.25	1	2	43058
86.132	0.25	0	1	43066
86.15	0.25	0	1	43075
86.166	0.25	1	2	43083
86.182	0.25	1	2	43091
86.2	0.25	0	1	43100
86.216	0.25	0	1	43108
86.232	0.25	0	1	43116
86.25	0.25	0	1	43125
86.266	0.25	1	2	43133
86.282	0.25	1	2	43141
86.3	0.25	1	2	43150
86.316	0.25	1	2	43158
86.332	0.25	0	1	43166
86.35	0.25	0	1	43175
86.366	0.25	0	1	43183
86.382	0.25	0	1	43191
86.4	0.25	0	1	43200
86.416	0.25	0	1	43208
86.432	0.25	0	1	43216
86.45	0.25	0	1	43225
86.466	0.25	1	2	43233
86.482	0.25	1	2	43241
86.5	0.25	0	1	43250
86.516	0.25	0	1	43258
86.532	0.25	0	1	43266
86.55	0.25	0	1	43275
86.566	0.25	0	1	43283
86.582	0.25	0	1	43291
86.6	0.25	0	1	43300
86.616	0.25	0	1	43308
86.632	0.25	1	2	43316
86.65	0.25	1	2	43325
86.666	0.25	1	2	43333
86.682	0.25	1	2	43341
86.7	0.25	1	2	43350
86.716	0.25	1	2	43358
86.732	0.25	1	2	43366
86.75	0.25	1	2	43375
86.766	0.25	1	2	43383
86.782	0.25	1	2	43391
86.8	0.25	1	2	43400
86.816	0.25	1	2	43408
86.832	0.25	0	1	43416
86.85	0.25	0	1	43425
86.866	0.25	1	2	43433
86.882	0.25	1	2	43441
86.9	0.25	0	1	43450
86.916	0.25	0	1	43458
86.932	0.25	1	2	43466
86.95	0.25	1	2	43475
86.966	0.25	0	1	43483
86.982	0.25	0	1	43491
87.0	0.25	0	1	43500
87.016	0.25	0	1	43508
87.032	0.25	1	2	43516
87.05	0.25	1	2	43525
87.066	0.25	1	2	43533
87.082	0.25	1	2	43541
87.1	0.25	0	1	43550
87.116	0.25	0	1	43558
87.132	0.25	0	1	43566
90.7	0.25	1	2	45350
90.716	0.25	1	2	45358
90.732	0.25	1	2	45366
90.75	0.25	1	2	45375
90.766	0.25	1	2	45383
90.782	0.25	1	2	45391
90.8	0.25	1	2	45400
90.816	0.25	1	2	45408
90.832	0.25	1	2	45416
90.85	0.25	1	2	45425
90.866	0.25	1	2	45433
90.882	0.25	1	2	45441
90.9	0.25	1	2	45450
90.916	0.25	1	2	45458
90.932	0.25	0	1	45466
90.95	0.25	0	1	45475
90.966	0.25	0	1	45483
90.982	0.25	0	1	45491
91.0	0.25	1	2	45500
91.016	0.25	1	2	45508
91.032	0.25	1	2	45516
91.05	0.25	1	2	45525
91.066	0.25	0	1	45533
91.082	0.25	0	1	45541
91.1	0.25	0	1	45550
91.116	0.25	0	1	45558
91.132	0.25	1	2	45566
91.15	0.25	1	2	45575
91.166	0.25	1	2	45583
91.182	0.25	1	2	45591
91.2	0.25	0	1	45600
91.216	0.25	0	1	45608
91.232	0.25	0	1	45616
91.25	0.25	0	1	45625
91.266	0.25	1	2	45633
91.282	0.25	1	2	45641
91.3	0.25	0	1	45650
91.316	0.25	0	1	45658
91.332	0.25	1	2	45666
91.35	0.25	1	2	45675
91.366	0.25	1	2	45683
91.382	0.25	1	2	45691
91.4	0.25	0	1	45700
91.416	0.25	0	1	45708
91.432	0.25	1	2	45716
91.45	0.25	1	2	45725
91.466	0.25	0	1	45733
91.482	0.25	0	1	45741
91.5	0.25	0	1	45750
91.516	0.25	0	1	45758
91.532	0.25	1	2	45766
91.55	0.25	1	2	45775
91.566	0.25	0	1	45783
91.582	0.25	0	1	45791
91.6	0.25	1	2	45800
91.616	0.25	1	2	45808
91.632	0.25	1	2	45816
91.65	0.25	1	2	45825
91.666	0.25	1	2	45833
91.682	0.25	1	2	45841
91.7	0.25	0	1	45850
91.716	0.25	0	1	45858
91.732	0.25	0	1	45866
91.75	0.25	0	1	45875
91.766	0.25	0	1	45883
91.782	0.25	0	1	45891
91.8	0.25	1	2	45900
91.816	0.25	1	2	45908
91.832	0.25	0	1	45916
91.85	0.25	0	1	45925
91.866	0.25	1	2	45933
91.882	0.25	1	2	45941
91.9	0.25	1	2	45950
91.916	0.25	1	2	45958
91.932	0.25	1	2	45966
91.95	0.25	1	2	45975
91.966	0.25	0	1	45983
91.982	0.25	0	1	45991
92.0	0.25	0	1	46000
92.016	0.25	0	1	46008
92.032	0.25	1	2	46016
92.05	0.25	1	2	46025
92.066	0.25	0	1	46033
92.082	0.25	0	1	46041
92.1	0.25	1	2	46050
92.116	0.25	1	2	46058
92.132	0.25	0	1	46066
92.15	0.25	0	1	46075
92.166	0.25	0	1	46083
92.182	0.25	0	1	46091
92.2	0.25	0	1	46100
92.216	0.25	0	1	46108
92.232	0.25	1	2	46116
92.25	0.25	1	2	46125
92.266	0.25	1	2	46133
92.282	0.25	1	2	46141
92.3	0.25	0	1	46150
92.316	0.25	0	1	46158
92.332	0.25	1	2	46166
92.35	0.25	1	2	46175
92.366	0.25	0	1	46183
92.382	0.25	0	1	46191
92.4	0.25	0	1	46200
92.416	0.25	0	1	46208
92.432	0.25	0	1	46216
92.45	0.25	0	1	46225
92.466	0.25	1	2	46233
92.482	0.25	1	2	46241
92.5	0.25	0	1	46250
92.516	0.25	0	1	46258
92.532	0.25	1	2	46266
92.55	0.25	1	2	46275
92.566	0.25	0	1	46283
92.582	0.25	0	1	46291
92.6	0.25	0	1	46300
92.616	0.25	0	1	46308
92.632	0.25	1	2	46316
94.132	0.25	1	2	47066
94.15	0.25	1	2	47075
94.166	0.25	1	2	47083
94.182	0.25	1	2	47091
94.2	0.25	0	1	47100
94.216	0.25	0	1	47108
94.232	0.25	1	2	47116
94.25	0.25	1	2	47125
94.266	0.25	1	2	47133
94.282	0.25	1	2	47141
94.3	0.25	0	1	47150
94.316	0.25	0	1	47158
94.332	0.25	1	2	47166
94.35	0.25	1	2	47175
94.366	0.25	1	2	47183
94.382	0.25	1	2	47191
94.4	0.25	0	1	47200
94.416	0.25	0	1	47208
94.432	0.25	1	2	47216
94.45	0.25	1	2	47225
94.466	0.25	1	2	47233
94.482	0.25	1	2	47241
94.5	0.25	0	1	47250
94.516	0.25	0	1	47258
94.532	0.25	0	1	47266
94.55	0.25	0	1	47275
94.566	0.25	0	1	47283
94.582	0.25	0	1	47291
94.6	0.25	1	2	47300
94.616	0.25	1	2	47308
94.632	0.25	1	2	47316
94.65	0.25	1	2	47325
94.666	0.25	1	2	47333
94.682	0.25	1	2	47341
94.7	0.25	0	1	47350
94.716	0.25	0	1	47358
94.732	0.25	0	1	47366
94.75	0.25	0	1	47375
94.766	0.25	0	1	47383
94.782	0.25	0	1	47391
94.8	0.25	1	2	47400
94.816	0.25	1	2	47408
94.832	0.25	1	2	47416
94.85	0.25	1	2	47425
94.866	0.25	1	2	47433
94.882	0.25	1	2	47441
94.9	0.25	1	2	47450
94.916	0.25	1	2	47458
94.932	0.25	1	2	47466
94.95	0.25	1	2	47475
94.966	0.25	0	1	47483
94.982	0.25	0	1	47491
95.0	0.25	0	1	47500
95.016	0.25	0	1	47508
95.032	0.25	1	2	47516
95.05	0.25	1	2	47525
95.066	0.25	0	1	47533
95.082	0.25	0	1	47541
95.1	0.25	1	2	47550
95.116	0.25	1	2	47558
95.132	0.25	0	1	47566
95.15	0.25	0	1	47575
95.166	0.25	0	1	47583
95.182	0.25	0	1	47591
95.2	0.25	1	2	47600
95.216	0.25	1	2	47608
95.232	0.25	1	2	47616
95.25	0.25	1	2	47625
95.266	0.25	0	1	47633
95.282	0.25	0	1	47641
95.3	0.25	0	1	47650
95.316	0.25	0	1	47658
95.332	0.25	0	1	47666
95.35	0.25	0	1	47675
95.366	0.25	0	1	47683
95.382	0.25	0	1	47691
95.4	0.25	1	2	47700
95.416	0.25	1	2	47708
95.432	0.25	0	1	47716
95.45	0.25	0	1	47725
95.466	0.25	0	1	47733
95.482	0.25	0	1	47741
95.5	0.25	0	1	47750
95.516	0.25	0	1	47758
95.532	0.25	0	1	47766
95.55	0.25	0	1	47775
95.566	0.25	1	2	47783
95.582	0.25	1	2	47791
95.6	0.25	1	2	47800
95.616	0.25	1	2	47808
95.632	0.25	1	2	47816
95.65	0.25	1	2	47825
95.666	0.25	1	2	47833
95.682	0.25	1	2	47841
95.7	0.25	1	2	47850
95.716	0.25	1	2	47858
95.732	0.25	1	2	47866
95.75	0.25	1	2	47875
95.766	0.25	0	1	47883
95.782	0.25	0	1	47891
95.8	0.25	1	2	47900
95.816	0.25	1	2	47908
95.832	0.25	0	1	47916
95.85	0.25	0	1	47925
95.866	0.25	1	2	47933
95.882	0.25	1	2	47941
95.9	0.25	0	1	47950
95.916	0.25	0	1	47958
95.932	0.25	0	1	47966
95.95	0.25	0	1	47975
95.966	0.25	1	2	47983
95.982	0.25	1	2	47991
96.0	0.25	1	2	48000
96.016	0.25	1	2	48008
96.032	0.25	0	1	48016
96.05	0.25	0	1	48025
96.066	0.25	0	1	48033
97.55	0.25	1	2	48775
97.566	0.25	1	2	48783
97.582	0.25	1	2	48791
97.6	0.25	1	2	48800
97.616	0.25	0	1	48808
97.632	0.25	0	1	48816
97.65	0.25	0	1	48825
97.666	0.25	0	1	48833
97.682	0.25	0	1	48841
97.7	0.25	0	1	48850
97.716	0.25	0	1	48858
97.732	0.25	0	1	48866
97.75	0.25	1	2	48875
97.766	0.25	1	2	48883
97.782	0.25	0	1	48891
97.8	0.25	0	1	48900
97.816	0.25	0	1	48908
97.832	0.25	0	1	48916
97.85	0.25	1	2	48925
97.866	0.25	1	2	48933
97.882	0.25	1	2	48941
97.9	0.25	1	2	48950
97.916	0.25	0	1	48958
97.932	0.25	0	1	48966
97.95	0.25	0	1	48975
97.966	0.25	0	1	48983
97.982	0.25	0	1	48991
98.0	0.25	0	1	49000
98.016	0.25	0	1	49008
98.032	0.25	0	1	49016
98.05	0.25	0	1	49025
98.066	0.25	0	1	49033
98.082	0.25	0	1	49041
98.1	0.25	0	1	49050
98.116	0.25	1	2	49058
98.132	0.25	1	2	49066
98.15	0.25	0	1	49075
98.166	0.25	0	1	49083
98.182	0.25	1	2	49091
98.2	0.25	1	2	49100
98.216	0.25	1	2	49108
98.232	0.25	1	2	49116
98.25	0.25	0	1	49125
98.266	0.25	0	1	49133
98.282	0.25	1	2	49141
98.3	0.25	1	2	49150
98.316	0.25	0	1	49158
98.332	0.25	0	1	49166
98.35	0.25	1	2	49175
98.366	0.25	1	2	49183
98.382	0.25	0	1	49191
98.4	0.25	0	1	49200
98.416	0.25	1	2	49208
98.432	0.25	1	2	49216
98.45	0.25	0	1	49225
98.466	0.25	0	1	49233
98.482	0.25	0	1	49241
98.5	0.25	0	1	49250
98.516	0.25	0	1	49258
98.532	0.25	0	1	49266
98.55	0.25	1	2	49275
98.566	0.25	1	2	49283
98.582	0.25	1	2	49291
98.6	0.25	1	2	49300
98.616	0.25	1	2	49308
98.632	0.25	1	2	49316
98.65	0.25	0	1	49325
98.666	0.25	0	1	49333
98.682	0.25	1	2	49341
98.7	0.25	1	2	49350
98.716	0.25	1	2	49358
98.732	0.25	1	2	49366
98.75	0.25	1	2	49375
98.766	0.25	1	2	49383
98.782	0.25	0	1	49391
98.8	0.25	0	1	49400
98.816	0.25	1	2	49408
98.832	0.25	1	2	49416
98.85	0.25	0	1	49425
98.866	0.25	0	1	49433
98.882	0.25	1	2	49441
98.9	0.25	1	2	49450
98.916	0.25	1	2	49458
98.932	0.25	1	2	49466
98.95	0.25	0	1	49475
98.966	0.25	0	1	49483
98.982	0.25	0	1	49491
99.0	0.25	0	1	49500
99.016	0.25	0	1	49508
99.032	0.25	0	1	49516
99.05	0.25	1	2	49525
99.066	0.25	1	2	49533
99.082	0.25	1	2	49541
99.1	0.25	1	2	49550
99.116	0.25	0	1	49558
99.132	0.25	0	1	49566
99.15	0.25	1	2	49575
99.166	0.25	1	2	49583
99.182	0.25	1	2	49591
99.2	0.25	1	2	49600
99.216	0.25	1	2	49608
99.232	0.25	1	2	49616
99.25	0.25	0	1	49625
99.266	0.25	0	1	49633
99.282	0.25	0	1	49641
99.3	0.25	0	1	49650
99.316	0.25	0	1	49658
99.332	0.25	0	1	49666
99.35	0.25	0	1	49675
99.366	0.25	0	1	49683
99.382	0.25	0	1	49691
99.4	0.25	0	1	49700
99.416	0.25	1	2	49708
99.432	0.25	1	2	49716
99.45	0.25	1	2	49725
99.466	0.25	1	2	49733
99.482	0.25	1	2	49741
100.95	0.25	0	1	50475
100.966	0.25	0	1	50483
100.982	0.25	0	1	50491
101.0	0.25	0	1	50500
101.016	0.25	1	2	50508
101.032	0.25	1	2	50516
101.05	0.25	1	2	50525
101.066	0.25	1	2	50533
101.082	0.25	0	1	50541
101.1	0.25	0	1	50550
101.116	0.25	0	1	50558
101.132	0.25	0	1	50566
101.15	0.25	0	1	50575
101.166	0.25	0	1	50583
101.182	0.25	0	1	50591
101.2	0.25	0	1	50600
101.216	0.25	1	2	50608
101.232	0.25	1	2	50616
101.25	0.25	1	2	50625
101.266	0.25	1	2	50633
101.282	0.25	1	2	50641
101.3	0.25	1	2	50650
101.316	0.25	1	2	50658
101.332	0.25	1	2	50666
101.35	0.25	1	2	50675
101.366	0.25	1	2	50683
101.382	0.25	0	1	50691
101.4	0.25	0	1	50700
101.416	0.25	0	1	50708
101.432	0.25	0	1	50716
101.45	0.25	0	1	50725
101.466	0.25	0	1	50733
101.482	0.25	0	1	50741
101.5	0.25	0	1	50750
101.516	0.25	0	1	50758
101.532	0.25	0	1	50766
101.55	0.25	0	1	50775
101.566	0.25	0	1	50783
101.582	0.25	1	2	50791
101.6	0.25	1	2	50800
101.616	0.25	1	2	50808
101.632	0.25	1	2	50816
101.65	0.25	0	1	50825
101.666	0.25	0	1	50833
101.682	0.25	0	1	50841
101.7	0.25	0	1	50850
101.716	0.25	1	2	50858
101.732	0.25	1	2	50866
101.75	0.25	0	1	50875
101.766	0.25	0	1	50883
101.782	0.25	1	2	50891
101.8	0.25	1	2	50900
101.816	0.25	0	1	50908
101.832	0.25	0	1	50916
101.85	0.25	1	2	50925
101.866	0.25	1	2	50933
101.882	0.25	0	1	50941
101.9	0.25	0	1	50950
101.916	0.25	1	2	50958
101.932	0.25	1	2	50966
101.95	0.25	1	2	50975
101.966	0.25	1	2	50983
101.982	0.25	0	1	50991
102.0	0.25	0	1	51000
102.016	0.25	1	2	51008
102.032	0.25	1	2	51016
102.05	0.25	0	1	51025
102.066	0.25	0	1	51033
102.082	0.25	0	1	51041
102.1	0.25	0	1	51050
102.116	0.25	0	1	51058
102.132	0.25	0	1	51066
102.15	0.25	1	2	51075
102.166	0.25	1	2	51083
102.182	0.25	0	1	51091
102.2	0.25	0	1	51100
102.216	0.25	0	1	51108
102.232	0.25	0	1	51116
102.25	0.25	0	1	51125
102.266	0.25	0	1	51133
102.282	0.25	1	2	51141
102.3	0.25	1	2	51150
102.316	0.25	1	2	51158
102.332	0.25	1	2	51166
102.35	0.25	1	2	51175
102.366	0.25	1	2	51183
102.382	0.25	0	1	51191
102.4	0.25	0	1	51200
102.416	0.25	1	2	51208
102.432	0.25	1	2	51216
102.45	0.25	0	1	51225
102.466	0.25	0	1	51233
102.482	0.25	1	2	51241
102.5	0.25	1	2	51250
102.516	0.25	1	2	51258
102.532	0.25	1	2	51266
102.55	0.25	1	2	51275
102.566	0.25	1	2	51283
102.582	0.25	1	2	51291
102.6	0.25	1	2	51300
102.616	0.25	1	2	51308
102.632	0.25	1	2	51316
102.65	0.25	0	1	51325
102.666	0.25	0	1	51333
102.682	0.25	0	1	51341
102.7	0.25	0	1	51350
102.716	0.25	1	2	51358
102.732	0.25	1	2	51366
102.75	0.25	0	1	51375
102.766	0.25	0	1	51383
102.782	0.25	0	1	51391
102.8	0.25	0	1	51400
102.816	0.25	0	1	51408
102.832	0.25	0	1	51416
102.85	0.25	1	2	51425
102.866	0.25	1	2	51433
102.882	0.25	1	2	51441
106.3	0.25	0	1	53150
106.316	0.25	0	1	53158
106.332	0.25	0	1	53166
106.35	0.25	0	1	53175
106.366	0.25	1	2	53183
106.382	0.25	1	2	53191
106.4	0.25	1	2	53200
106.416	0.25	1	2	53208
106.432	0.25	0	1	53216
106.45	0.25	0	1	53225
106.466	0.25	0	1	53233
106.482	0.25	0	1	53241
106.5	0.25	0	1	53250
106.516	0.25	0	1	53258
106.532	0.25	0	1	53266
106.55	0.25	0	1	53275
106.566	0.25	1	2	53283
106.582	0.25	1	2	53291
106.6	0.25	1	2	53300
106.616	0.25	1	2	53308
106.632	0.25	1	2	53316
106.65	0.25	1	2	53325
106.666	0.25	1	2	53333
106.682	0.25	1	2	53341
106.7	0.25	1	2	53350
106.716	0.25	1	2	53358
106.732	0.25	0	1	53366
106.75	0.25	0	1	53375
106.766	0.25	0	1	53383
106.782	0.25	0	1	53391
106.8	0.25	0	1	53400
106.816	0.25	0	1	53408
106.832	0.25	0	1	53416
106.85	0.25	0	1	53425
106.866	0.25	0	1	53433
106.882	0.25	0	1	53441
106.9	0.25	0	1	53450
106.916	0.25	0	1	53458
106.932	0.25	1	2	53466
106.95	0.25	1	2	53475
106.966	0.25	1	2	53483
106.982	0.25	1	2	53491
107.0	0.25	0	1	53500
107.016	0.25	0	1	53508
107.032	0.25	0	1	53516
107.05	0.25	0	1	53525
107.066	0.25	1	2	53533
107.082	0.25	1	2	53541
107.1	0.25	0	1	53550
107.116	0.25	0	1	53558
107.132	0.25	1	2	53566
107.15	0.25	1	2	53575
107.166	0.25	0	1	53583
107.182	0.25	0	1	53591
107.2	0.25	1	2	53600
107.216	0.25	1	2	53608
107.232	0.25	0	1	53616
107.25	0.25	0	1	53625
107.266	0.25	1	2	53633
107.282	0.25	1	2	53641
107.3	0.25	1	2	53650
107.316	0.25	1	2	53658
107.332	0.25	0	1	53666
107.35	0.25	0	1	53675
107.366	0.25	1	2	53683
107.382	0.25	1	2	53691
107.4	0.25	0	1	53700
107.416	0.25	0	1	53708
107.432	0.25	0	1	53716
107.45	0.25	0	1	53725
107.466	0.25	0	1	53733
107.482	0.25	0	1	53741
107.5	0.25	1	2	53750
107.516	0.25	1	2	53758
107.532	0.25	0	1	53766
107.55	0.25	0	1	53775
107.566	0.25	0	1	53783
107.582	0.25	0	1	53791
107.6	0.25	0	1	53800
107.616	0.25	0	1	53808
107.632	0.25	1	2	53816
107.65	0.25	1	2	53825
107.666	0.25	1	2	53833
107.682	0.25	1	2	53841
107.7	0.25	1	2	53850
107.716	0.25	1	2	53858
107.732	0.25	0	1	53866
107.75	0.25	0	1	53875
107.766	0.25	1	2	53883
107.782	0.25	1	2	53891
107.8	0.25	0	1	53900
107.816	0.25	0	1	53908
107.832	0.25	1	2	53916
107.85	0.25	1	2	53925
107.866	0.25	1	2	53933
107.882	0.25	1	2	53941
107.9	0.25	1	2	53950
107.916	0.25	1	2	53958
107.932	0.25	1	2	53966
107.95	0.25	1	2	53975
107.966	0.25	1	2	53983
107.982	0.25	1	2	53991
108.0	0.25	0	1	54000
108.016	0.25	0	1	54008
108.032	0.25	0	1	54016
108.05	0.25	0	1	54025
108.066	0.25	1	2	54033
108.082	0.25	1	2	54041
108.1	0.25	0	1	54050
108.116	0.25	0	1	54058
108.132	0.25	0	1	54066
108.15	0.25	0	1	54075
108.166	0.25	0	1	54083
108.182	0.25	0	1	54091
108.2	0.25	1	2	54100
108.216	0.25	1	2	54108
108.232	0.25	1	2	54116
109.732	0.25	1	2	54866
109.75	0.25	1	2	54875
109.766	0.25	1	2	54883
109.782	0.25	1	2	54891
109.8	0.25	0	1	54900
109.816	0.25	0	1	54908
109.832	0.25	0	1	54916
109.85	0.25	0	1	54925
109.866	0.25	0	1	54933
109.882	0.25	0	1	54941
109.9	0.25	0	1	54950
109.916	0.25	0	1	54958
109.932	0.25	1	2	54966
109.95	0.25	1	2	54975
109.966	0.25	0	1	54983
109.982	0.25	0	1	54991
110.0	0.25	0	1	55000
110.016	0.25	0	1	55008
110.032	0.25	1	2	55016
110.05	0.25	1	2	55025
110.066	0.25	1	2	55033
110.082	0.25	1	2	55041
110.1	0.25	0	1	55050
110.116	0.25	0	1	55058
110.132	0.25	0	1	55066
110.15	0.25	0	1	55075
110.166	0.25	0	1	55083
110.182	0.25	0	1	55091
110.2	0.25	0	1	55100
110.216	0.25	0	1	55108
110.232	0.25	0	1	55116
110.25	0.25	0	1	55125
110.266	0.25	0	1	55133
110.282	0.25	0	1	55141
110.3	0.25	1	2	55150
110.316	0.25	1	2	55158
110.332	0.25	0	1	55166
110.35	0.25	0	1	55175
110.366	0.25	1	2	55183
110.382	0.25	1	2	55191
110.4	0.25	1	2	55200
110.416	0.25	1	2	55208
110.432	0.25	0	1	55216
110.45	0.25	0	1	55225
110.466	0.25	1	2	55233
110.482	0.25	1	2	55241
110.5	0.25	0	1	55250
110.516	0.25	0	1	55258
110.532	0.25	1	2	55266
110.55	0.25	1	2	55275
110.566	0.25	0	1	55283
110.582	0.25	0	1	55291
110.6	0.25	1	2	55300
110.616	0.25	1	2	55308
110.632	0.25	0	1	55316
110.65	0.25	0	1	55325
110.666	0.25	0	1	55333
110.682	0.25	0	1	55341
110.7	0.25	0	1	55350
110.716	0.25	0	1	55358
110.732	0.25	1	2	55366
110.75	0.25	1	2	55375
110.766	0.25	1	2	55383
110.782	0.25	1	2	55391
110.8	0.25	1	2	55400
110.816	0.25	1	2	55408
110.832	0.25	0	1	55416
110.85	0.25	0	1	55425
110.866	0.25	1	2	55433
110.882	0.25	1	2	55441
110.9	0.25	1	2	55450
110.916	0.25	1	2	55458
110.932	0.25	1	2	55466
110.95	0.25	1	2	55475
110.966	0.25	0	1	55483
110.982	0.25	0	1	55491
111.0	0.25	1	2	55500
111.016	0.25	1	2	55508
111.032	0.25	0	1	55516
111.05	0.25	0	1	55525
111.066	0.25	1	2	55533
111.082	0.25	1	2	55541
111.1	0.25	1	2	55550
111.116	0.25	1	2	55558
111.132	0.25	0	1	55566
111.15	0.25	0	1	55575
111.166	0.25	0	1	55583
111.182	0.25	0	1	55591
111.2	0.25	0	1	55600
111.216	0.25	0	1	55608
111.232	0.25	1	2	55616
111.25	0.25	1	2	55625
111.266	0.25	1	2	55633
111.282	0.25	1	2	55641
111.3	0.25	0	1	55650
111.316	0.25	0	1	55658
111.332	0.25	1	2	55666
111.35	0.25	1	2	55675
111.366	0.25	1	2	55683
111.382	0.25	1	2	55691
111.4	0.25	1	2	55700
111.416	0.25	1	2	55708
111.432	0.25	0	1	55716
111.45	0.25	0	1	55725
111.466	0.25	0	1	55733
111.482	0.25	0	1	55741
111.5	0.25	0	1	55750
111.516	0.25	0	1	55758
111.532	0.25	0	1	55766
111.55	0.25	0	1	55775
111.566	0.25	0	1	55783
111.582	0.25	0	1	55791
111.6	0.25	1	2	55800
111.616	0.25	1	2	55808
111.632	0.25	1	2	55816
111.65	0.25	1	2	55825
111.666	0.25	1	2	55833
113.15	0.25	1	2	56575
113.166	0.25	1	2	56583
113.182	0.25	1	2	56591
113.2	0.25	1	2	56600
113.216	0.25	1	2	56608
113.232	0.25	1	2	56616
113.25	0.25	1	2	56625
113.266	0.25	1	2	56633
113.282	0.25	1	2	56641
113.3	0.25	1	2	56650
113.316	0.25	1	2	56658
113.332	0.25	1	2	56666
113.35	0.25	1	2	56675
113.366	0.25	1	2	56683
113.382	0.25	0	1	56691
113.4	0.25	0	1	56700
113.416	0.25	0	1	56708
113.432	0.25	0	1	56716
113.45	0.25	1	2	56725
113.466	0.25	1	2	56733
113.482	0.25	1	2	56741
113.5	0.25	1	2	56750
113.516	0.25	0	1	56758
113.532	0.25	0	1	56766
113.55	0.25	0	1	56775
113.566	0.25	0	1	56783
113.582	0.25	1	2	56791
113.6	0.25	1	2	56800
113.616	0.25	1	2	56808
113.632	0.25	1	2	56816
113.65	0.25	0	1	56825
113.666	0.25	0	1	56833
113.682	0.25	0	1	56841
113.7	0.25	0	1	56850
113.716	0.25	1	2	56858
113.732	0.25	1	2	56866
113.75	0.25	0	1	56875
113.766	0.25	0	1	56883
113.782	0.25	1	2	56891
113.8	0.25	1	2	56900
113.816	0.25	1	2	56908
113.832	0.25	1	2	56916
113.85	0.25	0	1	56925
113.866	0.25	0	1	56933
113.882	0.25	1	2	56941
113.9	0.25	1	2	56950
113.916	0.25	0	1	56958
113.932	0.25	0	1	56966
113.95	0.25	0	1	56975
113.966	0.25	0	1	56983
113.982	0.25	1	2	56991
114.0	0.25	1	2	57000
114.016	0.25	0	1	57008
114.032	0.25	0	1	57016
114.05	0.25	1	2	57025
114.066	0.25	1	2	57033
114.082	0.25	1	2	57041
114.1	0.25	1	2	57050
114.116	0.25	1	2	57058
114.132	0.25	1	2	57066
114.15	0.25	0	1	57075
114.166	0.25	0	1	57083
114.182	0.25	0	1	57091
114.2	0.25	0	1	57100
114.216	0.25	0	1	57108
114.232	0.25	0	1	57116
114.25	0.25	1	2	57125
114.266	0.25	1	2	57133
114.282	0.25	0	1	57141
114.3	0.25	0	1	57150
114.316	0.25	1	2	57158
114.332	0.25	1	2	57166
114.35	0.25	1	2	57175
114.366	0.25	1	2	57183
114.382	0.25	1	2	57191
114.4	0.25	1	2	57200
114.416	0.25	0	1	57208
114.432	0.25	0	1	57216
114.45	0.25	0	1	57225
114.466	0.25	0	1	57233
114.482	0.25	1	2	57241
114.5	0.25	1	2	57250
114.516	0.25	0	1	57258
114.532	0.25	0	1	57266
114.55	0.25	1	2	57275
114.566	0.25	1	2	57283
114.582	0.25	0	1	57291
114.6	0.25	0	1	57300
114.616	0.25	0	1	57308
114.632	0.25	0	1	57316
114.65	0.25	0	1	57325
114.666	0.25	0	1	57333
114.682	0.25	1	2	57341
114.7	0.25	1	2	57350
114.716	0.25	1	2	57358
114.732	0.25	1	2	57366
114.75	0.25	0	1	57375
114.766	0.25	0	1	57383
114.782	0.25	1	2	57391
114.8	0.25	1	2	57400
114.816	0.25	0	1	57408
114.832	0.25	0	1	57416
114.85	0.25	0	1	57425
114.866	0.25	0	1	57433
114.882	0.25	0	1	57441
114.9	0.25	0	1	57450
114.916	0.25	1	2	57458
114.932	0.25	1	2	57466
114.95	0.25	0	1	57475
114.966	0.25	0	1	57483
114.982	0.25	1	2	57491
115.0	0.25	1	2	57500
115.016	0.25	0	1	57508
115.032	0.25	0	1	57516
115.05	0.25	0	1	57525
115.066	0.25	0	1	57533
115.082	0.25	1	2	57541
116.55	0.25	1	2	58275
116.566	0.25	1	2	58283
116.582	0.25	1	2	58291
116.6	0.25	1	2	58300
116.616	0.25	0	1	58308
116.632	0.25	0	1	58316
116.65	0.25	1	2	58325
116.666	0.25	1	2	58333
116.682	0.25	1	2	58341
116.7	0.25	1	2	58350
116.716	0.25	0	1	58358
116.732	0.25	0	1	58366
116.75	0.25	1	2	58375
116.766	0.25	1	2	58383
116.782	0.25	1	2	58391
116.8	0.25	1	2	58400
116.816	0.25	0	1	58408
116.832	0.25	0	1	58416
116.85	0.25	1	2	58425
116.866	0.25	1	2	58433
116.882	0.25	1	2	58441
116.9	0.25	1	2	58450
116.916	0.25	0	1	58458
116.932	0.25	0	1	58466
116.95	0.25	0	1	58475
116.966	0.25	0	1	58483
116.982	0.25	0	1	58491
117.0	0.25	0	1	58500
117.016	0.25	1	2	58508
117.032	0.25	1	2	58516
117.05	0.25	1	2	58525
117.066	0.25	1	2	58533
117.082	0.25	1	2	58541
117.1	0.25	1	2	58550
117.116	0.25	0	1	58558
117.132	0.25	0	1	58566
117.15	0.25	0	1	58575
117.166	0.25	0	1	58583
117.182	0.25	0	1	58591
117.2	0.25	0	1	58600
117.216	0.25	1	2	58608
117.232	0.25	1	2	58616
117.25	0.25	1	2	58625
117.266	0.25	1	2	58633
117.282	0.25	1	2	58641
117.3	0.25	1	2	58650
117.316	0.25	1	2	58658
117.332	0.25	1	2	58666
117.35	0.25	1	2	58675
117.366	0.25	1	2	58683
117.382	0.25	0	1	58691
117.4	0.25	0	1	58700
117.416	0.25	0	1	58708
117.432	0.25	0	1	58716
117.45	0.25	1	2	58725
117.466	0.25	1	2	58733
117.482	0.25	0	1	58741
117.5	0.25	0	1	58750
117.516	0.25	1	2	58758
117.532	0.25	1	2	58766
117.55	0.25	0	1	58775
117.566	0.25	0	1	58783
117.582	0.25	0	1	58791
117.6	0.25	0	1	58800
117.616	0.25	1	2	58808
117.632	0.25	1	2	58816
117.65	0.25	1	2	58825
117.666	0.25	1	2	58833
117.682	0.25	0	1	58841
117.7	0.25	0	1	58850
117.716	0.25	0	1	58858
117.732	0.25	0	1	58866
117.75	0.25	0	1	58875
117.766	0.25	0	1	58883
117.782	0.25	0	1	58891
117.8	0.25	0	1	58900
117.816	0.25	1	2	58908
117.832	0.25	1	2	58916
117.85	0.25	0	1	58925
117.866	0.25	0	1	58933
117.882	0.25	0	1	58941
117.9	0.25	0	1	58950
117.916	0.25	0	1	58958
117.932	0.25	0	1	58966
117.95	0.25	0	1	58975
117.966	0.25	0	1	58983
117.982	0.25	1	2	58991
118.0	0.25	1	2	59000
118.016	0.25	1	2	59008
118.032	0.25	1	2	59016
118.05	0.25	1	2	59025
118.066	0.25	1	2	59033
118.082	0.25	1	2	59041
118.1	0.25	1	2	59050
118.116	0.25	1	2	59058
118.132	0.25	1	2	59066
118.15	0.25	1	2	59075
118.166	0.25	1	2	59083
118.182	0.25	0	1	59091
118.2	0.25	0	1	59100
118.216	0.25	1	2	59108
118.232	0.25	1	2	59116
118.25	0.25	0	1	59125
118.266	0.25	0	1	59133
118.282	0.25	1	2	59141
118.3	0.25	1	2	59150
118.316	0.25	0	1	59158
118.332	0.25	0	1	59166
118.35	0.25	0	1	59175
118.366	0.25	0	1	59183
118.382	0.25	1	2	59191
118.4	0.25	1	2	59200
118.416	0.25	1	2	59208
118.432	0.25	1	2	59216
118.45	0.25	0	1	59225
118.466	0.25	0	1	59233
118.482	0.25	0	1	59241
122.516	0.25	1	2	61258
122.532	0.25	1	2	61266
122.55	0.25	1	2	61275
122.566	0.25	1	2	61283
122.582	0.25	0	1	61291
122.6	0.25	0	1	61300
122.616	0.25	0	1	61308
122.632	0.25	0	1	61316
122.65	0.25	0	1	61325
122.666	0.25	0	1	61333
122.682	0.25	0	1	61341
122.7	0.25	0	1	61350
122.716	0.25	1	2	61358
122.732	0.25	1	2	61366
122.75	0.25	0	1	61375
122.766	0.25	0	1	61383
122.782	0.25	0	1	61391
122.8	0.25	0	1	61400
122.816	0.25	1	2	61408
122.832	0.25	1	2	61416
122.85	0.25	1	2	61425
122.866	0.25	1	2	61433
122.882	0.25	0	1	61441
122.9	0.25	0	1	61450
122.916	0.25	0	1	61458
122.932	0.25	0	1	61466
122.95	0.25	0	1	61475
122.966	0.25	0	1	61483
122.982	0.25	0	1	61491
123.0	0.25	0	1	61500
123.016	0.25	0	1	61508
123.032	0.25	0	1	61516
123.05	0.25	0	1	61525
123.066	0.25	0	1	61533
123.082	0.25	1	2	61541
123.1	0.25	1	2	61550
123.116	0.25	0	1	61558
123.132	0.25	0	1	61566
123.15	0.25	1	2	61575
123.166	0.25	1	2	61583
123.182	0.25	1	2	61591
123.2	0.25	1	2	61600
123.216	0.25	0	1	61608
123.232	0.25	0	1	61616
123.25	0.25	1	2	61625
123.266	0.25	1	2	61633
123.282	0.25	0	1	61641
123.3	0.25	0	1	61650
123.316	0.25	1	2	61658
123.332	0.25	1	2	61666
123.35	0.25	0	1	61675
123.366	0.25	0	1	61683
123.382	0.25	1	2	61691
123.4	0.25	1	2	61700
123.416	0.25	0	1	61708
123.432	0.25	0	1	61716
123.45	0.25	0	1	61725
123.466	0.25	0	1	61733
123.482	0.25	0	1	61741
123.5	0.25	0	1	61750
123.516	0.25	1	2	61758
123.532	0.25	1	2	61766
123.55	0.25	1	2	61775
123.566	0.25	1	2	61783
123.582	0.25	1	2	61791
123.6	0.25	1	2	61800
123.616	0.25	0	1	61808
123.632	0.25	0	1	61816
123.65	0.25	1	2	61825
123.666	0.25	1	2	61833
123.682	0.25	1	2	61841
123.7	0.25	1	2	61850
123.716	0.25	1	2	61858
123.732	0.25	1	2	61866
123.75	0.25	0	1	61875
123.766	0.25	0	1	61883
123.782	0.25	1	2	61891
123.8	0.25	1	2	61900
123.816	0.25	0	1	61908
123.832	0.25	0	1	61916
123.85	0.25	1	2	61925
123.866	0.25	1	2	61933
123.882	0.25	1	2	61941
123.9	0.25	1	2	61950
123.916	0.25	0	1	61958
123.932	0.25	0	1	61966
123.95	0.25	0	1	61975
123.966	0.25	0	1	61983
123.982	0.25	0	1	61991
124.0	0.25	0	1	62000
124.016	0.25	1	2	62008
124.032	0.25	1	2	62016
124.05	0.25	1	2	62025
124.066	0.25	1	2	62033
124.082	0.25	0	1	62041
124.1	0.25	0	1	62050
124.116	0.25	1	2	62058
124.132	0.25	1	2	62066
124.15	0.25	1	2	62075
124.166	0.25	1	2	62083
124.182	0.25	1	2	62091
124.2	0.25	1	2	62100
124.216	0.25	0	1	62108
124.232	0.25	0	1	62116
124.25	0.25	0	1	62125
124.266	0.25	0	1	62133
124.282	0.25	0	1	62141
124.3	0.25	0	1	62150
124.316	0.25	0	1	62158
124.332	0.25	0	1	62166
124.35	0.25	0	1	62175
124.366	0.25	0	1	62183
124.382	0.25	1	2	62191
124.4	0.25	1	2	62200
124.416	0.25	1	2	62208
124.432	0.25	1	2	62216
124.45	0.25	1	2	62225
125.95	0.25	0	1	62975
125.966	0.25	0	1	62983
125.982	0.25	0	1	62991
126.0	0.25	0	1	63000
126.016	0.25	1	2	63008
126.032	0.25	1	2	63016
126.05	0.25	1	2	63025
126.066	0.25	1	2	63033
126.082	0.25	0	1	63041
126.1	0.25	0	1	63050
126.116	0.25	0	1	63058
126.132	0.25	0	1	63066
126.15	0.25	0	1	63075
126.166	0.25	0	1	63083
126.182	0.25	0	1	63091
126.2	0.25	0	1	63100
126.216	0.25	1	2	63108
126.232	0.25	1	2	63116
126.25	0.25	1	2	63125
126.266	0.25	1	2	63133
126.282	0.25	1	2	63141
126.3	0.25	1	2	63150
126.316	0.25	1	2	63158
126.332	0.25	1	2	63166
126.35	0.25	1	2	63175
126.366	0.25	1	2	63183
126.382	0.25	0	1	63191
126.4	0.25	0	1	63200
126.416	0.25	0	1	63208
126.432	0.25	0	1	63216
126.45	0.25	0	1	63225
126.466	0.25	0	1	63233
126.482	0.25	0	1	63241
126.5	0.25	0	1	63250
126.516	0.25	0	1	63258
126.532	0.25	0	1	63266
126.55	0.25	0	1	63275
126.566	0.25	0	1	63283
126.582	0.25	1	2	63291
126.6	0.25	1	2	63300
126.616	0.25	1	2	63308
126.632	0.25	1	2	63316
126.65	0.25	0	1	63325
126.666	0.25	0	1	63333
126.682	0.25	0	1	63341
126.7	0.25	0	1	63350
126.716	0.25	1	2	63358
126.732	0.25	1	2	63366
126.75	0.25	0	1	63375
126.766	0.25	0	1	63383
126.782	0.25	1	2	63391
126.8	0.25	1	2	63400
126.816	0.25	0	1	63408
126.832	0.25	0	1	63416
126.85	0.25	1	2	63425
126.866	0.25	1	2	63433
126.882	0.25	0	1	63441
126.9	0.25	0	1	63450
126.916	0.25	1	2	63458
126.932	0.25	1	2	63466
126.95	0.25	1	2	63475
126.966	0.25	1	2	63483
126.982	0.25	0	1	63491
127.0	0.25	0	1	63500
127.016	0.25	1	2	63508
127.032	0.25	1	2	63516
127.05	0.25	0	1	63525
127.066	0.25	0	1	63533
127.082	0.25	0	1	63541
127.1	0.25	0	1	63550
127.116	0.25	0	1	63558
127.132	0.25	0	1	63566
127.15	0.25	1	2	63575
127.166	0.25	1	2	63583
127.182	0.25	0	1	63591
127.2	0.25	0	1	63600
127.216	0.25	0	1	63608
127.232	0.25	0	1	63616
127.25	0.25	0	1	63625
127.266	0.25	0	1	63633
127.282	0.25	1	2	63641
127.3	0.25	1	2	63650
127.316	0.25	1	2	63658
127.332	0.25	1	2	63666
127.35	0.25	1	2	63675
127.366	0.25	1	2	63683
127.382	0.25	0	1	63691
127.4	0.25	0	1	63700
127.416	0.25	1	2	63708
127.432	0.25	1	2	63716
127.45	0.25	0	1	63725
127.466	0.25	0	1	63733
127.482	0.25	1	2	63741
127.5	0.25	1	2	63750
127.516	0.25	1	2	63758
127.532	0.25	1	2	63766
127.55	0.25	1	2	63775
127.566	0.25	1	2	63783
127.582	0.25	1	2	63791
127.6	0.25	1	2	63800
127.616	0.25	1	2	63808
127.632	0.25	1	2	63816
127.65	0.25	0	1	63825
127.666	0.25	0	1	63833
127.682	0.25	0	1	63841
127.7	0.25	0	1	63850
127.716	0.25	1	2	63858
127.732	0.25	1	2	63866
127.75	0.25	0	1	63875
127.766	0.25	0	1	63883
127.782	0.25	0	1	63891
127.8	0.25	0	1	63900
127.816	0.25	0	1	63908
127.832	0.25	0	1	63916
127.85	0.25	1	2	63925
127.866	0.25	1	2	63933
127.882	0.25	1	2	63941
129.35	0.25	1	2	64675
129.366	0.25	1	2	64683
129.382	0.25	1	2	64691
129.4	0.25	1	2	64700
129.416	0.25	0	1	64708
129.432	0.25	0	1	64716
129.448	0.25	1	2	64724
129.466	0.25	1	2	64733
129.482	0.25	1	2	64741
129.5	0.25	1	2	64750
129.516	0.25	0	1	64758
129.532	0.25	0	1	64766
129.55	0.25	1	2	64775
129.566	0.25	1	2	64783
129.582	0.25	1	2	64791
129.6	0.25	1	2	64800
129.616	0.25	0	1	64808
129.632	0.25	0	1	64816
129.65	0.25	1	2	64825
129.666	0.25	1	2	64833
129.682	0.25	1	2	64841
129.698	0.25	1	2	64849
129.716	0.25	0	1	64858
129.732	0.25	0	1	64866
129.75	0.25	0	1	64875
129.766	0.25	0	1	64883
129.782	0.25	0	1	64891
129.8	0.25	0	1	64900
129.816	0.25	1	2	64908
129.832	0.25	1	2	64916
129.85	0.25	1	2	64925
129.866	0.25	1	2	64933
129.882	0.25	1	2	64941
129.9	0.25	1	2	64950
129.916	0.25	0	1	64958
129.932	0.25	0	1	64966
129.948	0.25	0	1	64974
129.966	0.25	0	1	64983
129.982	0.25	0	1	64991
130.0	0.25	0	1	65000
130.016	0.25	1	2	65008
130.032	0.25	1	2	65016
130.05	0.25	1	2	65025
130.066	0.25	1	2	65033
130.082	0.25	1	2	65041
130.1	0.25	1	2	65050
130.116	0.25	1	2	65058
130.132	0.25	1	2	65066
130.15	0.25	1	2	65075
130.166	0.25	1	2	65083
130.182	0.25	0	1	65091
130.198	0.25	0	1	65099
130.216	0.25	0	1	65108
130.232	0.25	0	1	65116
130.25	0.25	1	2	65125
130.266	0.25	1	2	65133
130.282	0.25	0	1	65141
130.3	0.25	0	1	65150
130.316	0.25	1	2	65158
130.332	0.25	1	2	65166
130.35	0.25	0	1	65175
130.366	0.25	0	1	65183
130.382	0.25	0	1	65191
130.4	0.25	0	1	65200
130.416	0.25	1	2	65208
130.432	0.25	1	2	65216
130.448	0.25	1	2	65224
130.466	0.25	1	2	65233
130.482	0.25	0	1	65241
130.5	0.25	0	1	65250
130.516	0.25	0	1	65258
130.532	0.25	0	1	65266
130.55	0.25	0	1	65275
130.566	0.25	0	1	65283
130.582	0.25	0	1	65291
130.6	0.25	0	1	65300
130.616	0.25	1	2	65308
130.632	0.25	1	2	65316
130.65	0.25	0	1	65325
130.666	0.25	0	1	65333
130.682	0.25	0	1	65341
130.698	0.25	0	1	65349
130.716	0.25	0	1	65358
130.732	0.25	0	1	65366
130.75	0.25	0	1	65375
130.766	0.25	0	1	65383
130.782	0.25	1	2	65391
130.8	0.25	1	2	65400
130.816	0.25	1	2	65408
130.832	0.25	1	2	65416
130.85	0.25	1	2	65425
130.866	0.25	1	2	65433
130.882	0.25	1	2	65441
130.9	0.25	1	2	65450
130.916	0.25	1	2	65458
130.932	0.25	1	2	65466
130.948	0.25	1	2	65474
130.966	0.25	1	2	65483
130.982	0.25	0	1	65491
131.0	0.25	0	1	65500
131.016	0.25	1	2	65508
131.032	0.25	1	2	65516
131.05	0.25	0	1	65525
131.066	0.25	0	1	65533
131.082	0.25	1	2	65541
131.1	0.25	1	2	65550
131.116	0.25	0	1	65558
131.132	0.25	0	1	65566
131.15	0.25	0	1	65575
131.166	0.25	0	1	65583
131.182	0.25	1	2	65591
131.2	0.25	1	2	65600
131.216	0.25	1	2	65608
131.232	0.25	1	2	65616
131.25	0.25	0	1	65625
131.266	0.25	0	1	65633
131.282	0.25	0	1	65641
132.766	0.25	1	2	66383
132.782	0.25	1	2	66391
132.8	0.25	1	2	66400
132.816	0.25	1	2	66408
132.832	0.25	1	2	66416
132.85	0.25	1	2	66425
132.866	0.25	1	2	66433
132.882	0.25	1	2	66441
132.9	0.25	1	2	66450
132.916	0.25	1	2	66458
132.932	0.25	1	2	66466
132.95	0.25	1	2	66475
132.966	0.25	1	2	66483
132.982	0.25	1	2	66491
133.0	0.25	0	1	66500
133.016	0.25	0	1	66508
133.032	0.25	0	1	66516
133.05	0.25	0	1	66525
133.066	0.25	1	2	66533
133.082	0.25	1	2	66541
133.1	0.25	1	2	66550
133.116	0.25	1	2	66558
133.132	0.25	0	1	66566
133.15	0.25	0	1	66575
133.166	0.25	0	1	66583
133.182	0.25	0	1	66591
133.2	0.25	1	2	66600
133.216	0.25	1	2	66608
133.232	0.25	1	2	66616
133.25	0.25	1	2	66625
133.266	0.25	0	1	66633
133.282	0.25	0	1	66641
133.3	0.25	0	1	66650
133.316	0.25	0	1	66658
133.332	0.25	1	2	66666
133.35	0.25	1	2	66675
133.366	0.25	0	1	66683
133.382	0.25	0	1	66691
133.4	0.25	1	2	66700
133.416	0.25	1	2	66708
133.432	0.25	1	2	66716
133.45	0.25	1	2	66725
133.466	0.25	0	1	66733
133.482	0.25	0	1	66741
133.5	0.25	1	2	66750
133.516	0.25	1	2	66758
133.532	0.25	0	1	66766
133.55	0.25	0	1	66775
133.566	0.25	0	1	66783
133.582	0.25	0	1	66791
133.6	0.25	1	2	66800
133.616	0.25	1	2	66808
133.632	0.25	0	1	66816
133.65	0.25	0	1	66825
133.666	0.25	1	2	66833
133.682	0.25	1	2	66841
133.7	0.25	1	2	66850
133.716	0.25	1	2	66858
133.732	0.25	1	2	66866
133.75	0.25	1	2	66875
133.766	0.25	0	1	66883
133.782	0.25	0	1	66891
133.8	0.25	0	1	66900
133.816	0.25	0	1	66908
133.832	0.25	0	1	66916
133.85	0.25	0	1	66925
133.866	0.25	1	2	66933
133.882	0.25	1	2	66941
133.9	0.25	0	1	66950
133.916	0.25	0	1	66958
133.932	0.25	1	2	66966
133.95	0.25	1	2	66975
133.966	0.25	1	2	66983
133.982	0.25	1	2	66991
134.0	0.25	1	2	67000
134.016	0.25	1	2	67008
134.032	0.25	0	1	67016
134.05	0.25	0	1	67025
134.066	0.25	0	1	67033
134.082	0.25	0	1	67041
134.1	0.25	1	2	67050
134.116	0.25	1	2	67058
134.132	0.25	0	1	67066
134.15	0.25	0	1	67075
134.166	0.25	1	2	67083
134.182	0.25	1	2	67091
134.2	0.25	0	1	67100
134.216	0.25	0	1	67108
134.232	0.25	0	1	67116
134.25	0.25	0	1	67125
134.266	0.25	0	1	67133
134.282	0.25	0	1	67141
134.3	0.25	1	2	67150
134.316	0.25	1	2	67158
134.332	0.25	1	2	67166
134.35	0.25	1	2	67175
134.366	0.25	0	1	67183
134.382	0.25	0	1	67191
134.4	0.25	1	2	67200
134.416	0.25	1	2	67208
134.432	0.25	0	1	67216
134.45	0.25	0	1	67225
134.466	0.25	0	1	67233
134.482	0.25	0	1	67241
134.5	0.25	0	1	67250
134.516	0.25	0	1	67258
134.532	0.25	1	2	67266
134.55	0.25	1	2	67275
134.566	0.25	0	1	67283
134.582	0.25	0	1	67291
134.6	0.25	1	2	67300
134.616	0.25	1	2	67308
134.632	0.25	0	1	67316
134.65	0.25	0	1	67325
134.666	0.25	0	1	67333
134.682	0.25	0	1	67341
134.7	0.25	1	2	67350
138.816	0.25	1	2	69408
138.832	0.25	1	2	69416
138.85	0.25	1	2	69425
138.866	0.25	1	2	69433
138.882	0.25	0	1	69441
138.9	0.25	0	1	69450
138.916	0.25	1	2	69458
138.932	0.25	1	2	69466
138.95	0.25	1	2	69475
138.966	0.25	1	2	69483
138.982	0.25	0	1	69491
139.0	0.25	0	1	69500
139.016	0.25	1	2	69508
139.032	0.25	1	2	69516
139.05	0.25	1	2	69525
139.066	0.25	1	2	69533
139.082	0.25	0	1	69541
139.1	0.25	0	1	69550
139.116	0.25	1	2	69558
139.132	0.25	1	2	69566
139.15	0.25	1	2	69575
139.166	0.25	1	2	69583
139.182	0.25	0	1	69591
139.2	0.25	0	1	69600
139.216	0.25	0	1	69608
139.232	0.25	0	1	69616
139.25	0.25	0	1	69625
139.266	0.25	0	1	69633
139.282	0.25	1	2	69641
139.3	0.25	1	2	69650
139.316	0.25	1	2	69658
139.332	0.25	1	2	69666
139.35	0.25	1	2	69675
139.366	0.25	1	2	69683
139.382	0.25	0	1	69691
139.4	0.25	0	1	69700
139.416	0.25	0	1	69708
139.432	0.25	0	1	69716
139.45	0.25	0	1	69725
139.466	0.25	0	1	69733
139.482	0.25	1	2	69741
139.5	0.25	1	2	69750
139.516	0.25	1	2	69758
139.532	0.25	1	2	69766
139.55	0.25	1	2	69775
139.566	0.25	1	2	69783
139.582	0.25	1	2	69791
139.6	0.25	1	2	69800
139.616	0.25	1	2	69808
139.632	0.25	1	2	69816
139.65	0.25	0	1	69825
139.666	0.25	0	1	69833
139.682	0.25	0	1	69841
139.7	0.25	0	1	69850
139.716	0.25	1	2	69858
139.732	0.25	1	2	69866
139.75	0.25	0	1	69875
139.766	0.25	0	1	69883
139.782	0.25	1	2	69891
139.8	0.25	1	2	69900
139.816	0.25	0	1	69908
139.832	0.25	0	1	69916
139.85	0.25	0	1	69925
139.866	0.25	0	1	69933
139.882	0.25	1	2	69941
139.9	0.25	1	2	69950
139.916	0.25	1	2	69958
139.932	0.25	1	2	69966
139.95	0.25	0	1	69975
139.966	0.25	0	1	69983
139.982	0.25	0	1	69991
140.0	0.25	0	1	70000
140.016	0.25	0	1	70008
140.032	0.25	0	1	70016
140.05	0.25	0	1	70025
140.066	0.25	0	1	70033
140.082	0.25	1	2	70041
140.1	0.25	1	2	70050
140.116	0.25	0	1	70058
140.132	0.25	0	1	70066
140.15	0.25	0	1	70075
140.166	0.25	0	1	70083
140.182	0.25	0	1	70091
140.2	0.25	0	1	70100
140.216	0.25	0	1	70108
140.232	0.25	0	1	70116
140.25	0.25	1	2	70125
140.266	0.25	1	2	70133
140.282	0.25	1	2	70141
140.3	0.25	1	2	70150
140.316	0.25	1	2	70158
140.332	0.25	1	2	70166
140.35	0.25	1	2	70175
140.366	0.25	1	2	70183
140.382	0.25	1	2	70191
140.4	0.25	1	2	70200
140.416	0.25	1	2	70208
140.432	0.25	1	2	70216
140.45	0.25	0	1	70225
140.466	0.25	0	1	70233
140.482	0.25	1	2	70241
140.5	0.25	1	2	70250
140.516	0.25	0	1	70258
140.532	0.25	0	1	70266
140.55	0.25	1	2	70275
140.566	0.25	1	2	70283
140.582	0.25	0	1	70291
140.6	0.25	0	1	70300
140.616	0.25	0	1	70308
140.632	0.25	0	1	70316
140.65	0.25	1	2	70325
140.666	0.25	1	2	70333
140.682	0.25	1	2	70341
140.7	0.25	1	2	70350
140.716	0.25	0	1	70358
140.732	0.25	0	1	70366
140.75	0.25	0	1	70375
142.25	0.25	1	2	71125
142.266	0.25	1	2	71133
142.282	0.25	1	2	71141
142.3	0.25	1	2	71150
142.316	0.25	1	2	71158
142.332	0.25	1	2	71166
142.35	0.25	1	2	71175
142.366	0.25	1	2	71183
142.382	0.25	1	2	71191
142.4	0.25	1	2	71200
142.416	0.25	1	2	71208
142.432	0.25	1	2	71216
142.45	0.25	1	2	71225
142.466	0.25	1	2	71233
142.482	0.25	0	1	71241
142.5	0.25	0	1	71250
142.516	0.25	0	1	71258
142.532	0.25	0	1	71266
142.55	0.25	1	2	71275
142.566	0.25	1	2	71283
142.582	0.25	1	2	71291
142.6	0.25	1	2	71300
142.616	0.25	0	1	71308
142.632	0.25	0	1	71316
142.65	0.25	0	1	71325
142.666	0.25	0	1	71333
142.682	0.25	1	2	71341
142.7	0.25	1	2	71350
142.716	0.25	1	2	71358
142.732	0.25	1	2	71366
142.75	0.25	0	1	71375
142.766	0.25	0	1	71383
142.782	0.25	0	1	71391
142.8	0.25	0	1	71400
142.816	0.25	1	2	71408
142.832	0.25	1	2	71416
142.85	0.25	0	1	71425
142.866	0.25	0	1	71433
142.882	0.25	1	2	71441
142.9	0.25	1	2	71450
142.916	0.25	1	2	71458
142.932	0.25	1	2	71466
142.95	0.25	0	1	71475
142.966	0.25	0	1	71483
142.982	0.25	1	2	71491
143.0	0.25	1	2	71500
143.016	0.25	0	1	71508
143.032	0.25	0	1	71516
143.05	0.25	0	1	71525
143.066	0.25	0	1	71533
143.082	0.25	1	2	71541
143.1	0.25	1	2	71550
143.116	0.25	0	1	71558
143.132	0.25	0	1	71566
143.15	0.25	1	2	71575
143.166	0.25	1	2	71583
143.182	0.25	1	2	71591
143.2	0.25	1	2	71600
143.216	0.25	1	2	71608
143.232	0.25	1	2	71616
143.25	0.25	0	1	71625
143.266	0.25	0	1	71633
143.282	0.25	0	1	71641
143.3	0.25	0	1	71650
143.316	0.25	0	1	71658
143.332	0.25	0	1	71666
143.35	0.25	1	2	71675
143.366	0.25	1	2	71683
143.382	0.25	0	1	71691
143.4	0.25	0	1	71700
143.416	0.25	1	2	71708
143.432	0.25	1	2	71716
143.45	0.25	1	2	71725
143.466	0.25	1	2	71733
143.482	0.25	1	2	71741
143.5	0.25	1	2	71750
143.516	0.25	0	1	71758
143.532	0.25	0	1	71766
143.55	0.25	0	1	71775
143.566	0.25	0	1	71783
143.582	0.25	1	2	71791
143.6	0.25	1	2	71800
143.616	0.25	0	1	71808
143.632	0.25	0	1	71816
143.65	0.25	1	2	71825
143.666	0.25	1	2	71833
143.682	0.25	0	1	71841
143.7	0.25	0	1	71850
143.716	0.25	0	1	71858
143.732	0.25	0	1	71866
143.75	0.25	0	1	71875
143.766	0.25	0	1	71883
143.782	0.25	1	2	71891
143.8	0.25	1	2	71900
143.816	0.25	1	2	71908
143.832	0.25	1	2	71916
143.85	0.25	0	1	71925
143.866	0.25	0	1	71933
143.882	0.25	1	2	71941
143.9	0.25	1	2	71950
143.916	0.25	0	1	71958
143.932	0.25	0	1	71966
143.95	0.25	0	1	71975
143.966	0.25	0	1	71983
143.982	0.25	0	1	71991
144.0	0.25	0	1	72000
144.016	0.25	1	2	72008
144.032	0.25	1	2	72016
144.05	0.25	0	1	72025
144.066	0.25	0	1	72033
144.082	0.25	1	2	72041
144.1	0.25	1	2	72050
144.116	0.25	0	1	72058
144.132	0.25	0	1	72066
144.15	0.25	0	1	72075
144.166	0.25	0	1	72083
144.182	0.25	1	2	72091
145.65	0.25	0	1	72825
145.666	0.25	0	1	72833
145.682	0.25	0	1	72841
145.7	0.25	0	1	72850
145.716	0.25	1	2	72858
145.732	0.25	1	2	72866
145.75	0.25	1	2	72875
145.766	0.25	1	2	72883
145.782	0.25	0	1	72891
145.8	0.25	0	1	72900
145.816	0.25	0	1	72908
145.832	0.25	0	1	72916
145.85	0.25	0	1	72925
145.866	0.25	0	1	72933
145.882	0.25	0	1	72941
145.9	0.25	0	1	72950
145.916	0.25	1	2	72958
145.932	0.25	1	2	72966
145.95	0.25	1	2	72975
145.966	0.25	1	2	72983
145.982	0.25	1	2	72991
146.0	0.25	1	2	73000
146.016	0.25	1	2	73008
146.032	0.25	1	2	73016
146.05	0.25	1	2	73025
146.066	0.25	1	2	73033
146.082	0.25	0	1	73041
146.1	0.25	0	1	73050
146.116	0.25	0	1	73058
146.132	0.25	0	1	73066
146.15	0.25	0	1	73075
146.166	0.25	0	1	73083
146.182	0.25	0	1	73091
146.2	0.25	0	1	73100
146.216	0.25	0	1	73108
146.232	0.25	0	1	73116
146.25	0.25	0	1	73125
146.266	0.25	0	1	73133
146.282	0.25	1	2	73141
146.3	0.25	1	2	73150
146.316	0.25	1	2	73158
146.332	0.25	1	2	73166
146.35	0.25	0	1	73175
146.366	0.25	0	1	73183
146.382	0.25	0	1	73191
146.4	0.25	0	1	73200
146.416	0.25	1	2	73208
146.432	0.25	1	2	73216
146.45	0.25	0	1	73225
146.466	0.25	0	1	73233
146.482	0.25	1	2	73241
146.5	0.25	1	2	73250
146.516	0.25	0	1	73258
146.532	0.25	0	1	73266
146.55	0.25	1	2	73275
146.566	0.25	1	2	73283
146.582	0.25	0	1	73291
146.6	0.25	0	1	73300
146.616	0.25	1	2	73308
146.632	0.25	1	2	73316
146.65	0.25	1	2	73325
146.666	0.25	1	2	73333
146.682	0.25	0	1	73341
146.7	0.25	0	1	73350
146.716	0.25	1	2	73358
146.732	0.25	1	2	73366
146.75	0.25	0	1	73375
146.766	0.25	0	1	73383
146.782	0.25	0	1	73391
146.8	0.25	0	1	73400
146.816	0.25	0	1	73408
146.832	0.25	0	1	73416
146.85	0.25	1	2	73425
146.866	0.25	1	2	73433
146.882	0.25	0	1	73441
146.9	0.25	0	1	73450
146.916	0.25	0	1	73458
146.932	0.25	0	1	73466
146.95	0.25	0	1	73475
146.966	0.25	0	1	73483
146.982	0.25	1	2	73491
147.0	0.25	1	2	73500
147.016	0.25	1	2	73508
147.032	0.25	1	2	73516
147.05	0.25	1	2	73525
147.066	0.25	1	2	73533
147.082	0.25	0	1	73541
147.1	0.25	0	1	73550
147.116	0.25	1	2	73558
147.132	0.25	1	2	73566
147.15	0.25	0	1	73575
147.166	0.25	0	1	73583
147.182	0.25	1	2	73591
147.2	0.25	1	2	73600
147.216	0.25	1	2	73608
147.232	0.25	1	2	73616
147.25	0.25	1	2	73625
147.266	0.25	1	2	73633
147.282	0.25	1	2	73641
147.3	0.25	1	2	73650
147.316	0.25	1	2	73658
147.332	0.25	1	2	73666
147.35	0.25	0	1	73675
147.366	0.25	0	1	73683
147.382	0.25	0	1	73691
147.4	0.25	0	1	73700
147.416	0.25	1	2	73708
147.432	0.25	1	2	73716
147.45	0.25	0	1	73725
147.466	0.25	0	1	73733
147.482	0.25	0	1	73741
147.5	0.25	0	1	73750
147.516	0.25	0	1	73758
147.532	0.25	0	1	73766
147.55	0.25	1	2	73775
147.566	0.25	1	2	73783
147.582	0.25	1	2	73791
149.066	0.25	1	2	74533
149.082	0.25	1	2	74541
149.1	0.25	1	2	74550
149.116	0.25	1	2	74558
149.132	0.25	0	1	74566
149.15	0.25	0	1	74575
149.166	0.25	0	1	74583
149.182	0.25	0	1	74591
149.2	0.25	0	1	74600
149.216	0.25	0	1	74608
149.232	0.25	0	1	74616
149.25	0.25	0	1	74625
149.266	0.25	1	2	74633
149.282	0.25	1	2	74641
149.3	0.25	0	1	74650
149.316	0.25	0	1	74658
149.332	0.25	0	1	74666
149.35	0.25	0	1	74675
149.366	0.25	1	2	74683
149.382	0.25	1	2	74691
149.4	0.25	1	2	74700
149.416	0.25	1	2	74708
149.432	0.25	0	1	74716
149.45	0.25	0	1	74725
149.466	0.25	0	1	74733
149.482	0.25	0	1	74741
149.5	0.25	0	1	74750
149.516	0.25	0	1	74758
149.532	0.25	0	1	74766
149.55	0.25	0	1	74775
149.566	0.25	0	1	74783
149.582	0.25	0	1	74791
149.6	0.25	0	1	74800
149.616	0.25	0	1	74808
149.632	0.25	1	2	74816
149.65	0.25	1	2	74825
149.666	0.25	0	1	74833
149.682	0.25	0	1	74841
149.7	0.25	1	2	74850
149.716	0.25	1	2	74858
149.732	0.25	1	2	74866
149.75	0.25	1	2	74875
149.766	0.25	0	1	74883
149.782	0.25	0	1	74891
149.8	0.25	1	2	74900
149.816	0.25	1	2	74908
149.832	0.25	0	1	74916
149.85	0.25	0	1	74925
149.866	0.25	1	2	74933
149.882	0.25	1	2	74941
149.9	0.25	0	1	74950
149.916	0.25	0	1	74958
149.932	0.25	1	2	74966
149.95	0.25	1	2	74975
149.966	0.25	0	1	74983
149.982	0.25	0	1	74991
150.0	0.25	0	1	75000
150.016	0.25	0	1	75008
150.032	0.25	0	1	75016
150.05	0.25	0	1	75025
150.066	0.25	1	2	75033
150.082	0.25	1	2	75041
150.1	0.25	1	2	75050
150.116	0.25	1	2	75058
150.132	0.25	1	2	75066
150.15	0.25	1	2	75075
150.166	0.25	0	1	75083
150.182	0.25	0	1	75091
150.2	0.25	1	2	75100
150.216	0.25	1	2	75108
150.232	0.25	1	2	75116
150.25	0.25	1	2	75125
150.266	0.25	1	2	75133
150.282	0.25	1	2	75141
150.3	0.25	0	1	75150
150.316	0.25	0	1	75158
150.332	0.25	1	2	75166
150.35	0.25	1	2	75175
150.366	0.25	0	1	75183
150.382	0.25	0	1	75191
150.4	0.25	1	2	75200
150.416	0.25	1	2	75208
150.432	0.25	1	2	75216
150.45	0.25	1	2	75225
150.466	0.25	0	1	75233
150.482	0.25	0	1	75241
150.5	0.25	0	1	75250
150.516	0.25	0	1	75258
150.532	0.25	0	1	75266
150.55	0.25	0	1	75275
150.566	0.25	1	2	75283
150.582	0.25	1	2	75291
150.6	0.25	1	2	75300
150.616	0.25	1	2	75308
150.632	0.25	0	1	75316
150.65	0.25	0	1	75325
150.666	0.25	1	2	75333
150.682	0.25	1	2	75341
150.7	0.25	1	2	75350
150.716	0.25	1	2	75358
150.732	0.25	1	2	75366
150.75	0.25	1	2	75375
150.766	0.25	0	1	75383
150.782	0.25	0	1	75391
150.8	0.25	0	1	75400
150.816	0.25	0	1	75408
150.832	0.25	0	1	75416
150.85	0.25	0	1	75425
150.866	0.25	0	1	75433
150.882	0.25	0	1	75441
150.9	0.25	0	1	75450
150.916	0.25	0	1	75458
150.932	0.25	1	2	75466
150.95	0.25	1	2	75475
150.966	0.25	1	2	75483
150.982	0.25	1	2	75491
151.0	0.25	1	2	75500
155.25	0.25	1	2	77625
155.266	0.25	1	2	77633
155.282	0.25	1	2	77641
155.3	0.25	1	2	77650
155.316	0.25	0	1	77658
155.332	0.25	0	1	77666
155.35	0.25	1	2	77675
155.366	0.25	1	2	77683
155.382	0.25	1	2	77691
155.4	0.25	1	2	77700
155.416	0.25	0	1	77708
155.432	0.25	0	1	77716
155.45	0.25	1	2	77725
155.466	0.25	1	2	77733
155.482	0.25	1	2	77741
155.5	0.25	1	2	77750
155.516	0.25	0	1	77758
155.532	0.25	0	1	77766
155.55	0.25	1	2	77775
155.566	0.25	1	2	77783
155.582	0.25	1	2	77791
155.6	0.25	1	2	77800
155.616	0.25	0	1	77808
155.632	0.25	0	1	77816
155.65	0.25	0	1	77825
155.666	0.25	0	1	77833
155.682	0.25	0	1	77841
155.7	0.25	0	1	77850
155.716	0.25	1	2	77858
155.732	0.25	1	2	77866
155.75	0.25	1	2	77875
155.766	0.25	1	2	77883
155.782	0.25	1	2	77891
155.8	0.25	1	2	77900
155.816	0.25	0	1	77908
155.832	0.25	0	1	77916
155.85	0.25	0	1	77925
155.866	0.25	0	1	77933
155.882	0.25	0	1	77941
155.9	0.25	0	1	77950
155.916	0.25	1	2	77958
155.932	0.25	1	2	77966
155.95	0.25	1	2	77975
155.966	0.25	1	2	77983
155.982	0.25	1	2	77991
156.0	0.25	1	2	78000
156.016	0.25	1	2	78008
156.032	0.25	1	2	78016
156.05	0.25	1	2	78025
156.066	0.25	1	2	78033
156.082	0.25	0	1	78041
156.1	0.25	0	1	78050
156.116	0.25	0	1	78058
156.132	0.25	0	1	78066
156.15	0.25	1	2	78075
156.166	0.25	1	2	78083
156.182	0.25	0	1	78091
156.2	0.25	0	1	78100
156.216	0.25	1	2	78108
156.232	0.25	1	2	78116
156.25	0.25	0	1	78125
156.266	0.25	0	1	78133
156.282	0.25	0	1	78141
156.3	0.25	0	1	78150
156.316	0.25	1	2	78158
156.332	0.25	1	2	78166
156.35	0.25	1	2	78175
156.366	0.25	1	2	78183
156.382	0.25	0	1	78191
156.4	0.25	0	1	78200
156.416	0.25	0	1	78208
156.432	0.25	0	1	78216
156.45	0.25	0	1	78225
156.466	0.25	0	1	78233
156.482	0.25	0	1	78241
156.5	0.25	0	1	78250
156.516	0.25	1	2	78258
156.532	0.25	1	2	78266
156.55	0.25	0	1	78275
156.566	0.25	0	1	78283
156.582	0.25	0	1	78291
156.6	0.25	0	1	78300
156.616	0.25	0	1	78308
156.632	0.25	0	1	78316
156.65	0.25	0	1	78325
156.666	0.25	0	1	78333
156.682	0.25	1	2	78341
156.7	0.25	1	2	78350
156.716	0.25	1	2	78358
156.732	0.25	1	2	78366
156.75	0.25	1	2	78375
156.766	0.25	1	2	78383
156.782	0.25	1	2	78391
156.8	0.25	1	2	78400
156.816	0.25	1	2	78408
156.832	0.25	1	2	78416
156.85	0.25	1	2	78425
156.866	0.25	1	2	78433
156.882	0.25	0	1	78441
156.9	0.25	0	1	78450
156.916	0.25	1	2	78458
156.932	0.25	1	2	78466
156.95	0.25	0	1	78475
156.966	0.25	0	1	78483
156.982	0.25	1	2	78491
157.0	0.25	1	2	78500
157.016	0.25	0	1	78508
157.032	0.25	0	1	78516
157.05	0.25	0	1	78525
157.066	0.25	0	1	78533
157.082	0.25	1	2	78541
157.1	0.25	1	2	78550
157.116	0.25	1	2	78558
157.132	0.25	1	2	78566
157.15	0.25	0	1	78575
157.166	0.25	0	1	78583
157.182	0.25	0	1	78591
158.666	0.25	1	2	79333
158.682	0.25	1	2	79341
158.7	0.25	1	2	79350
158.716	0.25	1	2	79358
158.732	0.25	1	2	79366
158.75	0.25	1	2	79375
158.766	0.25	1	2	79383
158.782	0.25	1	2	79391
158.8	0.25	1	2	79400
158.816	0.25	1	2	79408
158.832	0.25	1	2	79416
158.85	0.25	1	2	79425
158.866	0.25	1	2	79433
158.882	0.25	1	2	79441
158.9	0.25	0	1	79450
158.916	0.25	0	1	79458
158.932	0.25	0	1	79466
158.95	0.25	0	1	79475
158.966	0.25	1	2	79483
158.982	0.25	1	2	79491
159.0	0.25	1	2	79500
159.016	0.25	1	2	79508
159.032	0.25	0	1	79516
159.05	0.25	0	1	79525
159.066	0.25	0	1	79533
159.082	0.25	0	1	79541
159.1	0.25	1	2	79550
159.116	0.25	1	2	79558
159.132	0.25	1	2	79566
159.15	0.25	1	2	79575
159.166	0.25	0	1	79583
159.182	0.25	0	1	79591
159.2	0.25	0	1	79600
159.216	0.25	0	1	79608
159.232	0.25	1	2	79616
159.25	0.25	1	2	79625
159.266	0.25	0	1	79633
159.282	0.25	0	1	79641
159.3	0.25	1	2	79650
159.316	0.25	1	2	79658
159.332	0.25	1	2	79666
159.35	0.25	1	2	79675
159.366	0.25	0	1	79683
159.382	0.25	0	1	79691
159.4	0.25	1	2	79700
159.416	0.25	1	2	79708
159.432	0.25	0	1	79716
159.45	0.25	0	1	79725
159.466	0.25	0	1	79733
159.482	0.25	0	1	79741
159.5	0.25	1	2	79750
159.516	0.25	1	2	79758
159.532	0.25	0	1	79766
159.55	0.25	0	1	79775
159.566	0.25	1	2	79783
159.582	0.25	1	2	79791
159.6	0.25	1	2	79800
159.616	0.25	1	2	79808
159.632	0.25	1	2	79816
159.65	0.25	1	2	79825
159.666	0.25	0	1	79833
159.682	0.25	0	1	79841
159.7	0.25	0	1	79850
159.716	0.25	0	1	79858
159.732	0.25	0	1	79866
159.75	0.25	0	1	79875
159.766	0.25	1	2	79883
159.782	0.25	1	2	79891
159.8	0.25	0	1	79900
159.816	0.25	0	1	79908
159.832	0.25	1	2	79916
159.85	0.25	1	2	79925
159.866	0.25	1	2	79933
159.882	0.25	1	2	79941
159.9	0.25	1	2	79950
159.916	0.25	1	2	79958
159.932	0.25	0	1	79966
159.95	0.25	0	1	79975
159.966	0.25	0	1	79983
159.982	0.25	0	1	79991
160.0	0.25	1	2	80000
160.016	0.25	1	2	80008
160.032	0.25	0	1	80016
160.05	0.25	0	1	80025
160.066	0.25	1	2	80033
160.082	0.25	1	2	80041
160.1	0.25	0	1	80050
160.116	0.25	0	1	80058
160.132	0.25	0	1	80066
160.15	0.25	0	1	80075
160.166	0.25	0	1	80083
160.182	0.25	0	1	80091
160.2	0.25	1	2	80100
160.216	0.25	1	2	80108
160.232	0.25	1	2	80116
160.25	0.25	1	2	80125
160.266	0.25	0	1	80133
160.282	0.25	0	1	80141
160.3	0.25	1	2	80150
160.316	0.25	1	2	80158
160.332	0.25	0	1	80166
160.35	0.25	0	1	80175
160.366	0.25	0	1	80183
160.382	0.25	0	1	80191
160.4	0.25	0	1	80200
160.416	0.25	0	1	80208
160.432	0.25	1	2	80216
160.45	0.25	1	2	80225
160.466	0.25	0	1	80233
160.482	0.25	0	1	80241
160.5	0.25	1	2	80250
160.516	0.25	1	2	80258
160.532	0.25	0	1	80266
160.55	0.25	0	1	80275
160.566	0.25	0	1	80283
160.582	0.25	0	1	80291
160.6	0.25	1	2	80300
162.1	0.25	0	1	81050
162.116	0.25	0	1	81058
162.132	0.25	0	1	81066
162.15	0.25	0	1	81075
162.166	0.25	1	2	81083
162.182	0.25	1	2	81091
162.2	0.25	1	2	81100
162.216	0.25	1	2	81108
162.232	0.25	0	1	81116
162.25	0.25	0	1	81125
162.266	0.25	0	1	81133
162.282	0.25	0	1	81141
162.3	0.25	0	1	81150
162.316	0.25	0	1	81158
162.332	0.25	0	1	81166
162.35	0.25	0	1	81175
162.366	0.25	1	2	81183
162.382	0.25	1	2	81191
162.4	0.25	1	2	81200
162.416	0.25	1	2	81208
162.432	0.25	1	2	81216
162.45	0.25	1	2	81225
162.466	0.25	1	2	81233
162.482	0.25	1	2	81241
162.5	0.25	1	2	81250
162.516	0.25	1	2	81258
162.532	0.25	0	1	81266
162.55	0.25	0	1	81275
162.566	0.25	0	1	81283
162.582	0.25	0	1	81291
162.6	0.25	0	1	81300
162.616	0.25	0	1	81308
162.632	0.25	0	1	81316
162.65	0.25	0	1	81325
162.666	0.25	0	1	81333
162.682	0.25	0	1	81341
162.7	0.25	0	1	81350
162.716	0.25	0	1	81358
162.732	0.25	1	2	81366
162.75	0.25	1	2	81375
162.766	0.25	1	2	81383
162.782	0.25	1	2	81391
162.8	0.25	0	1	81400
162.816	0.25	0	1	81408
162.832	0.25	0	1	81416
162.85	0.25	0	1	81425
162.866	0.25	1	2	81433
162.882	0.25	1	2	81441
162.9	0.25	0	1	81450
162.916	0.25	0	1	81458
162.932	0.25	1	2	81466
162.95	0.25	1	2	81475
162.966	0.25	0	1	81483
162.982	0.25	0	1	81491
163.0	0.25	1	2	81500
163.016	0.25	1	2	81508
163.032	0.25	0	1	81516
163.05	0.25	0	1	81525
163.066	0.25	1	2	81533
163.082	0.25	1	2	81541
163.1	0.25	1	2	81550
163.116	0.25	1	2	81558
163.132	0.25	0	1	81566
163.15	0.25	0	1	81575
163.166	0.25	1	2	81583
163.182	0.25	1	2	81591
163.2	0.25	0	1	81600
163.216	0.25	0	1	81608
163.232	0.25	0	1	81616
163.25	0.25	0	1	81625
163.266	0.25	0	1	81633
163.282	0.25	0	1	81641
163.3	0.25	1	2	81650
163.316	0.25	1	2	81658
163.332	0.25	0	1	81666
163.35	0.25	0	1	81675
163.366	0.25	0	1	81683
163.382	0.25	0	1	81691
163.4	0.25	0	1	81700
163.416	0.25	0	1	81708
163.432	0.25	1	2	81716
163.45	0.25	1	2	81725
163.466	0.25	1	2	81733
163.482	0.25	1	2	81741
163.5	0.25	1	2	81750
163.516	0.25	1	2	81758
163.532	0.25	0	1	81766
163.55	0.25	0	1	81775
163.566	0.25	1	2	81783
163.582	0.25	1	2	81791
163.6	0.25	0	1	81800
163.616	0.25	0	1	81808
163.632	0.25	1	2	81816
163.65	0.25	1	2	81825
163.666	0.25	1	2	81833
163.682	0.25	1	2	81841
163.7	0.25	1	2	81850
163.716	0.25	1	2	81858
163.732	0.25	1	2	81866
163.75	0.25	1	2	81875
163.766	0.25	1	2	81883
163.782	0.25	1	2	81891
163.8	0.25	0	1	81900
163.816	0.25	0	1	81908
163.832	0.25	0	1	81916
163.85	0.25	0	1	81925
163.866	0.25	1	2	81933
163.882	0.25	1	2	81941
163.9	0.25	0	1	81950
163.916	0.25	0	1	81958
163.932	0.25	0	1	81966
163.95	0.25	0	1	81975
163.966	0.25	0	1	81983
163.982	0.25	0	1	81991
164.0	0.25	1	2	82000
164.016	0.25	1	2	82008
164.032	0.25	1	2	82016
165.5	0.25	1	2	82750
165.516	0.25	1	2	82758
165.532	0.25	1	2	82766
165.55	0.25	1	2	82775
165.566	0.25	0	1	82783
165.582	0.25	0	1	82791
165.6	0.25	0	1	82800
165.616	0.25	0	1	82808
165.632	0.25	0	1	82816
165.65	0.25	0	1	82825
165.666	0.25	0	1	82833
165.682	0.25	0	1	82841
165.7	0.25	1	2	82850
165.716	0.25	1	2	82858
165.732	0.25	0	1	82866
165.75	0.25	0	1	82875
165.766	0.25	0	1	82883
165.782	0.25	0	1	82891
165.8	0.25	1	2	82900
165.816	0.25	1	2	82908
165.832	0.25	1	2	82916
165.85	0.25	1	2	82925
165.866	0.25	0	1	82933
165.882	0.25	0	1	82941
165.9	0.25	0	1	82950
165.916	0.25	0	1	82958
165.932	0.25	0	1	82966
165.95	0.25	0	1	82975
165.966	0.25	0	1	82983
165.982	0.25	0	1	82991
166.0	0.25	0	1	83000
166.016	0.25	0	1	83008
166.032	0.25	0	1	83016
166.05	0.25	0	1	83025
166.066	0.25	1	2	83033
166.082	0.25	1	2	83041
166.1	0.25	0	1	83050
166.116	0.25	0	1	83058
166.132	0.25	1	2	83066
166.15	0.25	1	2	83075
166.166	0.25	1	2	83083
166.182	0.25	1	2	83091
166.2	0.25	0	1	83100
166.216	0.25	0	1	83108
166.232	0.25	1	2	83116
166.25	0.25	1	2	83125
166.266	0.25	0	1	83133
166.282	0.25	0	1	83141
166.3	0.25	1	2	83150
166.316	0.25	1	2	83158
166.332	0.25	0	1	83166
166.35	0.25	0	1	83175
166.366	0.25	1	2	83183
166.382	0.25	1	2	83191
166.4	0.25	0	1	83200
166.416	0.25	0	1	83208
166.432	0.25	0	1	83216
166.45	0.25	0	1	83225
166.466	0.25	0	1	83233
166.482	0.25	0	1	83241
166.5	0.25	1	2	83250
166.516	0.25	1	2	83258
166.532	0.25	1	2	83266
166.55	0.25	1	2	83275
166.566	0.25	1	2	83283
166.582	0.25	1	2	83291
166.6	0.25	0	1	83300
166.616	0.25	0	1	83308
166.632	0.25	1	2	83316
166.65	0.25	1	2	83325
166.666	0.25	1	2	83333
166.682	0.25	1	2	83341
166.7	0.25	1	2	83350
166.716	0.25	1	2	83358
166.732	0.25	0	1	83366
166.75	0.25	0	1	83375
166.766	0.25	1	2	83383
166.782	0.25	1	2	83391
166.8	0.25	0	1	83400
166.816	0.25	0	1	83408
166.832	0.25	1	2	83416
166.85	0.25	1	2	83425
166.866	0.25	1	2	83433
166.882	0.25	1	2	83441
166.9	0.25	0	1	83450
166.916	0.25	0	1	83458
166.932	0.25	0	1	83466
166.95	0.25	0	1	83475
166.966	0.25	0	1	83483
166.982	0.25	0	1	83491
167.0	0.25	1	2	83500
167.016	0.25	1	2	83508
167.032	0.25	1	2	83516
167.05	0.25	1	2	83525
167.066	0.25	0	1	83533
167.082	0.25	0	1	83541
167.1	0.25	1	2	83550
167.116	0.25	1	2	83558
167.132	0.25	1	2	83566
167.15	0.25	1	2	83575
167.166	0.25	1	2	83583
167.182	0.25	1	2	83591
167.2	0.25	0	1	83600
167.216	0.25	0	1	83608
167.232	0.25	0	1	83616
167.25	0.25	0	1	83625
167.266	0.25	0	1	83633
167.282	0.25	0	1	83641
167.3	0.25	0	1	83650
167.316	0.25	0	1	83658
167.332	0.25	0	1	83666
167.35	0.25	0	1	83675
167.366	0.25	1	2	83683
167.382	0.25	1	2	83691
167.4	0.25	1	2	83700
167.416	0.25	1	2	83708
167.432	0.25	1	2	83716
171.816	0.25	0	1	85908
171.832	0.25	0	1	85916
171.85	0.25	0	1	85925
171.866	0.25	0	1	85933
171.882	0.25	1	2	85941
171.9	0.25	1	2	85950
171.916	0.25	1	2	85958
171.932	0.25	1	2	85966
171.95	0.25	0	1	85975
171.966	0.25	0	1	85983
171.982	0.25	0	1	85991
172.0	0.25	0	1	86000
172.016	0.25	0	1	86008
172.032	0.25	0	1	86016
172.05	0.25	0	1	86025
172.066	0.25	0	1	86033
172.082	0.25	1	2	86041
172.1	0.25	1	2	86050
172.116	0.25	1	2	86058
172.132	0.25	1	2	86066
172.15	0.25	1	2	86075
172.166	0.25	1	2	86083
172.182	0.25	1	2	86091
172.2	0.25	1	2	86100
172.216	0.25	1	2	86108
172.232	0.25	1	2	86116
172.25	0.25	0	1	86125
172.266	0.25	0	1	86133
172.282	0.25	0	1	86141
172.3	0.25	0	1	86150
172.316	0.25	0	1	86158
172.332	0.25	0	1	86166
172.35	0.25	0	1	86175
172.366	0.25	0	1	86183
172.382	0.25	0	1	86191
172.4	0.25	0	1	86200
172.416	0.25	0	1	86208
172.432	0.25	0	1	86216
172.45	0.25	1	2	86225
172.466	0.25	1	2	86233
172.482	0.25	1	2	86241
172.5	0.25	1	2	86250
172.516	0.25	0	1	86258
172.532	0.25	0	1	86266
172.55	0.25	0	1	86275
172.566	0.25	0	1	86283
172.582	0.25	1	2	86291
172.6	0.25	1	2	86300
172.616	0.25	0	1	86308
172.632	0.25	0	1	86316
172.65	0.25	1	2	86325
172.666	0.25	1	2	86333
172.682	0.25	0	1	86341
172.7	0.25	0	1	86350
172.716	0.25	1	2	86358
172.732	0.25	1	2	86366
172.75	0.25	0	1	86375
172.766	0.25	0	1	86383
172.782	0.25	1	2	86391
172.8	0.25	1	2	86400
172.816	0.25	1	2	86408
172.832	0.25	1	2	86416
172.85	0.25	0	1	86425
172.866	0.25	0	1	86433
172.882	0.25	1	2	86441
172.9	0.25	1	2	86450
172.916	0.25	0	1	86458
172.932	0.25	0	1	86466
172.95	0.25	0	1	86475
172.966	0.25	0	1	86483
172.982	0.25	0	1	86491
173.0	0.25	0	1	86500
173.016	0.25	1	2	86508
173.032	0.25	1	2	86516
173.05	0.25	0	1	86525
173.066	0.25	0	1	86533
173.082	0.25	0	1	86541
173.1	0.25	0	1	86550
173.116	0.25	0	1	86558
173.132	0.25	0	1	86566
173.15	0.25	1	2	86575
173.166	0.25	1	2	86583
173.182	0.25	1	2	86591
173.2	0.25	1	2	86600
173.216	0.25	1	2	86608
173.232	0.25	1	2	86616
173.25	0.25	0	1	86625
173.266	0.25	0	1	86633
173.282	0.25	1	2	86641
173.3	0.25	1	2	86650
173.316	0.25	0	1	86658
173.332	0.25	0	1	86666
173.35	0.25	1	2	86675
173.366	0.25	1	2	86683
173.382	0.25	1	2	86691
173.4	0.25	1	2	86700
173.416	0.25	1	2	86708
173.432	0.25	1	2	86716
173.45	0.25	1	2	86725
173.466	0.25	1	2	86733
173.482	0.25	1	2	86741
173.5	0.25	1	2	86750
173.516	0.25	0	1	86758
173.532	0.25	0	1	86766
173.55	0.25	0	1	86775
173.566	0.25	0	1	86783
173.582	0.25	1	2	86791
173.6	0.25	1	2	86800
173.616	0.25	0	1	86808
173.632	0.25	0	1	86816
173.65	0.25	0	1	86825
173.666	0.25	0	1	86833
173.682	0.25	0	1	86841
173.7	0.25	0	1	86850
173.716	0.25	1	2	86858
173.732	0.25	1	2	86866
173.75	0.25	1	2	86875
175.25	0.25	1	2	87625
175.266	0.25	1	2	87633
175.282	0.25	1	2	87641
175.3	0.25	1	2	87650
175.316	0.25	1	2	87658
175.332	0.25	1	2	87666
175.35	0.25	1	2	87675
175.366	0.25	1	2	87683
175.382	0.25	1	2	87691
175.4	0.25	1	2	87700
175.416	0.25	1	2	87708
175.432	0.25	1	2	87716
175.45	0.25	1	2	87725
175.466	0.25	1	2	87733
175.482	0.25	0	1	87741
175.5	0.25	0	1	87750
175.516	0.25	0	1	87758
175.532	0.25	0	1	87766
175.55	0.25	1	2	87775
175.566	0.25	1	2	87783
175.582	0.25	1	2	87791
175.6	0.25	1	2	87800
175.616	0.25	0	1	87808
175.632	0.25	0	1	87816
175.65	0.25	0	1	87825
175.666	0.25	0	1	87833
175.682	0.25	1	2	87841
175.7	0.25	1	2	87850
175.716	0.25	1	2	87858
175.732	0.25	1	2	87866
175.75	0.25	0	1	87875
175.766	0.25	0	1	87883
175.782	0.25	0	1	87891
175.8	0.25	0	1	87900
175.816	0.25	1	2	87908
175.832	0.25	1	2	87916
175.85	0.25	0	1	87925
175.866	0.25	0	1	87933
175.882	0.25	1	2	87941
175.9	0.25	1	2	87950
175.916	0.25	1	2	87958
175.932	0.25	1	2	87966
175.95	0.25	0	1	87975
175.966	0.25	0	1	87983
175.982	0.25	1	2	87991
176.0	0.25	1	2	88000
176.016	0.25	0	1	88008
176.032	0.25	0	1	88016
176.05	0.25	0	1	88025
176.066	0.25	0	1	88033
176.082	0.25	1	2	88041
176.1	0.25	1	2	88050
176.116	0.25	0	1	88058
176.132	0.25	0	1	88066
176.15	0.25	1	2	88075
176.166	0.25	1	2	88083
176.182	0.25	1	2	88091
176.2	0.25	1	2	88100
176.216	0.25	1	2	88108
176.232	0.25	1	2	88116
176.25	0.25	0	1	88125
176.266	0.25	0	1	88133
176.282	0.25	0	1	88141
176.3	0.25	0	1	88150
176.316	0.25	0	1	88158
176.332	0.25	0	1	88166
176.35	0.25	1	2	88175
176.366	0.25	1	2	88183
176.382	0.25	0	1	88191
176.4	0.25	0	1	88200
176.416	0.25	1	2	88208
176.432	0.25	1	2	88216
176.45	0.25	1	2	88225
176.466	0.25	1	2	88233
176.482	0.25	1	2	88241
176.5	0.25	1	2	88250
176.516	0.25	0	1	88258
176.532	0.25	0	1	88266
176.55	0.25	0	1	88275
176.566	0.25	0	1	88283
176.582	0.25	1	2	88291
176.6	0.25	1	2	88300
176.616	0.25	0	1	88308
176.632	0.25	0	1	88316
176.65	0.25	1	2	88325
176.666	0.25	1	2	88333
176.682	0.25	0	1	88341
176.7	0.25	0	1	88350
176.716	0.25	0	1	88358
176.732	0.25	0	1	88366
176.75	0.25	0	1	88375
176.766	0.25	0	1	88383
176.782	0.25	1	2	88391
176.8	0.25	1	2	88400
176.816	0.25	1	2	88408
176.832	0.25	1	2	88416
176.85	0.25	0	1	88425
176.866	0.25	0	1	88433
176.882	0.25	1	2	88441
176.9	0.25	1	2	88450
176.916	0.25	0	1	88458
176.932	0.25	0	1	88466
176.95	0.25	0	1	88475
176.966	0.25	0	1	88483
176.982	0.25	0	1	88491
177.0	0.25	0	1	88500
177.016	0.25	1	2	88508
177.032	0.25	1	2	88516
177.05	0.25	0	1	88525
177.066	0.25	0	1	88533
177.082	0.25	1	2	88541
177.1	0.25	1	2	88550
177.116	0.25	0	1	88558
177.132	0.25	0	1	88566
177.15	0.25	0	1	88575
177.166	0.25	0	1	88583
177.182	0.25	1	2	88591
178.65	0.25	1	2	89325
178.666	0.25	1	2	89333
178.682	0.25	1	2	89341
178.7	0.25	1	2	89350
178.716	0.25	0	1	89358
178.732	0.25	0	1	89366
178.75	0.25	0	1	89375
178.766	0.25	0	1	89383
178.782	0.25	0	1	89391
178.8	0.25	0	1	89400
178.816	0.25	0	1	89408
178.832	0.25	0	1	89416
178.85	0.25	1	2	89425
178.866	0.25	1	2	89433
178.882	0.25	0	1	89441
178.9	0.25	0	1	89450
178.916	0.25	0	1	89458
178.932	0.25	0	1	89466
178.95	0.25	1	2	89475
178.966	0.25	1	2	89483
178.982	0.25	1	2	89491
179.0	0.25	1	2	89500
179.016	0.25	0	1	89508
179.032	0.25	0	1	89516
179.05	0.25	0	1	89525
179.066	0.25	0	1	89533
179.082	0.25	0	1	89541
179.1	0.25	0	1	89550
179.116	0.25	0	1	89558
179.132	0.25	0	1	89566
179.15	0.25	0	1	89575
179.166	0.25	0	1	89583
179.182	0.25	0	1	89591
179.2	0.25	0	1	89600
179.216	0.25	1	2	89608
179.232	0.25	1	2	89616
179.25	0.25	0	1	89625
179.266	0.25	0	1	89633
179.282	0.25	1	2	89641
179.3	0.25	1	2	89650
179.316	0.25	1	2	89658
179.332	0.25	1	2	89666
179.35	0.25	0	1	89675
179.366	0.25	0	1	89683
179.382	0.25	1	2	89691
179.4	0.25	1	2	89700
179.416	0.25	0	1	89708
179.432	0.25	0	1	89716
179.45	0.25	1	2	89725
179.466	0.25	1	2	89733
179.482	0.25	0	1	89741
179.5	0.25	0	1	89750
179.516	0.25	1	2	89758
179.532	0.25	1	2	89766
179.55	0.25	0	1	89775
179.566	0.25	0	1	89783
179.582	0.25	0	1	89791
179.6	0.25	0	1	89800
179.616	0.25	0	1	89808
179.632	0.25	0	1	89816
179.65	0.25	1	2	89825
179.666	0.25	1	2	89833
179.682	0.25	1	2	89841
179.7	0.25	1	2	89850
179.716	0.25	1	2	89858
179.732	0.25	1	2	89866
179.75	0.25	0	1	89875
179.766	0.25	0	1	89883
179.782	0.25	1	2	89891
179.8	0.25	1	2	89900
179.816	0.25	1	2	89908
179.832	0.25	1	2	89916
179.85	0.25	1	2	89925
179.866	0.25	1	2	89933
179.882	0.25	0	1	89941
179.9	0.25	0	1	89950
179.916	0.25	1	2	89958
179.932	0.25	1	2	89966
179.95	0.25	0	1	89975
179.966	0.25	0	1	89983
179.982	0.25	1	2	89991
180.0	0.25	1	2	90000
180.016	0.25	1	2	90008
180.032	0.25	1	2	90016
180.05	0.25	0	1	90025
180.066	0.25	0	1	90033
180.082	0.25	0	1	90041
180.1	0.25	0	1	90050
180.116	0.25	0	1	90058
180.132	0.25	0	1	90066
180.15	0.25	1	2	90075
180.166	0.25	1	2	90083
180.182	0.25	1	2	90091
180.2	0.25	1	2	90100
180.216	0.25	0	1	90108
180.232	0.25	0	1	90116
180.25	0.25	1	2	90125
180.266	0.25	1	2	90133
180.282	0.25	1	2	90141
180.3	0.25	1	2	90150
180.316	0.25	1	2	90158
180.332	0.25	1	2	90166
180.35	0.25	0	1	90175
180.366	0.25	0	1	90183
180.382	0.25	0	1	90191
180.4	0.25	0	1	90200
180.416	0.25	0	1	90208
180.432	0.25	0	1	90216
180.45	0.25	0	1	90225
180.466	0.25	0	1	90233
180.482	0.25	0	1	90241
180.5	0.25	0	1	90250
180.516	0.25	1	2	90258
180.532	0.25	1	2	90266
180.55	0.25	1	2	90275
180.566	0.25	1	2	90283
180.582	0.25	1	2	90291
182.066	0.25	1	2	91033
182.082	0.25	1	2	91041
182.1	0.25	1	2	91050
182.116	0.25	1	2	91058
182.132	0.25	0	1	91066
182.15	0.25	0	1	91075
182.166	0.25	1	2	91083
182.182	0.25	1	2	91091
182.2	0.25	1	2	91100
182.216	0.25	1	2	91108
182.232	0.25	0	1	91116
182.25	0.25	0	1	91125
182.266	0.25	1	2	91133
182.282	0.25	1	2	91141
182.3	0.25	1	2	91150
182.316	0.25	1	2	91158
182.332	0.25	0	1	91166
182.35	0.25	0	1	91175
182.366	0.25	1	2	91183
182.382	0.25	1	2	91191
182.4	0.25	1	2	91200
182.416	0.25	1	2	91208
182.432	0.25	0	1	91216
182.45	0.25	0	1	91225
182.466	0.25	0	1	91233
182.482	0.25	0	1	91241
182.5	0.25	0	1	91250
182.516	0.25	0	1	91258
182.532	0.25	1	2	91266
182.55	0.25	1	2	91275
182.566	0.25	1	2	91283
182.582	0.25	1	2	91291
182.6	0.25	1	2	91300
182.616	0.25	1	2	91308
182.632	0.25	0	1	91316
182.65	0.25	0	1	91325
182.666	0.25	0	1	91333
182.682	0.25	0	1	91341
182.7	0.25	0	1	91350
182.716	0.25	0	1	91358
182.732	0.25	1	2	91366
182.75	0.25	1	2	91375
182.766	0.25	1	2	91383
182.782	0.25	1	2	91391
182.8	0.25	1	2	91400
182.816	0.25	1	2	91408
182.832	0.25	1	2	91416
182.85	0.25	1	2	91425
182.866	0.25	1	2	91433
182.882	0.25	1	2	91441
182.9	0.25	0	1	91450
182.916	0.25	0	1	91458
182.932	0.25	0	1	91466
182.95	0.25	0	1	91475
182.966	0.25	1	2	91483
182.982	0.25	1	2	91491
183.0	0.25	0	1	91500
183.016	0.25	0	1	91508
183.032	0.25	1	2	91516
183.05	0.25	1	2	91525
183.066	0.25	0	1	91533
183.082	0.25	0	1	91541
183.1	0.25	0	1	91550
183.116	0.25	0	1	91558
183.132	0.25	1	2	91566
183.15	0.25	1	2	91575
183.166	0.25	1	2	91583
183.182	0.25	1	2	91591
183.2	0.25	0	1	91600
183.216	0.25	0	1	91608
183.232	0.25	0	1	91616
183.25	0.25	0	1	91625
183.266	0.25	0	1	91633
183.282	0.25	0	1	91641
183.3	0.25	0	1	91650
183.316	0.25	0	1	91658
183.332	0.25	1	2	91666
183.35	0.25	1	2	91675
183.366	0.25	0	1	91683
183.382	0.25	0	1	91691
183.4	0.25	0	1	91700
183.416	0.25	0	1	91708
183.432	0.25	0	1	91716
183.45	0.25	0	1	91725
183.466	0.25	0	1	91733
183.482	0.25	0	1	91741
183.5	0.25	1	2	91750
183.516	0.25	1	2	91758
183.532	0.25	1	2	91766
183.55	0.25	1	2	91775
183.566	0.25	1	2	91783
183.582	0.25	1	2	91791
183.6	0.25	1	2	91800
183.616	0.25	1	2	91808
183.632	0.25	1	2	91816
183.65	0.25	1	2	91825
183.666	0.25	1	2	91833
183.682	0.25	1	2	91841
183.7	0.25	0	1	91850
183.716	0.25	0	1	91858
183.732	0.25	1	2	91866
183.75	0.25	1	2	91875
183.766	0.25	0	1	91883
183.782	0.25	0	1	91891
183.8	0.25	1	2	91900
183.816	0.25	1	2	91908
183.832	0.25	0	1	91916
183.85	0.25	0	1	91925
183.866	0.25	0	1	91933
183.882	0.25	0	1	91941
183.9	0.25	1	2	91950
183.916	0.25	1	2	91958
183.932	0.25	1	2	91966
183.95	0.25	1	2	91975
183.966	0.25	0	1	91983
183.982	0.25	0	1	91991
184.0	0.25	0	1	92000
187.25	0.25	1	2	93625
187.266	0.25	1	2	93633
187.282	0.25	1	2	93641
187.3	0.25	1	2	93650
187.316	0.25	0	1	93658
187.332	0.25	0	1	93666
187.35	0.25	0	1	93675
187.366	0.25	0	1	93683
187.382	0.25	0	1	93691
187.4	0.25	0	1	93700
187.416	0.25	0	1	93708
187.432	0.25	0	1	93716
187.45	0.25	1	2	93725
187.466	0.25	1	2	93733
187.482	0.25	0	1	93741
187.5	0.25	0	1	93750
187.516	0.25	0	1	93758
187.532	0.25	0	1	93766
187.55	0.25	1	2	93775
187.566	0.25	1	2	93783
187.582	0.25	1	2	93791
187.6	0.25	1	2	93800
187.616	0.25	0	1	93808
187.632	0.25	0	1	93816
187.65	0.25	0	1	93825
187.666	0.25	0	1	93833
187.682	0.25	0	1	93841
187.7	0.25	0	1	93850
187.716	0.25	0	1	93858
187.732	0.25	0	1	93866
187.75	0.25	0	1	93875
187.766	0.25	0	1	93883
187.782	0.25	0	1	93891
187.8	0.25	0	1	93900
187.816	0.25	1	2	93908
187.832	0.25	1	2	93916
187.85	0.25	0	1	93925
187.866	0.25	0	1	93933
187.882	0.25	1	2	93941
187.9	0.25	1	2	93950
187.916	0.25	1	2	93958
187.932	0.25	1	2	93966
187.95	0.25	0	1	93975
187.966	0.25	0	1	93983
187.982	0.25	1	2	93991
188.0	0.25	1	2	94000
188.016	0.25	0	1	94008
188.032	0.25	0	1	94016
188.05	0.25	1	2	94025
188.066	0.25	1	2	94033
188.082	0.25	0	1	94041
188.1	0.25	0	1	94050
188.116	0.25	1	2	94058
188.132	0.25	1	2	94066
188.15	0.25	0	1	94075
188.166	0.25	0	1	94083
188.182	0.25	0	1	94091
188.2	0.25	0	1	94100
188.216	0.25	0	1	94108
188.232	0.25	0	1	94116
188.25	0.25	1	2	94125
188.266	0.25	1	2	94133
188.282	0.25	1	2	94141
188.3	0.25	1	2	94150
188.316	0.25	1	2	94158
188.332	0.25	1	2	94166
188.35	0.25	0	1	94175
188.366	0.25	0	1	94183
188.382	0.25	1	2	94191
188.4	0.25	1	2	94200
188.416	0.25	1	2	94208
188.432	0.25	1	2	94216
188.45	0.25	1	2	94225
188.466	0.25	1	2	94233
188.482	0.25	0	1	94241
188.5	0.25	0	1	94250
188.516	0.25	1	2	94258
188.532	0.25	1	2	94266
188.55	0.25	0	1	94275
188.566	0.25	0	1	94283
188.582	0.25	1	2	94291
188.6	0.25	1	2	94300
188.616	0.25	1	2	94308
188.632	0.25	1	2	94316
188.65	0.25	0	1	94325
188.666	0.25	0	1	94333
188.682	0.25	0	1	94341
188.7	0.25	0	1	94350
188.716	0.25	0	1	94358
188.732	0.25	0	1	94366
188.75	0.25	1	2	94375
188.766	0.25	1	2	94383
188.782	0.25	1	2	94391
188.8	0.25	1	2	94400
188.816	0.25	0	1	94408
188.832	0.25	0	1	94416
188.85	0.25	1	2	94425
188.866	0.25	1	2	94433
188.882	0.25	1	2	94441
188.9	0.25	1	2	94450
188.916	0.25	1	2	94458
188.932	0.25	1	2	94466
188.95	0.25	0	1	94475
188.966	0.25	0	1	94483
188.982	0.25	0	1	94491
189.0	0.25	0	1	94500
189.016	0.25	0	1	94508
189.032	0.25	0	1	94516
189.05	0.25	0	1	94525
189.066	0.25	0	1	94533
189.082	0.25	0	1	94541
189.1	0.25	0	1	94550
189.116	0.25	1	2	94558
189.132	0.25	1	2	94566
189.15	0.25	1	2	94575
189.166	0.25	1	2	94583
189.182	0.25	1	2	94591
190.666	0.25	1	2	95333
190.682	0.25	1	2	95341
190.7	0.25	1	2	95350
190.716	0.25	1	2	95358
190.732	0.25	1	2	95366
190.75	0.25	1	2	95375
190.766	0.25	1	2	95383
190.782	0.25	1	2	95391
190.8	0.25	1	2	95400
190.816	0.25	1	2	95408
190.832	0.25	1	2	95416
190.85	0.25	1	2	95425
190.866	0.25	1	2	95433
190.882	0.25	1	2	95441
190.9	0.25	0	1	95450
190.916	0.25	0	1	95458
190.932	0.25	0	1	95466
190.95	0.25	0	1	95475
190.966	0.25	1	2	95483
190.982	0.25	1	2	95491
191.0	0.25	1	2	95500
191.016	0.25	1	2	95508
191.032	0.25	0	1	95516
191.05	0.25	0	1	95525
191.066	0.25	0	1	95533
191.082	0.25	0	1	95541
191.1	0.25	1	2	95550
191.116	0.25	1	2	95558
191.132	0.25	1	2	95566
191.15	0.25	1	2	95575
191.166	0.25	0	1	95583
191.182	0.25	0	1	95591
191.2	0.25	0	1	95600
191.216	0.25	0	1	95608
191.232	0.25	1	2	95616
191.25	0.25	1	2	95625
191.266	0.25	0	1	95633
191.282	0.25	0	1	95641
191.3	0.25	1	2	95650
191.316	0.25	1	2	95658
191.332	0.25	1	2	95666
191.35	0.25	1	2	95675
191.366	0.25	0	1	95683
191.382	0.25	0	1	95691
191.4	0.25	1	2	95700
191.416	0.25	1	2	95708
191.432	0.25	0	1	95716
191.45	0.25	0	1	95725
191.466	0.25	0	1	95733
191.482	0.25	0	1	95741
191.5	0.25	1	2	95750
191.516	0.25	1	2	95758
191.532	0.25	0	1	95766
191.55	0.25	0	1	95775
191.566	0.25	1	2	95783
191.582	0.25	1	2	95791
191.6	0.25	1	2	95800
191.616	0.25	1	2	95808
191.632	0.25	1	2	95816
191.65	0.25	1	2	95825
191.666	0.25	0	1	95833
191.682	0.25	0	1	95841
191.7	0.25	0	1	95850
191.716	0.25	0	1	95858
191.732	0.25	0	1	95866
191.75	0.25	0	1	95875
191.766	0.25	1	2	95883
191.782	0.25	1	2	95891
191.8	0.25	0	1	95900
191.816	0.25	0	1	95908
191.832	0.25	1	2	95916
191.85	0.25	1	2	95925
191.866	0.25	1	2	95933
191.882	0.25	1	2	95941
191.9	0.25	1	2	95950
191.916	0.25	1	2	95958
191.932	0.25	0	1	95966
191.95	0.25	0	1	95975
191.966	0.25	0	1	95983
191.982	0.25	0	1	95991
192.0	0.25	1	2	96000
192.016	0.25	1	2	96008
192.032	0.25	0	1	96016
192.05	0.25	0	1	96025
192.066	0.25	1	2	96033
192.082	0.25	1	2	96041
192.1	0.25	0	1	96050
192.116	0.25	0	1	96058
192.132	0.25	0	1	96066
192.15	0.25	0	1	96075
192.166	0.25	0	1	96083
192.182	0.25	0	1	96091
192.2	0.25	1	2	96100
192.216	0.25	1	2	96108
192.232	0.25	1	2	96116
192.25	0.25	1	2	96125
192.266	0.25	0	1	96133
192.282	0.25	0	1	96141
192.3	0.25	1	2	96150
192.316	0.25	1	2	96158
192.332	0.25	0	1	96166
192.35	0.25	0	1	96175
192.366	0.25	0	1	96183
192.382	0.25	0	1	96191
192.4	0.25	0	1	96200
192.416	0.25	0	1	96208
192.432	0.25	1	2	96216
192.45	0.25	1	2	96225
192.466	0.25	0	1	96233
192.482	0.25	0	1	96241
192.5	0.25	1	2	96250
192.516	0.25	1	2	96258
192.532	0.25	0	1	96266
192.55	0.25	0	1	96275
192.566	0.25	0	1	96283
192.582	0.25	0	1	96291
192.6	0.25	1	2	96300
194.082	0.25	1	2	97041
194.1	0.25	1	2	97050
194.116	0.25	1	2	97058
194.132	0.25	1	2	97066
194.15	0.25	0	1	97075
194.166	0.25	0	1	97083
194.182	0.25	1	2	97091
194.2	0.25	1	2	97100
194.216	0.25	1	2	97108
194.232	0.25	1	2	97116
194.25	0.25	0	1	97125
194.266	0.25	0	1	97133
194.282	0.25	1	2	97141
194.3	0.25	1	2	97150
194.316	0.25	1	2	97158
194.332	0.25	1	2	97166
194.35	0.25	0	1	97175
194.366	0.25	0	1	97183
194.382	0.25	1	2	97191
194.4	0.25	1	2	97200
194.416	0.25	1	2	97208
194.432	0.25	1	2	97216
194.45	0.25	0	1	97225
194.466	0.25	0	1	97233
194.482	0.25	0	1	97241
194.5	0.25	0	1	97250
194.516	0.25	0	1	97258
194.532	0.25	0	1	97266
194.55	0.25	1	2	97275
194.566	0.25	1	2	97283
194.582	0.25	1	2	97291
194.6	0.25	1	2	97300
194.616	0.25	1	2	97308
194.632	0.25	1	2	97316
194.65	0.25	0	1	97325
194.666	0.25	0	1	97333
194.682	0.25	0	1	97341
194.7	0.25	0	1	97350
194.716	0.25	0	1	97358
194.732	0.25	0	1	97366
194.75	0.25	1	2	97375
194.766	0.25	1	2	97383
194.782	0.25	1	2	97391
194.8	0.25	1	2	97400
194.816	0.25	1	2	97408
194.832	0.25	1	2	97416
194.85	0.25	1	2	97425
194.866	0.25	1	2	97433
194.882	0.25	1	2	97441
194.9	0.25	1	2	97450
194.916	0.25	0	1	97458
194.932	0.25	0	1	97466
194.95	0.25	0	1	97475
194.966	0.25	0	1	97483
194.982	0.25	1	2	97491
195.0	0.25	1	2	97500
195.016	0.25	0	1	97508
195.032	0.25	0	1	97516
195.05	0.25	1	2	97525
195.066	0.25	1	2	97533
195.082	0.25	0	1	97541
195.1	0.25	0	1	97550
195.116	0.25	0	1	97558
195.132	0.25	0	1	97566
195.15	0.25	1	2	97575
195.166	0.25	1	2	97583
195.182	0.25	1	2	97591
195.2	0.25	1	2	97600
195.216	0.25	0	1	97608
195.232	0.25	0	1	97616
195.25	0.25	0	1	97625
195.266	0.25	0	1	97633
195.282	0.25	0	1	97641
195.3	0.25	0	1	97650
195.316	0.25	0	1	97658
195.332	0.25	0	1	97666
195.35	0.25	1	2	97675
195.366	0.25	1	2	97683
195.382	0.25	0	1	97691
195.4	0.25	0	1	97700
195.416	0.25	0	1	97708
195.432	0.25	0	1	97716
195.45	0.25	0	1	97725
195.466	0.25	0	1	97733
195.482	0.25	0	1	97741
195.5	0.25	0	1	97750
195.516	0.25	1	2	97758
195.532	0.25	1	2	97766
195.55	0.25	1	2	97775
195.566	0.25	1	2	97783
195.582	0.25	1	2	97791
195.6	0.25	1	2	97800
195.616	0.25	1	2	97808
195.632	0.25	1	2	97816
195.65	0.25	1	2	97825
195.666	0.25	1	2	97833
195.682	0.25	1	2	97841
195.7	0.25	1	2	97850
195.716	0.25	0	1	97858
195.732	0.25	0	1	97866
195.75	0.25	1	2	97875
195.766	0.25	1	2	97883
195.782	0.25	0	1	97891
195.8	0.25	0	1	97900
195.816	0.25	1	2	97908
195.832	0.25	1	2	97916
195.85	0.25	0	1	97925
195.866	0.25	0	1	97933
195.882	0.25	0	1	97941
195.9	0.25	0	1	97950
195.916	0.25	1	2	97958
195.932	0.25	1	2	97966
195.95	0.25	1	2	97975
195.966	0.25	1	2	97983
195.982	0.25	0	1	97991
196.0	0.25	0	1	98000
196.016	0.25	0	1	98008
197.5	0.25	0	1	98750
197.516	0.25	0	1	98758
197.532	0.25	0	1	98766
197.55	0.25	0	1	98775
197.566	0.25	1	2	98783
197.582	0.25	1	2	98791
197.6	0.25	1	2	98800
197.616	0.25	1	2	98808
197.632	0.25	0	1	98816
197.65	0.25	0	1	98825
197.666	0.25	0	1	98833
197.682	0.25	0	1	98841
197.7	0.25	0	1	98850
197.716	0.25	0	1	98858
197.732	0.25	0	1	98866
197.75	0.25	0	1	98875
197.766	0.25	1	2	98883
197.782	0.25	1	2	98891
197.8	0.25	1	2	98900
197.816	0.25	1	2	98908
197.832	0.25	1	2	98916
197.85	0.25	1	2	98925
197.866	0.25	1	2	98933
197.882	0.25	1	2	98941
197.9	0.25	1	2	98950
197.916	0.25	1	2	98958
197.932	0.25	0	1	98966
197.95	0.25	0	1	98975
197.966	0.25	0	1	98983
197.982	0.25	0	1	98991
198.0	0.25	0	1	99000
198.016	0.25	0	1	99008
198.032	0.25	0	1	99016
198.05	0.25	0	1	99025
198.066	0.25	0	1	99033
198.082	0.25	0	1	99041
198.1	0.25	0	1	99050
198.116	0.25	0	1	99058
198.132	0.25	1	2	99066
198.15	0.25	1	2	99075
198.166	0.25	1	2	99083
198.182	0.25	1	2	99091
198.2	0.25	0	1	99100
198.216	0.25	0	1	99108
198.232	0.25	0	1	99116
198.25	0.25	0	1	99125
198.266	0.25	1	2	99133
198.282	0.25	1	2	99141
198.3	0.25	0	1	99150
198.316	0.25	0	1	99158
198.332	0.25	1	2	99166
198.35	0.25	1	2	99175
198.366	0.25	0	1	99183
198.382	0.25	0	1	99191
198.4	0.25	1	2	99200
198.416	0.25	1	2	99208
198.432	0.25	0	1	99216
198.45	0.25	0	1	99225
198.466	0.25	1	2	99233
198.482	0.25	1	2	99241
198.5	0.25	1	2	99250
198.516	0.25	1	2	99258
198.532	0.25	0	1	99266
198.55	0.25	0	1	99275
198.566	0.25	1	2	99283
198.582	0.25	1	2	99291
198.6	0.25	0	1	99300
198.616	0.25	0	1	99308
198.632	0.25	0	1	99316
198.65	0.25	0	1	99325
198.666	0.25	0	1	99333
198.682	0.25	0	1	99341
198.7	0.25	1	2	99350
198.716	0.25	1	2	99358
198.732	0.25	0	1	99366
198.75	0.25	0	1	99375
198.766	0.25	0	1	99383
198.782	0.25	0	1	99391
198.8	0.25	0	1	99400
198.816	0.25	0	1	99408
198.832	0.25	1	2	99416
198.85	0.25	1	2	99425
198.866	0.25	1	2	99433
198.882	0.25	1	2	99441
198.9	0.25	1	2	99450
198.916	0.25	1	2	99458
198.932	0.25	0	1	99466
198.95	0.25	0	1	99475
198.966	0.25	1	2	99483
198.982	0.25	1	2	99491
199.0	0.25	0	1	99500
199.016	0.25	0	1	99508
199.032	0.25	1	2	99516
199.05	0.25	1	2	99525
199.066	0.25	1	2	99533
199.082	0.25	1	2	99541
199.1	0.25	1	2	99550
199.116	0.25	1	2	99558
199.132	0.25	1	2	99566
199.15	0.25	1	2	99575
199.166	0.25	1	2	99583
199.182	0.25	1	2	99591
199.2	0.25	0	1	99600
199.216	0.25	0	1	99608
199.232	0.25	0	1	99616
199.25	0.25	0	1	99625
199.266	0.25	1	2	99633
199.282	0.25	1	2	99641
199.3	0.25	0	1	99650
199.316	0.25	0	1	99658
199.332	0.25	0	1	99666
199.35	0.25	0	1	99675
199.366	0.25	0	1	99683
199.382	0.25	0	1	99691
199.4	0.25	1	2	99700
199.416	0.25	1	2	99708
199.432	0.25	1	2	99716
202.8	0.25	1	2	101400
202.816	0.25	1	2	101408
202.832	0.25	1	2	101416
202.85	0.25	1	2	101425
202.866	0.25	0	1	101433
202.882	0.25	0	1	101441
202.9	0.25	0	1	101450
202.916	0.25	0	1	101458
202.932	0.25	0	1	101466
202.95	0.25	0	1	101475
202.966	0.25	0	1	101483
202.982	0.25	0	1	101491
203.0	0.25	1	2	101500
203.016	0.25	1	2	101508
203.032	0.25	0	1	101516
203.05	0.25	0	1	101525
203.066	0.25	0	1	101533
203.082	0.25	0	1	101541
203.1	0.25	1	2	101550
203.116	0.25	1	2	101558
203.132	0.25	1	2	101566
203.15	0.25	1	2	101575
203.166	0.25	0	1	101583
203.182	0.25	0	1	101591
203.2	0.25	0	1	101600
203.216	0.25	0	1	101608
203.232	0.25	0	1	101616
203.25	0.25	0	1	101625
203.266	0.25	0	1	101633
203.282	0.25	0	1	101641
203.3	0.25	0	1	101650
203.316	0.25	0	1	101658
203.332	0.25	0	1	101666
203.35	0.25	0	1	101675
203.366	0.25	1	2	101683
203.382	0.25	1	2	101691
203.4	0.25	0	1	101700
203.416	0.25	0	1	101708
203.432	0.25	1	2	101716
203.45	0.25	1	2	101725
203.466	0.25	1	2	101733
203.482	0.25	1	2	101741
203.5	0.25	0	1	101750
203.516	0.25	0	1	101758
203.532	0.25	1	2	101766
203.55	0.25	1	2	101775
203.566	0.25	0	1	101783
203.582	0.25	0	1	101791
203.6	0.25	1	2	101800
203.616	0.25	1	2	101808
203.632	0.25	0	1	101816
203.65	0.25	0	1	101825
203.666	0.25	1	2	101833
203.682	0.25	1	2	101841
203.7	0.25	0	1	101850
203.716	0.25	0	1	101858
203.732	0.25	0	1	101866
203.75	0.25	0	1	101875
203.766	0.25	0	1	101883
203.782	0.25	0	1	101891
203.8	0.25	1	2	101900
203.816	0.25	1	2	101908
203.832	0.25	1	2	101916
203.85	0.25	1	2	101925
203.866	0.25	1	2	101933
203.882	0.25	1	2	101941
203.9	0.25	0	1	101950
203.916	0.25	0	1	101958
203.932	0.25	1	2	101966
203.95	0.25	1	2	101975
203.966	0.25	1	2	101983
203.982	0.25	1	2	101991
204.0	0.25	1	2	102000
204.016	0.25	1	2	102008
204.032	0.25	0	1	102016
204.05	0.25	0	1	102025
204.066	0.25	1	2	102033
204.082	0.25	1	2	102041
204.1	0.25	0	1	102050
204.116	0.25	0	1	102058
204.132	0.25	1	2	102066
204.15	0.25	1	2	102075
204.166	0.25	1	2	102083
204.182	0.25	1	2	102091
204.2	0.25	0	1	102100
204.216	0.25	0	1	102108
204.232	0.25	0	1	102116
204.25	0.25	0	1	102125
204.266	0.25	0	1	102133
204.282	0.25	0	1	102141
204.3	0.25	1	2	102150
204.316	0.25	1	2	102158
204.332	0.25	1	2	102166
204.35	0.25	1	2	102175
204.366	0.25	0	1	102183
204.382	0.25	0	1	102191
204.4	0.25	1	2	102200
204.416	0.25	1	2	102208
204.432	0.25	1	2	102216
204.45	0.25	1	2	102225
204.466	0.25	1	2	102233
204.482	0.25	1	2	102241
204.5	0.25	0	1	102250
204.516	0.25	0	1	102258
204.532	0.25	0	1	102266
204.55	0.25	0	1	102275
204.566	0.25	0	1	102283
204.582	0.25	0	1	102291
204.6	0.25	0	1	102300
204.616	0.25	0	1	102308
204.632	0.25	0	1	102316
204.65	0.25	0	1	102325
204.666	0.25	1	2	102333
204.682	0.25	1	2	102341
204.7	0.25	1	2	102350
204.716	0.25	1	2	102358
204.732	0.25	1	2	102366
206.216	0.25	1	2	103108
206.232	0.25	1	2	103116
206.25	0.25	1	2	103125
206.266	0.25	1	2	103133
206.282	0.25	1	2	103141
206.3	0.25	1	2	103150
206.316	0.25	1	2	103158
206.332	0.25	1	2	103166
206.35	0.25	1	2	103175
206.366	0.25	1	2	103183
206.382	0.25	1	2	103191
206.4	0.25	1	2	103200
206.416	0.25	1	2	103208
206.432	0.25	1	2	103216
206.45	0.25	0	1	103225
206.466	0.25	0	1	103233
206.482	0.25	0	1	103241
206.5	0.25	0	1	103250
206.516	0.25	1	2	103258
206.532	0.25	1	2	103266
206.55	0.25	1	2	103275
206.566	0.25	1	2	103283
206.582	0.25	0	1	103291
206.6	0.25	0	1	103300
206.616	0.25	0	1	103308
206.632	0.25	0	1	103316
206.65	0.25	1	2	103325
206.666	0.25	1	2	103333
206.682	0.25	1	2	103341
206.7	0.25	1	2	103350
206.716	0.25	0	1	103358
206.732	0.25	0	1	103366
206.75	0.25	0	1	103375
206.766	0.25	0	1	103383
206.782	0.25	1	2	103391
206.8	0.25	1	2	103400
206.816	0.25	0	1	103408
206.832	0.25	0	1	103416
206.85	0.25	1	2	103425
206.866	0.25	1	2	103433
206.882	0.25	1	2	103441
206.9	0.25	1	2	103450
206.916	0.25	0	1	103458
206.932	0.25	0	1	103466
206.95	0.25	1	2	103475
206.966	0.25	1	2	103483
206.982	0.25	0	1	103491
207.0	0.25	0	1	103500
207.016	0.25	0	1	103508
207.032	0.25	0	1	103516
207.05	0.25	1	2	103525
207.066	0.25	1	2	103533
207.082	0.25	0	1	103541
207.1	0.25	0	1	103550
207.116	0.25	1	2	103558
207.132	0.25	1	2	103566
207.15	0.25	1	2	103575
207.166	0.25	1	2	103583
207.182	0.25	1	2	103591
207.2	0.25	1	2	103600
207.216	0.25	0	1	103608
207.232	0.25	0	1	103616
207.25	0.25	0	1	103625
207.266	0.25	0	1	103633
207.282	0.25	0	1	103641
207.3	0.25	0	1	103650
207.316	0.25	1	2	103658
207.332	0.25	1	2	103666
207.35	0.25	0	1	103675
207.366	0.25	0	1	103683
207.382	0.25	1	2	103691
207.4	0.25	1	2	103700
207.416	0.25	1	2	103708
207.432	0.25	1	2	103716
207.45	0.25	1	2	103725
207.466	0.25	1	2	103733
207.482	0.25	0	1	103741
207.5	0.25	0	1	103750
207.516	0.25	0	1	103758
207.532	0.25	0	1	103766
207.55	0.25	1	2	103775
207.566	0.25	1	2	103783
207.582	0.25	0	1	103791
207.6	0.25	0	1	103800
207.616	0.25	1	2	103808
207.632	0.25	1	2	103816
207.65	0.25	0	1	103825
207.666	0.25	0	1	103833
207.682	0.25	0	1	103841
207.7	0.25	0	1	103850
207.716	0.25	0	1	103858
207.732	0.25	0	1	103866
207.75	0.25	1	2	103875
207.766	0.25	1	2	103883
207.782	0.25	1	2	103891
207.8	0.25	1	2	103900
207.816	0.25	0	1	103908
207.832	0.25	0	1	103916
207.85	0.25	1	2	103925
207.866	0.25	1	2	103933
207.882	0.25	0	1	103941
207.9	0.25	0	1	103950
207.916	0.25	0	1	103958
207.932	0.25	0	1	103966
207.95	0.25	0	1	103975
207.966	0.25	0	1	103983
207.982	0.25	1	2	103991
208.0	0.25	1	2	104000
208.016	0.25	0	1	104008
208.032	0.25	0	1	104016
208.05	0.25	1	2	104025
208.066	0.25	1	2	104033
208.082	0.25	0	1	104041
208.1	0.25	0	1	104050
208.116	0.25	0	1	104058
208.132	0.25	0	1	104066
208.15	0.25	1	2	104075
209.632	0.25	1	2	104816
209.65	0.25	1	2	104825
209.666	0.25	1	2	104833
209.682	0.25	1	2	104841
209.7	0.25	0	1	104850
209.716	0.25	0	1	104858
209.732	0.25	1	2	104866
209.75	0.25	1	2	104875
209.766	0.25	1	2	104883
209.782	0.25	1	2	104891
209.8	0.25	0	1	104900
209.816	0.25	0	1	104908
209.832	0.25	1	2	104916
209.85	0.25	1	2	104925
209.866	0.25	1	2	104933
209.882	0.25	1	2	104941
209.9	0.25	0	1	104950
209.916	0.25	0	1	104958
209.932	0.25	1	2	104966
209.95	0.25	1	2	104975
209.966	0.25	1	2	104983
209.982	0.25	1	2	104991
210.0	0.25	0	1	105000
210.016	0.25	0	1	105008
210.032	0.25	0	1	105016
210.05	0.25	0	1	105025
210.066	0.25	0	1	105033
210.082	0.25	0	1	105041
210.1	0.25	1	2	105050
210.116	0.25	1	2	105058
210.132	0.25	1	2	105066
210.15	0.25	1	2	105075
210.166	0.25	1	2	105083
210.182	0.25	1	2	105091
210.2	0.25	0	1	105100
210.216	0.25	0	1	105108
210.232	0.25	0	1	105116
210.25	0.25	0	1	105125
210.266	0.25	0	1	105133
210.282	0.25	0	1	105141
210.3	0.25	1	2	105150
210.316	0.25	1	2	105158
210.332	0.25	1	2	105166
210.35	0.25	1	2	105175
210.366	0.25	1	2	105183
210.382	0.25	1	2	105191
210.4	0.25	1	2	105200
210.416	0.25	1	2	105208
210.432	0.25	1	2	105216
210.45	0.25	1	2	105225
210.466	0.25	0	1	105233
210.482	0.25	0	1	105241
210.5	0.25	0	1	105250
210.516	0.25	0	1	105258
210.532	0.25	1	2	105266
210.55	0.25	1	2	105275
210.566	0.25	0	1	105283
210.582	0.25	0	1	105291
210.6	0.25	1	2	105300
210.616	0.25	1	2	105308
210.632	0.25	0	1	105316
210.65	0.25	0	1	105325
210.666	0.25	0	1	105333
210.682	0.25	0	1	105341
210.7	0.25	1	2	105350
210.716	0.25	1	2	105358
210.732	0.25	1	2	105366
210.75	0.25	1	2	105375
210.766	0.25	0	1	105383
210.782	0.25	0	1	105391
210.8	0.25	0	1	105400
210.816	0.25	0	1	105408
210.832	0.25	0	1	105416
210.85	0.25	0	1	105425
210.866	0.25	0	1	105433
210.882	0.25	0	1	105441
210.9	0.25	1	2	105450
210.916	0.25	1	2	105458
210.932	0.25	0	1	105466
210.95	0.25	0	1	105475
210.966	0.25	0	1	105483
210.982	0.25	0	1	105491
211.0	0.25	0	1	105500
211.016	0.25	0	1	105508
211.032	0.25	0	1	105516
211.05	0.25	0	1	105525
211.066	0.25	1	2	105533
211.082	0.25	1	2	105541
211.1	0.25	1	2	105550
211.116	0.25	1	2	105558
211.132	0.25	1	2	105566
211.15	0.25	1	2	105575
211.166	0.25	1	2	105583
211.182	0.25	1	2	105591
211.2	0.25	1	2	105600
211.216	0.25	1	2	105608
211.232	0.25	1	2	105616
211.25	0.25	1	2	105625
211.266	0.25	0	1	105633
211.282	0.25	0	1	105641
211.3	0.25	1	2	105650
211.316	0.25	1	2	105658
211.332	0.25	0	1	105666
211.35	0.25	0	1	105675
211.366	0.25	1	2	105683
211.382	0.25	1	2	105691
211.4	0.25	0	1	105700
211.416	0.25	0	1	105708
211.432	0.25	0	1	105716
211.45	0.25	0	1	105725
211.466	0.25	1	2	105733
211.482	0.25	1	2	105741
211.5	0.25	1	2	105750
211.516	0.25	1	2	105758
211.532	0.25	0	1	105766
211.55	0.25	0	1	105775
211.566	0.25	0	1	105783
213.05	0.25	0	1	106525
213.066	0.25	0	1	106533
213.082	0.25	0	1	106541
213.1	0.25	0	1	106550
213.116	0.25	1	2	106558
213.132	0.25	1	2	106566
213.15	0.25	1	2	106575
213.166	0.25	1	2	106583
213.182	0.25	0	1	106591
213.2	0.25	0	1	106600
213.216	0.25	0	1	106608
213.232	0.25	0	1	106616
213.25	0.25	0	1	106625
213.266	0.25	0	1	106633
213.282	0.25	0	1	106641
213.3	0.25	0	1	106650
213.316	0.25	1	2	106658
213.332	0.25	1	2	106666
213.35	0.25	1	2	106675
213.366	0.25	1	2	106683
213.382	0.25	1	2	106691
213.4	0.25	1	2	106700
213.416	0.25	1	2	106708
213.432	0.25	1	2	106716
213.45	0.25	1	2	106725
213.466	0.25	1	2	106733
213.482	0.25	0	1	106741
213.5	0.25	0	1	106750
213.516	0.25	0	1	106758
213.532	0.25	0	1	106766
213.55	0.25	0	1	106775
213.566	0.25	0	1	106783
213.582	0.25	0	1	106791
213.6	0.25	0	1	106800
213.616	0.25	0	1	106808
213.632	0.25	0	1	106816
213.65	0.25	0	1	106825
213.666	0.25	0	1	106833
213.682	0.25	1	2	106841
213.7	0.25	1	2	106850
213.716	0.25	1	2	106858
213.732	0.25	1	2	106866
213.75	0.25	0	1	106875
213.766	0.25	0	1	106883
213.782	0.25	0	1	106891
213.8	0.25	0	1	106900
213.816	0.25	1	2	106908
213.832	0.25	1	2	106916
213.85	0.25	0	1	106925
213.866	0.25	0	1	106933
213.882	0.25	1	2	106941
213.9	0.25	1	2	106950
213.916	0.25	0	1	106958
213.932	0.25	0	1	106966
213.95	0.25	1	2	106975
213.966	0.25	1	2	106983
213.982	0.25	0	1	106991
214.0	0.25	0	1	107000
214.016	0.25	1	2	107008
214.032	0.25	1	2	107016
214.05	0.25	1	2	107025
214.066	0.25	1	2	107033
214.082	0.25	0	1	107041
214.1	0.25	0	1	107050
214.116	0.25	1	2	107058
214.132	0.25	1	2	107066
214.15	0.25	0	1	107075
214.166	0.25	0	1	107083
214.182	0.25	0	1	107091
214.2	0.25	0	1	107100
214.216	0.25	0	1	107108
214.232	0.25	0	1	107116
214.25	0.25	1	2	107125
214.266	0.25	1	2	107133
214.282	0.25	0	1	107141
214.3	0.25	0	1	107150
214.316	0.25	0	1	107158
214.332	0.25	0	1	107166
214.35	0.25	0	1	107175
214.366	0.25	0	1	107183
214.382	0.25	1	2	107191
214.4	0.25	1	2	107200
214.416	0.25	1	2	107208
214.432	0.25	1	2	107216
214.45	0.25	1	2	107225
214.466	0.25	1	2	107233
214.482	0.25	0	1	107241
214.5	0.25	0	1	107250
214.516	0.25	1	2	107258
214.532	0.25	1	2	107266
214.55	0.25	0	1	107275
214.566	0.25	0	1	107283
214.582	0.25	1	2	107291
214.6	0.25	1	2	107300
214.616	0.25	1	2	107308
214.632	0.25	1	2	107316
214.65	0.25	1	2	107325
214.666	0.25	1	2	107333
214.682	0.25	1	2	107341
214.7	0.25	1	2	107350
214.716	0.25	1	2	107358
214.732	0.25	1	2	107366
214.75	0.25	0	1	107375
214.766	0.25	0	1	107383
214.782	0.25	0	1	107391
214.8	0.25	0	1	107400
214.816	0.25	1	2	107408
214.832	0.25	1	2	107416
214.85	0.25	0	1	107425
214.866	0.25	0	1	107433
214.882	0.25	0	1	107441
214.9	0.25	0	1	107450
214.916	0.25	0	1	107458
214.932	0.25	0	1	107466
214.95	0.25	1	2	107475
214.966	0.25	1	2	107483
214.982	0.25	1	2	107491
218.932	0.25	0	1	109466
218.95	0.25	0	1	109475
218.966	0.25	0	1	109483
218.982	0.25	0	1	109491
219.0	0.25	1	2	109500
219.016	0.25	1	2	109508
219.032	0.25	1	2	109516
219.05	0.25	1	2	109525
219.066	0.25	0	1	109533
219.082	0.25	0	1	109541
219.1	0.25	0	1	109550
219.116	0.25	0	1	109558
219.132	0.25	0	1	109566
219.15	0.25	0	1	109575
219.166	0.25	0	1	109583
219.182	0.25	0	1	109591
219.2	0.25	1	2	109600
219.216	0.25	1	2	109608
219.232	0.25	1	2	109616
219.25	0.25	1	2	109625
219.266	0.25	1	2	109633
219.282	0.25	1	2	109641
219.3	0.25	1	2	109650
219.316	0.25	1	2	109658
219.332	0.25	1	2	109666
219.35	0.25	1	2	109675
219.366	0.25	0	1	109683
219.382	0.25	0	1	109691
219.4	0.25	0	1	109700
219.416	0.25	0	1	109708
219.432	0.25	0	1	109716
219.45	0.25	0	1	109725
219.466	0.25	0	1	109733
219.482	0.25	0	1	109741
219.5	0.25	0	1	109750
219.516	0.25	0	1	109758
219.532	0.25	0	1	109766
219.55	0.25	0	1	109775
219.566	0.25	1	2	109783
219.582	0.25	1	2	109791
219.6	0.25	1	2	109800
219.616	0.25	1	2	109808
219.632	0.25	0	1	109816
219.65	0.25	0	1	109825
219.666	0.25	0	1	109833
219.682	0.25	0	1	109841
219.7	0.25	1	2	109850
219.716	0.25	1	2	109858
219.732	0.25	0	1	109866
219.75	0.25	0	1	109875
219.766	0.25	1	2	109883
219.782	0.25	1	2	109891
219.8	0.25	0	1	109900
219.816	0.25	0	1	109908
219.832	0.25	1	2	109916
219.85	0.25	1	2	109925
219.866	0.25	0	1	109933
219.882	0.25	0	1	109941
219.9	0.25	1	2	109950
219.916	0.25	1	2	109958
219.932	0.25	1	2	109966
219.95	0.25	1	2	109975
219.966	0.25	0	1	109983
219.982	0.25	0	1	109991
220.0	0.25	1	2	110000
220.016	0.25	1	2	110008
220.032	0.25	0	1	110016
220.05	0.25	0	1	110025
220.066	0.25	0	1	110033
220.082	0.25	0	1	110041
220.1	0.25	0	1	110050
220.116	0.25	0	1	110058
220.132	0.25	1	2	110066
220.15	0.25	1	2	110075
220.166	0.25	0	1	110083
220.182	0.25	0	1	110091
220.2	0.25	0	1	110100
220.216	0.25	0	1	110108
220.232	0.25	0	1	110116
220.25	0.25	0	1	110125
220.266	0.25	1	2	110133
220.282	0.25	1	2	110141
220.3	0.25	1	2	110150
220.316	0.25	1	2	110158
220.332	0.25	1	2	110166
220.35	0.25	1	2	110175
220.366	0.25	0	1	110183
220.382	0.25	0	1	110191
220.4	0.25	1	2	110200
220.416	0.25	1	2	110208
220.432	0.25	0	1	110216
220.45	0.25	0	1	110225
220.466	0.25	1	2	110233
220.482	0.25	1	2	110241
220.5	0.25	1	2	110250
220.516	0.25	1	2	110258
220.532	0.25	1	2	110266
220.55	0.25	1	2	110275
220.566	0.25	1	2	110283
220.582	0.25	1	2	110291
220.6	0.25	1	2	110300
220.616	0.25	1	2	110308
220.632	0.25	0	1	110316
220.65	0.25	0	1	110325
220.666	0.25	0	1	110333
220.682	0.25	0	1	110341
220.7	0.25	1	2	110350
220.716	0.25	1	2	110358
220.732	0.25	0	1	110366
220.75	0.25	0	1	110375
220.766	0.25	0	1	110383
220.782	0.25	0	1	110391
220.8	0.25	0	1	110400
220.816	0.25	0	1	110408
220.832	0.25	1	2	110416
220.85	0.25	1	2	110425
220.866	0.25	1	2	110433
222.35	0.25	1	2	111175
222.366	0.25	1	2	111183
222.382	0.25	1	2	111191
222.4	0.25	1	2	111200
222.416	0.25	0	1	111208
222.432	0.25	0	1	111216
222.45	0.25	1	2	111225
222.466	0.25	1	2	111233
222.482	0.25	1	2	111241
222.5	0.25	1	2	111250
222.516	0.25	0	1	111258
222.532	0.25	0	1	111266
222.55	0.25	1	2	111275
222.566	0.25	1	2	111283
222.582	0.25	1	2	111291
222.6	0.25	1	2	111300
222.616	0.25	0	1	111308
222.632	0.25	0	1	111316
222.65	0.25	1	2	111325
222.666	0.25	1	2	111333
222.682	0.25	1	2	111341
222.7	0.25	1	2	111350
222.716	0.25	0	1	111358
222.732	0.25	0	1	111366
222.75	0.25	0	1	111375
222.766	0.25	0	1	111383
222.782	0.25	0	1	111391
222.8	0.25	0	1	111400
222.816	0.25	1	2	111408
222.832	0.25	1	2	111416
222.85	0.25	1	2	111425
222.866	0.25	1	2	111433
222.882	0.25	1	2	111441
222.9	0.25	1	2	111450
222.916	0.25	0	1	111458
222.932	0.25	0	1	111466
222.95	0.25	0	1	111475
222.966	0.25	0	1	111483
222.982	0.25	0	1	111491
223.0	0.25	0	1	111500
223.016	0.25	1	2	111508
223.032	0.25	1	2	111516
223.05	0.25	1	2	111525
223.066	0.25	1	2	111533
223.082	0.25	1	2	111541
223.1	0.25	1	2	111550
223.116	0.25	1	2	111558
223.132	0.25	1	2	111566
223.15	0.25	1	2	111575
223.166	0.25	1	2	111583
223.182	0.25	0	1	111591
223.2	0.25	0	1	111600
223.216	0.25	0	1	111608
223.232	0.25	0	1	111616
223.25	0.25	1	2	111625
223.266	0.25	1	2	111633
223.282	0.25	0	1	111641
223.3	0.25	0	1	111650
223.316	0.25	1	2	111658
223.332	0.25	1	2	111666
223.35	0.25	0	1	111675
223.366	0.25	0	1	111683
223.382	0.25	0	1	111691
223.4	0.25	0	1	111700
223.416	0.25	1	2	111708
223.432	0.25	1	2	111716
223.45	0.25	1	2	111725
223.466	0.25	1	2	111733
223.482	0.25	0	1	111741
223.5	0.25	0	1	111750
223.516	0.25	0	1	111758
223.532	0.25	0	1	111766
223.55	0.25	0	1	111775
223.566	0.25	0	1	111783
223.582	0.25	0	1	111791
223.6	0.25	0	1	111800
223.616	0.25	1	2	111808
223.632	0.25	1	2	111816
223.65	0.25	0	1	111825
223.666	0.25	0	1	111833
223.682	0.25	0	1	111841
223.7	0.25	0	1	111850
223.716	0.25	0	1	111858
223.732	0.25	0	1	111866
223.75	0.25	0	1	111875
223.766	0.25	0	1	111883
223.782	0.25	1	2	111891
223.8	0.25	1	2	111900
223.816	0.25	1	2	111908
223.832	0.25	1	2	111916
223.85	0.25	1	2	111925
223.866	0.25	1	2	111933
223.882	0.25	1	2	111941
223.9	0.25	1	2	111950
223.916	0.25	1	2	111958
223.932	0.25	1	2	111966
223.95	0.25	1	2	111975
223.966	0.25	1	2	111983
223.982	0.25	0	1	111991
224.0	0.25	0	1	112000
224.016	0.25	1	2	112008
224.032	0.25	1	2	112016
224.05	0.25	0	1	112025
224.066	0.25	0	1	112033
224.082	0.25	1	2	112041
224.1	0.25	1	2	112050
224.116	0.25	0	1	112058
224.132	0.25	0	1	112066
224.15	0.25	0	1	112075
224.166	0.25	0	1	112083
224.182	0.25	1	2	112091
224.2	0.25	1	2	112100
224.216	0.25	1	2	112108
224.232	0.25	1	2	112116
224.25	0.25	0	1	112125
224.266	0.25	0	1	112133
224.282	0.25	0	1	112141
225.766	0.25	1	2	112883
225.782	0.25	1	2	112891
225.8	0.25	1	2	112900
225.816	0.25	1	2	112908
225.832	0.25	1	2	112916
225.85	0.25	1	2	112925
225.866	0.25	1	2	112933
225.882	0.25	1	2	112941
225.9	0.25	1	2	112950
225.916	0.25	1	2	112958
225.932	0.25	1	2	112966
225.95	0.25	1	2	112975
225.966	0.25	1	2	112983
225.982	0.25	1	2	112991
226.0	0.25	0	1	113000
226.016	0.25	0	1	113008
226.032	0.25	0	1	113016
226.05	0.25	0	1	113025
226.066	0.25	1	2	113033
226.082	0.25	1	2	113041
226.1	0.25	1	2	113050
226.116	0.25	1	2	113058
226.132	0.25	0	1	113066
226.15	0.25	0	1	113075
226.166	0.25	0	1	113083
226.182	0.25	0	1	113091
226.2	0.25	1	2	113100
226.216	0.25	1	2	113108
226.232	0.25	1	2	113116
226.25	0.25	1	2	113125
226.266	0.25	0	1	113133
226.282	0.25	0	1	113141
226.3	0.25	0	1	113150
226.316	0.25	0	1	113158
226.332	0.25	1	2	113166
226.35	0.25	1	2	113175
226.366	0.25	0	1	113183
226.382	0.25	0	1	113191
226.4	0.25	1	2	113200
226.416	0.25	1	2	113208
226.432	0.25	1	2	113216
226.45	0.25	1	2	113225
226.466	0.25	0	1	113233
226.482	0.25	0	1	113241
226.5	0.25	1	2	113250
226.516	0.25	1	2	113258
226.532	0.25	0	1	113266
226.55	0.25	0	1	113275
226.566	0.25	0	1	113283
226.582	0.25	0	1	113291
226.6	0.25	1	2	113300
226.616	0.25	1	2	113308
226.632	0.25	0	1	113316
226.65	0.25	0	1	113325
226.666	0.25	1	2	113333
226.682	0.25	1	2	113341
226.7	0.25	1	2	113350
226.716	0.25	1	2	113358
226.732	0.25	1	2	113366
226.75	0.25	1	2	113375
226.766	0.25	0	1	113383
226.782	0.25	0	1	113391
226.8	0.25	0	1	113400
226.816	0.25	0	1	113408
226.832	0.25	0	1	113416
226.85	0.25	0	1	113425
226.866	0.25	1	2	113433
226.882	0.25	1	2	113441
226.9	0.25	0	1	113450
226.916	0.25	0	1	113458
226.932	0.25	1	2	113466
226.95	0.25	1	2	113475
226.966	0.25	1	2	113483
226.982	0.25	1	2	113491
227.0	0.25	1	2	113500
227.016	0.25	1	2	113508
227.032	0.25	0	1	113516
227.05	0.25	0	1	113525
227.066	0.25	0	1	113533
227.082	0.25	0	1	113541
227.1	0.25	1	2	113550
227.116	0.25	1	2	113558
227.132	0.25	0	1	113566
227.15	0.25	0	1	113575
227.166	0.25	1	2	113583
227.182	0.25	1	2	113591
227.2	0.25	0	1	113600
227.216	0.25	0	1	113608
227.232	0.25	0	1	113616
227.25	0.25	0	1	113625
227.266	0.25	0	1	113633
227.282	0.25	0	1	113641
227.3	0.25	1	2	113650
227.316	0.25	1	2	113658
227.332	0.25	1	2	113666
227.35	0.25	1	2	113675
227.366	0.25	0	1	113683
227.382	0.25	0	1	113691
227.4	0.25	1	2	113700
227.416	0.25	1	2	113708
227.432	0.25	0	1	113716
227.45	0.25	0	1	113725
227.466	0.25	0	1	113733
227.482	0.25	0	1	113741
227.5	0.25	0	1	113750
227.516	0.25	0	1	113758
227.532	0.25	1	2	113766
227.55	0.25	1	2	113775
227.566	0.25	0	1	113783
227.582	0.25	0	1	113791
227.6	0.25	1	2	113800
227.616	0.25	1	2	113808
227.632	0.25	0	1	113816
227.65	0.25	0	1	113825
227.666	0.25	0	1	113833
227.682	0.25	0	1	113841
227.7	0.25	1	2	113850
229.182	0.25	1	2	114591
229.2	0.25	1	2	114600
229.216	0.25	1	2	114608
229.232	0.25	1	2	114616
229.25	0.25	0	1	114625
229.266	0.25	0	1	114633
229.282	0.25	0	1	114641
229.3	0.25	0	1	114650
229.316	0.25	0	1	114658
229.332	0.25	0	1	114666
229.35	0.25	0	1	114675
229.366	0.25	0	1	114683
229.382	0.25	1	2	114691
229.4	0.25	1	2	114700
229.416	0.25	0	1	114708
229.432	0.25	0	1	114716
229.45	0.25	0	1	114725
229.466	0.25	0	1	114733
229.482	0.25	1	2	114741
229.5	0.25	1	2	114750
229.516	0.25	1	2	114758
229.532	0.25	1	2	114766
229.55	0.25	0	1	114775
229.566	0.25	0	1	114783
229.582	0.25	0	1	114791
229.6	0.25	0	1	114800
229.616	0.25	0	1	114808
229.632	0.25	0	1	114816
229.65	0.25	0	1	114825
229.666	0.25	0	1	114833
229.682	0.25	0	1	114841
229.7	0.25	0	1	114850
229.716	0.25	0	1	114858
229.732	0.25	0	1	114866
229.75	0.25	1	2	114875
229.766	0.25	1	2	114883
229.782	0.25	0	1	114891
229.8	0.25	0	1	114900
229.816	0.25	1	2	114908
229.832	0.25	1	2	114916
229.85	0.25	1	2	114925
229.866	0.25	1	2	114933
229.882	0.25	0	1	114941
229.9	0.25	0	1	114950
229.916	0.25	1	2	114958
229.932	0.25	1	2	114966
229.95	0.25	0	1	114975
229.966	0.25	0	1	114983
229.982	0.25	1	2	114991
230.0	0.25	1	2	115000
230.016	0.25	0	1	115008
230.032	0.25	0	1	115016
230.05	0.25	1	2	115025
230.066	0.25	1	2	115033
230.082	0.25	0	1	115041
230.1	0.25	0	1	115050
230.116	0.25	0	1	115058
230.132	0.25	0	1	115066
230.15	0.25	0	1	115075
230.166	0.25	0	1	115083
230.182	0.25	1	2	115091
230.2	0.25	1	2	115100
230.216	0.25	1	2	115108
230.232	0.25	1	2	115116
230.25	0.25	1	2	115125
230.266	0.25	1	2	115133
230.282	0.25	0	1	115141
230.3	0.25	0	1	115150
230.316	0.25	1	2	115158
230.332	0.25	1	2	115166
230.35	0.25	1	2	115175
230.366	0.25	1	2	115183
230.382	0.25	1	2	115191
230.4	0.25	1	2	115200
230.416	0.25	0	1	115208
230.432	0.25	0	1	115216
230.45	0.25	1	2	115225
230.466	0.25	1	2	115233
230.482	0.25	0	1	115241
230.5	0.25	0	1	115250
230.516	0.25	1	2	115258
230.532	0.25	1	2	115266
230.55	0.25	1	2	115275
230.566	0.25	1	2	115283
230.582	0.25	0	1	115291
230.6	0.25	0	1	115300
230.616	0.25	0	1	115308
230.632	0.25	0	1	115316
230.65	0.25	0	1	115325
230.666	0.25	0	1	115333
230.682	0.25	1	2	115341
230.7	0.25	1	2	115350
230.716	0.25	1	2	115358
230.732	0.25	1	2	115366
230.75	0.25	0	1	115375
230.766	0.25	0	1	115383
230.782	0.25	1	2	115391
230.8	0.25	1	2	115400
230.816	0.25	1	2	115408
230.832	0.25	1	2	115416
230.85	0.25	1	2	115425
230.866	0.25	1	2	115433
230.882	0.25	0	1	115441
230.9	0.25	0	1	115450
230.916	0.25	0	1	115458
230.932	0.25	0	1	115466
230.95	0.25	0	1	115475
230.966	0.25	0	1	115483
230.982	0.25	0	1	115491
231.0	0.25	0	1	115500
231.016	0.25	0	1	115508
231.032	0.25	0	1	115516
231.05	0.25	1	2	115525
231.066	0.25	1	2	115533
231.082	0.25	1	2	115541
231.1	0.25	1	2	115550
231.116	0.25	1	2	115558
234.55	0.25	0	1	117275
234.566	0.25	0	1	117283
234.582	0.25	0	1	117291
234.6	0.25	0	1	117300
234.616	0.25	1	2	117308
234.632	0.25	1	2	117316
234.65	0.25	1	2	117325
234.666	0.25	1	2	117333
234.682	0.25	0	1	117341
234.7	0.25	0	1	117350
234.716	0.25	0	1	117358
234.732	0.25	0	1	117366
234.75	0.25	0	1	117375
234.766	0.25	0	1	117383
234.782	0.25	0	1	117391
234.8	0.25	0	1	117400
234.816	0.25	1	2	117408
234.832	0.25	1	2	117416
234.85	0.25	1	2	117425
234.866	0.25	1	2	117433
234.882	0.25	1	2	117441
234.9	0.25	1	2	117450
234.916	0.25	1	2	117458
234.932	0.25	1	2	117466
234.95	0.25	1	2	117475
234.966	0.25	1	2	117483
234.982	0.25	0	1	117491
235.0	0.25	0	1	117500
235.016	0.25	0	1	117508
235.032	0.25	0	1	117516
235.05	0.25	0	1	117525
235.066	0.25	0	1	117533
235.082	0.25	0	1	117541
235.1	0.25	0	1	117550
235.116	0.25	0	1	117558
235.132	0.25	0	1	117566
235.15	0.25	0	1	117575
235.166	0.25	0	1	117583
235.182	0.25	1	2	117591
235.2	0.25	1	2	117600
235.216	0.25	1	2	117608
235.232	0.25	1	2	117616
235.25	0.25	0	1	117625
235.266	0.25	0	1	117633
235.282	0.25	0	1	117641
235.3	0.25	0	1	117650
235.316	0.25	1	2	117658
235.332	0.25	1	2	117666
235.35	0.25	0	1	117675
235.366	0.25	0	1	117683
235.382	0.25	1	2	117691
235.4	0.25	1	2	117700
235.416	0.25	0	1	117708
235.432	0.25	0	1	117716
235.45	0.25	1	2	117725
235.466	0.25	1	2	117733
235.482	0.25	0	1	117741
235.5	0.25	0	1	117750
235.516	0.25	1	2	117758
235.532	0.25	1	2	117766
235.55	0.25	1	2	117775
235.566	0.25	1	2	117783
235.582	0.25	0	1	117791
235.6	0.25	0	1	117800
235.616	0.25	1	2	117808
235.632	0.25	1	2	117816
235.65	0.25	0	1	117825
235.666	0.25	0	1	117833
235.682	0.25	0	1	117841
235.7	0.25	0	1	117850
235.716	0.25	0	1	117858
235.732	0.25	0	1	117866
235.75	0.25	1	2	117875
235.766	0.25	1	2	117883
235.782	0.25	0	1	117891
235.8	0.25	0	1	117900
235.816	0.25	0	1	117908
235.832	0.25	0	1	117916
235.85	0.25	0	1	117925
235.866	0.25	0	1	117933
235.882	0.25	1	2	117941
235.9	0.25	1	2	117950
235.916	0.25	1	2	117958
235.932	0.25	1	2	117966
235.95	0.25	1	2	117975
235.966	0.25	1	2	117983
235.982	0.25	0	1	117991
236.0	0.25	0	1	118000
236.016	0.25	1	2	118008
236.032	0.25	1	2	118016
236.05	0.25	0	1	118025
236.066	0.25	0	1	118033
236.082	0.25	1	2	118041
236.1	0.25	1	2	118050
236.116	0.25	1	2	118058
236.132	0.25	1	2	118066
236.15	0.25	1	2	118075
236.166	0.25	1	2	118083
236.182	0.25	1	2	118091
236.2	0.25	1	2	118100
236.216	0.25	1	2	118108
236.232	0.25	1	2	118116
236.25	0.25	0	1	118125
236.266	0.25	0	1	118133
236.282	0.25	0	1	118141
236.3	0.25	0	1	118150
236.316	0.25	1	2	118158
236.332	0.25	1	2	118166
236.35	0.25	0	1	118175
236.366	0.25	0	1	118183
236.382	0.25	0	1	118191
236.4	0.25	0	1	118200
236.416	0.25	0	1	118208
236.432	0.25	0	1	118216
236.45	0.25	1	2	118225
236.466	0.25	1	2	118233
236.482	0.25	1	2	118241
237.966	0.25	1	2	118983
237.982	0.25	1	2	118991
238.0	0.25	1	2	119000
238.016	0.25	1	2	119008
238.032	0.25	0	1	119016
238.05	0.25	0	1	119025
238.066	0.25	1	2	119033
238.082	0.25	1	2	119041
238.1	0.25	1	2	119050
238.116	0.25	1	2	119058
238.132	0.25	0	1	119066
238.15	0.25	0	1	119075
238.166	0.25	1	2	119083
238.182	0.25	1	2	119091
238.2	0.25	1	2	119100
238.216	0.25	1	2	119108
238.232	0.25	0	1	119116
238.25	0.25	0	1	119125
238.266	0.25	1	2	119133
238.282	0.25	1	2	119141
238.3	0.25	1	2	119150
238.316	0.25	1	2	119158
238.332	0.25	0	1	119166
238.35	0.25	0	1	119175
238.366	0.25	0	1	119183
238.382	0.25	0	1	119191
238.4	0.25	0	1	119200
238.416	0.25	0	1	119208
238.432	0.25	1	2	119216
238.45	0.25	1	2	119225
238.466	0.25	1	2	119233
238.482	0.25	1	2	119241
238.5	0.25	1	2	119250
238.516	0.25	1	2	119258
238.532	0.25	0	1	119266
238.55	0.25	0	1	119275
238.566	0.25	0	1	119283
238.582	0.25	0	1	119291
238.6	0.25	0	1	119300
238.616	0.25	0	1	119308
238.632	0.25	1	2	119316
238.65	0.25	1	2	119325
238.666	0.25	1	2	119333
238.682	0.25	1	2	119341
238.7	0.25	1	2	119350
238.716	0.25	1	2	119358
238.732	0.25	1	2	119366
238.75	0.25	1	2	119375
238.766	0.25	1	2	119383
238.782	0.25	1	2	119391
238.8	0.25	0	1	119400
238.816	0.25	0	1	119408
238.832	0.25	0	1	119416
238.85	0.25	0	1	119425
238.866	0.25	1	2	119433
238.882	0.25	1	2	119441
238.9	0.25	0	1	119450
238.916	0.25	0	1	119458
238.932	0.25	1	2	119466
238.95	0.25	1	2	119475
238.966	0.25	0	1	119483
238.982	0.25	0	1	119491
239.0	0.25	0	1	119500
239.016	0.25	0	1	119508
239.032	0.25	1	2	119516
239.05	0.25	1	2	119525
239.066	0.25	1	2	119533
239.082	0.25	1	2	119541
239.1	0.25	0	1	119550
239.116	0.25	0	1	119558
239.132	0.25	0	1	119566
239.15	0.25	0	1	119575
239.166	0.25	0	1	119583
239.182	0.25	0	1	119591
239.2	0.25	0	1	119600
239.216	0.25	0	1	119608
239.232	0.25	1	2	119616
239.25	0.25	1	2	119625
239.266	0.25	0	1	119633
239.282	0.25	0	1	119641
239.3	0.25	0	1	119650
239.316	0.25	0	1	119658
239.332	0.25	0	1	119666
239.35	0.25	0	1	119675
239.366	0.25	0	1	119683
239.382	0.25	0	1	119691
239.4	0.25	1	2	119700
239.416	0.25	1	2	119708
239.432	0.25	1	2	119716
239.45	0.25	1	2	119725
239.466	0.25	1	2	119733
239.482	0.25	1	2	119741
239.5	0.25	1	2	119750
239.516	0.25	1	2	119758
239.532	0.25	1	2	119766
239.55	0.25	1	2	119775
239.566	0.25	1	2	119783
239.582	0.25	1	2	119791
239.6	0.25	0	1	119800
239.616	0.25	0	1	119808
239.632	0.25	1	2	119816
239.65	0.25	1	2	119825
239.666	0.25	0	1	119833
239.682	0.25	0	1	119841
239.7	0.25	1	2	119850
239.716	0.25	1	2	119858
239.732	0.25	0	1	119866
239.75	0.25	0	1	119875
239.766	0.25	0	1	119883
239.782	0.25	0	1	119891
239.8	0.25	1	2	119900
239.816	0.25	1	2	119908
239.832	0.25	1	2	119916
239.85	0.25	1	2	119925
239.866	0.25	0	1	119933
239.882	0.25	0	1	119941
239.9	0.25	0	1	119950
241.382	0.25	1	2	120691
241.4	0.25	1	2	120700
241.416	0.25	1	2	120708
241.432	0.25	1	2	120716
241.45	0.25	0	1	120725
241.466	0.25	0	1	120733
241.482	0.25	0	1	120741
241.5	0.25	0	1	120750
241.516	0.25	0	1	120758
241.532	0.25	0	1	120766
241.55	0.25	0	1	120775
241.566	0.25	0	1	120783
241.582	0.25	1	2	120791
241.6	0.25	1	2	120800
241.616	0.25	0	1	120808
241.632	0.25	0	1	120816
241.65	0.25	0	1	120825
241.666	0.25	0	1	120833
241.682	0.25	1	2	120841
241.7	0.25	1	2	120850
241.716	0.25	1	2	120858
241.732	0.25	1	2	120866
241.75	0.25	0	1	120875
241.766	0.25	0	1	120883
241.782	0.25	0	1	120891
241.8	0.25	0	1	120900
241.816	0.25	0	1	120908
241.832	0.25	0	1	120916
241.85	0.25	0	1	120925
241.866	0.25	0	1	120933
241.882	0.25	0	1	120941
241.9	0.25	0	1	120950
241.916	0.25	0	1	120958
241.932	0.25	0	1	120966
241.95	0.25	1	2	120975
241.966	0.25	1	2	120983
241.982	0.25	0	1	120991
242.0	0.25	0	1	121000
242.016	0.25	1	2	121008
242.032	0.25	1	2	121016
242.05	0.25	1	2	121025
242.066	0.25	1	2	121033
242.082	0.25	0	1	121041
242.1	0.25	0	1	121050
242.116	0.25	1	2	121058
242.132	0.25	1	2	121066
242.15	0.25	0	1	121075
242.166	0.25	0	1	121083
242.182	0.25	1	2	121091
242.2	0.25	1	2	121100
242.216	0.25	0	1	121108
242.232	0.25	0	1	121116
242.25	0.25	1	2	121125
242.266	0.25	1	2	121133
242.282	0.25	0	1	121141
242.3	0.25	0	1	121150
242.316	0.25	0	1	121158
242.332	0.25	0	1	121166
242.35	0.25	0	1	121175
242.366	0.25	0	1	121183
242.382	0.25	1	2	121191
242.4	0.25	1	2	121200
242.416	0.25	1	2	121208
242.432	0.25	1	2	121216
242.45	0.25	1	2	121225
242.466	0.25	1	2	121233
242.482	0.25	0	1	121241
242.5	0.25	0	1	121250
242.516	0.25	1	2	121258
242.532	0.25	1	2	121266
242.55	0.25	1	2	121275
242.566	0.25	1	2	121283
242.582	0.25	1	2	121291
242.6	0.25	1	2	121300
242.616	0.25	0	1	121308
242.632	0.25	0	1	121316
242.65	0.25	1	2	121325
242.666	0.25	1	2	121333
242.682	0.25	0	1	121341
242.7	0.25	0	1	121350
242.716	0.25	1	2	121358
242.732	0.25	1	2	121366
242.75	0.25	1	2	121375
242.766	0.25	1	2	121383
242.782	0.25	0	1	121391
242.8	0.25	0	1	121400
242.816	0.25	0	1	121408
242.832	0.25	0	1	121416
242.85	0.25	0	1	121425
242.866	0.25	0	1	121433
242.882	0.25	1	2	121441
242.9	0.25	1	2	121450
242.916	0.25	1	2	121458
242.932	0.25	1	2	121466
242.95	0.25	0	1	121475
242.966	0.25	0	1	121483
242.982	0.25	1	2	121491
243.0	0.25	1	2	121500
243.016	0.25	1	2	121508
243.032	0.25	1	2	121516
243.05	0.25	1	2	121525
243.066	0.25	1	2	121533
243.082	0.25	0	1	121541
243.1	0.25	0	1	121550
243.116	0.25	0	1	121558
243.132	0.25	0	1	121566
243.15	0.25	0	1	121575
243.166	0.25	0	1	121583
243.182	0.25	0	1	121591
243.2	0.25	0	1	121600
243.216	0.25	0	1	121608
243.232	0.25	0	1	121616
243.25	0.25	1	2	121625
243.266	0.25	1	2	121633
243.282	0.25	1	2	121641
243.3	0.25	1	2	121650
243.316	0.25	1	2	121658
244.8	0.25	1	2	122400
244.816	0.25	1	2	122408
244.832	0.25	1	2	122416
244.85	0.25	1	2	122425
244.866	0.25	1	2	122433
244.882	0.25	1	2	122441
244.9	0.25	1	2	122450
244.916	0.25	1	2	122458
244.932	0.25	1	2	122466
244.95	0.25	1	2	122475
244.966	0.25	1	2	122483
244.982	0.25	1	2	122491
245.0	0.25	1	2	122500
245.016	0.25	1	2	122508
245.032	0.25	0	1	122516
245.05	0.25	0	1	122525
245.066	0.25	0	1	122533
245.082	0.25	0	1	122541
245.1	0.25	1	2	122550
245.116	0.25	1	2	122558
245.132	0.25	1	2	122566
245.15	0.25	1	2	122575
245.166	0.25	0	1	122583
245.182	0.25	0	1	122591
245.2	0.25	0	1	122600
245.216	0.25	0	1	122608
245.232	0.25	1	2	122616
245.25	0.25	1	2	122625
245.266	0.25	1	2	122633
245.282	0.25	1	2	122641
245.3	0.25	0	1	122650
245.316	0.25	0	1	122658
245.332	0.25	0	1	122666
245.35	0.25	0	1	122675
245.366	0.25	1	2	122683
245.382	0.25	1	2	122691
245.4	0.25	0	1	122700
245.416	0.25	0	1	122708
245.432	0.25	1	2	122716
245.45	0.25	1	2	122725
245.466	0.25	1	2	122733
245.482	0.25	1	2	122741
245.5	0.25	0	1	122750
245.516	0.25	0	1	122758
245.532	0.25	1	2	122766
245.55	0.25	1	2	122775
245.566	0.25	0	1	122783
245.582	0.25	0	1	122791
245.6	0.25	0	1	122800
245.616	0.25	0	1	122808
245.632	0.25	1	2	122816
245.65	0.25	1	2	122825
245.666	0.25	0	1	122833
245.682	0.25	0	1	122841
245.7	0.25	1	2	122850
245.716	0.25	1	2	122858
245.732	0.25	1	2	122866
245.75	0.25	1	2	122875
245.766	0.25	1	2	122883
245.782	0.25	1	2	122891
245.8	0.25	0	1	122900
245.816	0.25	0	1	122908
245.832	0.25	0	1	122916
245.85	0.25	0	1	122925
245.866	0.25	0	1	122933
245.882	0.25	0	1	122941
245.9	0.25	1	2	122950
245.916	0.25	1	2	122958
245.932	0.25	0	1	122966
245.95	0.25	0	1	122975
245.966	0.25	1	2	122983
245.982	0.25	1	2	122991
246.0	0.25	1	2	123000
246.016	0.25	1	2	123008
246.032	0.25	1	2	123016
246.05	0.25	1	2	123025
246.066	0.25	0	1	123033
246.082	0.25	0	1	123041
246.1	0.25	0	1	123050
246.116	0.25	0	1	123058
246.132	0.25	1	2	123066
246.15	0.25	1	2	123075
246.166	0.25	0	1	123083
246.182	0.25	0	1	123091
246.2	0.25	1	2	123100
246.216	0.25	1	2	123108
246.232	0.25	0	1	123116
246.25	0.25	0	1	123125
246.266	0.25	0	1	123133
246.282	0.25	0	1	123141
246.3	0.25	0	1	123150
246.316	0.25	0	1	123158
246.332	0.25	1	2	123166
246.35	0.25	1	2	123175
246.366	0.25	1	2	123183
246.382	0.25	1	2	123191
246.4	0.25	0	1	123200
246.416	0.25	0	1	123208
246.432	0.25	1	2	123216
246.45	0.25	1	2	123225
246.466	0.25	0	1	123233
246.482	0.25	0	1	123241
246.5	0.25	0	1	123250
246.516	0.25	0	1	123258
246.532	0.25	0	1	123266
246.55	0.25	0	1	123275
246.566	0.25	1	2	123283
246.582	0.25	1	2	123291
246.6	0.25	0	1	123300
246.616	0.25	0	1	123308
246.632	0.25	1	2	123316
246.65	0.25	1	2	123325
246.666	0.25	0	1	123333
246.682	0.25	0	1	123341
246.7	0.25	0	1	123350
246.716	0.25	0	1	123358
246.732	0.25	1	2	123366
